payment_id,order_id,payment_date,payment_method,amount,payment_status
PAY100001,O100001,2026-07-17,UPI,8304.02,Success
PAY100002,O100002,2025-12-24,Credit Card,1859.8,Success
PAY100003,O100003,2026-05-04,Net Banking,4627.66,Success
PAY100004,O100004,2026-04-24,COD,3036.18,Success
PAY100005,O100005,2025-12-20,Credit Card,2158.25,Success
PAY100006,O100006,2025-09-03,Credit Card,3085.84,Success
PAY100007,O100007,2025-11-02,UPI,4947.32,Success
PAY100008,O100008,2025-12-29,COD,7748.5,Success
PAY100009,O100009,2025-10-23,Net Banking,1817.5,Success
PAY100010,O100010,2025-12-15,Credit Card,3372.89,Success
PAY100011,O100011,2025-10-06,Credit Card,3736.81,Success
PAY100012,O100012,2025-12-20,Credit Card,4481.0,Success
PAY100013,O100013,2026-01-04,Credit Card,5217.58,Success
PAY100014,O100014,2026-07-13,UPI,3513.05,Success
PAY100015,O100015,2026-01-02,COD,5641.55,Success
PAY100016,O100016,2026-01-23,Credit Card,1787.1,Success
PAY100017,O100017,2025-12-07,Net Banking,6087.4,Success
PAY100018,O100018,2025-12-03,Credit Card,2589.94,Success
PAY100019,O100019,2026-02-26,COD,284.84,Refunded
PAY100020,O100020,2026-04-29,COD,1883.49,Success
PAY100021,O100021,2025-10-12,Credit Card,1852.1,Success
PAY100022,O100022,2025-10-11,Credit Card,1012.05,Success
PAY100023,O100023,2025-11-20,Net Banking,7226.35,Success
PAY100024,O100024,2026-07-26,UPI,76110.18,Success
PAY100025,O100025,2026-02-13,UPI,2830.01,Success
PAY100026,O100026,2025-09-15,UPI,1667.04,Success
PAY100027,O100027,2025-09-08,Net Banking,28357.29,Success
PAY100028,O100028,2026-06-15,Credit Card,5921.43,Success
PAY100029,O100029,2026-05-13,UPI,5908.93,Success
PAY100030,O100030,2026-04-19,Credit Card,1760.65,Success
PAY100031,O100031,2026-02-11,Net Banking,750.8,Success
PAY100032,O100032,2025-11-14,Credit Card,4429.52,Refunded
PAY100033,O100033,2025-09-13,Debit Card,2142.87,Success
PAY100034,O100034,2026-07-03,UPI,34535.63,Success
PAY100035,O100035,2025-12-26,Net Banking,316.01,Success
PAY100036,O100036,2026-03-03,Net Banking,8348.13,Success
PAY100037,O100037,2026-01-24,UPI,15287.73,Success
PAY100038,O100038,2026-03-14,Net Banking,42223.33,Success
PAY100039,O100039,2026-05-21,UPI,1847.54,Success
PAY100040,O100040,2026-03-15,Net Banking,6637.12,Success
PAY100041,O100041,2026-03-26,Net Banking,2298.72,Success
PAY100042,O100042,2025-11-26,Credit Card,922.36,Success
PAY100043,O100043,2025-09-27,UPI,1805.08,Success
PAY100044,O100044,2025-12-22,Credit Card,2150.6,Success
PAY100045,O100045,2026-07-30,Debit Card,3417.39,Success
PAY100046,O100046,2026-05-02,COD,6728.48,Success
PAY100047,O100047,2025-10-18,Debit Card,3838.82,Success
PAY100048,O100048,2026-06-03,UPI,249.22,Success
PAY100049,O100049,2025-09-19,Debit Card,9060.24,Success
PAY100050,O100050,2026-02-03,Credit Card,68434.16,Success
PAY100051,O100051,2026-05-16,UPI,163544.1,Success
PAY100052,O100052,2026-06-08,UPI,1038.89,Success
PAY100053,O100053,2026-06-07,Credit Card,1920.86,Success
PAY100054,O100054,2026-01-28,Net Banking,2628.73,Success
PAY100055,O100055,2026-01-05,COD,1125.59,Success
PAY100056,O100056,2026-01-26,COD,5513.31,Success
PAY100057,O100057,2025-12-07,Debit Card,37479.06,Success
PAY100058,O100058,2026-01-29,Net Banking,754.49,Success
PAY100059,O100059,2026-03-10,Debit Card,2530.12,Success
PAY100060,O100060,2026-05-22,COD,655.74,Success
PAY100061,O100061,2026-04-03,Net Banking,1019.24,Success
PAY100062,O100062,2026-03-25,Credit Card,3513.05,Success
PAY100063,O100063,2026-01-03,Debit Card,1259.47,Success
PAY100064,O100064,2026-06-15,UPI,2649.17,Success
PAY100065,O100065,2026-01-20,Credit Card,9964.82,Success
PAY100066,O100066,2026-01-20,Debit Card,1859.8,Success
PAY100067,O100067,2026-08-11,Credit Card,10032.39,Success
PAY100068,O100068,2026-03-16,Net Banking,3866.21,Success
PAY100069,O100069,2026-02-07,Credit Card,533.26,Success
PAY100070,O100070,2026-08-08,Debit Card,26464.13,Success
PAY100071,O100071,2026-02-01,COD,3412.29,Success
PAY100072,O100072,2026-05-25,Debit Card,9060.24,Success
PAY100073,O100073,2026-06-14,COD,9903.84,Success
PAY100074,O100074,2026-02-28,Debit Card,14936.67,Success
PAY100075,O100075,2026-06-09,Net Banking,697.71,Success
PAY100076,O100076,2026-01-27,COD,2501.32,Success
PAY100077,O100077,2026-08-11,Credit Card,1585.02,Success
PAY100078,O100078,2025-09-08,Debit Card,1484.03,Success
PAY100079,O100079,2026-04-08,UPI,1754.78,Success
PAY100080,O100080,2026-06-09,Debit Card,3776.63,Success
PAY100081,O100081,2025-11-14,COD,4847.14,Success
PAY100082,O100082,2026-07-13,Net Banking,21111.66,Success
PAY100083,O100083,2025-10-10,Credit Card,280.38,Success
PAY100084,O100084,2026-02-09,Credit Card,7604.13,Success
PAY100085,O100085,2025-11-19,UPI,16540.97,Success
PAY100086,O100086,2026-07-03,COD,802.78,Success
PAY100087,O100087,2025-12-02,UPI,355.98,Success
PAY100088,O100088,2026-06-09,Credit Card,6993.57,Success
PAY100089,O100089,2026-01-24,COD,1066.53,Success
PAY100090,O100090,2026-05-09,Debit Card,1211.99,Success
PAY100091,O100091,2025-12-07,UPI,10404.16,Success
PAY100092,O100092,2026-06-15,COD,1484.03,Success
PAY100093,O100093,2025-11-11,COD,1907.35,Success
PAY100094,O100094,2026-05-27,Net Banking,4558.46,Success
PAY100095,O100095,2025-12-02,Debit Card,5395.67,Success
PAY100096,O100096,2026-01-10,Debit Card,311.53,Success
PAY100097,O100097,2025-10-16,UPI,371.34,Success
PAY100098,O100098,2026-05-28,COD,5217.58,Success
PAY100099,O100099,2026-01-14,Credit Card,3306.4,Success
PAY100100,O100100,2026-06-11,Debit Card,283.62,Success
PAY100101,O100101,2026-01-11,Net Banking,1524.23,Success
PAY100102,O100102,2026-06-11,Credit Card,4429.52,Success
PAY100103,O100103,2025-11-25,Debit Card,3176.92,Success
PAY100104,O100104,2026-08-21,UPI,2726.26,Success
PAY100105,O100105,2025-11-17,COD,1870.0,Success
PAY100106,O100106,2025-12-04,UPI,6019.66,Success
PAY100107,O100107,2026-01-30,UPI,8180.67,Success
PAY100108,O100108,2025-08-22,COD,1265.06,Success
PAY100109,O100109,2025-11-22,COD,6227.25,Success
PAY100110,O100110,2026-04-19,Debit Card,2691.31,Success
PAY100111,O100111,2026-07-22,Debit Card,85627.8,Success
PAY100112,O100112,2026-05-03,Debit Card,3530.81,Success
PAY100113,O100113,2025-12-03,Debit Card,11808.88,Success
PAY100114,O100114,2026-04-06,COD,3673.14,Success
PAY100115,O100115,2026-01-15,UPI,3826.68,Success
PAY100116,O100116,2026-03-14,Net Banking,36423.1,Success
PAY100117,O100117,2025-10-12,UPI,4008.04,Success
PAY100118,O100118,2025-09-28,Debit Card,784.93,Refunded
PAY100119,O100119,2026-02-09,Debit Card,3208.9,Success
PAY100120,O100120,2025-09-12,UPI,1288.82,Success
PAY100121,O100121,2026-02-21,UPI,3269.47,Success
PAY100122,O100122,2025-11-30,COD,906.39,Success
PAY100123,O100123,2026-01-28,UPI,1716.62,Success
PAY100124,O100124,2026-05-24,Credit Card,4847.14,Success
PAY100125,O100125,2026-01-26,Net Banking,1059.2,Success
PAY100126,O100126,2025-12-07,COD,8392.52,Success
PAY100127,O100127,2026-05-27,Credit Card,1678.5,Success
PAY100128,O100128,2025-09-21,Debit Card,639.8,Success
PAY100129,O100129,2026-03-05,Net Banking,1562.14,Success
PAY100130,O100130,2025-11-07,Credit Card,1787.1,Success
PAY100131,O100131,2026-01-12,Credit Card,1495.17,Success
PAY100132,O100132,2026-01-22,Credit Card,1816.37,Success
PAY100133,O100133,2025-09-29,UPI,5513.31,Success
PAY100134,O100134,2025-12-30,UPI,1694.88,Success
PAY100135,O100135,2026-07-26,UPI,1487.59,Success
PAY100136,O100136,2026-07-09,Net Banking,3763.73,Success
PAY100137,O100137,2026-07-08,UPI,1517.88,Success
PAY100138,O100138,2026-05-18,UPI,125816.32,Success
PAY100139,O100139,2025-09-23,Net Banking,784.01,Success
PAY100140,O100140,2025-09-24,UPI,127.96,Success
PAY100141,O100141,2025-12-27,Net Banking,2138.66,Success
PAY100143,O100143,2025-11-17,UPI,126124.99,Success
PAY100144,O100144,2026-01-24,Net Banking,121019.06,Success
PAY100145,O100145,2025-09-05,Credit Card,2389.33,Success
PAY100146,O100146,2026-07-11,UPI,58012.56,Success
PAY100147,O100147,2026-03-07,COD,1664.71,Success
PAY100148,O100148,2025-10-16,COD,642.86,Success
PAY100149,O100149,2026-07-10,Debit Card,10220.5,Success
PAY100150,O100150,2026-07-05,Net Banking,22190.24,Success
PAY100151,O100151,2026-07-12,UPI,5214.6,Success
PAY100152,O100152,2026-06-22,COD,2641.46,Success
PAY100153,O100153,2026-03-24,Net Banking,2077.78,Success
PAY100154,O100154,2026-04-11,COD,1311.48,Success
PAY100155,O100155,2026-05-12,Net Banking,10587.63,Success
PAY100156,O100156,2026-06-10,Credit Card,3124.28,Success
PAY100157,O100157,2025-09-26,Credit Card,6598.12,Failed
PAY100158,O100158,2026-07-29,Debit Card,1059.46,Success
PAY100159,O100159,2026-07-18,UPI,1194.0,Success
PAY100160,O100160,2026-08-12,UPI,14178.65,Success
PAY100161,O100161,2026-06-07,Credit Card,9947.14,Success
PAY100162,O100162,2025-11-07,Debit Card,2623.47,Success
PAY100163,O100163,2025-08-26,UPI,3475.03,Success
PAY100164,O100164,2026-05-10,Debit Card,5293.34,Success
PAY100165,O100165,2026-03-21,Net Banking,1012.05,Success
PAY100166,O100166,2025-09-22,Debit Card,5315.02,Success
PAY100167,O100167,2026-04-09,COD,6950.06,Success
PAY100168,O100168,2025-12-24,UPI,4152.01,Success
PAY100169,O100169,2025-11-15,Credit Card,1654.17,Success
PAY100170,O100170,2026-08-18,UPI,51750.03,Success
PAY100171,O100171,2026-06-11,COD,52552.08,Success
PAY100172,O100172,2026-06-07,COD,4835.09,Success
PAY100173,O100173,2025-12-06,Debit Card,6019.43,Success
PAY100174,O100174,2026-07-31,Net Banking,36423.1,Success
PAY100175,O100175,2026-02-08,Credit Card,9955.68,Success
PAY100176,O100176,2026-02-17,Net Banking,2809.4,Success
PAY100177,O100177,2025-09-29,Net Banking,1624.57,Success
PAY100178,O100178,2025-09-22,COD,26464.13,Success
PAY100179,O100179,2025-12-29,COD,868.79,Success
PAY100180,O100180,2026-07-26,COD,3124.28,Success
PAY100181,O100181,2026-04-05,Debit Card,5352.26,Success
PAY100182,O100182,2025-11-10,COD,1404.7,Success
PAY100183,O100183,2025-09-26,COD,1329.24,Success
PAY100184,O100184,2026-04-18,Net Banking,2387.99,Success
PAY100185,O100185,2025-08-27,COD,1135.94,Success
PAY100186,O100186,2025-08-26,UPI,1664.71,Success
PAY100187,O100187,2025-11-28,Net Banking,371.34,Success
PAY100188,O100188,2025-10-17,Debit Card,3794.82,Success
PAY100189,O100189,2025-11-23,Credit Card,60888.14,Refunded
PAY100190,O100190,2026-03-17,UPI,9784.58,Success
PAY100191,O100191,2026-05-11,COD,2233.88,Success
PAY100192,O100192,2026-01-10,COD,1913.34,Success
PAY100193,O100193,2026-06-10,Credit Card,17108.5,Success
PAY100194,O100194,2026-05-29,UPI,7923.36,Refunded
PAY100195,O100195,2026-03-09,Credit Card,5081.7,Success
PAY100196,O100196,2026-03-09,COD,9031.61,Success
PAY100197,O100197,2026-04-10,Net Banking,1859.85,Success
PAY100198,O100198,2026-02-12,COD,56218.59,Success
PAY100199,O100199,2025-12-04,Net Banking,371.34,Success
PAY100200,O100200,2026-01-29,COD,22362.08,Success
PAY100201,O100201,2026-01-27,Debit Card,922.36,Success
PAY100202,O100202,2026-04-27,Credit Card,3049.02,Success
PAY100203,O100203,2025-09-06,Credit Card,11992.51,Success
PAY100204,O100204,2026-02-23,Net Banking,72846.2,Success
PAY100205,O100205,2025-09-17,Debit Card,50250.84,Success
PAY100206,O100206,2026-01-24,Net Banking,4556.52,Success
PAY100207,O100207,2026-01-30,UPI,2530.12,Success
PAY100208,O100208,2025-11-09,Net Banking,49924.48,Success
PAY100209,O100209,2026-01-27,Credit Card,2315.13,Success
PAY100210,O100210,2026-02-10,Net Banking,5776.02,Success
PAY100211,O100211,2025-11-10,Debit Card,1714.83,Success
PAY100212,O100212,2025-12-17,Net Banking,1517.88,Success
PAY100213,O100213,2026-04-22,Credit Card,1827.86,Success
PAY100214,O100214,2026-01-03,Credit Card,3423.67,Success
PAY100215,O100215,2026-03-22,Debit Card,11946.82,Success
PAY100216,O100216,2026-01-18,Net Banking,2998.13,Success
PAY100217,O100217,2026-06-16,Credit Card,299.83,Success
PAY100218,O100218,2026-05-10,Credit Card,12513.02,Success
PAY100219,O100219,2025-12-03,COD,826.76,Success
PAY100220,O100220,2025-09-04,Credit Card,58169.04,Failed
PAY100221,O100221,2026-01-22,Credit Card,986.95,Success
PAY100222,O100222,2025-10-13,COD,6409.71,Success
PAY100223,O100223,2026-06-24,UPI,2568.9,Success
PAY100224,O100224,2026-04-05,COD,287.38,Success
PAY100225,O100225,2026-03-08,UPI,4115.22,Success
PAY100226,O100226,2025-10-12,UPI,8390.52,Success
PAY100227,O100227,2025-09-29,Net Banking,2257.48,Success
PAY100228,O100228,2026-04-23,COD,29180.3,Success
PAY100229,O100229,2026-05-02,Debit Card,25021.14,Success
PAY100230,O100230,2026-02-24,COD,164241.98,Success
PAY100231,O100231,2026-03-10,COD,18028.57,Success
PAY100232,O100232,2025-12-10,Credit Card,17322.15,Success
PAY100233,O100233,2026-05-30,UPI,6392.06,Success
PAY100234,O100234,2025-11-09,Net Banking,1265.06,Success
PAY100235,O100235,2025-09-13,Credit Card,18028.57,Success
PAY100236,O100236,2026-03-14,Debit Card,5540.51,Failed
PAY100237,O100237,2025-09-24,Credit Card,2392.63,Success
PAY100238,O100238,2026-03-04,UPI,1725.55,Success
PAY100239,O100239,2026-03-30,COD,10358.48,Success
PAY100240,O100240,2025-11-25,COD,11875.31,Success
PAY100241,O100241,2026-06-09,Debit Card,564.96,Success
PAY100242,O100242,2025-09-16,Debit Card,14826.54,Failed
PAY100243,O100243,2026-06-21,Debit Card,3530.81,Success
PAY100244,O100244,2026-07-10,UPI,2779.98,Success
PAY100245,O100245,2026-06-30,UPI,33080.16,Success
PAY100246,O100246,2026-01-24,Debit Card,11122.69,Success
PAY100247,O100247,2025-10-01,UPI,1288.82,Success
PAY100248,O100248,2026-03-27,COD,1249.71,Success
PAY100249,O100249,2025-09-12,Debit Card,2706.0,Success
PAY100250,O100250,2025-12-15,Debit Card,3036.18,Success
PAY100251,O100251,2026-07-29,COD,1907.35,Success
PAY100252,O100252,2025-09-23,UPI,11842.86,Success
PAY100253,O100253,2025-09-15,COD,1264.23,Success
PAY100254,O100254,2026-08-06,COD,1200.84,Refunded
PAY100255,O100255,2026-03-20,Credit Card,5031.47,Success
PAY100256,O100256,2025-11-04,Debit Card,136868.32,Success
PAY100257,O100257,2026-08-11,Debit Card,1827.86,Success
PAY100258,O100258,2025-09-21,Credit Card,24736.96,Success
PAY100259,O100259,2025-08-24,UPI,3107.6,Success
PAY100260,O100260,2025-09-16,Debit Card,880.33,Success
PAY100261,O100261,2026-02-09,Credit Card,4869.92,Success
PAY100262,O100262,2026-08-15,Net Banking,10337.46,Success
PAY100263,O100263,2025-08-24,COD,2274.24,Success
PAY100264,O100264,2025-08-26,Debit Card,8856.66,Success
PAY100265,O100265,2025-10-08,Debit Card,694.31,Success
PAY100266,O100266,2026-05-11,Credit Card,1908.52,Success
PAY100267,O100267,2025-12-09,Credit Card,1585.02,Success
PAY100268,O100268,2025-10-28,Net Banking,8028.39,Success
PAY100269,O100269,2025-11-18,COD,109029.4,Success
PAY100270,O100270,2025-11-25,UPI,1119.53,Success
PAY100271,O100271,2026-01-23,Credit Card,12454.5,Success
PAY100272,O100272,2026-03-10,Net Banking,3988.32,Success
PAY100273,O100273,2025-12-17,COD,747.67,Success
PAY100274,O100274,2025-11-11,COD,4152.01,Success
PAY100275,O100275,2026-05-16,Credit Card,2767.08,Success
PAY100276,O100276,2026-08-02,Debit Card,1291.12,Success
PAY100277,O100277,2026-04-15,COD,13783.28,Refunded
PAY100278,O100278,2026-02-24,Debit Card,3865.24,Success
PAY100279,O100279,2026-06-14,Credit Card,2697.81,Success
PAY100280,O100280,2026-01-11,Debit Card,131962.58,Success
PAY100281,O100281,2025-09-06,Credit Card,3608.59,Success
PAY100282,O100282,2026-01-30,UPI,9957.78,Success
PAY100283,O100283,2026-05-23,COD,3151.95,Success
PAY100284,O100284,2025-11-24,COD,482.66,Success
PAY100285,O100285,2025-09-21,UPI,152419.71,Success
PAY100286,O100286,2026-08-03,Credit Card,300.21,Success
PAY100287,O100287,2026-04-17,UPI,76110.18,Success
PAY100288,O100288,2026-06-28,Debit Card,238.84,Success
PAY100289,O100289,2026-01-23,Credit Card,1599.79,Success
PAY100290,O100290,2026-08-09,Net Banking,54713.07,Success
PAY100291,O100291,2025-11-06,COD,3364.24,Success
PAY100292,O100292,2026-06-05,Credit Card,8960.11,Success
PAY100293,O100293,2026-07-10,COD,433.18,Success
PAY100294,O100294,2026-01-11,UPI,4345.5,Success
PAY100295,O100295,2025-09-26,Debit Card,2019.85,Success
PAY100296,O100296,2026-01-17,Net Banking,15955.87,Failed
PAY100297,O100297,2026-07-28,Net Banking,17728.74,Success
PAY100298,O100298,2026-01-04,Debit Card,1958.71,Success
PAY100299,O100299,2026-02-09,Net Banking,4817.57,Refunded
PAY100300,O100300,2026-07-24,UPI,2728.64,Success
PAY100301,O100301,2026-04-24,Credit Card,2349.98,Success
PAY100302,O100302,2025-09-26,COD,3242.49,Success
PAY100303,O100303,2025-10-16,UPI,2406.08,Success
PAY100304,O100304,2025-12-17,COD,2340.94,Success
PAY100305,O100305,2026-02-25,UPI,13417.08,Success
PAY100306,O100306,2025-12-07,Credit Card,2670.43,Failed
PAY100307,O100307,2025-12-13,Debit Card,1281.53,Success
PAY100308,O100308,2025-09-24,Credit Card,2188.66,Success
PAY100309,O100309,2026-02-16,Net Banking,128916.8,Success
PAY100310,O100310,2025-12-17,UPI,11381.33,Success
PAY100311,O100311,2025-12-24,Debit Card,88590.87,Success
PAY100312,O100312,2025-11-27,COD,1314.45,Success
PAY100313,O100313,2026-02-28,Debit Card,9017.8,Success
PAY100314,O100314,2026-08-05,COD,7966.22,Success
PAY100315,O100315,2026-01-23,Net Banking,2582.24,Success
PAY100316,O100316,2025-10-16,Net Banking,72304.67,Success
PAY100317,O100317,2026-02-26,Credit Card,3719.7,Success
PAY100318,O100318,2026-05-15,Debit Card,1405.49,Success
PAY100319,O100319,2025-10-12,Net Banking,106961.2,Success
PAY100320,O100320,2025-08-29,COD,15324.28,Success
PAY100321,O100321,2025-10-23,UPI,5035.28,Success
PAY100322,O100322,2026-01-10,COD,5722.05,Success
PAY100323,O100323,2026-02-25,UPI,6688.26,Success
PAY100324,O100324,2025-11-23,Debit Card,525.03,Success
PAY100325,O100325,2025-09-19,Debit Card,2756.66,Success
PAY100326,O100326,2025-11-20,Net Banking,533.26,Success
PAY100327,O100327,2026-05-11,COD,1329.24,Success
PAY100328,O100328,2025-08-23,UPI,4331.81,Success
PAY100329,O100329,2025-11-14,Net Banking,505.2,Success
PAY100330,O100330,2026-02-28,UPI,3704.21,Success
PAY100331,O100331,2025-10-20,Credit Card,10422.4,Success
PAY100332,O100332,2025-11-20,COD,13376.52,Success
PAY100333,O100333,2026-04-12,UPI,498.45,Success
PAY100334,O100334,2026-08-09,COD,12364.3,Success
PAY100335,O100335,2026-05-10,Credit Card,620.07,Success
PAY100336,O100336,2026-03-13,UPI,1653.2,Success
PAY100337,O100337,2026-04-26,Net Banking,101480.24,Success
PAY100338,O100338,2026-05-13,UPI,13754.3,Success
PAY100339,O100339,2026-02-17,Debit Card,3306.4,Success
PAY100340,O100340,2026-06-13,Net Banking,61821.52,Success
PAY100341,O100341,2026-08-03,Credit Card,10422.4,Success
PAY100342,O100342,2025-09-20,UPI,10282.8,Success
PAY100343,O100343,2026-07-18,Debit Card,165.35,Success
PAY100344,O100344,2026-02-27,Net Banking,1202.86,Success
PAY100345,O100345,2026-07-14,Credit Card,642.86,Success
PAY100346,O100346,2025-11-04,UPI,18681.75,Success
PAY100347,O100347,2025-09-01,COD,154700.16,Success
PAY100348,O100348,2026-05-23,COD,1754.78,Success
PAY100349,O100349,2026-05-20,Debit Card,2070.27,Success
PAY100350,O100350,2026-05-03,COD,1224.38,Success
PAY100351,O100351,2026-03-13,Credit Card,8666.56,Success
PAY100352,O100352,2025-10-28,Credit Card,47571.0,Failed
PAY100353,O100353,2025-11-23,Credit Card,8363.29,Success
PAY100354,O100354,2025-10-26,Credit Card,5579.4,Success
PAY100355,O100355,2026-06-19,Credit Card,4950.64,Success
PAY100356,O100356,2026-07-06,Credit Card,8392.52,Success
PAY100357,O100357,2026-01-19,COD,1327.82,Success
PAY100358,O100358,2026-08-14,Net Banking,2556.09,Success
PAY100359,O100359,2026-05-07,COD,981.59,Success
PAY100360,O100360,2025-10-23,COD,13262.86,Success
PAY100361,O100361,2026-04-07,Net Banking,4330.94,Success
PAY100362,O100362,2026-06-04,UPI,5944.7,Success
PAY100363,O100363,2026-03-03,Net Banking,3136.44,Success
PAY100364,O100364,2025-11-25,Credit Card,2435.61,Success
PAY100365,O100365,2026-03-30,COD,142713.0,Success
PAY100366,O100366,2025-12-24,Debit Card,68434.16,Success
PAY100367,O100367,2025-08-26,UPI,1589.19,Success
PAY100368,O100368,2025-09-16,COD,2878.48,Success
PAY100369,O100369,2026-07-26,Debit Card,1716.62,Success
PAY100370,O100370,2026-08-08,COD,3029.98,Success
PAY100371,O100371,2026-07-27,Net Banking,3049.02,Failed
PAY100372,O100372,2026-02-25,Credit Card,5641.55,Success
PAY100373,O100373,2025-09-01,COD,1894.17,Failed
PAY100374,O100374,2026-08-22,COD,1095.5,Success
PAY100375,O100375,2025-09-23,Net Banking,1525.88,Success
PAY100376,O100376,2025-09-06,COD,185349.98,Success
PAY100377,O100377,2026-03-24,Net Banking,2434.96,Success
PAY100378,O100378,2025-08-24,COD,3012.7,Success
PAY100379,O100379,2025-09-05,UPI,8563.62,Success
PAY100380,O100380,2025-10-18,Debit Card,24909.0,Success
PAY100381,O100381,2026-07-17,UPI,6728.48,Success
PAY100382,O100382,2025-09-20,UPI,583.37,Success
PAY100383,O100383,2026-02-26,Credit Card,7803.12,Success
PAY100384,O100384,2026-01-16,UPI,650.62,Success
PAY100385,O100385,2025-12-08,Credit Card,1219.39,Failed
PAY100386,O100386,2026-02-10,Net Banking,836.38,Success
PAY100387,O100387,2026-05-15,COD,52895.62,Success
PAY100388,O100388,2025-10-05,UPI,564.96,Success
PAY100389,O100389,2025-08-27,Net Banking,11052.38,Success
PAY100390,O100390,2026-02-27,UPI,2304.37,Failed
PAY100391,O100391,2025-12-01,Credit Card,1224.38,Success
PAY100392,O100392,2026-04-04,Net Banking,3983.46,Success
PAY100393,O100393,2026-05-25,Credit Card,5031.47,Success
PAY100394,O100394,2026-06-19,UPI,4102.61,Refunded
PAY100395,O100395,2026-06-17,UPI,2677.96,Success
PAY100396,O100396,2026-03-10,Debit Card,500.3,Success
PAY100397,O100397,2025-11-13,Debit Card,26689.22,Success
PAY100398,O100398,2025-09-27,Debit Card,3347.45,Success
PAY100399,O100399,2025-08-31,Net Banking,8129.65,Success
PAY100400,O100400,2025-09-16,COD,18233.84,Success
PAY100401,O100401,2026-03-22,Net Banking,11949.34,Success
PAY100402,O100402,2025-10-06,COD,98325.06,Success
PAY100403,O100403,2026-03-05,UPI,10271.01,Success
PAY100404,O100404,2026-08-04,Credit Card,2983.87,Success
PAY100405,O100405,2026-01-31,Credit Card,25740.09,Success
PAY100406,O100406,2025-10-26,Debit Card,539.69,Success
PAY100407,O100407,2026-02-18,Debit Card,6474.84,Success
PAY100408,O100408,2026-05-01,UPI,3029.98,Refunded
PAY100409,O100409,2026-04-07,Net Banking,1375.97,Success
PAY100410,O100410,2025-11-17,COD,12510.11,Success
PAY100411,O100411,2026-08-19,Net Banking,1177.39,Success
PAY100412,O100412,2025-10-04,Debit Card,4217.78,Success
PAY100413,O100413,2026-05-10,Credit Card,6950.06,Success
PAY100414,O100414,2025-12-03,Net Banking,8580.03,Success
PAY100415,O100415,2026-08-01,Net Banking,8666.56,Success
PAY100416,O100416,2025-10-22,UPI,20803.35,Success
PAY100417,O100417,2025-11-11,Debit Card,239.86,Success
PAY100418,O100418,2026-02-28,UPI,18739.53,Success
PAY100419,O100419,2025-09-28,Credit Card,17747.66,Refunded
PAY100420,O100420,2026-07-22,Net Banking,8663.62,Success
PAY100421,O100421,2025-10-14,Debit Card,2026.05,Success
PAY100422,O100422,2025-11-03,UPI,1560.91,Success
PAY100423,O100423,2025-09-07,COD,1560.91,Success
PAY100424,O100424,2026-01-29,COD,109579.28,Success
PAY100425,O100425,2026-06-27,Net Banking,3415.66,Success
PAY100426,O100426,2026-06-09,Net Banking,6040.16,Success
PAY100427,O100427,2026-06-01,Net Banking,2248.78,Success
PAY100428,O100428,2026-03-27,Net Banking,742.68,Success
PAY100429,O100429,2026-05-25,Net Banking,732.89,Success
PAY100430,O100430,2026-01-04,COD,2190.99,Success
PAY100431,O100431,2026-04-08,COD,3465.45,Success
PAY100432,O100432,2026-05-31,Credit Card,17327.24,Success
PAY100433,O100433,2026-04-26,Debit Card,80940.22,Success
PAY100434,O100434,2025-12-11,Net Banking,4681.87,Success
PAY100435,O100435,2025-12-28,Net Banking,17728.74,Success
PAY100436,O100436,2026-01-07,COD,6063.64,Success
PAY100437,O100437,2025-12-03,Credit Card,1525.88,Success
PAY100438,O100438,2025-12-12,Credit Card,12696.17,Success
PAY100439,O100439,2026-05-22,UPI,1019.24,Success
PAY100440,O100440,2026-03-17,UPI,588.59,Success
PAY100441,O100441,2025-12-26,Debit Card,2470.99,Success
PAY100442,O100442,2025-09-04,UPI,4737.14,Success
PAY100443,O100443,2026-03-15,UPI,5006.06,Success
PAY100444,O100444,2026-02-05,Debit Card,2026.05,Success
PAY100445,O100445,2026-05-17,COD,625.33,Success
PAY100446,O100446,2026-06-25,Net Banking,3269.47,Success
PAY100447,O100447,2025-12-20,Debit Card,1853.32,Success
PAY100448,O100448,2025-12-22,UPI,2528.46,Success
PAY100449,O100449,2026-05-05,UPI,134007.8,Success
PAY100450,O100450,2026-01-22,Net Banking,287.38,Success
PAY100451,O100451,2026-04-22,COD,297.07,Failed
PAY100452,O100452,2025-10-15,Credit Card,3101.24,Success
PAY100453,O100453,2026-07-14,COD,1503.58,Success
PAY100454,O100454,2026-07-19,UPI,694.31,Success
PAY100455,O100455,2026-07-29,COD,11842.86,Success
PAY100456,O100456,2026-04-17,Net Banking,6775.6,Success
PAY100457,O100457,2026-01-23,Debit Card,5936.13,Success
PAY100458,O100458,2026-02-06,UPI,7834.86,Success
PAY100459,O100459,2026-01-13,Net Banking,1034.57,Success
PAY100460,O100460,2025-12-01,UPI,2601.04,Success
PAY100461,O100461,2026-05-28,Net Banking,722.03,Success
PAY100462,O100462,2026-03-01,Net Banking,826.6,Success
PAY100463,O100463,2025-08-24,UPI,3364.24,Success
PAY100464,O100464,2025-12-29,Credit Card,2869.08,Success
PAY100465,O100465,2025-09-24,Credit Card,2628.73,Failed
PAY100466,O100466,2025-08-27,COD,3415.66,Success
PAY100467,O100467,2025-08-23,COD,1575.97,Success
PAY100468,O100468,2026-01-13,Debit Card,74958.12,Success
PAY100469,O100469,2025-10-05,Net Banking,6143.17,Success
PAY100470,O100470,2026-03-24,UPI,57691.42,Success
PAY100471,O100471,2026-03-25,Debit Card,1399.41,Success
PAY100472,O100472,2025-12-09,Credit Card,218058.8,Success
PAY100473,O100473,2026-08-15,UPI,1189.5,Success
PAY100474,O100474,2025-09-21,UPI,13627.34,Success
PAY100475,O100475,2026-01-18,UPI,1993.86,Success
PAY100476,O100476,2026-03-13,Debit Card,5972.11,Success
PAY100477,O100477,2026-08-20,UPI,2691.31,Success
PAY100478,O100478,2026-05-30,COD,6072.35,Success
PAY100479,O100479,2026-02-20,UPI,965.32,Success
PAY100480,O100480,2025-09-22,Net Banking,4168.96,Success
PAY100481,O100481,2025-09-27,COD,41400.02,Success
PAY100482,O100482,2025-09-07,Debit Card,38056.8,Success
PAY100483,O100483,2025-10-13,Credit Card,5310.99,Success
PAY100484,O100484,2025-11-29,Debit Card,4333.28,Success
PAY100485,O100485,2026-02-05,Net Banking,8340.38,Success
PAY100486,O100486,2025-09-16,Debit Card,1816.37,Success
PAY100487,O100487,2025-12-25,Net Banking,6336.48,Success
PAY100488,O100488,2026-05-22,COD,4549.42,Success
PAY100489,O100489,2026-01-02,Net Banking,9380.16,Success
PAY100490,O100490,2026-08-19,UPI,2304.37,Success
PAY100491,O100491,2025-09-26,Debit Card,4181.64,Success
PAY100492,O100492,2026-04-20,Debit Card,298.55,Failed
PAY100493,O100493,2026-07-25,Net Banking,4892.29,Success
PAY100494,O100494,2025-12-11,Net Banking,9060.24,Success
PAY100495,O100495,2026-01-27,UPI,11146.0,Failed
PAY100496,O100496,2025-10-29,Debit Card,10704.52,Refunded
PAY100497,O100497,2026-03-26,Debit Card,1498.24,Success
PAY100498,O100498,2026-04-26,Debit Card,3797.6,Success
PAY100499,O100499,2026-04-24,Debit Card,2856.8,Success
PAY100500,O100500,2026-05-30,Credit Card,893.55,Success
PAY100501,O100501,2025-10-27,UPI,780.37,Success
PAY100502,O100502,2025-11-15,Net Banking,130467.93,Success
PAY100503,O100503,2026-01-16,Credit Card,31454.08,Success
PAY100504,O100504,2026-08-13,COD,1404.7,Success
PAY100505,O100505,2025-08-26,Net Banking,38446.6,Success
PAY100506,O100506,2026-04-07,UPI,2499.42,Success
PAY100507,O100507,2026-01-01,Net Banking,631.28,Success
PAY100508,O100508,2025-12-16,UPI,125816.32,Success
PAY100509,O100509,2025-09-29,COD,3211.12,Success
PAY100510,O100510,2026-07-03,Debit Card,16865.58,Success
PAY100511,O100511,2026-06-13,Credit Card,1817.67,Success
PAY100512,O100512,2025-12-04,Credit Card,3048.45,Success
PAY100513,O100513,2026-04-14,UPI,2577.64,Success
PAY100514,O100514,2025-11-07,UPI,16187.01,Success
PAY100515,O100515,2026-02-22,UPI,3933.88,Failed
PAY100516,O100516,2026-04-05,COD,13456.96,Success
PAY100517,O100517,2025-10-26,Net Banking,2714.68,Success
PAY100518,O100518,2025-11-28,UPI,8666.56,Success
PAY100519,O100519,2026-05-06,Credit Card,1653.2,Success
PAY100520,O100520,2025-09-09,Credit Card,4661.32,Failed
PAY100521,O100521,2026-08-14,Net Banking,2869.08,Success
PAY100522,O100522,2025-11-03,UPI,3944.41,Success
PAY100523,O100523,2025-12-27,Debit Card,26111.23,Success
PAY100524,O100524,2026-08-21,UPI,5179.24,Success
PAY100525,O100525,2026-06-28,Debit Card,4812.16,Success
PAY100526,O100526,2026-06-26,UPI,2278.26,Success
PAY100527,O100527,2026-04-20,COD,2567.07,Success
PAY100528,O100528,2026-07-05,Debit Card,802.78,Success
PAY100529,O100529,2026-02-01,Credit Card,7227.26,Success
PAY100530,O100530,2026-04-29,Credit Card,38446.6,Success
PAY100531,O100531,2026-01-28,UPI,574.76,Success
PAY100532,O100532,2026-01-18,COD,207000.12,Success
PAY100533,O100533,2026-05-01,Debit Card,284.41,Success
PAY100534,O100534,2025-10-17,Debit Card,27806.72,Failed
PAY100535,O100535,2025-09-04,Net Banking,568.82,Success
PAY100536,O100536,2025-10-12,Net Banking,53480.6,Success
PAY100537,O100537,2026-06-05,COD,100402.99,Success
PAY100538,O100538,2026-08-02,UPI,19651.69,Success
PAY100539,O100539,2026-06-01,Credit Card,273736.64,Success
PAY100540,O100540,2025-12-27,UPI,1484.03,Success
PAY100541,O100541,2026-06-01,UPI,1750.11,Success
PAY100542,O100542,2026-02-10,UPI,2210.88,Success
PAY100543,O100543,2026-01-26,UPI,1864.92,Success
PAY100544,O100544,2026-04-23,Net Banking,843.25,Success
PAY100545,O100545,2026-07-12,COD,89644.13,Success
PAY100546,O100546,2026-08-14,Net Banking,6945.39,Success
PAY100547,O100547,2025-11-24,COD,6143.17,Success
PAY100548,O100548,2025-12-08,UPI,1605.56,Success
PAY100549,O100549,2025-09-17,Net Banking,49924.48,Success
PAY100550,O100550,2026-06-08,Credit Card,750.8,Success
PAY100551,O100551,2026-01-28,COD,1445.82,Success
PAY100552,O100552,2025-10-30,Credit Card,1405.93,Success
PAY100553,O100553,2025-12-26,UPI,25370.06,Success
PAY100554,O100554,2026-01-31,Net Banking,11242.98,Success
PAY100555,O100555,2026-05-30,Debit Card,1626.34,Success
PAY100556,O100556,2025-12-22,Credit Card,3530.81,Success
PAY100557,O100557,2026-05-31,Debit Card,1116.94,Success
PAY100558,O100558,2025-12-15,Net Banking,3423.67,Success
PAY100559,O100559,2026-07-11,Credit Card,52779.16,Success
PAY100560,O100560,2026-05-22,UPI,2601.04,Success
PAY100561,O100561,2025-12-05,Credit Card,3670.34,Success
PAY100562,O100562,2025-11-06,COD,7932.06,Success
PAY100563,O100563,2026-03-11,Net Banking,229.52,Success
PAY100564,O100564,2025-09-03,COD,372.04,Success
PAY100565,O100565,2026-07-24,UPI,3321.61,Success
PAY100566,O100566,2025-11-01,Credit Card,38372.92,Success
PAY100567,O100567,2026-06-15,Credit Card,27737.8,Success
PAY100568,O100568,2026-03-08,COD,367.23,Success
PAY100569,O100569,2026-07-23,Debit Card,257833.6,Success
PAY100570,O100570,2026-02-20,Net Banking,82800.05,Success
PAY100571,O100571,2025-10-19,Credit Card,5457.28,Success
PAY100572,O100572,2025-11-29,UPI,1224.38,Success
PAY100573,O100573,2026-03-10,Debit Card,6172.88,Success
PAY100574,O100574,2026-04-14,Credit Card,17728.74,Success
PAY100575,O100575,2026-08-04,Credit Card,5386.01,Success
PAY100576,O100576,2025-09-18,UPI,17728.74,Success
PAY100577,O100577,2026-05-30,COD,8661.07,Success
PAY100578,O100578,2025-12-11,Debit Card,1807.87,Success
PAY100579,O100579,2026-01-14,Credit Card,13286.43,Success
PAY100580,O100580,2026-07-04,Net Banking,2379.0,Success
PAY100581,O100581,2025-10-11,UPI,7120.55,Success
PAY100582,O100582,2026-02-16,Credit Card,10337.46,Success
PAY100583,O100583,2026-02-20,Debit Card,1066.34,Success
PAY100584,O100584,2025-10-26,UPI,12039.31,Success
PAY100585,O100585,2026-03-14,Net Banking,13297.87,Success
PAY100586,O100586,2026-01-28,Credit Card,1542.92,Success
PAY100587,O100587,2026-02-10,Credit Card,5703.1,Refunded
PAY100588,O100588,2026-05-15,COD,6952.2,Success
PAY100589,O100589,2026-01-17,Net Banking,2271.88,Success
PAY100590,O100590,2026-02-26,Net Banking,2525.56,Success
PAY100591,O100591,2026-04-20,Credit Card,5211.2,Success
PAY100592,O100592,2025-08-26,COD,887.86,Success
PAY100593,O100593,2026-07-18,Debit Card,1177.18,Success
PAY100594,O100594,2026-05-10,UPI,4634.8,Success
PAY100595,O100595,2026-08-14,COD,2039.08,Refunded
PAY100596,O100596,2026-01-16,Debit Card,5726.28,Success
PAY100597,O100597,2026-06-04,Credit Card,3336.88,Success
PAY100598,O100598,2026-03-26,Net Banking,5583.89,Success
PAY100599,O100599,2025-10-24,Debit Card,7506.34,Success
PAY100600,O100600,2026-06-19,Net Banking,2473.66,Success
PAY100601,O100601,2026-06-17,COD,1693.9,Success
PAY100602,O100602,2026-07-09,Debit Card,11842.86,Success
PAY100603,O100603,2025-11-29,COD,2608.79,Success
PAY100604,O100604,2025-12-10,Debit Card,798.87,Success
PAY100605,O100605,2026-05-21,Debit Card,25021.14,Refunded
PAY100606,O100606,2025-11-02,UPI,370.66,Success
PAY100607,O100607,2026-07-03,UPI,2473.66,Success
PAY100608,O100608,2026-08-03,Net Banking,16256.9,Success
PAY100609,O100609,2026-03-11,Debit Card,195.09,Success
PAY100610,O100610,2026-02-22,Credit Card,5179.24,Success
PAY100611,O100611,2026-07-02,Debit Card,697.71,Success
PAY100612,O100612,2025-10-03,Debit Card,1405.49,Success
PAY100613,O100613,2026-07-24,Net Banking,6950.06,Success
PAY100614,O100614,2026-01-26,Net Banking,2044.69,Success
PAY100615,O100615,2026-05-08,COD,6021.96,Success
PAY100616,O100616,2026-03-11,COD,10791.34,Success
PAY100617,O100617,2026-07-12,COD,1456.84,Success
PAY100618,O100618,2025-10-14,UPI,3015.74,Success
PAY100619,O100619,2026-05-05,COD,9260.52,Success
PAY100620,O100620,2026-06-26,UPI,2408.52,Success
PAY100621,O100621,2026-04-13,Debit Card,17333.12,Success
PAY100622,O100622,2025-11-11,Debit Card,3142.92,Success
PAY100623,O100623,2026-04-27,COD,8663.62,Success
PAY100624,O100624,2026-02-13,Debit Card,7067.24,Success
PAY100625,O100625,2026-05-10,UPI,2789.78,Success
PAY100626,O100626,2026-02-19,Net Banking,918.08,Success
PAY100627,O100627,2025-10-13,COD,1334.75,Success
PAY100628,O100628,2026-03-18,UPI,5412.0,Success
PAY100629,O100629,2026-02-04,UPI,500.3,Success
PAY100630,O100630,2025-10-04,Debit Card,1503.58,Success
PAY100631,O100631,2026-07-07,Credit Card,1618.71,Success
PAY100632,O100632,2026-06-15,UPI,1264.23,Success
PAY100633,O100633,2025-09-27,Debit Card,386.13,Success
PAY100634,O100634,2026-01-11,UPI,934.59,Success
PAY100635,O100635,2026-04-20,UPI,6847.34,Success
PAY100636,O100636,2025-12-23,COD,7259.22,Success
PAY100637,O100637,2025-12-31,Net Banking,3273.53,Success
PAY100638,O100638,2026-05-26,COD,89338.54,Success
PAY100639,O100639,2026-02-14,Credit Card,1660.25,Failed
PAY100640,O100640,2025-10-17,COD,1983.46,Success
PAY100641,O100641,2026-03-03,Net Banking,287.38,Success
PAY100642,O100642,2026-07-02,Debit Card,4481.0,Success
PAY100643,O100643,2026-07-29,UPI,11027.32,Failed
PAY100644,O100644,2026-06-10,Net Banking,8401.71,Success
PAY100645,O100645,2026-04-18,COD,2528.46,Success
PAY100646,O100646,2025-11-12,Debit Card,36057.14,Success
PAY100647,O100647,2026-04-07,Debit Card,3321.61,Success
PAY100648,O100648,2025-11-16,COD,413.38,Success
PAY100649,O100649,2026-04-24,COD,3448.08,Success
PAY100650,O100650,2025-10-18,COD,554.2,Success
PAY100651,O100651,2025-11-07,Net Banking,4008.04,Success
PAY100652,O100652,2025-08-24,Credit Card,25370.06,Success
PAY100653,O100653,2026-04-04,Net Banking,9322.63,Success
PAY100654,O100654,2026-04-07,Credit Card,52552.08,Success
PAY100655,O100655,2026-07-23,UPI,3237.42,Success
PAY100656,O100656,2026-01-19,Net Banking,11052.38,Success
PAY100657,O100657,2025-12-10,COD,23685.72,Success
PAY100658,O100658,2026-07-21,UPI,3329.42,Success
PAY100659,O100659,2025-11-19,COD,5211.2,Success
PAY100660,O100660,2025-12-20,COD,1605.56,Success
PAY100661,O100661,2025-11-21,Credit Card,1993.22,Success
PAY100662,O100662,2025-08-24,COD,4690.08,Success
PAY100663,O100663,2026-04-21,Credit Card,1827.86,Success
PAY100664,O100664,2025-11-11,COD,17322.15,Failed
PAY100665,O100665,2026-03-16,Credit Card,3814.7,Refunded
PAY100666,O100666,2025-11-08,Credit Card,4751.94,Success
PAY100667,O100667,2026-07-31,Credit Card,2435.4,Success
PAY100668,O100668,2026-01-28,Debit Card,56617.34,Success
PAY100669,O100669,2026-06-14,Credit Card,4835.09,Success
PAY100670,O100670,2025-11-14,Credit Card,3020.08,Success
PAY100671,O100671,2026-05-24,UPI,299.83,Success
PAY100672,O100672,2025-12-06,UPI,4452.1,Success
PAY100673,O100673,2026-08-07,Credit Card,668.41,Success
PAY100674,O100674,2026-07-24,Credit Card,11122.69,Success
PAY100675,O100675,2025-12-17,UPI,103500.06,Success
PAY100676,O100676,2026-04-01,Credit Card,136868.32,Success
PAY100677,O100677,2026-02-26,Credit Card,2304.37,Success
PAY100678,O100678,2025-08-24,Debit Card,5009.89,Success
PAY100679,O100679,2025-12-12,Net Banking,9331.84,Success
PAY100680,O100680,2025-11-01,COD,13112.94,Success
PAY100681,O100681,2026-08-04,Debit Card,15029.67,Success
PAY100682,O100682,2025-11-18,Debit Card,1864.92,Success
PAY100683,O100683,2026-01-23,Credit Card,4978.89,Success
PAY100684,O100684,2026-08-22,Net Banking,6059.54,Success
PAY100685,O100685,2026-04-12,COD,4867.34,Success
PAY100686,O100686,2025-11-12,UPI,3142.92,Success
PAY100687,O100687,2026-03-06,Credit Card,2944.76,Success
PAY100688,O100688,2025-11-29,COD,1465.77,Success
PAY100689,O100689,2026-02-24,Debit Card,2952.22,Success
PAY100690,O100690,2025-10-21,COD,9096.96,Success
PAY100691,O100691,2025-11-07,COD,10299.56,Success
PAY100692,O100692,2026-02-24,Net Banking,887.63,Success
PAY100693,O100693,2025-11-17,UPI,1775.26,Success
PAY100694,O100694,2025-12-06,Debit Card,1560.91,Success
PAY100695,O100695,2026-03-28,Net Banking,22811.33,Success
PAY100696,O100696,2025-11-11,COD,2132.68,Success
PAY100697,O100697,2026-07-22,Credit Card,946.92,Success
PAY100698,O100698,2025-10-24,Debit Card,3124.28,Success
PAY100699,O100699,2026-07-01,Net Banking,72950.76,Success
PAY100700,O100700,2026-01-20,UPI,4155.56,Success
PAY100701,O100701,2026-06-20,Debit Card,195.09,Success
PAY100702,O100702,2026-01-18,Credit Card,82456.53,Success
PAY100703,O100703,2025-10-02,Net Banking,19388.56,Failed
PAY100704,O100704,2026-03-12,Credit Card,5972.11,Success
PAY100705,O100705,2026-08-13,COD,273736.64,Success
PAY100706,O100706,2026-03-15,Credit Card,54971.02,Success
PAY100707,O100707,2026-05-20,Credit Card,54085.71,Success
PAY100708,O100708,2026-02-02,Credit Card,2767.08,Success
PAY100709,O100709,2026-04-29,Debit Card,9955.68,Success
PAY100710,O100710,2025-10-23,COD,16158.02,Success
PAY100711,O100711,2025-09-21,Debit Card,1604.45,Success
PAY100712,O100712,2026-07-26,Debit Card,5199.65,Failed
PAY100713,O100713,2026-01-17,Debit Card,27819.68,Success
PAY100714,O100714,2026-04-06,COD,1079.14,Success
PAY100715,O100715,2026-06-08,Credit Card,1050.07,Success
PAY100716,O100716,2025-09-06,UPI,4401.73,Success
PAY100717,O100717,2026-02-22,Debit Card,33361.52,Success
PAY100718,O100718,2025-12-08,Credit Card,3237.42,Success
PAY100719,O100719,2025-12-31,COD,2965.31,Success
PAY100720,O100720,2026-02-20,UPI,4401.73,Success
PAY100721,O100721,2025-12-24,Credit Card,3067.04,Success
PAY100722,O100722,2026-04-05,UPI,128916.8,Refunded
PAY100723,O100723,2025-11-23,COD,1066.34,Success
PAY100724,O100724,2026-06-22,Debit Card,12457.29,Success
PAY100725,O100725,2026-05-30,COD,53480.6,Success
PAY100726,O100726,2026-04-19,COD,6243.63,Success
PAY100727,O100727,2025-09-28,COD,802.78,Success
PAY100728,O100728,2025-08-22,Net Banking,287.91,Success
PAY100729,O100729,2025-09-19,UPI,449.06,Success
PAY100730,O100730,2026-08-19,Credit Card,8663.62,Success
PAY100731,O100731,2026-04-03,UPI,2577.64,Success
PAY100732,O100732,2026-05-17,Debit Card,3001.19,Success
PAY100733,O100733,2026-07-09,Debit Card,3177.73,Success
PAY100734,O100734,2026-05-11,UPI,3242.49,Success
PAY100735,O100735,2026-05-21,COD,386.13,Success
PAY100736,O100736,2025-09-08,Net Banking,30910.76,Success
PAY100737,O100737,2026-08-11,Credit Card,8230.44,Refunded
PAY100738,O100738,2026-04-18,Net Banking,3208.9,Success
PAY100739,O100739,2025-12-25,Net Banking,298.55,Success
PAY100740,O100740,2026-07-05,UPI,155366.89,Success
PAY100741,O100741,2025-12-13,Credit Card,2575.48,Success
PAY100742,O100742,2026-03-31,Debit Card,13112.94,Success
PAY100743,O100743,2025-10-04,UPI,5618.8,Success
PAY100744,O100744,2026-08-13,Net Banking,3347.45,Success
PAY100745,O100745,2025-11-06,Credit Card,933.39,Success
PAY100746,O100746,2025-11-24,Credit Card,9322.8,Success
PAY100747,O100747,2026-01-04,COD,508.46,Success
PAY100748,O100748,2025-08-28,Credit Card,571.43,Success
PAY100749,O100749,2026-05-20,Debit Card,642.22,Success
PAY100750,O100750,2026-02-02,COD,4737.14,Success
PAY100751,O100751,2025-12-17,Credit Card,4508.9,Success
PAY100752,O100752,2026-02-02,UPI,742.68,Success
PAY100753,O100753,2025-09-16,Net Banking,49162.53,Success
PAY100754,O100754,2025-09-28,UPI,22362.08,Success
PAY100755,O100755,2026-01-25,Net Banking,109579.28,Success
PAY100756,O100756,2026-01-30,Credit Card,29530.29,Success
PAY100757,O100757,2025-09-24,Net Banking,297.07,Success
PAY100758,O100758,2026-06-09,COD,717.29,Success
PAY100759,O100759,2026-05-27,Debit Card,4167.23,Success
PAY100760,O100760,2026-04-08,Debit Card,1116.94,Success
PAY100761,O100761,2026-04-12,COD,2577.64,Success
PAY100762,O100762,2025-10-11,Debit Card,1913.34,Success
PAY100763,O100763,2026-08-18,COD,6643.22,Success
PAY100764,O100764,2026-04-17,UPI,4558.46,Success
PAY100765,O100765,2026-05-03,Debit Card,1528.86,Success
PAY100766,O100766,2026-02-13,Debit Card,4942.18,Success
PAY100767,O100767,2026-01-31,Net Banking,1589.19,Success
PAY100768,O100768,2026-07-08,Debit Card,38372.92,Success
PAY100769,O100769,2026-02-27,Debit Card,20296.05,Success
PAY100770,O100770,2026-04-17,COD,2435.61,Success
PAY100771,O100771,2026-06-23,Debit Card,15455.38,Success
PAY100772,O100772,2025-09-08,UPI,1883.49,Success
PAY100773,O100773,2025-10-12,Credit Card,1525.28,Refunded
PAY100774,O100774,2026-08-06,Net Banking,1418.17,Success
PAY100775,O100775,2026-01-18,Debit Card,43611.76,Failed
PAY100776,O100776,2026-05-25,Credit Card,11283.1,Success
PAY100777,O100777,2026-03-16,COD,5350.23,Success
PAY100778,O100778,2026-08-07,Credit Card,20276.74,Success
PAY100779,O100779,2026-08-04,UPI,46337.49,Success
PAY100780,O100780,2025-10-01,Credit Card,98325.06,Success
PAY100781,O100781,2026-02-21,Debit Card,820.52,Success
PAY100782,O100782,2025-12-21,UPI,941.74,Success
PAY100783,O100783,2026-08-01,COD,7248.19,Success
PAY100784,O100784,2026-03-22,Credit Card,632.02,Success
PAY100785,O100785,2026-06-23,Debit Card,58169.04,Success
PAY100786,O100786,2026-03-12,Net Banking,761.3,Success
PAY100787,O100787,2025-10-20,Credit Card,887.63,Success
PAY100788,O100788,2026-04-09,UPI,109029.4,Success
PAY100789,O100789,2026-08-07,UPI,4665.92,Success
PAY100790,O100790,2026-01-23,COD,8691.0,Success
PAY100791,O100791,2026-05-01,UPI,287.38,Success
PAY100792,O100792,2026-01-13,COD,531.7,Success
PAY100793,O100793,2026-05-28,Net Banking,4116.62,Success
PAY100794,O100794,2025-09-21,UPI,11633.14,Success
PAY100795,O100795,2025-12-25,Debit Card,4729.95,Success
PAY100796,O100796,2025-10-14,Credit Card,500.26,Success
PAY100797,O100797,2025-10-13,Net Banking,3177.73,Success
PAY100798,O100798,2026-05-28,Net Banking,33080.16,Success
PAY100799,O100799,2026-01-16,Debit Card,1643.06,Success
PAY100800,O100800,2026-05-31,COD,2252.39,Success
PAY100801,O100801,2025-11-16,Debit Card,1924.86,Success
PAY100802,O100802,2025-12-24,Debit Card,36991.42,Success
PAY100803,O100803,2026-06-27,Credit Card,5995.19,Success
PAY100804,O100804,2025-09-16,COD,12329.48,Success
PAY100805,O100805,2026-05-28,UPI,1445.76,Success
PAY100806,O100806,2026-07-22,COD,7797.26,Success
PAY100807,O100807,2026-06-03,COD,10824.0,Success
PAY100808,O100808,2026-07-27,Debit Card,1405.49,Success
PAY100809,O100809,2025-12-04,COD,2741.79,Success
PAY100810,O100810,2026-04-13,UPI,3795.18,Refunded
PAY100811,O100811,2026-02-13,COD,6417.8,Success
PAY100812,O100812,2026-08-04,COD,3874.69,Success
PAY100813,O100813,2025-08-30,Credit Card,3177.73,Success
PAY100814,O100814,2025-10-13,UPI,9259.32,Success
PAY100815,O100815,2025-09-14,UPI,1681.44,Success
PAY100816,O100816,2026-04-28,COD,9003.57,Success
PAY100817,O100817,2026-03-24,UPI,4198.23,Success
PAY100818,O100818,2025-11-09,Credit Card,2001.21,Success
PAY100819,O100819,2025-11-29,Debit Card,1045.48,Success
PAY100820,O100820,2026-06-02,COD,3010.98,Success
PAY100821,O100821,2025-12-04,COD,27806.72,Success
PAY100822,O100822,2026-03-15,COD,2758.46,Success
PAY100823,O100823,2025-10-04,COD,98126.46,Failed
PAY100824,O100824,2026-01-18,Debit Card,298.55,Success
PAY100825,O100825,2025-09-26,UPI,533.26,Success
PAY100826,O100826,2026-04-28,COD,3286.12,Success
PAY100827,O100827,2025-10-05,Credit Card,711.96,Success
PAY100828,O100828,2026-05-14,COD,834.22,Success
PAY100829,O100829,2026-02-20,Net Banking,70872.7,Success
PAY100830,O100830,2025-11-26,Debit Card,7495.32,Success
PAY100831,O100831,2026-05-04,UPI,2314.38,Success
PAY100832,O100832,2026-02-08,Credit Card,1487.84,Success
PAY100833,O100833,2025-09-07,COD,14991.62,Success
PAY100834,O100834,2026-01-08,COD,1299.53,Success
PAY100835,O100835,2026-07-25,Net Banking,10299.56,Success
PAY100836,O100836,2026-04-15,Credit Card,1396.6,Success
PAY100837,O100837,2025-10-13,Credit Card,2990.34,Refunded
PAY100838,O100838,2025-12-29,UPI,10821.71,Success
PAY100839,O100839,2026-01-03,UPI,6518.25,Success
PAY100840,O100840,2025-09-24,Credit Card,1844.72,Success
PAY100841,O100841,2026-05-26,UPI,33080.16,Success
PAY100842,O100842,2025-10-08,Debit Card,175.69,Success
PAY100843,O100843,2025-12-02,UPI,16460.88,Success
PAY100844,O100844,2025-11-28,Debit Card,3423.67,Success
PAY100845,O100845,2026-04-21,Net Banking,9116.92,Success
PAY100846,O100846,2025-08-24,Debit Card,509.71,Success
PAY100847,O100847,2026-08-07,UPI,21582.68,Success
PAY100848,O100848,2026-03-04,UPI,3036.18,Success
PAY100849,O100849,2025-10-08,Credit Card,1288.41,Success
PAY100850,O100850,2026-04-28,Debit Card,1913.34,Success
PAY100851,O100851,2025-12-07,UPI,4331.81,Success
PAY100852,O100852,2026-06-14,Credit Card,597.1,Success
PAY100853,O100853,2026-04-24,COD,6204.32,Success
PAY100854,O100854,2026-04-09,Credit Card,2975.68,Success
PAY100855,O100855,2026-07-21,Credit Card,1434.58,Success
PAY100856,O100856,2025-10-07,Net Banking,338.18,Success
PAY100857,O100857,2026-04-20,Debit Card,11370.04,Success
PAY100858,O100858,2025-08-30,UPI,298.55,Success
PAY100859,O100859,2025-09-02,Debit Card,161880.44,Success
PAY100860,O100860,2026-07-22,COD,2741.79,Success
PAY100861,O100861,2026-04-08,Debit Card,155366.89,Success
PAY100862,O100862,2025-12-14,Credit Card,10435.16,Refunded
PAY100863,O100863,2026-02-06,UPI,20716.96,Success
PAY100864,O100864,2025-11-21,COD,4847.14,Success
PAY100865,O100865,2026-03-11,Credit Card,1396.6,Success
PAY100866,O100866,2025-10-23,Net Banking,1853.32,Failed
PAY100867,O100867,2025-12-23,Net Banking,112215.1,Success
PAY100868,O100868,2025-12-31,Net Banking,2810.98,Success
PAY100869,O100869,2025-10-18,Credit Card,100501.68,Success
PAY100870,O100870,2025-09-28,Credit Card,631.39,Success
PAY100871,O100871,2025-12-29,Net Banking,3020.08,Success
PAY100872,O100872,2026-08-15,COD,6950.06,Success
PAY100873,O100873,2026-04-04,Net Banking,56617.34,Success
PAY100874,O100874,2026-01-30,Credit Card,4116.62,Success
PAY100875,O100875,2025-09-09,UPI,609.7,Success
PAY100876,O100876,2026-07-21,Credit Card,561.33,Success
PAY100877,O100877,2026-07-11,Credit Card,12696.17,Success
PAY100878,O100878,2025-12-25,Net Banking,9457.9,Success
PAY100879,O100879,2026-01-20,Net Banking,6945.39,Success
PAY100880,O100880,2026-05-24,Debit Card,2226.29,Success
PAY100881,O100881,2026-05-19,COD,926.66,Success
PAY100882,O100882,2026-08-08,UPI,16225.71,Success
PAY100883,O100883,2025-09-05,Credit Card,32451.43,Success
PAY100884,O100884,2025-12-06,Net Banking,1870.0,Success
PAY100885,O100885,2025-10-09,COD,50326.53,Success
PAY100886,O100886,2025-12-05,COD,3107.6,Success
PAY100887,O100887,2025-11-12,UPI,6040.16,Success
PAY100888,O100888,2026-07-08,UPI,9331.84,Success
PAY100889,O100889,2025-12-07,Debit Card,3020.08,Success
PAY100890,O100890,2026-07-27,Net Banking,1019.24,Success
PAY100891,O100891,2026-07-26,Net Banking,4757.99,Success
PAY100892,O100892,2025-11-20,Debit Card,161880.44,Failed
PAY100893,O100893,2026-03-18,UPI,2891.64,Success
PAY100894,O100894,2025-10-15,Debit Card,2658.88,Success
PAY100895,O100895,2026-06-28,Net Banking,4942.18,Failed
PAY100896,O100896,2025-10-06,Debit Card,2691.31,Success
PAY100897,O100897,2026-05-12,Credit Card,25263.45,Success
PAY100898,O100898,2026-05-04,COD,2066.5,Success
PAY100899,O100899,2026-05-18,UPI,2979.62,Success
PAY100900,O100900,2026-08-03,UPI,2435.61,Success
PAY100901,O100901,2026-07-31,Debit Card,9957.78,Success
PAY100902,O100902,2026-01-25,Debit Card,58012.56,Success
PAY100903,O100903,2026-07-22,Debit Card,3729.84,Success
PAY100904,O100904,2026-04-09,Credit Card,1404.7,Success
PAY100905,O100905,2026-02-21,COD,5350.61,Success
PAY100906,O100906,2026-03-03,Credit Card,51566.72,Success
PAY100907,O100907,2026-03-04,COD,2164.35,Success
PAY100908,O100908,2026-03-12,COD,3325.57,Success
PAY100909,O100909,2025-12-07,UPI,1291.12,Success
PAY100910,O100910,2025-09-08,Credit Card,9095.46,Success
PAY100911,O100911,2026-01-29,UPI,5996.26,Success
PAY100912,O100912,2025-11-12,UPI,2623.47,Success
PAY100913,O100913,2026-08-15,COD,2796.84,Success
PAY100914,O100914,2026-01-30,Credit Card,59544.29,Success
PAY100915,O100915,2026-07-27,Debit Card,701.91,Success
PAY100916,O100916,2026-03-31,COD,1553.68,Success
PAY100917,O100917,2026-04-13,Debit Card,4333.28,Success
PAY100918,O100918,2026-01-23,Net Banking,7459.68,Success
PAY100919,O100919,2026-06-30,Credit Card,664.62,Success
PAY100920,O100920,2026-04-22,Credit Card,16865.58,Success
PAY100921,O100921,2025-10-27,Credit Card,121019.06,Success
PAY100922,O100922,2026-01-11,COD,1898.8,Success
PAY100923,O100923,2025-11-27,COD,53471.94,Success
PAY100924,O100924,2025-11-12,UPI,7306.83,Success
PAY100925,O100925,2025-12-01,Net Banking,2675.3,Success
PAY100926,O100926,2026-07-11,Debit Card,5664.95,Success
PAY100927,O100927,2026-01-03,Credit Card,1852.1,Success
PAY100928,O100928,2025-11-03,Net Banking,14091.78,Success
PAY100929,O100929,2026-06-03,Credit Card,7678.0,Success
PAY100930,O100930,2026-01-21,Debit Card,8580.03,Success
PAY100931,O100931,2025-09-07,COD,2824.65,Success
PAY100932,O100932,2026-05-03,UPI,28845.71,Success
PAY100933,O100933,2026-05-02,Credit Card,2223.98,Success
PAY100934,O100934,2026-04-04,UPI,1754.78,Success
PAY100935,O100935,2025-11-12,Debit Card,49473.92,Success
PAY100936,O100936,2026-07-18,Debit Card,8554.64,Success
PAY100937,O100937,2026-01-09,UPI,1933.1,Success
PAY100938,O100938,2026-07-04,Debit Card,109942.04,Success
PAY100939,O100939,2026-06-30,Net Banking,2019.85,Success
PAY100940,O100940,2025-08-27,COD,3035.76,Success
PAY100941,O100941,2025-09-28,UPI,2259.84,Success
PAY100942,O100942,2026-03-09,Credit Card,1537.77,Success
PAY100943,O100943,2025-10-21,Net Banking,3866.46,Success
PAY100944,O100944,2025-12-06,Debit Card,5397.65,Success
PAY100945,O100945,2026-03-25,UPI,54514.7,Success
PAY100946,O100946,2026-06-19,UPI,4485.51,Success
PAY100947,O100947,2026-04-22,Credit Card,9331.84,Success
PAY100948,O100948,2026-01-20,UPI,9503.88,Success
PAY100949,O100949,2026-04-05,Debit Card,2122.19,Success
PAY100950,O100950,2026-05-31,Net Banking,1631.26,Success
PAY100951,O100951,2026-04-12,Credit Card,4333.28,Success
PAY100952,O100952,2025-11-01,Net Banking,1214.3,Success
PAY100953,O100953,2026-08-12,COD,1570.41,Success
PAY100954,O100954,2026-05-28,UPI,3747.66,Success
PAY100955,O100955,2026-08-21,UPI,8578.81,Success
PAY100956,O100956,2026-07-10,Debit Card,13783.28,Success
PAY100957,O100957,2025-12-13,Credit Card,23119.64,Success
PAY100958,O100958,2025-11-30,Net Banking,2165.47,Refunded
PAY100959,O100959,2026-05-22,Credit Card,38446.6,Success
PAY100960,O100960,2026-08-04,Net Banking,1737.58,Success
PAY100961,O100961,2025-10-21,Credit Card,2608.79,Success
PAY100962,O100962,2026-05-11,Credit Card,2836.35,Success
PAY100963,O100963,2026-01-01,COD,1986.41,Success
PAY100964,O100964,2025-09-15,Debit Card,996.9,Success
PAY100965,O100965,2025-09-08,Debit Card,2501.32,Success
PAY100966,O100966,2025-09-04,UPI,968.26,Success
PAY100967,O100967,2025-10-31,Credit Card,18237.69,Success
PAY100968,O100968,2026-04-01,Debit Card,8856.66,Failed
PAY100969,O100969,2025-08-28,Credit Card,4447.96,Success
PAY100970,O100970,2025-09-20,Net Banking,1287.74,Success
PAY100971,O100971,2026-06-17,Net Banking,15012.68,Success
PAY100972,O100972,2026-01-19,Net Banking,15987.86,Success
PAY100973,O100973,2026-06-21,Debit Card,80207.9,Success
PAY100974,O100974,2026-06-10,Credit Card,7128.87,Success
PAY100975,O100975,2025-12-16,Net Banking,1859.8,Success
PAY100976,O100976,2025-09-04,Debit Card,567.25,Failed
PAY100977,O100977,2026-07-05,Credit Card,1618.71,Success
PAY100978,O100978,2026-08-21,Debit Card,732.89,Success
PAY100979,O100979,2026-02-26,Credit Card,4370.98,Success
PAY100980,O100980,2026-05-17,Debit Card,12742.04,Success
PAY100981,O100981,2026-08-21,COD,30648.57,Success
PAY100982,O100982,2026-06-17,Credit Card,4835.09,Success
PAY100983,O100983,2026-07-15,Debit Card,12024.12,Success
PAY100984,O100984,2026-04-06,COD,7736.14,Success
PAY100985,O100985,2026-03-19,Credit Card,42041.66,Success
PAY100986,O100986,2026-01-20,COD,7058.42,Success
PAY100987,O100987,2026-04-03,UPI,9116.92,Success
PAY100988,O100988,2026-05-15,UPI,1230.78,Success
PAY100989,O100989,2025-12-23,Credit Card,64693.65,Success
PAY100990,O100990,2026-02-26,Credit Card,1291.12,Success
PAY100991,O100991,2026-02-17,UPI,108917.15,Success
PAY100992,O100992,2026-06-08,Debit Card,451.27,Failed
PAY100993,O100993,2025-12-15,Credit Card,1937.13,Success
PAY100994,O100994,2026-05-02,Credit Card,2655.64,Success
PAY100995,O100995,2026-02-04,Credit Card,3176.92,Success
PAY100996,O100996,2025-10-17,Net Banking,2151.87,Success
PAY100997,O100997,2026-02-26,UPI,76110.18,Success
PAY100998,O100998,2026-04-24,COD,1067.94,Success
PAY100999,O100999,2026-04-05,UPI,2278.26,Success
PAY101000,O101000,2025-09-26,Debit Card,13417.08,Success
PAY101001,O101001,2025-09-17,UPI,482.66,Success
PAY101002,O101002,2026-01-05,UPI,2278.26,Success
PAY101003,O101003,2025-10-15,UPI,3826.68,Success
PAY101004,O101004,2026-07-13,UPI,5155.28,Success
PAY101005,O101005,2026-08-08,Credit Card,8129.65,Success
PAY101006,O101006,2026-08-21,COD,4008.04,Success
PAY101007,O101007,2026-01-24,Net Banking,1444.01,Success
PAY101008,O101008,2026-06-17,Debit Card,10499.76,Success
PAY101009,O101009,2026-07-29,Debit Card,533.26,Success
PAY101010,O101010,2026-03-29,UPI,36423.1,Failed
PAY101011,O101011,2026-08-18,Debit Card,6355.46,Success
PAY101012,O101012,2025-12-21,UPI,1491.56,Success
PAY101013,O101013,2025-11-07,Credit Card,2138.66,Success
PAY101014,O101014,2026-04-11,COD,8016.08,Success
PAY101015,O101015,2025-09-18,COD,4331.81,Success
PAY101016,O101016,2026-02-11,Credit Card,632.02,Success
PAY101017,O101017,2026-08-15,COD,6336.48,Success
PAY101018,O101018,2025-12-14,Net Banking,3161.66,Success
PAY101019,O101019,2025-12-30,COD,4947.32,Success
PAY101020,O101020,2025-09-06,Net Banking,5395.62,Success
PAY101021,O101021,2026-08-07,UPI,4847.14,Success
PAY101022,O101022,2026-08-09,UPI,876.24,Success
PAY101023,O101023,2026-03-02,UPI,2796.84,Success
PAY101024,O101024,2026-06-01,Credit Card,1095.5,Success
PAY101025,O101025,2026-08-08,COD,1618.71,Success
PAY101026,O101026,2026-06-21,UPI,2278.26,Success
PAY101027,O101027,2026-06-19,COD,3632.74,Success
PAY101028,O101028,2026-07-09,Debit Card,3898.63,Success
PAY101029,O101029,2026-05-28,UPI,1075.3,Success
PAY101030,O101030,2026-08-08,UPI,2891.51,Success
PAY101031,O101031,2026-04-08,Credit Card,14682.61,Success
PAY101032,O101032,2026-03-27,Credit Card,11381.33,Success
PAY101033,O101033,2025-11-18,Net Banking,4330.54,Success
PAY101034,O101034,2026-02-07,COD,965.55,Success
PAY101035,O101035,2025-12-12,Debit Card,114968.11,Success
PAY101036,O101036,2025-10-22,Net Banking,84354.41,Success
PAY101037,O101037,2025-11-20,UPI,1907.35,Success
PAY101038,O101038,2026-08-19,Net Banking,12456.03,Success
PAY101039,O101039,2025-09-24,Net Banking,834.22,Success
PAY101040,O101040,2026-03-12,Credit Card,8663.62,Success
PAY101041,O101041,2026-08-10,COD,899.49,Success
PAY101042,O101042,2026-05-02,COD,20803.35,Success
PAY101043,O101043,2026-07-14,Credit Card,2570.7,Failed
PAY101044,O101044,2025-11-25,Net Banking,4681.87,Failed
PAY101045,O101045,2026-05-31,COD,5309.7,Success
PAY101046,O101046,2025-12-26,COD,6602.56,Success
PAY101047,O101047,2026-03-02,COD,2132.68,Success
PAY101048,O101048,2026-04-13,UPI,5526.19,Success
PAY101049,O101049,2025-12-13,UPI,252.81,Success
PAY101050,O101050,2025-08-26,UPI,1714.83,Success
PAY101051,O101051,2026-08-11,Debit Card,62908.16,Success
PAY101052,O101052,2025-11-17,Credit Card,33080.16,Success
PAY101053,O101053,2026-03-31,UPI,8144.04,Success
PAY101054,O101054,2026-01-09,UPI,12544.93,Success
PAY101055,O101055,2025-10-26,UPI,1034.57,Success
PAY101056,O101056,2025-11-09,COD,1405.49,Success
PAY101057,O101057,2025-08-26,Debit Card,4329.6,Success
PAY101058,O101058,2026-02-21,Debit Card,25100.75,Success
PAY101059,O101059,2026-04-06,UPI,6055.63,Success
PAY101060,O101060,2026-01-02,UPI,3010.98,Success
PAY101061,O101061,2026-08-04,Net Banking,1579.3,Failed
PAY101062,O101062,2025-09-29,Credit Card,10012.13,Success
PAY101063,O101063,2026-08-14,UPI,30910.76,Success
PAY101064,O101064,2026-01-05,Credit Card,4867.34,Success
PAY101065,O101065,2025-12-29,Net Banking,9588.08,Success
PAY101066,O101066,2026-02-04,Debit Card,569.68,Success
PAY101067,O101067,2026-02-24,Debit Card,1693.9,Success
PAY101068,O101068,2026-02-20,UPI,1983.46,Success
PAY101069,O101069,2025-09-26,Credit Card,2658.48,Success
PAY101070,O101070,2026-05-27,Credit Card,161880.44,Success
PAY101071,O101071,2026-03-06,UPI,25100.75,Success
PAY101072,O101072,2025-09-12,Net Banking,488.55,Refunded
PAY101073,O101073,2026-05-05,COD,207155.86,Success
PAY101074,O101074,2026-08-15,Debit Card,4198.23,Success
PAY101075,O101075,2025-10-07,Debit Card,2654.91,Success
PAY101076,O101076,2026-07-05,COD,14505.27,Success
PAY101077,O101077,2025-11-04,COD,6204.32,Success
PAY101078,O101078,2026-01-02,Net Banking,1643.06,Success
PAY101079,O101079,2026-07-21,COD,4155.56,Success
PAY101080,O101080,2026-07-07,COD,3445.82,Success
PAY101081,O101081,2026-06-18,Debit Card,2172.75,Success
PAY101082,O101082,2026-02-02,COD,4245.01,Success
PAY101083,O101083,2026-06-03,Net Banking,34651.61,Success
PAY101084,O101084,2026-01-11,Net Banking,12672.96,Success
PAY101085,O101085,2026-01-27,Debit Card,9394.52,Success
PAY101086,O101086,2026-01-26,UPI,1585.18,Success
PAY101087,O101087,2025-11-26,UPI,5211.2,Success
PAY101088,O101088,2025-09-04,COD,5738.15,Success
PAY101089,O101089,2025-09-29,COD,17033.63,Success
PAY101090,O101090,2026-04-10,Debit Card,1864.92,Success
PAY101091,O101091,2026-06-20,Credit Card,1948.49,Success
PAY101092,O101092,2026-07-05,Debit Card,6294.39,Success
PAY101093,O101093,2026-03-26,COD,3344.13,Success
PAY101094,O101094,2026-07-23,Net Banking,2274.24,Success
PAY101095,O101095,2025-09-27,UPI,895.65,Success
PAY101096,O101096,2026-02-28,COD,1166.74,Success
PAY101097,O101097,2025-09-30,COD,56218.59,Success
PAY101098,O101098,2025-10-30,UPI,4351.58,Success
PAY101099,O101099,2026-07-31,UPI,3127.53,Success
PAY101100,O101100,2026-06-10,COD,1503.58,Success
PAY101101,O101101,2025-09-03,Credit Card,16813.58,Failed
PAY101102,O101102,2025-09-14,Debit Card,2083.62,Success
PAY101103,O101103,2025-10-25,Credit Card,7834.86,Success
PAY101104,O101104,2026-01-06,COD,4181.64,Success
PAY101105,O101105,2026-01-07,COD,1811.98,Success
PAY101106,O101106,2026-03-12,COD,1418.17,Failed
PAY101107,O101107,2026-05-12,UPI,4938.3,Success
PAY101108,O101108,2026-08-09,Debit Card,3530.81,Success
PAY101109,O101109,2026-07-30,UPI,4093.63,Success
PAY101110,O101110,2025-09-22,COD,7061.62,Refunded
PAY101111,O101111,2026-03-13,Debit Card,5921.43,Success
PAY101112,O101112,2026-05-27,Credit Card,3007.16,Success
PAY101113,O101113,2026-02-06,UPI,1265.06,Success
PAY101114,O101114,2025-09-10,COD,4199.33,Success
PAY101115,O101115,2026-08-17,Net Banking,2304.37,Success
PAY101116,O101116,2025-12-15,Credit Card,23980.76,Success
PAY101117,O101117,2025-09-04,Debit Card,60509.53,Success
PAY101118,O101118,2025-12-05,Debit Card,1363.78,Success
PAY101119,O101119,2025-11-30,COD,1396.6,Success
PAY101120,O101120,2025-11-20,COD,7641.28,Success
PAY101121,O101121,2025-10-19,COD,812.29,Success
PAY101122,O101122,2025-10-30,UPI,948.03,Success
PAY101123,O101123,2025-11-27,Debit Card,4167.23,Success
PAY101124,O101124,2026-04-16,Net Banking,5722.05,Success
PAY101125,O101125,2026-06-16,Debit Card,9556.53,Success
PAY101126,O101126,2026-06-11,UPI,5590.52,Success
PAY101127,O101127,2026-06-26,UPI,54514.7,Success
PAY101128,O101128,2025-09-26,COD,11052.38,Success
PAY101129,O101129,2025-12-09,UPI,1744.28,Success
PAY101130,O101130,2026-05-01,UPI,5060.24,Success
PAY101131,O101131,2025-12-01,Credit Card,9172.55,Success
PAY101132,O101132,2026-04-16,COD,4613.32,Success
PAY101133,O101133,2025-08-24,UPI,2044.69,Success
PAY101134,O101134,2026-08-15,COD,10422.4,Success
PAY101135,O101135,2026-06-04,UPI,4370.98,Success
PAY101136,O101136,2026-08-18,Net Banking,2278.26,Success
PAY101137,O101137,2026-08-19,Debit Card,17728.74,Failed
PAY101138,O101138,2025-09-03,Credit Card,2845.33,Success
PAY101139,O101139,2026-04-29,UPI,3347.45,Success
PAY101140,O101140,2026-05-15,Net Banking,1066.34,Failed
PAY101141,O101141,2026-06-03,Debit Card,4548.48,Success
PAY101142,O101142,2026-06-24,Credit Card,2333.48,Success
PAY101143,O101143,2026-05-29,Net Banking,802.78,Success
PAY101144,O101144,2026-01-20,Net Banking,54971.02,Success
PAY101145,O101145,2026-08-09,Credit Card,2658.48,Success
PAY101146,O101146,2026-02-23,Credit Card,3252.49,Success
PAY101147,O101147,2025-12-05,Net Banking,3683.29,Success
PAY101148,O101148,2026-04-26,Debit Card,2706.0,Failed
PAY101149,O101149,2025-10-13,Credit Card,4727.92,Success
PAY101150,O101150,2025-09-02,UPI,3747.66,Success
PAY101151,O101151,2026-07-17,UPI,3344.13,Success
PAY101152,O101152,2025-10-17,Net Banking,13909.84,Success
PAY101153,O101153,2026-03-07,COD,6891.64,Success
PAY101154,O101154,2026-01-31,Credit Card,1817.67,Success
PAY101155,O101155,2026-03-16,Debit Card,8724.85,Success
PAY101156,O101156,2025-10-01,COD,6336.48,Success
PAY101157,O101157,2026-02-08,Debit Card,52222.47,Success
PAY101158,O101158,2026-07-20,Net Banking,63714.4,Refunded
PAY101159,O101159,2026-01-29,Net Banking,4978.89,Success
PAY101160,O101160,2025-09-17,Debit Card,3794.82,Success
PAY101161,O101161,2026-02-19,COD,64752.18,Refunded
PAY101162,O101162,2026-04-12,COD,5995.19,Success
PAY101163,O101163,2025-10-12,COD,17802.55,Success
PAY101164,O101164,2025-09-24,Credit Card,64752.18,Success
PAY101165,O101165,2025-11-17,COD,2172.75,Success
PAY101166,O101166,2026-06-22,UPI,392.71,Success
PAY101167,O101167,2025-12-07,Net Banking,3719.7,Failed
PAY101168,O101168,2026-07-24,Debit Card,3350.82,Success
PAY101169,O101169,2026-05-10,UPI,436.07,Success
PAY101170,O101170,2026-07-10,UPI,12408.64,Success
PAY101171,O101171,2026-05-12,UPI,3719.6,Success
PAY101172,O101172,2026-06-24,Credit Card,2842.51,Failed
PAY101173,O101173,2025-10-22,UPI,1216.83,Success
PAY101174,O101174,2026-02-05,Credit Card,15012.68,Success
PAY101175,O101175,2025-09-16,UPI,2039.08,Success
PAY101176,O101176,2026-05-14,COD,1125.59,Success
PAY101177,O101177,2026-01-22,Net Banking,3747.66,Success
PAY101178,O101178,2026-05-29,Debit Card,2408.34,Success
PAY101179,O101179,2026-08-20,COD,7128.87,Success
PAY101180,O101180,2026-03-14,Credit Card,229.9,Success
PAY101181,O101181,2026-01-04,COD,9255.32,Success
PAY101182,O101182,2026-05-11,Debit Card,6261.1,Success
PAY101183,O101183,2026-04-13,COD,482.66,Success
PAY101184,O101184,2026-06-09,UPI,3838.82,Success
PAY101185,O101185,2026-01-28,Net Banking,112472.54,Success
PAY101186,O101186,2025-11-03,Net Banking,1782.19,Refunded
PAY101187,O101187,2025-12-22,Debit Card,1299.53,Success
PAY101188,O101188,2025-09-23,Debit Card,6813.67,Success
PAY101189,O101189,2025-09-03,Credit Card,3061.34,Success
PAY101190,O101190,2025-10-18,Debit Card,853.07,Success
PAY101191,O101191,2025-10-10,UPI,3286.12,Success
PAY101192,O101192,2026-02-22,Credit Card,206.57,Success
PAY101193,O101193,2026-04-12,Credit Card,2654.27,Success
PAY101194,O101194,2025-11-14,Net Banking,3373.18,Success
PAY101195,O101195,2026-03-31,Net Banking,11052.38,Success
PAY101196,O101196,2025-10-27,Net Banking,109269.3,Success
PAY101197,O101197,2025-09-15,Debit Card,3560.28,Success
PAY101198,O101198,2026-01-28,UPI,2932.12,Success
PAY101199,O101199,2026-06-27,Debit Card,60888.14,Success
PAY101200,O101200,2026-01-06,Credit Card,3007.16,Success
PAY101201,O101201,2026-03-23,Credit Card,917.05,Success
PAY101202,O101202,2026-07-06,Net Banking,38056.8,Success
PAY101203,O101203,2026-01-19,Debit Card,4168.96,Success
PAY101204,O101204,2026-04-11,UPI,2953.78,Success
PAY101205,O101205,2026-05-19,UPI,815.39,Success
PAY101206,O101206,2026-05-31,COD,44669.27,Success
PAY101207,O101207,2026-06-03,Debit Card,2677.96,Success
PAY101208,O101208,2026-02-19,COD,1211.99,Success
PAY101209,O101209,2026-06-22,COD,4128.22,Success
PAY101210,O101210,2025-12-27,COD,785.42,Success
PAY101211,O101211,2026-08-02,Debit Card,5257.79,Success
PAY101212,O101212,2025-12-30,Credit Card,51750.03,Success
PAY101213,O101213,2025-10-04,UPI,8661.07,Success
PAY101214,O101214,2026-07-10,Credit Card,2998.13,Success
PAY101215,O101215,2026-06-26,Net Banking,505.2,Success
PAY101216,O101216,2025-11-03,Debit Card,43976.82,Success
PAY101217,O101217,2026-06-17,UPI,1073.42,Success
PAY101218,O101218,2026-05-06,Debit Card,7977.93,Success
PAY101219,O101219,2026-04-01,Debit Card,298.55,Success
PAY101220,O101220,2026-07-08,Net Banking,4558.46,Success
PAY101221,O101221,2026-01-12,Credit Card,2274.24,Success
PAY101222,O101222,2025-10-10,COD,15282.56,Success
PAY101223,O101223,2026-01-06,Credit Card,1019.24,Success
PAY101224,O101224,2026-05-26,Debit Card,2809.4,Success
PAY101225,O101225,2026-03-06,Credit Card,10564.15,Success
PAY101226,O101226,2025-10-19,UPI,625.33,Success
PAY101227,O101227,2025-10-16,Credit Card,6336.48,Success
PAY101228,O101228,2026-05-13,UPI,2406.08,Success
PAY101229,O101229,2025-10-08,COD,1431.57,Success
PAY101230,O101230,2025-08-27,UPI,4627.66,Success
PAY101231,O101231,2026-02-28,Net Banking,815.39,Refunded
PAY101232,O101232,2025-10-17,COD,287.38,Success
PAY101233,O101233,2026-04-03,UPI,3329.42,Success
PAY101234,O101234,2025-12-24,COD,3325.57,Success
PAY101235,O101235,2025-11-24,Credit Card,836.38,Success
PAY101236,O101236,2025-08-30,Debit Card,52552.08,Success
PAY101237,O101237,2026-07-27,Net Banking,741.33,Success
PAY101238,O101238,2026-01-19,UPI,5211.2,Success
PAY101239,O101239,2026-02-27,COD,85627.8,Success
PAY101240,O101240,2026-01-11,Net Banking,2354.36,Success
PAY101241,O101241,2025-11-19,Net Banking,2541.79,Success
PAY101242,O101242,2026-02-18,Credit Card,11788.56,Success
PAY101243,O101243,2026-06-28,Debit Card,355.98,Success
PAY101244,O101244,2025-10-16,UPI,1066.53,Success
PAY101245,O101245,2026-01-01,Credit Card,12995.43,Success
PAY101246,O101246,2025-12-08,Net Banking,18373.34,Success
PAY101247,O101247,2025-11-26,Net Banking,3849.73,Success
PAY101248,O101248,2026-05-21,Credit Card,44961.28,Success
PAY101249,O101249,2025-09-23,UPI,3357.01,Success
PAY101250,O101250,2025-11-11,Credit Card,609.7,Success
PAY101251,O101251,2025-09-06,Credit Card,10358.48,Success
PAY101252,O101252,2026-06-30,COD,11815.1,Success
PAY101253,O101253,2026-06-04,COD,2438.79,Success
PAY101254,O101254,2026-01-15,Debit Card,2213.66,Success
PAY101255,O101255,2026-03-19,UPI,1038.89,Success
PAY101256,O101256,2025-09-07,Debit Card,877.39,Failed
PAY101257,O101257,2026-01-23,Credit Card,6256.51,Success
PAY101258,O101258,2026-05-26,Credit Card,7373.98,Success
PAY101259,O101259,2025-08-23,UPI,6175.66,Success
PAY101260,O101260,2026-07-12,UPI,284.41,Success
PAY101261,O101261,2025-11-29,Credit Card,161880.44,Success
PAY101262,O101262,2025-11-24,Net Banking,26735.97,Success
PAY101263,O101263,2025-12-18,UPI,7724.67,Success
PAY101264,O101264,2025-08-25,UPI,1079.14,Success
PAY101265,O101265,2025-11-15,Debit Card,1859.85,Failed
PAY101266,O101266,2026-07-22,Credit Card,3027.82,Success
PAY101267,O101267,2026-07-24,UPI,88590.87,Success
PAY101268,O101268,2025-09-04,COD,316.01,Success
PAY101269,O101269,2026-07-12,Debit Card,741.32,Success
PAY101270,O101270,2026-06-05,COD,5542.62,Success
PAY101271,O101271,2025-11-04,Debit Card,1604.45,Success
PAY101272,O101272,2026-02-09,UPI,15846.23,Success
PAY101273,O101273,2025-12-24,Credit Card,18739.53,Success
PAY101274,O101274,2026-08-11,Credit Card,4847.14,Success
PAY101275,O101275,2025-09-26,Net Banking,6336.48,Success
PAY101276,O101276,2026-08-22,Debit Card,583.37,Success
PAY101277,O101277,2025-11-15,COD,802.78,Success
PAY101278,O101278,2025-11-29,Net Banking,4661.32,Success
PAY101279,O101279,2026-02-20,Credit Card,591.91,Success
PAY101280,O101280,2025-10-23,Debit Card,575.82,Success
PAY101281,O101281,2026-07-26,Debit Card,15537.72,Success
PAY101282,O101282,2026-07-13,Debit Card,239.86,Failed
PAY101283,O101283,2026-04-23,COD,583.37,Success
PAY101284,O101284,2026-06-27,Debit Card,1439.24,Success
PAY101285,O101285,2026-08-01,Credit Card,1654.17,Success
PAY101286,O101286,2026-07-04,Debit Card,254.86,Success
PAY101287,O101287,2026-06-10,Debit Card,1907.35,Success
PAY101288,O101288,2026-01-08,UPI,1250.66,Success
PAY101289,O101289,2026-04-21,Net Banking,1405.49,Success
PAY101290,O101290,2026-02-02,UPI,926.66,Success
PAY101291,O101291,2026-03-27,UPI,61396.67,Success
PAY101292,O101292,2026-05-01,Net Banking,4005.65,Success
PAY101293,O101293,2026-05-23,Credit Card,10404.16,Success
PAY101294,O101294,2026-05-04,Credit Card,9391.64,Success
PAY101295,O101295,2025-12-29,Net Banking,1166.74,Success
PAY101296,O101296,2026-04-07,UPI,16480.28,Success
PAY101297,O101297,2025-08-27,COD,19768.72,Success
PAY101298,O101298,2026-06-18,Debit Card,9503.88,Success
PAY101299,O101299,2025-12-25,Credit Card,488.55,Success
PAY101300,O101300,2025-11-24,Net Banking,1327.14,Success
PAY101301,O101301,2025-12-19,Debit Card,3670.34,Success
PAY101302,O101302,2025-11-22,Debit Card,1937.13,Success
PAY101303,O101303,2026-08-17,COD,3513.05,Success
PAY101304,O101304,2025-12-26,UPI,14990.64,Success
PAY101305,O101305,2025-09-20,Net Banking,2064.11,Success
PAY101306,O101306,2025-08-27,COD,7653.36,Success
PAY101307,O101307,2026-06-19,COD,8093.43,Success
PAY101309,O101309,2025-12-11,Credit Card,51788.96,Success
PAY101310,O101310,2026-05-10,Net Banking,6019.66,Success
PAY101311,O101311,2025-10-26,Net Banking,1482.64,Refunded
PAY101312,O101312,2025-10-05,Credit Card,2300.1,Success
PAY101313,O101313,2025-08-27,Net Banking,4690.08,Success
PAY101314,O101314,2026-06-12,UPI,8340.38,Success
PAY101315,O101315,2026-04-04,Debit Card,5009.89,Success
PAY101316,O101316,2026-07-20,Net Banking,11263.64,Success
PAY101317,O101317,2026-01-05,UPI,41615.35,Success
PAY101318,O101318,2026-04-26,UPI,569.57,Success
PAY101319,O101319,2025-11-10,Net Banking,5176.65,Success
PAY101320,O101320,2025-11-26,Credit Card,11187.36,Success
PAY101321,O101321,2025-09-09,Debit Card,3009.72,Success
PAY101322,O101322,2025-08-29,COD,128916.8,Success
PAY101323,O101323,2026-05-17,UPI,4196.26,Success
PAY101324,O101324,2025-09-27,Net Banking,1495.17,Success
PAY101325,O101325,2025-10-24,COD,4697.26,Success
PAY101326,O101326,2026-04-19,COD,2811.85,Success
PAY101327,O101327,2025-12-06,COD,330.7,Success
PAY101328,O101328,2026-01-05,Net Banking,8096.47,Success
PAY101329,O101329,2025-11-20,Net Banking,3031.82,Success
PAY101330,O101330,2025-12-21,Credit Card,18739.53,Success
PAY101331,O101331,2026-07-30,Credit Card,5908.93,Success
PAY101332,O101332,2026-05-09,Credit Card,1657.07,Success
PAY101333,O101333,2026-07-12,UPI,18772.74,Success
PAY101334,O101334,2026-01-03,Debit Card,1066.53,Success
PAY101335,O101335,2026-04-13,COD,10019.78,Success
PAY101336,O101336,2025-10-10,UPI,11298.59,Success
PAY101337,O101337,2025-09-27,COD,4886.42,Success
PAY101338,O101338,2026-04-19,Net Banking,59544.29,Success
PAY101339,O101339,2026-03-08,Credit Card,722.91,Success
PAY101340,O101340,2025-12-29,Debit Card,11949.34,Success
PAY101341,O101341,2026-02-05,Net Banking,3444.01,Refunded
PAY101342,O101342,2026-02-02,Debit Card,4796.15,Success
PAY101343,O101343,2026-01-03,Net Banking,1329.24,Success
PAY101344,O101344,2025-12-01,Debit Card,6021.96,Success
PAY101345,O101345,2026-03-19,COD,2710.24,Success
PAY101346,O101346,2025-11-14,Debit Card,7293.54,Success
PAY101347,O101347,2025-12-25,COD,2567.12,Success
PAY101348,O101348,2026-02-17,COD,8363.29,Success
PAY101349,O101349,2026-01-26,Net Banking,4008.04,Success
PAY101350,O101350,2025-10-17,Debit Card,1246.12,Success
PAY101351,O101351,2025-09-05,Debit Card,2530.12,Success
PAY101352,O101352,2026-06-24,UPI,2953.78,Success
PAY101353,O101353,2025-12-30,Credit Card,2587.14,Success
PAY101354,O101354,2026-01-13,COD,1654.17,Success
PAY101355,O101355,2025-12-18,UPI,3373.53,Success
PAY101356,O101356,2026-01-11,COD,482.66,Success
PAY101357,O101357,2025-09-16,UPI,2732.18,Success
PAY101358,O101358,2026-06-13,COD,136375.53,Success
PAY101359,O101359,2026-02-06,Credit Card,46575.03,Success
PAY101360,O101360,2026-08-13,COD,5412.89,Success
PAY101361,O101361,2026-01-12,Net Banking,834.22,Success
PAY101362,O101362,2026-03-29,COD,1404.7,Success
PAY101363,O101363,2026-08-08,Credit Card,2039.08,Success
PAY101364,O101364,2025-09-27,UPI,762.64,Success
PAY101365,O101365,2025-10-01,Credit Card,59060.58,Success
PAY101366,O101366,2025-08-27,Debit Card,54789.64,Success
PAY101367,O101367,2026-02-12,UPI,741.32,Success
PAY101368,O101368,2025-09-20,COD,407.7,Success
PAY101369,O101369,2026-07-16,COD,667.38,Success
PAY101370,O101370,2025-09-06,Credit Card,4161.66,Success
PAY101371,O101371,2026-04-20,COD,1967.86,Refunded
PAY101372,O101372,2026-04-13,Credit Card,14682.61,Success
PAY101373,O101373,2025-11-27,UPI,5590.52,Success
PAY101374,O101374,2025-12-27,Debit Card,1714.83,Success
PAY101375,O101375,2025-09-10,Debit Card,11889.4,Success
PAY101376,O101376,2026-01-08,Credit Card,49924.48,Success
PAY101377,O101377,2026-02-21,Net Banking,9060.24,Success
PAY101378,O101378,2026-01-07,Debit Card,6055.63,Success
PAY101379,O101379,2026-03-21,UPI,872.14,Success
PAY101380,O101380,2026-02-21,UPI,15069.43,Success
PAY101381,O101381,2025-11-17,Credit Card,18681.75,Success
PAY101382,O101382,2026-01-05,Credit Card,19651.69,Success
PAY101383,O101383,2025-10-13,UPI,459.04,Success
PAY101384,O101384,2026-03-13,Net Banking,10858.72,Success
PAY101385,O101385,2026-08-05,Debit Card,8580.03,Success
PAY101386,O101386,2026-01-17,Net Banking,3180.08,Success
PAY101387,O101387,2025-08-29,Net Banking,61821.52,Success
PAY101388,O101388,2026-05-31,UPI,2087.03,Success
PAY101389,O101389,2026-06-29,Credit Card,4245.01,Success
PAY101390,O101390,2025-10-22,Debit Card,877.39,Success
PAY101391,O101391,2026-05-14,UPI,4947.32,Success
PAY101392,O101392,2025-10-30,Net Banking,6172.88,Success
PAY101393,O101393,2025-08-30,Net Banking,190284.0,Success
PAY101394,O101394,2026-04-18,Credit Card,352.77,Success
PAY101395,O101395,2026-05-30,Credit Card,1827.86,Success
PAY101396,O101396,2026-03-13,Debit Card,898.13,Success
PAY101397,O101397,2025-09-24,Credit Card,33646.71,Success
PAY101398,O101398,2026-02-18,Credit Card,31454.08,Success
PAY101399,O101399,2025-11-28,Net Banking,1487.84,Success
PAY101400,O101400,2025-10-19,Credit Card,54458.58,Success
PAY101401,O101401,2026-07-13,Credit Card,44862.29,Success
PAY101402,O101402,2026-05-04,Debit Card,21564.55,Success
PAY101403,O101403,2025-11-23,Debit Card,10772.02,Success
PAY101404,O101404,2025-09-20,UPI,877.39,Success
PAY101405,O101405,2026-01-11,Net Banking,6071.52,Success
PAY101406,O101406,2026-08-20,Credit Card,3444.01,Success
PAY101407,O101407,2025-12-20,Net Banking,1847.54,Success
PAY101408,O101408,2025-12-22,Net Banking,6336.48,Success
PAY101409,O101409,2025-11-09,Net Banking,451.27,Success
PAY101410,O101410,2025-11-09,Net Banking,3820.64,Success
PAY101411,O101411,2026-02-06,Credit Card,1844.72,Failed
PAY101412,O101412,2025-12-29,Debit Card,1775.26,Success
PAY101413,O101413,2026-04-24,Debit Card,3121.81,Success
PAY101414,O101414,2026-04-27,UPI,1725.55,Success
PAY101415,O101415,2025-10-12,COD,3031.82,Success
PAY101416,O101416,2026-02-20,UPI,6616.68,Success
PAY101417,O101417,2026-08-12,Debit Card,386.13,Refunded
PAY101418,O101418,2025-09-13,Debit Card,46239.28,Refunded
PAY101419,O101419,2026-05-15,UPI,8180.67,Refunded
PAY101420,O101420,2026-08-06,UPI,3124.28,Success
PAY101421,O101421,2026-01-29,COD,1428.58,Success
PAY101422,O101422,2026-04-05,UPI,3706.64,Success
PAY101423,O101423,2025-11-11,Net Banking,7227.26,Success
PAY101424,O101424,2025-10-05,Net Banking,17728.74,Success
PAY101425,O101425,2026-02-27,Net Banking,4467.76,Success
PAY101426,O101426,2025-12-31,UPI,35625.93,Success
PAY101427,O101427,2025-09-16,Net Banking,1870.0,Success
PAY101428,O101428,2026-06-17,Net Banking,2634.79,Success
PAY101429,O101429,2026-04-19,COD,283.62,Success
PAY101430,O101430,2026-05-22,Credit Card,6072.35,Success
PAY101431,O101431,2025-09-16,UPI,13207.06,Success
PAY101432,O101432,2026-07-12,Debit Card,406.14,Success
PAY101433,O101433,2026-05-05,Net Banking,16256.9,Success
PAY101434,O101434,2026-05-22,Net Banking,3035.76,Success
PAY101435,O101435,2026-03-11,Debit Card,1033.25,Failed
PAY101436,O101436,2025-10-21,COD,7736.14,Success
PAY101437,O101437,2025-09-07,COD,113234.69,Success
PAY101438,O101438,2025-11-18,Net Banking,3158.6,Success
PAY101439,O101439,2026-04-29,UPI,2530.12,Success
PAY101440,O101440,2026-05-06,Debit Card,6151.1,Success
PAY101441,O101441,2026-07-08,Debit Card,4008.04,Success
PAY101442,O101442,2026-05-07,COD,11831.77,Success
PAY101443,O101443,2026-08-07,Credit Card,976.96,Refunded
PAY101444,O101444,2026-06-01,Credit Card,179845.11,Success
PAY101445,O101445,2026-06-23,Net Banking,2285.73,Failed
PAY101446,O101446,2026-03-26,UPI,2274.24,Success
PAY101447,O101447,2026-01-25,Debit Card,69358.92,Success
PAY101448,O101448,2026-02-11,Net Banking,2747.06,Success
PAY101449,O101449,2025-11-18,Debit Card,13494.12,Success
PAY101450,O101450,2025-12-30,UPI,4217.78,Success
PAY101451,O101451,2026-04-22,Debit Card,737.89,Success
PAY101452,O101452,2026-03-16,UPI,10042.35,Success
PAY101453,O101453,2026-06-14,Credit Card,2389.33,Success
PAY101454,O101454,2026-06-01,Debit Card,2577.64,Success
PAY101455,O101455,2025-12-06,COD,1812.78,Success
PAY101456,O101456,2025-08-30,Credit Card,207000.12,Success
PAY101457,O101457,2025-08-22,Net Banking,5419.76,Success
PAY101458,O101458,2026-08-11,Debit Card,13868.9,Success
PAY101459,O101459,2026-08-21,Net Banking,284.78,Success
PAY101460,O101460,2026-04-09,COD,4294.71,Refunded
PAY101461,O101461,2026-03-18,COD,2408.78,Success
PAY101462,O101462,2025-10-06,UPI,37092.91,Success
PAY101463,O101463,2026-06-01,Net Banking,8144.04,Success
PAY101464,O101464,2026-06-24,COD,1827.86,Success
PAY101465,O101465,2026-02-27,UPI,1528.86,Success
PAY101466,O101466,2026-05-20,Net Banking,560.75,Success
PAY101467,O101467,2025-08-23,Net Banking,2729.45,Success
PAY101468,O101468,2026-02-04,Credit Card,229.52,Success
PAY101469,O101469,2026-03-18,COD,1686.5,Success
PAY101470,O101470,2025-09-16,Credit Card,4196.26,Success
PAY101471,O101471,2026-05-22,Debit Card,5033.22,Success
PAY101472,O101472,2026-08-11,UPI,3329.42,Success
PAY101473,O101473,2025-09-02,Net Banking,8363.29,Success
PAY101474,O101474,2026-08-17,Credit Card,8093.43,Success
PAY101475,O101475,2026-03-26,Net Banking,4333.28,Success
PAY101476,O101476,2026-02-28,Net Banking,5921.43,Success
PAY101477,O101477,2026-08-17,Debit Card,21172.65,Success
PAY101478,O101478,2025-08-21,COD,15455.38,Success
PAY101479,O101479,2026-03-03,COD,840.72,Success
PAY101480,O101480,2026-04-07,Credit Card,7870.42,Refunded
PAY101481,O101481,2025-11-09,UPI,9217.48,Success
PAY101482,O101482,2026-04-19,COD,1618.71,Success
PAY101483,O101483,2025-09-26,COD,105856.51,Success
PAY101484,O101484,2026-08-09,Credit Card,53480.6,Success
PAY101485,O101485,2026-02-14,COD,531.7,Success
PAY101486,O101486,2026-08-15,Credit Card,5352.26,Success
PAY101487,O101487,2025-09-04,Debit Card,1693.9,Success
PAY101488,O101488,2026-01-08,UPI,20039.56,Success
PAY101489,O101489,2025-12-11,COD,686.76,Success
PAY101490,O101490,2025-10-23,COD,1503.58,Success
PAY101491,O101491,2026-01-08,Credit Card,3107.6,Success
PAY101492,O101492,2026-06-14,UPI,569.57,Success
PAY101493,O101493,2025-08-27,COD,1122.66,Success
PAY101494,O101494,2026-04-21,Net Banking,9670.18,Success
PAY101495,O101495,2025-11-20,Credit Card,88590.87,Success
PAY101496,O101496,2026-02-07,Net Banking,84632.99,Success
PAY101497,O101497,2025-12-03,Net Banking,4301.2,Refunded
PAY101498,O101498,2026-06-14,Debit Card,883.06,Success
PAY101499,O101499,2026-07-30,Credit Card,8219.65,Success
PAY101500,O101500,2026-05-25,COD,5995.19,Success
PAY101501,O101501,2026-08-15,UPI,2172.75,Success
PAY101502,O101502,2026-02-13,Debit Card,2541.79,Success
PAY101503,O101503,2026-07-21,Credit Card,2278.26,Success
PAY101504,O101504,2025-11-26,Net Banking,6227.25,Success
PAY101505,O101505,2026-06-04,Debit Card,754.49,Success
PAY101506,O101506,2025-12-24,Net Banking,4370.52,Success
PAY101507,O101507,2026-06-08,Net Banking,18237.69,Success
PAY101508,O101508,2025-09-06,COD,244941.92,Failed
PAY101509,O101509,2026-01-29,Credit Card,449.06,Success
PAY101510,O101510,2026-08-06,COD,1501.6,Success
PAY101511,O101511,2026-06-01,COD,11699.86,Success
PAY101512,O101512,2026-07-16,COD,2691.31,Success
PAY101513,O101513,2025-12-06,UPI,15069.43,Failed
PAY101514,O101514,2026-01-14,Debit Card,1678.5,Success
PAY101515,O101515,2025-11-09,UPI,3877.71,Success
PAY101516,O101516,2026-08-21,Debit Card,900.63,Success
PAY101517,O101517,2026-01-28,UPI,836.38,Success
PAY101518,O101518,2026-02-01,COD,36126.44,Success
PAY101519,O101519,2025-08-30,Debit Card,284.84,Success
PAY101520,O101520,2026-04-26,UPI,18063.22,Success
PAY101521,O101521,2026-06-11,Credit Card,334.21,Success
PAY101522,O101522,2026-01-23,Credit Card,965.55,Success
PAY101523,O101523,2026-06-07,Debit Card,4714.38,Success
PAY101524,O101524,2026-05-12,Net Banking,46337.49,Failed
PAY101525,O101525,2025-12-12,UPI,13868.9,Success
PAY101526,O101526,2026-03-13,Net Banking,2140.9,Success
PAY101527,O101527,2026-07-20,COD,27094.83,Success
PAY101528,O101528,2026-05-20,Net Banking,955.36,Success
PAY101529,O101529,2025-10-06,Net Banking,3521.38,Success
PAY101530,O101530,2026-03-23,Credit Card,196.36,Failed
PAY101531,O101531,2025-08-29,COD,9742.44,Success
PAY101532,O101532,2026-01-21,Net Banking,3826.68,Success
PAY101533,O101533,2026-02-06,UPI,4847.14,Success
PAY101534,O101534,2026-02-21,COD,883.06,Success
PAY101535,O101535,2026-06-23,COD,4942.18,Success
PAY101536,O101536,2025-08-24,UPI,7277.57,Success
PAY101537,O101537,2026-03-24,COD,4116.62,Failed
PAY101538,O101538,2025-11-23,Net Banking,1264.23,Success
PAY101539,O101539,2025-11-12,Debit Card,51750.03,Success
PAY101540,O101540,2026-01-15,UPI,11842.86,Success
PAY101541,O101541,2026-03-15,Debit Card,12454.5,Success
PAY101542,O101542,2026-03-02,COD,2968.07,Success
PAY101543,O101543,2026-01-11,Debit Card,82456.53,Success
PAY101544,O101544,2026-08-05,UPI,1355.12,Success
PAY101545,O101545,2026-06-03,Net Banking,9694.28,Failed
PAY101546,O101546,2026-01-04,UPI,3689.44,Success
PAY101547,O101547,2026-07-07,Credit Card,367.23,Success
PAY101548,O101548,2026-01-15,COD,18739.53,Success
PAY101549,O101549,2025-12-29,Debit Card,568.82,Success
PAY101550,O101550,2026-02-26,UPI,246362.98,Success
PAY101551,O101551,2026-03-08,Credit Card,4463.52,Success
PAY101552,O101552,2025-09-14,COD,6323.32,Refunded
PAY101553,O101553,2025-10-28,Credit Card,6257.58,Success
PAY101554,O101554,2025-11-08,Credit Card,3629.61,Success
PAY101555,O101555,2026-02-24,UPI,108917.15,Refunded
PAY101556,O101556,2025-09-29,UPI,311.53,Success
PAY101557,O101557,2026-06-04,UPI,7793.95,Success
PAY101558,O101558,2025-12-10,Credit Card,21681.78,Success
PAY101559,O101559,2026-05-28,UPI,8895.92,Success
PAY101560,O101560,2026-06-04,COD,668.41,Success
PAY101561,O101561,2026-01-05,UPI,6261.1,Success
PAY101562,O101562,2026-03-18,UPI,6025.41,Success
PAY101563,O101563,2025-08-31,Net Banking,812.29,Success
PAY101564,O101564,2026-08-18,Credit Card,2706.0,Failed
PAY101565,O101565,2026-08-12,Debit Card,517.28,Success
PAY101566,O101566,2026-03-04,Debit Card,15928.6,Success
PAY101567,O101567,2026-04-22,Debit Card,10062.94,Success
PAY101568,O101568,2025-09-08,COD,908.75,Success
PAY101569,O101569,2025-12-27,COD,4120.07,Success
PAY101570,O101570,2026-07-11,Net Banking,5340.86,Success
PAY101571,O101571,2026-05-25,COD,95142.0,Success
PAY101572,O101572,2025-09-09,Net Banking,959.71,Success
PAY101573,O101573,2026-04-28,Net Banking,1139.13,Success
PAY101574,O101574,2026-07-02,COD,887.63,Success
PAY101575,O101575,2026-06-27,Debit Card,10019.78,Success
PAY101576,O101576,2026-05-25,UPI,7506.34,Success
PAY101577,O101577,2026-02-12,Net Banking,4214.1,Success
PAY101578,O101578,2026-05-12,Net Banking,10425.09,Failed
PAY101579,O101579,2025-10-13,Credit Card,4133.0,Success
PAY101580,O101580,2026-07-21,COD,6071.52,Success
PAY101581,O101581,2026-07-03,UPI,3010.98,Success
PAY101582,O101582,2026-01-02,UPI,5033.22,Success
PAY101583,O101583,2026-03-06,COD,4681.87,Success
PAY101584,O101584,2026-08-16,Debit Card,3373.53,Success
PAY101585,O101585,2026-01-14,Net Banking,2090.96,Failed
PAY101586,O101586,2026-02-04,UPI,12364.3,Success
PAY101587,O101587,2025-12-23,Credit Card,631.28,Success
PAY101588,O101588,2026-02-02,UPI,764.57,Success
PAY101589,O101589,2025-10-23,UPI,2098.13,Success
PAY101590,O101590,2026-01-09,Net Banking,1399.41,Success
PAY101591,O101591,2025-12-17,COD,822.54,Success
PAY101592,O101592,2025-10-24,COD,1196.14,Success
PAY101593,O101593,2026-04-22,Net Banking,2608.79,Success
PAY101594,O101594,2025-09-07,Net Banking,2132.68,Success
PAY101595,O101595,2026-06-16,Net Banking,17834.1,Success
PAY101596,O101596,2025-12-27,Net Banking,1013.02,Success
PAY101597,O101597,2026-04-11,Credit Card,4690.08,Success
PAY101598,O101598,2025-11-07,Credit Card,6215.2,Success
PAY101599,O101599,2026-03-15,UPI,470.87,Success
PAY101600,O101600,2026-07-17,COD,11441.72,Success
PAY101601,O101601,2026-04-22,Credit Card,1149.52,Success
PAY101602,O101602,2026-03-09,COD,2975.68,Success
PAY101603,O101603,2025-12-31,Net Banking,2820.78,Success
PAY101604,O101604,2026-03-05,Credit Card,7412.96,Success
PAY101605,O101605,2025-12-16,Debit Card,802.78,Success
PAY101606,O101606,2025-09-03,Net Banking,3704.21,Success
PAY101607,O101607,2025-10-02,Debit Card,5560.05,Success
PAY101608,O101608,2026-01-08,UPI,2039.08,Success
PAY101609,O101609,2025-12-20,Debit Card,2576.83,Success
PAY101610,O101610,2026-02-13,Credit Card,8841.9,Success
PAY101611,O101611,2026-01-21,Debit Card,482.66,Success
PAY101612,O101612,2025-09-24,Net Banking,13207.06,Success
PAY101613,O101613,2026-07-19,Credit Card,22781.72,Success
PAY101614,O101614,2025-12-08,UPI,5439.97,Success
PAY101615,O101615,2025-12-09,Credit Card,6355.46,Success
PAY101616,O101616,2025-10-14,Debit Card,122793.34,Success
PAY101617,O101617,2026-01-17,Credit Card,26111.23,Success
PAY101618,O101618,2025-12-29,COD,6930.9,Success
PAY101619,O101619,2026-03-02,Credit Card,1495.17,Success
PAY101620,O101620,2026-06-07,COD,1447.98,Success
PAY101621,O101621,2026-02-20,Debit Card,239.86,Success
PAY101622,O101622,2025-11-25,Credit Card,6934.45,Success
PAY101623,O101623,2026-07-12,Credit Card,5703.1,Failed
PAY101624,O101624,2026-07-15,COD,3124.28,Success
PAY101625,O101625,2025-11-02,Net Banking,3588.41,Success
PAY101626,O101626,2026-03-06,Credit Card,159.95,Success
PAY101627,O101627,2025-11-10,Debit Card,5641.55,Success
PAY101628,O101628,2025-08-27,Credit Card,7022.81,Success
PAY101629,O101629,2026-02-28,Credit Card,26735.97,Success
PAY101630,O101630,2026-05-27,UPI,2408.34,Success
PAY101631,O101631,2026-04-07,Debit Card,59060.58,Success
PAY101632,O101632,2026-06-22,Net Banking,48407.62,Success
PAY101633,O101633,2025-11-06,COD,5179.24,Success
PAY101634,O101634,2025-09-29,Debit Card,1517.88,Success
PAY101635,O101635,2025-10-16,UPI,2377.53,Refunded
PAY101636,O101636,2025-10-28,Net Banking,2271.88,Success
PAY101637,O101637,2026-08-22,COD,3677.95,Success
PAY101638,O101638,2026-06-21,UPI,1111.98,Success
PAY101639,O101639,2026-07-09,Credit Card,3344.13,Failed
PAY101640,O101640,2026-01-27,COD,16680.76,Failed
PAY101641,O101641,2026-01-22,COD,52779.16,Success
PAY101642,O101642,2026-07-09,UPI,5866.43,Refunded
PAY101643,O101643,2026-05-10,Net Banking,682.36,Success
PAY101644,O101644,2026-04-17,Credit Card,2274.24,Success
PAY101645,O101645,2025-12-24,Net Banking,3510.33,Success
PAY101646,O101646,2025-11-17,COD,3475.03,Refunded
PAY101647,O101647,2026-05-16,UPI,92478.56,Success
PAY101648,O101648,2026-03-06,Credit Card,5719.21,Success
PAY101649,O101649,2025-12-29,COD,2183.78,Success
PAY101650,O101650,2026-02-14,Net Banking,9259.32,Success
PAY101651,O101651,2026-03-18,Debit Card,153491.68,Success
PAY101652,O101652,2025-08-23,Debit Card,1495.17,Success
PAY101653,O101653,2025-11-29,Net Banking,109029.4,Success
PAY101654,O101654,2025-10-24,UPI,2098.13,Success
PAY101655,O101655,2026-01-05,Debit Card,678.58,Success
PAY101656,O101656,2026-02-28,Credit Card,37479.06,Success
PAY101657,O101657,2026-01-02,COD,4052.09,Success
PAY101658,O101658,2026-02-22,Debit Card,4695.07,Refunded
PAY101659,O101659,2026-01-06,Credit Card,4665.92,Success
PAY101660,O101660,2026-06-06,Credit Card,3116.67,Success
PAY101661,O101661,2025-10-07,COD,2172.75,Success
PAY101662,O101662,2026-08-03,Credit Card,2217.47,Success
PAY101663,O101663,2025-08-27,COD,22418.1,Success
PAY101664,O101664,2026-05-21,Net Banking,2060.29,Success
PAY101665,O101665,2026-02-08,COD,299.83,Refunded
PAY101666,O101666,2026-02-21,UPI,2798.82,Success
PAY101667,O101667,2026-08-17,Credit Card,868.79,Success
PAY101668,O101668,2026-05-17,Debit Card,6371.02,Success
PAY101669,O101669,2025-09-01,Credit Card,2077.78,Success
PAY101670,O101670,2026-03-29,Net Banking,3364.24,Failed
PAY101671,O101671,2026-02-12,UPI,1829.09,Success
PAY101672,O101672,2026-02-25,Credit Card,11209.05,Success
PAY101673,O101673,2026-04-05,Net Banking,1678.5,Success
PAY101674,O101674,2025-09-12,Credit Card,559.16,Success
PAY101675,O101675,2025-12-05,Net Banking,1066.34,Success
PAY101676,O101676,2025-11-14,Debit Card,56236.27,Success
PAY101677,O101677,2026-07-17,UPI,1722.01,Success
PAY101678,O101678,2025-09-30,Debit Card,316.01,Success
PAY101679,O101679,2025-11-23,Debit Card,607.15,Success
PAY101680,O101680,2026-08-08,Credit Card,370.66,Success
PAY101681,O101681,2025-11-03,Net Banking,3944.41,Success
PAY101682,O101682,2026-08-02,COD,1678.43,Failed
PAY101683,O101683,2026-02-11,Net Banking,1706.14,Success
PAY101684,O101684,2025-12-10,Debit Card,1864.92,Success
PAY101685,O101685,2026-04-25,Net Banking,887.63,Success
PAY101686,O101686,2026-07-11,Net Banking,1434.58,Success
PAY101687,O101687,2026-04-11,Net Banking,3051.76,Success
PAY101688,O101688,2026-07-23,Credit Card,623.06,Success
PAY101689,O101689,2025-11-24,Credit Card,14587.07,Success
PAY101690,O101690,2026-07-22,UPI,27485.51,Success
PAY101691,O101691,2025-09-21,Debit Card,1453.1,Success
PAY101692,O101692,2026-07-10,UPI,8962.0,Success
PAY101693,O101693,2026-01-17,Debit Card,4597.44,Success
PAY101694,O101694,2026-04-16,Credit Card,6747.06,Success
PAY101695,O101695,2025-08-26,Credit Card,5069.18,Success
PAY101696,O101696,2026-08-16,UPI,2132.68,Success
PAY101697,O101697,2026-06-15,COD,5590.52,Success
PAY101698,O101698,2025-11-23,COD,13868.9,Success
PAY101699,O101699,2026-01-18,Credit Card,8337.92,Success
PAY101700,O101700,2026-01-07,Credit Card,1063.39,Success
PAY101701,O101701,2025-12-18,COD,6215.2,Success
PAY101702,O101702,2026-01-04,COD,4778.67,Success
PAY101703,O101703,2025-11-10,Debit Card,85568.96,Success
PAY101704,O101704,2026-07-11,Credit Card,13009.07,Success
PAY101705,O101705,2026-01-16,Debit Card,6747.06,Success
PAY101706,O101706,2026-08-22,Net Banking,36454.27,Success
PAY101707,O101707,2026-01-27,Credit Card,161880.44,Success
PAY101708,O101708,2026-08-17,Credit Card,25370.06,Success
PAY101709,O101709,2026-06-03,COD,6775.6,Success
PAY101710,O101710,2026-05-29,Debit Card,2709.88,Success
PAY101711,O101711,2025-12-01,UPI,3521.38,Success
PAY101712,O101712,2026-06-14,Credit Card,4856.06,Success
PAY101713,O101713,2026-08-04,UPI,9757.46,Success
PAY101714,O101714,2025-12-16,UPI,3029.98,Success
PAY101715,O101715,2026-08-18,Credit Card,60509.53,Success
PAY101716,O101716,2025-09-10,COD,2663.54,Success
PAY101717,O101717,2026-01-08,COD,6941.49,Success
PAY101718,O101718,2026-02-23,COD,5134.24,Success
PAY101719,O101719,2026-01-01,Net Banking,1888.32,Success
PAY101720,O101720,2025-08-22,Net Banking,3608.59,Success
PAY101721,O101721,2026-02-15,Net Banking,316.01,Success
PAY101722,O101722,2025-09-02,COD,4835.09,Success
PAY101723,O101723,2026-05-18,Credit Card,30910.76,Success
PAY101724,O101724,2025-11-21,Credit Card,6227.25,Success
PAY101725,O101725,2026-08-11,COD,7473.62,Success
PAY101726,O101726,2026-06-17,UPI,17325.81,Failed
PAY101727,O101727,2026-02-12,UPI,1847.54,Success
PAY101728,O101728,2026-05-26,Debit Card,1908.52,Success
PAY101729,O101729,2026-01-28,UPI,1063.06,Success
PAY101730,O101730,2026-01-23,Debit Card,2251.19,Success
PAY101731,O101731,2026-02-11,Debit Card,694.31,Success
PAY101732,O101732,2026-02-02,Debit Card,1129.92,Success
PAY101733,O101733,2026-04-12,Credit Card,8304.86,Success
PAY101734,O101734,2026-08-19,Credit Card,70872.7,Success
PAY101735,O101735,2025-12-26,COD,4812.16,Success
PAY101736,O101736,2026-03-02,Net Banking,7966.22,Success
PAY101737,O101737,2026-02-28,Net Banking,1246.12,Success
PAY101738,O101738,2026-08-20,Debit Card,1465.77,Success
PAY101739,O101739,2026-06-06,COD,5031.47,Success
PAY101740,O101740,2026-06-23,Debit Card,13909.84,Success
PAY101741,O101741,2026-01-17,COD,1604.45,Success
PAY101742,O101742,2025-09-02,UPI,12408.64,Refunded
PAY101743,O101743,2026-01-11,Credit Card,2098.13,Success
PAY101744,O101744,2026-03-22,Net Banking,1777.32,Failed
PAY101745,O101745,2025-11-17,Debit Card,84632.99,Success
PAY101746,O101746,2025-10-18,Debit Card,14241.11,Success
PAY101747,O101747,2025-09-02,Debit Card,607.15,Success
PAY101748,O101748,2026-02-23,Credit Card,3543.35,Success
PAY101749,O101749,2025-12-24,COD,128916.8,Success
PAY101750,O101750,2026-01-28,Credit Card,10042.35,Success
PAY101751,O101751,2025-11-07,UPI,1933.1,Success
PAY101752,O101752,2025-09-06,Credit Card,655.74,Success
PAY101753,O101753,2026-02-05,Net Banking,9957.78,Success
PAY101754,O101754,2025-10-31,Net Banking,229.52,Success
PAY101755,O101755,2026-06-09,UPI,6422.71,Success
PAY101756,O101756,2026-01-12,COD,1514.99,Success
PAY101757,O101757,2026-01-02,Credit Card,1406.04,Success
PAY101758,O101758,2026-04-17,Debit Card,664.62,Success
PAY101759,O101759,2025-09-15,UPI,2377.53,Success
PAY101760,O101760,2026-01-14,UPI,1439.24,Success
PAY101761,O101761,2025-09-03,Debit Card,1066.53,Success
PAY101762,O101762,2026-02-22,COD,2556.09,Success
PAY101763,O101763,2025-11-10,Credit Card,6952.2,Success
PAY101764,O101764,2026-03-22,COD,2100.13,Success
PAY101765,O101765,2026-03-17,Net Banking,4005.65,Success
PAY101766,O101766,2026-07-01,Net Banking,297.07,Success
PAY101767,O101767,2026-07-25,UPI,1643.06,Success
PAY101768,O101768,2026-07-19,Net Banking,1129.92,Success
PAY101769,O101769,2026-02-03,COD,2587.14,Success
PAY101770,O101770,2025-12-27,COD,4294.71,Success
PAY101771,O101771,2026-02-12,Debit Card,4548.48,Success
PAY101772,O101772,2025-08-23,Net Banking,2274.24,Success
PAY101773,O101773,2026-08-01,COD,2164.35,Success
PAY101774,O101774,2025-09-09,COD,3116.67,Success
PAY101775,O101775,2025-12-12,COD,7736.14,Success
PAY101776,O101776,2026-01-25,COD,252.81,Success
PAY101777,O101777,2026-03-02,COD,11181.04,Success
PAY101778,O101778,2026-05-27,COD,2562.92,Success
PAY101779,O101779,2025-11-22,Credit Card,911.3,Success
PAY101780,O101780,2026-08-10,Net Banking,52548.29,Success
PAY101781,O101781,2026-08-17,Debit Card,18739.53,Success
PAY101782,O101782,2026-05-09,COD,3099.75,Success
PAY101783,O101783,2026-07-02,UPI,1122.66,Success
PAY101784,O101784,2026-05-17,Net Banking,2126.78,Success
PAY101785,O101785,2025-09-25,COD,1525.88,Success
PAY101786,O101786,2025-11-01,Credit Card,27806.72,Success
PAY101787,O101787,2025-09-29,Debit Card,1733.22,Success
PAY101788,O101788,2026-04-30,Credit Card,103500.06,Success
PAY101789,O101789,2026-08-11,Net Banking,5386.01,Success
PAY101790,O101790,2025-10-08,COD,8703.16,Success
PAY101791,O101791,2026-06-12,Credit Card,436.09,Success
PAY101792,O101792,2025-12-15,UPI,47296.87,Success
PAY101793,O101793,2026-04-28,Net Banking,10658.57,Success
PAY101794,O101794,2026-04-16,UPI,1930.64,Success
PAY101795,O101795,2026-03-18,Net Banking,22418.1,Success
PAY101796,O101796,2025-11-05,UPI,6040.16,Success
PAY101797,O101797,2026-03-20,Debit Card,23119.64,Success
PAY101798,O101798,2026-08-10,Debit Card,18237.69,Success
PAY101799,O101799,2025-12-22,COD,676.36,Success
PAY101800,O101800,2025-12-23,Credit Card,4697.26,Refunded
PAY101801,O101801,2025-12-13,UPI,1012.05,Success
PAY101802,O101802,2026-07-08,Debit Card,11461.92,Success
PAY101803,O101803,2026-04-26,Credit Card,4401.73,Success
PAY101804,O101804,2025-12-01,COD,213922.4,Success
PAY101805,O101805,2025-09-07,Debit Card,12672.96,Success
PAY101806,O101806,2026-03-10,Debit Card,1405.93,Success
PAY101807,O101807,2025-09-04,Net Banking,5293.16,Success
PAY101808,O101808,2026-06-07,Credit Card,4558.46,Success
PAY101809,O101809,2025-09-08,Debit Card,12360.21,Success
PAY101810,O101810,2026-04-03,Debit Card,12515.16,Success
PAY101811,O101811,2025-09-24,Debit Card,2634.79,Success
PAY101812,O101812,2026-02-06,Credit Card,2501.32,Success
PAY101813,O101813,2026-04-29,Credit Card,6933.25,Success
PAY101814,O101814,2025-09-03,Debit Card,1930.64,Success
PAY101815,O101815,2026-02-06,Net Banking,11095.12,Success
PAY101816,O101816,2025-10-05,Debit Card,51433.1,Success
PAY101817,O101817,2026-03-03,COD,13694.68,Success
PAY101818,O101818,2025-11-30,Debit Card,1399.41,Success
PAY101819,O101819,2025-09-22,Debit Card,3027.82,Success
PAY101820,O101820,2025-12-31,Credit Card,2435.61,Refunded
PAY101821,O101821,2026-02-09,COD,2298.72,Success
PAY101822,O101822,2026-03-05,Debit Card,68434.16,Success
PAY101823,O101823,2026-07-20,Credit Card,968.26,Success
PAY101824,O101824,2026-04-18,Credit Card,1495.17,Success
PAY101825,O101825,2026-07-03,UPI,1033.25,Refunded
PAY101826,O101826,2025-12-31,Credit Card,747.67,Success
PAY101827,O101827,2026-02-20,COD,132320.64,Success
PAY101829,O101829,2025-10-19,Net Banking,2416.06,Refunded
PAY101830,O101830,2026-08-17,COD,26389.58,Success
PAY101831,O101831,2026-07-23,Debit Card,21544.03,Success
PAY101832,O101832,2026-08-15,Credit Card,12672.96,Success
PAY101833,O101833,2025-12-13,UPI,4351.58,Success
PAY101834,O101834,2026-04-16,Debit Card,4127.71,Success
PAY101835,O101835,2025-09-19,Credit Card,205302.48,Success
PAY101836,O101836,2025-10-30,Credit Card,17086.29,Success
PAY101837,O101837,2025-11-08,COD,2150.6,Success
PAY101838,O101838,2025-12-08,Debit Card,82456.53,Success
PAY101839,O101839,2025-11-24,COD,6172.88,Success
PAY101840,O101840,2025-12-10,Credit Card,1765.77,Success
PAY101841,O101841,2025-09-22,Net Banking,2290.51,Success
PAY101842,O101842,2025-10-22,Net Banking,28308.67,Success
PAY101843,O101843,2026-02-23,COD,1129.92,Success
PAY101844,O101844,2025-11-21,UPI,4152.01,Success
PAY101845,O101845,2026-01-31,COD,8348.13,Success
PAY101846,O101846,2026-04-18,COD,1331.77,Success
PAY101847,O101847,2026-03-29,Debit Card,527.06,Failed
PAY101848,O101848,2026-04-26,Debit Card,1116.94,Success
PAY101849,O101849,2025-12-17,COD,1034.57,Success
PAY101850,O101850,2025-10-11,COD,3607.24,Success
PAY101851,O101851,2026-02-16,COD,355.98,Success
PAY101852,O101852,2026-06-15,COD,116338.07,Success
PAY101853,O101853,2026-01-12,Debit Card,1562.14,Success
PAY101854,O101854,2026-04-12,Credit Card,7615.28,Success
PAY101855,O101855,2025-11-19,Credit Card,2396.6,Success
PAY101856,O101856,2026-07-16,Net Banking,3638.78,Success
PAY101857,O101857,2026-01-12,Net Banking,372.04,Success
PAY101858,O101858,2026-01-14,Debit Card,5350.61,Success
PAY101859,O101859,2026-03-30,Credit Card,11146.0,Refunded
PAY101860,O101860,2025-11-02,Debit Card,2434.96,Success
PAY101861,O101861,2026-02-12,Debit Card,13389.8,Success
PAY101862,O101862,2026-03-14,Debit Card,1135.94,Success
PAY101863,O101863,2026-03-01,Debit Card,316.01,Failed
PAY101864,O101864,2025-12-24,Debit Card,2856.8,Success
PAY101865,O101865,2026-04-22,UPI,10711.84,Success
PAY101866,O101866,2026-03-14,COD,52779.16,Success
PAY101867,O101867,2026-06-10,COD,13675.38,Success
PAY101868,O101868,2026-05-06,Credit Card,1733.22,Success
PAY101869,O101869,2025-10-15,Debit Card,1250.66,Success
PAY101870,O101870,2026-08-09,Debit Card,268.69,Success
PAY101871,O101871,2025-11-10,Credit Card,1835.17,Success
PAY101872,O101872,2025-11-17,UPI,4661.32,Success
PAY101873,O101873,2026-03-20,COD,1388.63,Success
PAY101874,O101874,2025-11-01,UPI,908.75,Success
PAY101875,O101875,2026-01-28,Credit Card,2070.27,Success
PAY101876,O101876,2026-02-16,UPI,1262.56,Success
PAY101877,O101877,2026-07-04,Debit Card,2233.88,Success
PAY101878,O101878,2026-03-25,UPI,1335.22,Success
PAY101879,O101879,2026-02-05,Debit Card,48132.54,Success
PAY101880,O101880,2026-07-04,Credit Card,3629.61,Failed
PAY101881,O101881,2025-11-08,Net Banking,589.07,Success
PAY101882,O101882,2025-10-22,Credit Card,5154.09,Success
PAY101883,O101883,2026-01-22,Net Banking,21172.65,Success
PAY101884,O101884,2025-11-06,Credit Card,14991.62,Success
PAY101885,O101885,2026-02-17,Debit Card,3476.4,Success
PAY101886,O101886,2026-01-12,Credit Card,22190.24,Success
PAY101887,O101887,2026-05-30,Debit Card,19915.56,Success
PAY101888,O101888,2026-03-24,Debit Card,6227.25,Success
PAY101889,O101889,2026-03-16,Credit Card,74958.12,Success
PAY101890,O101890,2026-04-14,COD,2199.37,Success
PAY101891,O101891,2026-01-30,Net Banking,211582.48,Success
PAY101892,O101892,2025-10-18,UPI,2132.68,Success
PAY101893,O101893,2025-11-25,Debit Card,6658.84,Success
PAY101894,O101894,2026-01-24,Net Banking,5621.96,Success
PAY101895,O101895,2026-06-09,Net Banking,161880.44,Success
PAY101896,O101896,2026-02-15,Net Banking,1694.88,Success
PAY101897,O101897,2026-04-10,Net Banking,196252.92,Success
PAY101898,O101898,2025-11-06,UPI,4665.92,Success
PAY101899,O101899,2026-06-01,COD,4920.28,Success
PAY101900,O101900,2026-06-17,Debit Card,3010.98,Success
PAY101901,O101901,2025-11-14,Debit Card,884.97,Success
PAY101902,O101902,2025-12-23,UPI,583.37,Success
PAY101903,O101903,2026-01-29,Net Banking,64458.4,Refunded
PAY101904,O101904,2026-07-02,Credit Card,89644.13,Success
PAY101905,O101905,2025-11-12,Credit Card,21172.65,Success
PAY101906,O101906,2025-11-02,Net Banking,1311.48,Success
PAY101907,O101907,2025-11-11,Net Banking,3874.25,Success
PAY101908,O101908,2025-08-30,Credit Card,3008.9,Success
PAY101909,O101909,2026-01-01,Debit Card,1752.48,Success
PAY101910,O101910,2025-12-08,Net Banking,9664.26,Success
PAY101911,O101911,2026-07-28,Net Banking,3683.29,Success
PAY101912,O101912,2026-07-31,Debit Card,2314.38,Success
PAY101913,O101913,2025-12-22,Credit Card,17985.57,Success
PAY101914,O101914,2026-01-06,Credit Card,9391.64,Success
PAY101915,O101915,2026-07-31,UPI,2891.64,Success
PAY101916,O101916,2025-12-30,UPI,8185.91,Failed
PAY101917,O101917,2026-08-12,COD,11563.62,Failed
PAY101918,O101918,2026-04-15,COD,5095.91,Success
PAY101919,O101919,2026-06-12,Credit Card,1864.92,Success
PAY101920,O101920,2026-01-21,UPI,1643.06,Success
PAY101921,O101921,2025-12-14,Net Banking,1265.06,Success
PAY101922,O101922,2025-12-02,UPI,5995.19,Success
PAY101923,O101923,2026-05-25,Debit Card,3444.01,Success
PAY101924,O101924,2026-03-22,Net Banking,72114.28,Success
PAY101925,O101925,2026-07-15,UPI,320.38,Success
PAY101926,O101926,2026-02-24,COD,116025.12,Success
PAY101927,O101927,2025-11-12,Debit Card,11181.04,Success
PAY101928,O101928,2026-08-12,COD,136868.32,Success
PAY101929,O101929,2025-11-26,Credit Card,186.02,Success
PAY101930,O101930,2026-01-12,COD,664.62,Success
PAY101931,O101931,2026-07-24,Debit Card,5179.24,Success
PAY101932,O101932,2026-04-23,Credit Card,7907.49,Success
PAY101933,O101933,2025-10-19,Credit Card,2910.12,Success
PAY101934,O101934,2026-08-10,UPI,8128.45,Success
PAY101935,O101935,2025-10-30,Debit Card,500.26,Success
PAY101936,O101936,2026-07-14,COD,1369.66,Success
PAY101937,O101937,2025-12-03,Credit Card,2910.12,Success
PAY101938,O101938,2025-11-22,Debit Card,15230.55,Refunded
PAY101939,O101939,2026-03-05,UPI,1907.35,Success
PAY101940,O101940,2026-07-27,Debit Card,6950.06,Success
PAY101941,O101941,2026-01-20,UPI,4976.76,Success
PAY101942,O101942,2026-04-22,COD,51750.03,Success
PAY101943,O101943,2026-06-26,COD,7265.48,Success
PAY101944,O101944,2026-02-28,Credit Card,934.59,Success
PAY101945,O101945,2026-07-30,Credit Card,159.95,Success
PAY101946,O101946,2025-08-30,COD,1694.88,Success
PAY101947,O101947,2026-07-19,COD,1487.84,Success
PAY101948,O101948,2026-01-04,Debit Card,76745.84,Success
PAY101949,O101949,2025-12-04,Credit Card,22335.55,Success
PAY101950,O101950,2026-01-25,Net Banking,4988.36,Success
PAY101951,O101951,2025-11-13,COD,877.39,Success
PAY101952,O101952,2025-09-14,Credit Card,750.8,Success
PAY101953,O101953,2026-06-07,Credit Card,8269.97,Success
PAY101954,O101954,2025-12-13,COD,29530.29,Success
PAY101955,O101955,2025-11-03,Credit Card,5526.19,Success
PAY101956,O101956,2025-10-11,Debit Card,1604.45,Success
PAY101957,O101957,2026-01-27,Net Banking,599.66,Success
PAY101958,O101958,2025-11-13,Credit Card,1147.66,Success
PAY101959,O101959,2026-07-23,Net Banking,14123.24,Success
PAY101960,O101960,2025-10-01,COD,31426.15,Success
PAY101961,O101961,2026-05-22,Credit Card,2469.15,Success
PAY101962,O101962,2025-09-12,Credit Card,26464.13,Success
PAY101963,O101963,2025-09-01,Net Banking,125816.32,Success
PAY101964,O101964,2025-10-21,Credit Card,4544.97,Success
PAY101965,O101965,2025-09-04,COD,840.72,Success
PAY101966,O101966,2026-01-13,Net Banking,10587.63,Success
PAY101967,O101967,2025-09-16,Debit Card,2541.79,Success
PAY101968,O101968,2025-11-03,Debit Card,3387.8,Success
PAY101969,O101969,2025-08-24,Debit Card,11788.21,Success
PAY101970,O101970,2026-01-03,COD,2330.52,Success
PAY101971,O101971,2026-07-27,Net Banking,2010.49,Success
PAY101972,O101972,2026-08-09,COD,7390.16,Success
PAY101973,O101973,2026-06-17,Credit Card,348.86,Success
PAY101974,O101974,2026-02-16,UPI,3983.11,Success
PAY101975,O101975,2026-07-15,Credit Card,562.8,Failed
PAY101976,O101976,2026-01-04,COD,3834.13,Success
PAY101977,O101977,2026-06-07,Net Banking,7923.36,Success
PAY101978,O101978,2026-02-09,Credit Card,711.96,Success
PAY101979,O101979,2026-03-20,UPI,4362.43,Success
PAY101980,O101980,2025-10-22,Net Banking,578.33,Success
PAY101981,O101981,2026-05-17,Net Banking,2171.74,Success
PAY101982,O101982,2026-05-20,Debit Card,2869.08,Success
PAY101983,O101983,2026-02-02,Credit Card,866.35,Success
PAY101984,O101984,2026-01-19,Net Banking,2304.37,Success
PAY101985,O101985,2025-09-29,Net Banking,2408.78,Success
PAY101986,O101986,2026-05-06,Credit Card,17327.24,Success
PAY101987,O101987,2026-05-27,Debit Card,4755.55,Success
PAY101988,O101988,2025-10-03,COD,2428.03,Success
PAY101989,O101989,2025-09-26,UPI,702.75,Success
PAY101990,O101990,2026-07-15,Debit Card,2676.13,Success
PAY101991,O101991,2026-08-18,UPI,49924.48,Success
PAY101992,O101992,2026-03-10,COD,1453.1,Refunded
PAY101993,O101993,2026-05-29,COD,10138.37,Success
PAY101994,O101994,2025-09-03,COD,10791.24,Success
PAY101995,O101995,2026-02-16,UPI,543.83,Success
PAY101996,O101996,2025-11-08,Credit Card,4920.28,Success
PAY101997,O101997,2026-05-30,Credit Card,5149.78,Success
PAY101998,O101998,2025-10-30,Debit Card,20716.96,Success
PAY101999,O101999,2025-10-23,Debit Card,299.83,Success
PAY102000,O102000,2026-04-28,Credit Card,1135.94,Success
PAY102001,O102001,2026-01-17,Net Banking,4682.72,Success
PAY102002,O102002,2025-10-20,UPI,3009.72,Success
PAY102003,O102003,2026-03-10,Debit Card,3350.82,Success
PAY102004,O102004,2026-02-23,Debit Card,895.65,Success
PAY102005,O102005,2025-08-25,Net Banking,2083.62,Success
PAY102006,O102006,2026-07-17,Debit Card,6210.81,Success
PAY102007,O102007,2026-03-01,Net Banking,98126.46,Success
PAY102008,O102008,2026-06-08,Credit Card,3866.46,Refunded
PAY102009,O102009,2025-08-29,COD,2045.17,Success
PAY102010,O102010,2025-10-23,Debit Card,10499.76,Failed
PAY102011,O102011,2026-01-08,Debit Card,8286.78,Success
PAY102012,O102012,2026-08-16,Debit Card,2293.14,Success
PAY102013,O102013,2025-12-12,UPI,60509.53,Success
PAY102014,O102014,2026-01-22,Net Banking,6336.48,Success
PAY102015,O102015,2025-11-23,Debit Card,7120.55,Success
PAY102016,O102016,2026-03-19,Net Banking,2070.27,Success
PAY102017,O102017,2026-01-10,Net Banking,334.21,Success
PAY102018,O102018,2026-02-18,UPI,298.55,Success
PAY102019,O102019,2026-03-27,Net Banking,5590.52,Success
PAY102020,O102020,2026-01-09,Debit Card,6256.51,Success
PAY102021,O102021,2026-03-23,COD,5395.62,Success
PAY102022,O102022,2026-04-22,COD,1439.24,Refunded
PAY102023,O102023,2026-01-21,UPI,299.83,Success
PAY102024,O102024,2026-03-07,UPI,1487.59,Success
PAY102025,O102025,2026-07-11,Debit Card,20597.69,Success
PAY102026,O102026,2026-02-22,UPI,6877.15,Success
PAY102027,O102027,2026-04-29,Debit Card,4857.22,Success
PAY102028,O102028,2026-06-19,Credit Card,650.62,Success
PAY102029,O102029,2026-04-28,Debit Card,84632.99,Success
PAY102030,O102030,2026-04-29,Credit Card,7977.93,Success
PAY102031,O102031,2025-12-09,Debit Card,913.93,Success
PAY102032,O102032,2026-06-20,Credit Card,543.83,Failed
PAY102033,O102033,2025-09-12,Debit Card,54514.7,Success
PAY102034,O102034,2025-12-01,Debit Card,4452.59,Refunded
PAY102035,O102035,2025-10-13,COD,18028.57,Success
PAY102036,O102036,2026-03-10,COD,1428.58,Success
PAY102037,O102037,2026-03-21,Debit Card,4871.22,Success
PAY102038,O102038,2025-08-24,Credit Card,2062.11,Success
PAY102039,O102039,2026-07-01,UPI,128441.7,Success
PAY102040,O102040,2026-06-03,Net Banking,1415.0,Success
PAY102041,O102041,2025-10-29,Credit Card,1580.83,Success
PAY102042,O102042,2026-05-28,Credit Card,40470.11,Success
PAY102043,O102043,2026-07-24,Debit Card,11815.1,Success
PAY102044,O102044,2025-08-30,Debit Card,5436.14,Success
PAY102045,O102045,2025-12-20,UPI,1158.38,Failed
PAY102046,O102046,2026-08-01,Net Banking,2501.32,Success
PAY102047,O102047,2026-02-22,Credit Card,1575.97,Success
PAY102048,O102048,2025-09-18,Net Banking,5069.18,Success
PAY102049,O102049,2026-05-06,COD,14454.52,Success
PAY102050,O102050,2026-07-23,Credit Card,8724.85,Failed
PAY102051,O102051,2025-11-11,Credit Card,2576.83,Success
PAY102052,O102052,2026-02-22,Net Banking,17802.55,Success
PAY102053,O102053,2026-05-26,Net Banking,3347.45,Success
PAY102054,O102054,2026-02-01,COD,2408.34,Success
PAY102055,O102055,2025-10-16,COD,1265.06,Success
PAY102056,O102056,2025-11-13,Debit Card,1262.78,Success
PAY102057,O102057,2026-06-12,COD,26593.11,Success
PAY102058,O102058,2025-08-29,Debit Card,5735.0,Success
PAY102059,O102059,2026-01-05,Debit Card,8390.52,Refunded
PAY102060,O102060,2026-06-23,Net Banking,14826.54,Success
PAY102061,O102061,2025-10-03,COD,3329.42,Success
PAY102062,O102062,2025-11-05,Debit Card,9894.64,Success
PAY102063,O102063,2026-07-16,Credit Card,2913.68,Success
PAY102064,O102064,2026-03-02,COD,21988.41,Success
PAY102065,O102065,2026-01-01,UPI,2998.13,Success
PAY102066,O102066,2025-08-28,Net Banking,56218.59,Success
PAY102067,O102067,2026-01-15,Debit Card,26389.58,Success
PAY102068,O102068,2025-12-01,UPI,7061.62,Success
PAY102069,O102069,2026-02-25,Net Banking,20716.96,Success
PAY102070,O102070,2025-12-05,Net Banking,147487.59,Success
PAY102071,O102071,2026-03-18,COD,3107.6,Success
PAY102072,O102072,2026-03-15,Net Banking,287.38,Success
PAY102073,O102073,2025-08-31,Credit Card,218.04,Success
PAY102074,O102074,2026-04-04,COD,854.35,Success
PAY102075,O102075,2026-01-01,UPI,2172.75,Success
PAY102076,O102076,2026-06-23,Net Banking,1722.01,Success
PAY102077,O102077,2026-05-15,Net Banking,61590.74,Success
PAY102078,O102078,2026-04-12,Credit Card,3211.12,Success
PAY102079,O102079,2025-08-28,Credit Card,13054.74,Success
PAY102080,O102080,2025-11-13,UPI,1924.86,Success
PAY102081,O102081,2025-10-12,Net Banking,3475.03,Success
PAY102082,O102082,2025-10-27,COD,664.62,Success
PAY102083,O102083,2026-06-26,Debit Card,4330.54,Success
PAY102084,O102084,2026-02-21,Credit Card,2747.06,Success
PAY102085,O102085,2026-05-19,COD,3035.76,Success
PAY102086,O102086,2026-03-31,Credit Card,1585.18,Success
PAY102087,O102087,2025-11-11,Debit Card,39411.22,Success
PAY102088,O102088,2025-10-14,Debit Card,1059.2,Success
PAY102089,O102089,2026-07-20,Net Banking,73982.85,Success
PAY102090,O102090,2025-12-10,Credit Card,94496.93,Success
PAY102091,O102091,2026-03-11,UPI,57484.05,Success
PAY102092,O102092,2026-01-03,Net Banking,196650.11,Success
PAY102093,O102093,2025-11-02,Credit Card,157656.24,Success
PAY102094,O102094,2026-04-07,Credit Card,5624.18,Success
PAY102095,O102095,2026-01-30,UPI,6059.96,Refunded
PAY102096,O102096,2026-03-01,Net Banking,6688.26,Success
PAY102097,O102097,2025-08-24,Credit Card,2880.23,Success
PAY102098,O102098,2026-03-23,UPI,1484.03,Success
PAY102099,O102099,2026-03-04,UPI,5021.46,Success
PAY102100,O102100,2025-12-31,UPI,5944.7,Success
PAY102101,O102101,2026-08-08,Credit Card,6847.34,Success
PAY102102,O102102,2026-03-01,Net Banking,642.22,Success
PAY102103,O102103,2025-11-10,COD,1693.9,Success
PAY102104,O102104,2026-05-30,COD,1794.47,Success
PAY102105,O102105,2025-09-13,UPI,1294.97,Success
PAY102106,O102106,2026-03-05,Credit Card,1816.37,Success
PAY102107,O102107,2026-02-06,COD,8398.66,Success
PAY102108,O102108,2026-01-21,Net Banking,745.78,Success
PAY102109,O102109,2026-07-05,Debit Card,18028.57,Success
PAY102110,O102110,2025-10-16,Net Banking,1592.95,Success
PAY102111,O102111,2026-04-06,Credit Card,348.86,Success
PAY102112,O102112,2026-04-09,Credit Card,5223.47,Success
PAY102113,O102113,2026-07-06,COD,6945.39,Success
PAY102114,O102114,2026-07-30,UPI,1404.7,Success
PAY102115,O102115,2026-04-29,COD,2210.88,Success
PAY102116,O102116,2025-09-09,Debit Card,2646.67,Success
PAY102117,O102117,2026-06-21,Net Banking,52779.16,Failed
PAY102118,O102118,2026-02-24,Debit Card,54514.7,Success
PAY102119,O102119,2026-02-05,Net Banking,834.22,Success
PAY102120,O102120,2026-02-13,Net Banking,158686.86,Success
PAY102121,O102121,2025-10-27,COD,1604.45,Success
PAY102122,O102122,2025-12-03,UPI,1859.8,Failed
PAY102123,O102123,2025-11-04,Net Banking,2998.13,Success
PAY102124,O102124,2026-01-06,Debit Card,355.98,Success
PAY102125,O102125,2025-08-26,UPI,13868.9,Success
PAY102126,O102126,2025-12-16,Debit Card,15510.85,Success
PAY102127,O102127,2025-11-08,Credit Card,2406.08,Success
PAY102128,O102128,2025-11-06,UPI,114968.11,Success
PAY102129,O102129,2026-06-26,Debit Card,2098.13,Success
PAY102130,O102130,2025-11-29,Credit Card,734.46,Success
PAY102131,O102131,2026-06-30,Debit Card,2349.98,Success
PAY102132,O102132,2026-04-18,Credit Card,45666.11,Success
PAY102133,O102133,2025-11-18,COD,24909.0,Success
PAY102134,O102134,2025-09-14,Credit Card,459.81,Success
PAY102135,O102135,2026-01-02,COD,2478.35,Success
PAY102136,O102136,2026-05-14,COD,3438.58,Success
PAY102137,O102137,2026-04-24,COD,9331.84,Success
PAY102138,O102138,2025-10-10,UPI,7430.67,Success
PAY102139,O102139,2026-02-02,Credit Card,3683.29,Success
PAY102140,O102140,2025-10-06,Credit Card,6294.39,Success
PAY102141,O102141,2025-09-23,Credit Card,134007.8,Success
PAY102142,O102142,2026-02-23,COD,6204.32,Success
PAY102143,O102143,2025-09-28,Net Banking,3794.82,Success
PAY102144,O102144,2026-02-16,COD,2990.34,Refunded
PAY102145,O102145,2025-11-14,UPI,2039.08,Success
PAY102146,O102146,2025-11-30,Credit Card,4078.16,Success
PAY102147,O102147,2025-12-23,COD,2271.88,Success
PAY102148,O102148,2026-01-21,COD,18063.22,Success
PAY102149,O102149,2025-10-24,Credit Card,47296.87,Success
PAY102150,O102150,2026-05-12,Credit Card,2577.05,Success
PAY102151,O102151,2026-01-10,Net Banking,16413.92,Success
PAY102152,O102152,2025-08-31,Debit Card,11990.38,Success
PAY102153,O102153,2026-08-20,Debit Card,3176.92,Refunded
PAY102154,O102154,2026-06-10,Debit Card,2930.87,Success
PAY102155,O102155,2026-04-25,COD,25070.1,Success
PAY102156,O102156,2026-07-25,Net Banking,12515.16,Success
PAY102157,O102157,2026-08-05,Debit Card,802.78,Success
PAY102158,O102158,2025-11-10,COD,14454.52,Success
PAY102159,O102159,2026-08-08,Debit Card,1528.86,Success
PAY102160,O102160,2025-11-29,Debit Card,2741.79,Success
PAY102161,O102161,2026-06-04,COD,136868.32,Success
PAY102162,O102162,2025-08-24,Debit Card,2798.82,Success
PAY102163,O102163,2026-06-30,Credit Card,9394.52,Success
PAY102164,O102164,2026-01-14,UPI,6922.43,Success
PAY102165,O102165,2026-06-08,UPI,1963.17,Failed
PAY102166,O102166,2026-05-13,Net Banking,23030.61,Success
PAY102167,O102167,2025-12-18,Net Banking,470.87,Success
PAY102168,O102168,2025-11-17,COD,1329.24,Success
PAY102169,O102169,2025-11-08,Net Banking,1123.76,Success
PAY102170,O102170,2026-03-27,COD,12456.03,Success
PAY102171,O102171,2026-06-24,Net Banking,3529.21,Refunded
PAY102172,O102172,2026-01-23,Debit Card,5812.38,Success
PAY102173,O102173,2026-04-07,Debit Card,531.7,Success
PAY102174,O102174,2025-09-28,COD,33731.15,Success
PAY102175,O102175,2025-09-20,COD,36475.38,Success
PAY102176,O102176,2025-10-26,Credit Card,383.58,Success
PAY102177,O102177,2025-08-27,Credit Card,722.91,Success
PAY102178,O102178,2026-03-27,COD,5355.92,Success
PAY102179,O102179,2026-02-13,COD,1993.86,Success
PAY102180,O102180,2025-11-13,Credit Card,1678.43,Success
PAY102181,O102181,2026-07-02,Credit Card,16158.02,Success
PAY102182,O102182,2026-07-11,Net Banking,802.78,Success
PAY102183,O102183,2026-03-21,COD,1827.86,Success
PAY102184,O102184,2026-03-26,COD,12482.01,Success
PAY102185,O102185,2025-12-09,COD,451.27,Success
PAY102186,O102186,2025-10-25,UPI,11461.92,Success
PAY102187,O102187,2026-01-12,Credit Card,4856.13,Success
PAY102188,O102188,2026-03-10,COD,2910.12,Success
PAY102189,O102189,2026-07-26,Credit Card,23127.23,Success
PAY102190,O102190,2026-06-19,Debit Card,1034.42,Success
PAY102191,O102191,2026-03-25,Credit Card,10858.72,Success
PAY102192,O102192,2025-12-14,Credit Card,5246.95,Success
PAY102193,O102193,2026-05-17,Credit Card,25345.92,Success
PAY102194,O102194,2026-01-09,Net Banking,5866.43,Success
PAY102195,O102195,2026-08-20,UPI,1834.63,Success
PAY102196,O102196,2026-07-08,UPI,109494.66,Success
PAY102197,O102197,2026-05-13,Debit Card,109942.04,Refunded
PAY102198,O102198,2025-09-14,Credit Card,3826.68,Success
PAY102199,O102199,2026-06-28,Debit Card,6934.45,Refunded
PAY102200,O102200,2025-09-20,Net Banking,1846.84,Success
PAY102201,O102201,2026-03-19,Debit Card,1177.18,Success
PAY102202,O102202,2025-10-25,UPI,1604.45,Success
PAY102203,O102203,2025-12-19,Credit Card,9032.94,Success
PAY102204,O102204,2026-03-28,Credit Card,5329.29,Success
PAY102205,O102205,2025-10-24,Debit Card,4543.76,Success
PAY102206,O102206,2026-01-12,UPI,4942.18,Success
PAY102207,O102207,2026-01-11,UPI,2811.85,Success
PAY102208,O102208,2025-10-27,COD,238.84,Success
PAY102209,O102209,2025-12-16,Net Banking,17802.55,Success
PAY102210,O102210,2025-11-08,COD,4381.99,Success
PAY102211,O102211,2025-08-30,UPI,5513.66,Success
PAY102212,O102212,2026-02-11,Debit Card,3099.75,Success
PAY102213,O102213,2026-02-19,UPI,954.26,Success
PAY102214,O102214,2026-03-11,COD,206.69,Success
PAY102215,O102215,2026-01-10,Debit Card,2623.47,Success
PAY102216,O102216,2025-12-11,Debit Card,7506.34,Success
PAY102217,O102217,2025-12-24,UPI,4812.16,Success
PAY102218,O102218,2026-05-12,Credit Card,9038.11,Success
PAY102219,O102219,2025-10-13,Net Banking,1364.73,Success
PAY102220,O102220,2025-10-15,COD,6504.53,Success
PAY102221,O102221,2026-03-03,Credit Card,27485.51,Success
PAY102222,O102222,2026-06-03,COD,9866.55,Success
PAY102223,O102223,2025-11-01,UPI,4729.95,Success
PAY102224,O102224,2025-10-04,Net Banking,6891.64,Success
PAY102225,O102225,2026-07-05,Debit Card,47571.0,Success
PAY102226,O102226,2025-10-30,COD,965.55,Success
PAY102227,O102227,2025-12-23,COD,8869.89,Success
PAY102228,O102228,2025-11-17,COD,888.66,Success
PAY102229,O102229,2026-05-06,Debit Card,2928.95,Success
PAY102230,O102230,2026-01-03,COD,722.5,Success
PAY102231,O102231,2026-06-03,UPI,2405.73,Success
PAY102232,O102232,2025-11-26,Net Banking,9096.96,Success
PAY102233,O102233,2026-07-17,UPI,12349.85,Success
PAY102234,O102234,2026-01-18,UPI,1066.34,Success
PAY102235,O102235,2026-04-27,UPI,6072.35,Failed
PAY102236,O102236,2026-02-08,Debit Card,145222.87,Refunded
PAY102237,O102237,2026-05-06,Credit Card,42784.48,Success
PAY102238,O102238,2026-04-01,Debit Card,4978.89,Success
PAY102239,O102239,2026-04-07,UPI,4682.72,Success
PAY102240,O102240,2026-08-07,Credit Card,61821.52,Success
PAY102241,O102241,2025-12-09,UPI,64902.85,Success
PAY102242,O102242,2025-10-10,Credit Card,887.63,Success
PAY102243,O102243,2026-07-06,Debit Card,1894.17,Success
PAY102244,O102244,2026-05-03,Credit Card,2001.21,Success
PAY102245,O102245,2026-01-29,COD,714.29,Success
PAY102246,O102246,2025-12-08,COD,46239.28,Success
PAY102247,O102247,2026-04-27,Credit Card,26274.15,Success
PAY102248,O102248,2026-01-04,Net Banking,4904.2,Success
PAY102249,O102249,2026-04-11,UPI,3286.12,Success
PAY102250,O102250,2025-11-19,Credit Card,1493.03,Success
PAY102251,O102251,2026-04-16,Net Banking,625.33,Success
PAY102252,O102252,2025-10-22,Credit Card,1038.89,Success
PAY102253,O102253,2026-05-29,Credit Card,2878.48,Success
PAY102254,O102254,2026-07-04,Debit Card,5160.79,Success
PAY102255,O102255,2025-10-07,UPI,19651.69,Success
PAY102256,O102256,2025-09-18,Net Banking,18495.71,Success
PAY102257,O102257,2025-12-07,COD,26274.15,Success
PAY102258,O102258,2026-03-03,Debit Card,49063.23,Success
PAY102259,O102259,2026-02-20,Net Banking,2062.11,Success
PAY102260,O102260,2026-05-21,Debit Card,3306.4,Success
PAY102261,O102261,2025-10-02,Debit Card,1503.58,Success
PAY102262,O102262,2026-07-10,COD,1683.99,Success
PAY102263,O102263,2025-09-05,Net Banking,1846.84,Success
PAY102264,O102264,2026-07-29,Net Banking,2349.98,Success
PAY102265,O102265,2026-06-06,COD,1228.95,Success
PAY102266,O102266,2026-07-07,COD,732.89,Success
PAY102267,O102267,2026-04-20,COD,4429.52,Success
PAY102268,O102268,2026-05-07,COD,1834.11,Success
PAY102269,O102269,2026-04-18,Debit Card,4102.61,Success
PAY102270,O102270,2026-02-01,COD,2408.78,Success
PAY102271,O102271,2025-11-08,Credit Card,4597.44,Success
PAY102272,O102272,2026-06-27,UPI,1431.57,Success
PAY102273,O102273,2026-07-07,Debit Card,8581.29,Success
PAY102274,O102274,2025-12-10,COD,2646.67,Success
PAY102275,O102275,2026-06-20,Debit Card,2741.79,Success
PAY102276,O102276,2026-02-28,COD,1406.04,Success
PAY102277,O102277,2026-04-08,COD,1521.85,Success
PAY102278,O102278,2025-12-23,UPI,1445.82,Success
PAY102279,O102279,2025-12-14,Net Banking,1754.78,Success
PAY102280,O102280,2025-12-05,COD,3252.49,Success
PAY102281,O102281,2025-12-07,UPI,1123.76,Success
PAY102282,O102282,2025-10-01,Debit Card,3043.7,Success
PAY102283,O102283,2025-08-27,Net Banking,2315.13,Success
PAY102284,O102284,2025-09-14,Debit Card,509.62,Success
PAY102285,O102285,2026-04-20,Debit Card,4116.62,Success
PAY102286,O102286,2025-09-22,UPI,54747.33,Success
PAY102287,O102287,2025-11-29,Credit Card,14826.54,Success
PAY102288,O102288,2026-07-26,Debit Card,710.1,Success
PAY102289,O102289,2026-01-29,Debit Card,1412.62,Success
PAY102290,O102290,2026-06-30,Credit Card,436.09,Success
PAY102291,O102291,2025-12-14,Net Banking,1658.92,Success
PAY102292,O102292,2026-03-30,Credit Card,3036.18,Success
PAY102293,O102293,2025-10-12,Debit Card,42813.9,Success
PAY102294,O102294,2025-11-08,Credit Card,868.79,Success
PAY102295,O102295,2025-10-31,COD,1452.42,Success
PAY102296,O102296,2025-10-06,UPI,1291.12,Success
PAY102297,O102297,2026-07-28,Debit Card,682.36,Success
PAY102298,O102298,2026-02-07,COD,69358.92,Success
PAY102299,O102299,2026-07-11,Debit Card,38372.92,Success
PAY102300,O102300,2025-09-25,Net Banking,7482.94,Success
PAY102301,O102301,2026-05-18,COD,1819.39,Success
PAY102302,O102302,2026-04-21,Credit Card,1859.8,Refunded
PAY102303,O102303,2025-09-20,Net Banking,3966.03,Success
PAY102304,O102304,2026-03-28,Credit Card,23119.64,Success
PAY102305,O102305,2025-11-28,Credit Card,5621.96,Success
PAY102306,O102306,2025-12-13,Debit Card,29881.38,Success
PAY102307,O102307,2026-03-19,UPI,1500.79,Success
PAY102308,O102308,2026-05-15,UPI,5125.84,Success
PAY102309,O102309,2026-07-19,COD,3177.73,Success
PAY102310,O102310,2026-08-17,Net Banking,4337.27,Success
PAY102311,O102311,2025-09-14,Debit Card,10019.78,Success
PAY102312,O102312,2026-06-26,Debit Card,3944.41,Success
PAY102313,O102313,2026-06-16,UPI,4479.08,Success
PAY102314,O102314,2026-03-31,Net Banking,1851.5,Success
PAY102315,O102315,2025-10-12,COD,8256.45,Success
PAY102316,O102316,2026-08-07,Debit Card,3372.89,Success
PAY102317,O102317,2025-11-06,Debit Card,66160.32,Success
PAY102318,O102318,2025-09-25,UPI,1033.25,Success
PAY102319,O102319,2025-09-03,COD,3445.82,Success
PAY102320,O102320,2026-05-02,Credit Card,12307.84,Success
PAY102321,O102321,2026-07-31,UPI,3036.18,Success
PAY102322,O102322,2026-01-28,Debit Card,3826.68,Success
PAY102323,O102323,2026-03-08,COD,42041.66,Success
PAY102324,O102324,2026-05-11,COD,295.95,Success
PAY102325,O102325,2025-11-08,Net Banking,3344.13,Refunded
PAY102326,O102326,2025-12-25,COD,11390.86,Success
PAY102327,O102327,2026-05-15,Credit Card,12454.5,Success
PAY102328,O102328,2026-07-21,UPI,2676.13,Success
PAY102329,O102329,2025-11-05,COD,1139.13,Success
PAY102330,O102330,2025-12-19,Credit Card,798.87,Success
PAY102331,O102331,2026-01-11,Debit Card,6728.48,Success
PAY102332,O102332,2026-01-14,UPI,8741.96,Success
PAY102333,O102333,2026-05-12,UPI,2406.08,Success
PAY102334,O102334,2025-10-22,Net Banking,3347.45,Success
PAY102335,O102335,2026-01-16,Credit Card,28901.15,Success
PAY102336,O102336,2026-08-22,Debit Card,61235.48,Success
PAY102337,O102337,2025-12-23,Net Banking,533.26,Success
PAY102338,O102338,2026-01-24,Credit Card,8741.96,Success
PAY102339,O102339,2025-11-12,Debit Card,4216.47,Success
PAY102340,O102340,2026-08-17,Credit Card,1794.47,Failed
PAY102341,O102341,2026-02-11,Debit Card,11167.78,Success
PAY102342,O102342,2026-02-06,COD,23663.55,Success
PAY102343,O102343,2026-05-06,UPI,3007.16,Success
PAY102344,O102344,2025-10-13,COD,1045.48,Success
PAY102345,O102345,2026-05-19,COD,34651.61,Success
PAY102346,O102346,2025-10-19,Credit Card,2628.73,Success
PAY102347,O102347,2025-08-31,Credit Card,175.69,Success
PAY102348,O102348,2026-06-26,Debit Card,6417.8,Success
PAY102349,O102349,2025-11-15,Net Banking,7420.98,Success
PAY102350,O102350,2026-08-03,Credit Card,3035.76,Success
PAY102351,O102351,2025-10-01,Credit Card,51433.1,Refunded
PAY102352,O102352,2026-05-21,Credit Card,1011.23,Success
PAY102353,O102353,2026-05-13,Debit Card,664.62,Success
PAY102354,O102354,2026-08-13,COD,2304.37,Success
PAY102355,O102355,2026-01-08,Credit Card,831.11,Success
PAY102356,O102356,2026-06-20,UPI,32616.98,Success
PAY102357,O102357,2025-11-27,Debit Card,25163.26,Success
PAY102358,O102358,2025-09-14,COD,4217.78,Success
PAY102359,O102359,2026-05-29,UPI,1521.85,Success
PAY102360,O102360,2025-12-11,COD,4199.33,Success
PAY102361,O102361,2026-04-20,Debit Card,161880.44,Success
PAY102362,O102362,2025-12-07,UPI,413.38,Success
PAY102363,O102363,2026-08-08,Debit Card,1816.37,Success
PAY102364,O102364,2026-03-27,UPI,3689.44,Success
PAY102365,O102365,2025-10-23,COD,155250.09,Success
PAY102366,O102366,2025-11-17,Credit Card,98126.46,Success
PAY102367,O102367,2025-12-16,Net Banking,3795.18,Success
PAY102368,O102368,2025-11-05,COD,2171.74,Success
PAY102369,O102369,2026-03-30,Credit Card,6688.26,Success
PAY102370,O102370,2026-08-17,UPI,1002.62,Success
PAY102371,O102371,2026-01-12,COD,3318.56,Success
PAY102372,O102372,2026-05-09,UPI,2256.67,Success
PAY102373,O102373,2025-12-10,Debit Card,9505.16,Success
PAY102374,O102374,2025-09-13,UPI,2295.33,Success
PAY102375,O102375,2026-05-05,Credit Card,9331.84,Success
PAY102376,O102376,2025-09-07,UPI,38372.92,Failed
PAY102377,O102377,2026-08-15,Net Banking,14241.11,Success
PAY102378,O102378,2026-08-03,UPI,1686.5,Success
PAY102379,O102379,2025-10-31,COD,1122.66,Refunded
PAY102380,O102380,2025-09-28,Debit Card,1811.98,Success
PAY102381,O102381,2025-10-27,Net Banking,1294.97,Success
PAY102382,O102382,2026-01-17,COD,4090.47,Success
PAY102383,O102383,2025-11-10,COD,1013.02,Success
PAY102384,O102384,2026-01-12,Credit Card,15018.19,Success
PAY102385,O102385,2026-02-23,Net Banking,2406.08,Success
PAY102386,O102386,2026-06-05,UPI,583.37,Success
PAY102387,O102387,2026-01-26,Debit Card,3874.69,Success
PAY102388,O102388,2026-02-08,COD,5309.7,Success
PAY102389,O102389,2026-07-24,UPI,3917.43,Success
PAY102390,O102390,2025-11-13,Net Banking,3530.81,Success
PAY102391,O102391,2026-05-31,Net Banking,1521.85,Success
PAY102392,O102392,2026-07-31,COD,2767.08,Success
PAY102393,O102393,2025-10-06,Net Banking,564.96,Success
PAY102394,O102394,2026-05-19,Net Banking,11052.38,Success
PAY102395,O102395,2026-08-11,Credit Card,1553.68,Success
PAY102396,O102396,2026-03-04,COD,1264.04,Success
PAY102397,O102397,2026-07-07,Net Banking,2132.68,Success
PAY102398,O102398,2026-04-06,Credit Card,10824.0,Success
PAY102399,O102399,2026-01-06,UPI,11842.86,Success
PAY102400,O102400,2026-06-20,Credit Card,11833.23,Failed
PAY102401,O102401,2026-04-15,UPI,4665.92,Success
PAY102402,O102402,2025-09-10,UPI,2830.01,Success
PAY102403,O102403,2026-05-09,Debit Card,106961.2,Success
PAY102404,O102404,2026-03-20,Credit Card,1363.78,Success
PAY102405,O102405,2026-05-17,UPI,4665.92,Success
PAY102406,O102406,2026-06-02,Credit Card,2990.34,Success
PAY102407,O102407,2025-11-17,UPI,106961.2,Success
PAY102408,O102408,2025-12-12,COD,1345.65,Success
PAY102409,O102409,2026-06-05,UPI,2953.78,Success
PAY102410,O102410,2025-12-01,COD,1005.25,Success
PAY102411,O102411,2025-09-01,Net Banking,6945.39,Success
PAY102412,O102412,2025-11-26,COD,15502.04,Success
PAY102413,O102413,2025-09-04,Debit Card,6822.72,Success
PAY102414,O102414,2026-07-13,COD,529.73,Success
PAY102415,O102415,2026-03-07,COD,8944.83,Success
PAY102416,O102416,2025-11-08,COD,159.95,Success
PAY102417,O102417,2025-10-08,COD,7676.87,Success
PAY102418,O102418,2026-02-08,Debit Card,2236.64,Success
PAY102419,O102419,2025-09-03,UPI,10772.02,Success
PAY102420,O102420,2026-02-25,Credit Card,1439.82,Success
PAY102421,O102421,2026-08-14,Debit Card,33080.16,Success
PAY102422,O102422,2026-04-08,Credit Card,1428.4,Success
PAY102423,O102423,2025-10-23,Credit Card,94362.24,Success
PAY102424,O102424,2026-04-24,Net Banking,165600.1,Success
PAY102425,O102425,2026-08-06,COD,8016.08,Success
PAY102426,O102426,2026-04-21,Net Banking,1262.78,Success
PAY102427,O102427,2026-06-01,Net Banking,3035.76,Success
PAY102428,O102428,2026-04-02,Credit Card,4214.1,Success
PAY102429,O102429,2026-07-14,UPI,3433.23,Success
PAY102430,O102430,2025-12-24,UPI,2315.13,Success
PAY102431,O102431,2026-02-19,Credit Card,137598.37,Success
PAY102432,O102432,2026-03-14,COD,109579.28,Success
PAY102433,O102433,2026-01-26,COD,19340.36,Success
PAY102434,O102434,2025-09-10,Debit Card,1082.17,Failed
PAY102435,O102435,2025-12-04,Credit Card,3849.73,Success
PAY102436,O102436,2026-06-04,UPI,1993.22,Success
PAY102437,O102437,2026-01-02,UPI,8144.04,Success
PAY102438,O102438,2026-02-19,UPI,1575.1,Success
PAY102439,O102439,2026-07-30,Net Banking,1683.99,Success
PAY102440,O102440,2026-03-12,Debit Card,56236.27,Success
PAY102441,O102441,2026-03-12,UPI,4331.81,Success
PAY102442,O102442,2026-03-15,COD,3444.01,Success
PAY102443,O102443,2026-02-16,Credit Card,12672.96,Success
PAY102444,O102444,2025-12-03,Net Banking,103577.93,Success
PAY102445,O102445,2026-01-07,Net Banking,5803.85,Success
PAY102446,O102446,2026-07-31,UPI,1491.56,Success
PAY102447,O102447,2025-09-24,Net Banking,1428.58,Success
PAY102448,O102448,2025-10-11,Credit Card,18237.69,Success
PAY102449,O102449,2026-01-08,COD,12430.4,Success
PAY102450,O102450,2026-07-09,UPI,355.98,Success
PAY102451,O102451,2026-01-08,Net Banking,2869.16,Success
PAY102452,O102452,2025-11-16,Debit Card,12307.84,Success
PAY102453,O102453,2026-03-26,Credit Card,789.65,Success
PAY102454,O102454,2026-04-23,COD,877.39,Success
PAY102455,O102455,2026-07-22,Net Banking,664.62,Success
PAY102456,O102456,2026-08-12,Credit Card,181834.04,Success
PAY102457,O102457,2026-08-16,Credit Card,854.35,Failed
PAY102458,O102458,2026-08-09,Net Banking,2807.65,Success
PAY102459,O102459,2026-03-30,Credit Card,6515.23,Success
PAY102460,O102460,2025-11-21,Debit Card,3629.61,Success
PAY102461,O102461,2026-05-27,COD,31911.73,Success
PAY102462,O102462,2026-01-13,Debit Card,14590.15,Success
PAY102463,O102463,2026-04-23,Debit Card,802.78,Success
PAY102464,O102464,2025-10-19,Credit Card,2278.26,Success
PAY102465,O102465,2026-01-20,COD,338.18,Success
PAY102466,O102466,2026-04-30,Credit Card,2739.33,Success
PAY102467,O102467,2026-07-28,UPI,2646.67,Success
PAY102468,O102468,2026-04-06,UPI,6694.9,Success
PAY102469,O102469,2025-09-21,UPI,3530.81,Success
PAY102470,O102470,2026-03-25,COD,2376.29,Success
PAY102471,O102471,2026-02-08,Debit Card,1061.09,Failed
PAY102472,O102472,2026-07-28,Debit Card,771.46,Refunded
PAY102473,O102473,2026-07-24,COD,302.58,Success
PAY102474,O102474,2026-07-23,Net Banking,7803.12,Success
PAY102475,O102475,2026-08-07,Credit Card,667.38,Success
PAY102476,O102476,2026-03-18,Debit Card,1404.7,Success
PAY102477,O102477,2025-09-30,Debit Card,68434.16,Success
PAY102478,O102478,2026-03-08,Debit Card,4174.06,Success
PAY102480,O102480,2025-12-29,Debit Card,4665.92,Success
PAY102481,O102481,2025-11-06,Net Banking,316.01,Success
PAY102482,O102482,2026-08-16,Net Banking,8421.15,Success
PAY102483,O102483,2025-08-30,Net Banking,9331.84,Success
PAY102484,O102484,2025-11-30,Credit Card,2251.19,Success
PAY102485,O102485,2026-02-24,Net Banking,361.02,Success
PAY102486,O102486,2026-07-23,Net Banking,4690.08,Success
PAY102487,O102487,2026-04-16,Credit Card,6257.58,Success
PAY102488,O102488,2025-08-28,Credit Card,1524.51,Success
PAY102489,O102489,2026-02-15,Debit Card,2977.51,Success
PAY102490,O102490,2026-04-26,Net Banking,5217.58,Success
PAY102491,O102491,2026-06-17,Debit Card,5649.3,Success
PAY102492,O102492,2026-03-13,COD,2793.2,Success
PAY102493,O102493,2025-08-25,UPI,69071.26,Success
PAY102494,O102494,2025-10-04,COD,6204.32,Success
PAY102495,O102495,2026-05-21,Debit Card,2574.89,Success
PAY102496,O102496,2026-03-12,Debit Card,2777.8,Success
PAY102497,O102497,2026-04-01,Net Banking,1404.7,Success
PAY102498,O102498,2026-05-09,Debit Card,2658.48,Success
PAY102499,O102499,2026-08-19,Debit Card,4929.18,Success
PAY102500,O102500,2026-06-30,UPI,17325.81,Success
PAY102501,O102501,2026-08-22,Debit Card,1580.83,Success
PAY102502,O102502,2026-05-14,Credit Card,3465.45,Success
PAY102503,O102503,2026-08-02,UPI,2066.5,Success
PAY102504,O102504,2026-02-14,Debit Card,15537.72,Success
PAY102505,O102505,2026-03-10,Net Banking,9694.28,Success
PAY102506,O102506,2026-03-03,Net Banking,645.56,Success
PAY102507,O102507,2026-06-20,UPI,2860.43,Success
PAY102508,O102508,2026-08-02,Credit Card,4604.78,Success
PAY102509,O102509,2025-11-03,Credit Card,434.39,Success
PAY102510,O102510,2026-08-01,UPI,6866.46,Success
PAY102511,O102511,2025-12-04,COD,2608.79,Success
PAY102512,O102512,2026-01-29,Credit Card,11842.86,Success
PAY102513,O102513,2026-07-24,Credit Card,6913.11,Success
PAY102514,O102514,2025-10-22,UPI,4007.91,Success
PAY102515,O102515,2026-05-22,Net Banking,11242.98,Failed
PAY102516,O102516,2026-05-04,COD,482.66,Success
PAY102517,O102517,2026-01-31,COD,24728.61,Success
PAY102518,O102518,2026-06-06,COD,6021.96,Refunded
PAY102519,O102519,2025-12-21,UPI,597.1,Success
PAY102520,O102520,2025-08-30,COD,1568.01,Success
PAY102521,O102521,2026-06-07,Debit Card,264.8,Success
PAY102522,O102522,2026-05-14,Net Banking,5327.07,Success
PAY102523,O102523,2026-07-14,Debit Card,3136.02,Success
PAY102524,O102524,2026-02-19,Credit Card,352.77,Success
PAY102525,O102525,2025-09-10,Debit Card,2863.14,Success
PAY102526,O102526,2026-06-28,Debit Card,4942.18,Success
PAY102527,O102527,2025-08-28,UPI,3237.43,Success
PAY102528,O102528,2026-06-18,UPI,12672.96,Success
PAY102529,O102529,2026-03-07,COD,16865.58,Success
PAY102530,O102530,2026-01-01,UPI,597.1,Success
PAY102531,O102531,2026-03-03,COD,4933.27,Success
PAY102532,O102532,2026-05-19,Credit Card,511.84,Success
PAY102533,O102533,2026-06-13,COD,23663.55,Success
PAY102534,O102534,2025-12-02,Net Banking,4119.82,Success
PAY102535,O102535,2025-09-17,UPI,2932.12,Success
PAY102536,O102536,2025-09-30,Credit Card,47606.06,Success
PAY102537,O102537,2025-10-03,UPI,1445.76,Success
PAY102538,O102538,2026-03-18,Debit Card,169265.98,Success
PAY102539,O102539,2026-03-30,COD,4963.46,Success
PAY102540,O102540,2025-08-23,Debit Card,8994.38,Refunded
PAY102541,O102541,2025-08-23,COD,2473.66,Success
PAY102542,O102542,2026-02-01,Credit Card,44669.27,Refunded
PAY102543,O102543,2026-07-18,Net Banking,54971.02,Success
PAY102544,O102544,2026-01-09,Debit Card,4835.09,Success
PAY102546,O102546,2025-09-14,Net Banking,2469.15,Success
PAY102547,O102547,2026-02-21,Debit Card,5590.52,Success
PAY102548,O102548,2025-10-06,UPI,4832.13,Success
PAY102549,O102549,2026-01-26,Credit Card,1010.39,Success
PAY102550,O102550,2026-06-15,Credit Card,571.43,Success
PAY102551,O102551,2026-04-27,Debit Card,1259.47,Success
PAY102552,O102552,2026-02-15,Net Banking,6728.48,Success
PAY102553,O102553,2025-09-22,Credit Card,3107.6,Success
PAY102554,O102554,2026-05-16,Credit Card,3273.53,Refunded
PAY102555,O102555,2025-12-12,Net Banking,898.13,Success
PAY102556,O102556,2026-06-11,COD,6336.48,Success
PAY102557,O102557,2026-05-18,Credit Card,17791.85,Success
PAY102558,O102558,2025-12-08,UPI,43770.46,Success
PAY102559,O102559,2025-08-23,Debit Card,34535.63,Success
PAY102560,O102560,2026-03-25,COD,2809.4,Success
PAY102561,O102561,2025-11-30,Net Banking,6950.06,Success
PAY102562,O102562,2026-02-24,Debit Card,269.85,Success
PAY102563,O102563,2026-05-21,Debit Card,10425.09,Success
PAY102564,O102564,2026-06-07,Net Banking,7373.98,Failed
PAY102565,O102565,2026-04-05,Credit Card,9031.61,Success
PAY102566,O102566,2026-08-06,UPI,206.69,Success
PAY102567,O102567,2026-07-15,COD,537.39,Success
PAY102568,O102568,2026-01-29,COD,2064.11,Success
PAY102569,O102569,2026-05-18,COD,1359.99,Success
PAY102570,O102570,2026-07-11,COD,3001.19,Refunded
PAY102571,O102571,2026-07-29,Debit Card,9116.92,Success
PAY102572,O102572,2026-03-03,Credit Card,171255.6,Success
PAY102573,O102573,2026-01-14,COD,1948.49,Success
PAY102574,O102574,2026-01-05,Credit Card,906.39,Success
PAY102575,O102575,2026-02-05,Credit Card,82456.53,Success
PAY102576,O102576,2025-09-29,Debit Card,5031.47,Success
PAY102577,O102577,2025-12-16,COD,9955.68,Success
PAY102578,O102578,2025-10-27,UPI,525.03,Success
PAY102579,O102579,2025-10-02,Net Banking,2090.96,Success
PAY102580,O102580,2026-04-11,UPI,1754.78,Success
PAY102581,O102581,2026-04-26,Net Banking,1034.57,Success
PAY102582,O102582,2025-11-15,Net Banking,3530.81,Success
PAY102583,O102583,2026-03-08,Credit Card,355.98,Success
PAY102584,O102584,2026-04-01,COD,7227.26,Success
PAY102585,O102585,2025-10-25,Debit Card,4978.89,Success
PAY102586,O102586,2025-09-07,UPI,505.2,Success
PAY102587,O102587,2025-11-24,COD,1643.06,Success
PAY102588,O102588,2026-07-05,UPI,1045.48,Success
PAY102589,O102589,2025-12-19,Net Banking,6922.43,Success
PAY102590,O102590,2025-12-12,COD,6019.43,Success
PAY102591,O102591,2025-12-23,Debit Card,12127.28,Success
PAY102592,O102592,2025-10-23,UPI,9259.32,Success
PAY102593,O102593,2025-09-24,Credit Card,9200.4,Success
PAY102594,O102594,2026-06-18,Credit Card,114968.11,Success
PAY102595,O102595,2025-10-26,COD,762.64,Success
PAY102596,O102596,2025-09-07,COD,2860.43,Success
PAY102597,O102597,2026-04-29,UPI,11990.38,Success
PAY102598,O102598,2026-06-07,Debit Card,16256.9,Success
PAY102599,O102599,2025-08-31,Credit Card,205302.48,Success
PAY102600,O102600,2025-08-25,UPI,2285.78,Success
PAY102601,O102601,2026-02-24,Net Banking,4244.37,Success
PAY102602,O102602,2026-03-26,Debit Card,4543.76,Success
PAY102603,O102603,2026-02-27,Debit Card,218.04,Success
PAY102604,O102604,2026-03-12,Debit Card,599.66,Success
PAY102605,O102605,2025-08-26,Credit Card,5386.01,Success
PAY102606,O102606,2025-11-21,Debit Card,8803.46,Success
PAY102607,O102607,2026-02-09,COD,196.36,Success
PAY102608,O102608,2025-09-25,Net Banking,24736.96,Success
PAY102609,O102609,2025-10-21,UPI,12408.64,Refunded
PAY102610,O102610,2025-10-16,Credit Card,1139.13,Success
PAY102611,O102611,2026-05-08,Credit Card,4168.96,Success
PAY102612,O102612,2026-01-24,Net Banking,383.58,Success
PAY102613,O102613,2025-09-24,COD,6340.73,Success
PAY102614,O102614,2025-09-07,Credit Card,13909.84,Success
PAY102615,O102615,2026-05-09,Debit Card,68434.16,Success
PAY102616,O102616,2025-12-30,COD,5996.26,Success
PAY102617,O102617,2025-12-01,COD,2677.96,Success
PAY102618,O102618,2025-11-15,UPI,2020.79,Success
PAY102619,O102619,2025-12-28,COD,1264.23,Success
PAY102620,O102620,2026-07-03,Credit Card,991.73,Success
PAY102621,O102621,2025-08-29,Debit Card,9217.48,Success
PAY102622,O102622,2026-03-19,UPI,371.34,Success
PAY102623,O102623,2025-12-25,Credit Card,50326.53,Success
PAY102624,O102624,2026-06-20,Credit Card,61297.14,Success
PAY102625,O102625,2025-12-20,Credit Card,4543.76,Success
PAY102626,O102626,2025-11-11,Debit Card,3325.57,Success
PAY102627,O102627,2026-04-06,Credit Card,36475.38,Success
PAY102628,O102628,2026-05-08,UPI,19007.77,Success
PAY102629,O102629,2026-06-23,Net Banking,72950.76,Success
PAY102630,O102630,2025-09-29,Credit Card,2568.9,Success
PAY102631,O102631,2026-08-20,UPI,1334.46,Success
PAY102632,O102632,2025-12-11,UPI,311.53,Refunded
PAY102633,O102633,2026-06-04,UPI,17322.15,Success
PAY102634,O102634,2025-11-04,Credit Card,11209.05,Success
PAY102635,O102635,2025-09-26,UPI,1045.48,Success
PAY102636,O102636,2026-08-12,UPI,2810.98,Success
PAY102637,O102637,2026-02-06,COD,3242.49,Success
PAY102638,O102638,2025-09-18,Debit Card,338.18,Success
PAY102639,O102639,2025-11-19,COD,7459.68,Success
PAY102640,O102640,2025-12-06,Debit Card,287.38,Success
PAY102641,O102641,2026-01-06,Credit Card,5419.76,Success
PAY102642,O102642,2026-07-18,Credit Card,2541.79,Success
PAY102643,O102643,2026-01-15,Credit Card,4333.28,Success
PAY102644,O102644,2025-09-03,Debit Card,632.02,Success
PAY102645,O102645,2025-11-02,COD,7042.77,Success
PAY102646,O102646,2025-08-23,Net Banking,1375.9,Success
PAY102647,O102647,2025-12-11,COD,10791.34,Success
PAY102648,O102648,2026-02-11,COD,1521.85,Success
PAY102649,O102649,2025-10-03,UPI,52895.62,Refunded
PAY102650,O102650,2026-02-05,COD,3035.76,Success
PAY102651,O102651,2026-04-05,COD,4950.64,Success
PAY102652,O102652,2025-08-25,COD,2986.06,Success
PAY102653,O102653,2025-10-31,Debit Card,6930.9,Success
PAY102654,O102654,2026-05-13,Credit Card,3306.4,Success
PAY102655,O102655,2026-04-21,Debit Card,3686.99,Success
PAY102656,O102656,2025-09-30,Credit Card,268.61,Success
PAY102657,O102657,2026-06-07,Net Banking,6951.68,Success
PAY102658,O102658,2025-12-01,Credit Card,1901.03,Success
PAY102659,O102659,2026-08-17,UPI,15353.74,Success
PAY102660,O102660,2026-08-07,Net Banking,1898.8,Success
PAY102661,O102661,2026-03-14,COD,5526.19,Success
PAY102662,O102662,2025-12-05,Credit Card,6728.48,Success
PAY102663,O102663,2026-01-10,Debit Card,1331.77,Success
PAY102664,O102664,2026-02-01,Net Banking,1528.86,Success
PAY102665,O102665,2025-12-29,COD,6172.88,Success
PAY102666,O102666,2026-05-12,COD,36475.38,Success
PAY102667,O102667,2026-05-05,Debit Card,913.93,Success
PAY102668,O102668,2025-10-17,UPI,3321.61,Success
PAY102669,O102669,2026-03-09,Net Banking,5625.36,Success
PAY102670,O102670,2026-05-13,COD,68434.16,Refunded
PAY102671,O102671,2025-12-27,Net Banking,16675.84,Success
PAY102672,O102672,2025-09-27,Net Banking,3693.67,Success
PAY102673,O102673,2026-03-03,UPI,558.06,Success
PAY102674,O102674,2025-10-22,Debit Card,3795.18,Success
PAY102675,O102675,2026-03-25,Credit Card,509.62,Success
PAY102676,O102676,2025-10-08,Credit Card,1503.58,Success
PAY102677,O102677,2025-11-05,UPI,100501.68,Success
PAY102678,O102678,2026-03-21,Net Banking,6323.32,Success
PAY102679,O102679,2026-04-19,Debit Card,12784.11,Success
PAY102680,O102680,2026-08-01,COD,98947.84,Success
PAY102681,O102681,2025-12-16,Net Banking,4832.13,Success
PAY102682,O102682,2025-08-26,COD,3036.18,Success
PAY102683,O102683,2025-09-29,Net Banking,4351.58,Success
PAY102684,O102684,2026-02-10,UPI,2315.13,Success
PAY102685,O102685,2025-09-03,UPI,1667.04,Success
PAY102686,O102686,2025-08-21,Credit Card,5604.53,Success
PAY102687,O102687,2026-06-13,COD,17682.31,Success
PAY102688,O102688,2025-10-24,Credit Card,3689.44,Success
PAY102689,O102689,2026-02-11,Debit Card,3532.23,Success
PAY102690,O102690,2026-07-10,UPI,3107.36,Success
PAY102691,O102691,2025-12-03,UPI,2957.51,Success
PAY102692,O102692,2026-07-26,Credit Card,2087.03,Success
PAY102693,O102693,2025-12-08,UPI,1524.51,Success
PAY102694,O102694,2026-03-02,COD,6040.16,Success
PAY102695,O102695,2026-03-03,UPI,2138.66,Success
PAY102696,O102696,2026-05-20,Credit Card,1445.82,Success
PAY102697,O102697,2026-04-04,Debit Card,872.14,Success
PAY102698,O102698,2026-02-26,UPI,109029.4,Success
PAY102699,O102699,2025-10-07,Net Banking,3623.96,Success
PAY102700,O102700,2026-06-13,COD,2729.45,Success
PAY102701,O102701,2025-10-22,UPI,287.91,Success
PAY102702,O102702,2026-04-22,UPI,583.37,Success
PAY102703,O102703,2025-10-02,Credit Card,13900.12,Success
PAY102704,O102704,2026-04-20,Net Banking,14085.54,Success
PAY102705,O102705,2026-01-11,COD,2349.98,Success
PAY102706,O102706,2026-08-13,Debit Card,531.7,Success
PAY102707,O102707,2026-06-16,UPI,36475.38,Success
PAY102708,O102708,2025-12-03,Debit Card,667.38,Success
PAY102709,O102709,2025-12-04,Debit Card,1066.34,Success
PAY102710,O102710,2026-01-04,Debit Card,193375.2,Failed
PAY102711,O102711,2026-01-28,UPI,3107.6,Success
PAY102712,O102712,2026-01-27,Net Banking,1993.22,Success
PAY102713,O102713,2026-01-30,Net Banking,1618.71,Success
PAY102714,O102714,2025-09-18,Net Banking,1495.17,Success
PAY102715,O102715,2026-01-07,Credit Card,2274.24,Success
PAY102716,O102716,2025-12-10,Debit Card,3465.45,Success
PAY102717,O102717,2025-12-03,Debit Card,10555.83,Success
PAY102718,O102718,2026-07-08,COD,11831.77,Success
PAY102719,O102719,2025-12-17,COD,2233.88,Success
PAY102720,O102720,2025-11-05,Debit Card,917.32,Success
PAY102721,O102721,2026-08-05,COD,165.35,Success
PAY102722,O102722,2025-08-24,Credit Card,1542.92,Success
PAY102723,O102723,2026-04-23,Net Banking,9116.92,Success
PAY102724,O102724,2026-07-25,Debit Card,5590.52,Success
PAY102725,O102725,2026-05-12,Debit Card,17728.74,Success
PAY102726,O102726,2026-02-11,Net Banking,4008.04,Success
PAY102727,O102727,2026-01-30,Credit Card,15455.38,Success
PAY102728,O102728,2025-12-24,Net Banking,776.84,Success
PAY102729,O102729,2026-07-19,Net Banking,2741.79,Failed
PAY102730,O102730,2025-10-13,Net Banking,206.69,Success
PAY102731,O102731,2025-08-21,UPI,2953.78,Success
PAY102732,O102732,2026-08-04,UPI,4586.28,Success
PAY102733,O102733,2025-10-15,Credit Card,27485.51,Success
PAY102734,O102734,2026-02-22,UPI,154700.16,Success
PAY102735,O102735,2025-11-17,Debit Card,965.55,Success
PAY102736,O102736,2026-04-30,Credit Card,15069.43,Success
PAY102737,O102737,2026-03-25,UPI,8895.92,Success
PAY102738,O102738,2026-07-06,UPI,3099.75,Success
PAY102739,O102739,2026-01-05,Credit Card,965.55,Success
PAY102740,O102740,2025-09-23,Net Banking,5597.64,Success
PAY102741,O102741,2026-03-06,Net Banking,64458.4,Failed
PAY102742,O102742,2026-08-04,COD,9331.84,Success
PAY102743,O102743,2026-06-05,Credit Card,583.37,Success
PAY102744,O102744,2026-07-25,Net Banking,1445.0,Success
PAY102745,O102745,2025-09-09,Net Banking,8861.33,Success
PAY102746,O102746,2026-04-17,Debit Card,1038.89,Success
PAY102747,O102747,2026-04-12,COD,3286.12,Success
PAY102748,O102748,2026-03-18,UPI,1654.17,Success
PAY102749,O102749,2025-09-11,Debit Card,3966.03,Success
PAY102750,O102750,2025-08-25,Net Banking,2857.16,Success
PAY102751,O102751,2025-10-26,Credit Card,9884.36,Success
PAY102752,O102752,2026-03-14,UPI,9884.36,Success
PAY102753,O102753,2025-09-06,Credit Card,8741.96,Success
PAY102754,O102754,2026-06-11,Net Banking,1016.93,Success
PAY102755,O102755,2026-05-21,UPI,1610.14,Success
PAY102756,O102756,2026-05-13,COD,1844.72,Success
PAY102757,O102757,2025-09-27,Debit Card,1560.91,Success
PAY102758,O102758,2026-03-03,Net Banking,371.34,Success
PAY102759,O102759,2026-07-11,Credit Card,5505.52,Success
PAY102760,O102760,2025-11-20,Credit Card,4665.92,Success
PAY102761,O102761,2026-05-07,COD,4143.39,Success
PAY102762,O102762,2025-12-08,COD,583.37,Success
PAY102763,O102763,2025-11-04,COD,21963.66,Success
PAY102764,O102764,2026-06-05,UPI,11461.92,Success
PAY102765,O102765,2026-04-07,Debit Card,5621.96,Success
PAY102766,O102766,2026-06-06,COD,145222.87,Success
PAY102767,O102767,2026-01-20,Net Banking,136868.32,Success
PAY102768,O102768,2025-12-11,COD,1139.13,Success
PAY102769,O102769,2026-06-01,COD,18645.26,Success
PAY102770,O102770,2026-06-23,COD,1907.35,Success
PAY102771,O102771,2026-06-23,UPI,2641.46,Success
PAY102772,O102772,2026-01-24,COD,2435.61,Success
PAY102773,O102773,2026-03-24,Net Banking,1375.9,Success
PAY102774,O102774,2026-05-02,Debit Card,1525.39,Success
PAY102775,O102775,2026-01-28,UPI,6204.32,Success
PAY102776,O102776,2025-10-09,Debit Card,3252.49,Success
PAY102777,O102777,2026-06-21,Net Banking,246362.98,Success
PAY102778,O102778,2026-04-24,Debit Card,19812.29,Success
PAY102779,O102779,2026-03-29,Net Banking,2676.13,Success
PAY102780,O102780,2025-10-28,Credit Card,407.7,Success
PAY102781,O102781,2026-03-02,Credit Card,38372.92,Success
PAY102782,O102782,2025-12-11,COD,2751.81,Success
PAY102783,O102783,2026-06-16,Credit Card,4181.64,Success
PAY102784,O102784,2026-04-21,COD,3706.64,Success
PAY102785,O102785,2026-07-04,Net Banking,8869.89,Success
PAY102786,O102786,2025-11-19,Net Banking,2443.21,Success
PAY102787,O102787,2025-12-29,Net Banking,4316.57,Success
PAY102788,O102788,2026-03-31,UPI,771.46,Refunded
PAY102789,O102789,2025-10-27,Credit Card,1135.94,Success
PAY102790,O102790,2025-08-31,COD,4452.59,Success
PAY102791,O102791,2025-11-21,UPI,80940.22,Success
PAY102792,O102792,2026-06-28,COD,843.25,Refunded
PAY102793,O102793,2025-10-26,COD,2654.85,Success
PAY102794,O102794,2026-06-12,UPI,213922.4,Success
PAY102795,O102795,2025-12-28,COD,868.23,Success
PAY102796,O102796,2025-08-23,Credit Card,6934.45,Success
PAY102797,O102797,2025-10-28,UPI,21094.69,Success
PAY102798,O102798,2026-01-10,Debit Card,2840.82,Success
PAY102799,O102799,2026-02-11,Credit Card,1353.22,Success
PAY102800,O102800,2026-07-27,Net Banking,5397.65,Success
PAY102801,O102801,2025-11-27,Net Banking,4325.96,Success
PAY102802,O102802,2026-05-30,UPI,20855.04,Success
PAY102803,O102803,2025-09-05,Credit Card,361.02,Success
PAY102804,O102804,2026-06-23,COD,61235.48,Success
PAY102805,O102805,2025-12-11,Debit Card,10888.82,Success
PAY102806,O102806,2025-11-26,Credit Card,2446.15,Success
PAY102807,O102807,2025-11-13,COD,72908.55,Success
PAY102808,O102808,2026-04-26,COD,1722.01,Success
PAY102809,O102809,2026-07-15,UPI,13731.79,Success
PAY102810,O102810,2026-06-19,Debit Card,56218.59,Success
PAY102811,O102811,2026-03-03,Credit Card,1293.57,Success
PAY102812,O102812,2025-11-10,Credit Card,4593.34,Failed
PAY102813,O102813,2025-09-12,Debit Card,12404.95,Success
PAY102814,O102814,2025-11-15,Credit Card,3007.16,Success
PAY102815,O102815,2025-12-07,Credit Card,3588.41,Success
PAY102816,O102816,2026-05-31,COD,206.69,Success
PAY102817,O102817,2026-03-15,COD,1445.76,Success
PAY102818,O102818,2026-04-27,UPI,3199.02,Success
PAY102819,O102819,2026-01-21,UPI,8093.43,Success
PAY102820,O102820,2025-12-11,UPI,18723.01,Success
PAY102821,O102821,2026-07-28,Credit Card,3560.28,Success
PAY102822,O102822,2026-04-29,Net Banking,1291.12,Success
PAY102823,O102823,2026-04-25,Net Banking,917.32,Success
PAY102824,O102824,2026-01-30,Debit Card,2574.89,Success
PAY102825,O102825,2026-05-04,Net Banking,8154.22,Success
PAY102826,O102826,2026-07-27,Credit Card,8230.44,Success
PAY102827,O102827,2025-08-26,Debit Card,1562.14,Success
PAY102828,O102828,2025-11-03,UPI,12482.01,Success
PAY102829,O102829,2026-02-13,Net Banking,315.64,Success
PAY102830,O102830,2026-02-22,UPI,1265.06,Success
PAY102831,O102831,2025-12-15,Credit Card,24736.96,Success
PAY102832,O102832,2026-08-10,Net Banking,1129.92,Success
PAY102833,O102833,2025-12-25,Credit Card,3036.14,Success
PAY102834,O102834,2025-10-22,Credit Card,1859.8,Success
PAY102835,O102835,2026-08-12,Net Banking,100501.68,Refunded
PAY102836,O102836,2026-02-14,Credit Card,90917.02,Success
PAY102837,O102837,2026-07-20,Net Banking,3387.8,Success
PAY102838,O102838,2025-08-22,Debit Card,12454.5,Success
PAY102839,O102839,2026-05-26,UPI,4593.34,Success
PAY102840,O102840,2026-08-20,Credit Card,737.89,Success
PAY102841,O102841,2026-08-02,Net Banking,54514.7,Success
PAY102842,O102842,2025-12-11,COD,42784.48,Success
PAY102843,O102843,2026-08-03,Debit Card,27819.68,Success
PAY102844,O102844,2025-09-04,Debit Card,20716.96,Success
PAY102845,O102845,2026-07-23,UPI,29881.38,Success
PAY102846,O102846,2026-02-11,UPI,6143.17,Success
PAY102847,O102847,2025-09-28,UPI,2446.15,Success
PAY102848,O102848,2026-06-02,UPI,4401.73,Success
PAY102849,O102849,2026-05-27,Debit Card,2975.68,Success
PAY102850,O102850,2026-08-13,Credit Card,7227.26,Success
PAY102851,O102851,2026-05-21,UPI,283.62,Success
PAY102852,O102852,2026-07-03,Debit Card,25030.32,Success
PAY102853,O102853,2026-04-30,Credit Card,370.66,Success
PAY102854,O102854,2025-11-16,COD,383.58,Success
PAY102855,O102855,2025-11-29,Credit Card,32376.09,Success
PAY102856,O102856,2025-09-14,Net Banking,1973.89,Success
PAY102857,O102857,2026-07-13,COD,8691.0,Success
PAY102858,O102858,2026-08-12,COD,3185.51,Success
PAY102859,O102859,2026-06-13,UPI,42316.5,Success
PAY102860,O102860,2026-04-11,COD,6336.48,Success
PAY102861,O102861,2025-11-16,Debit Card,87223.52,Success
PAY102862,O102862,2025-11-22,Credit Card,407.7,Success
PAY102863,O102863,2026-06-14,Credit Card,5586.4,Success
PAY102864,O102864,2026-07-04,Net Banking,645.56,Success
PAY102865,O102865,2026-03-28,UPI,1683.99,Success
PAY102866,O102866,2026-01-01,Net Banking,5597.64,Success
PAY102867,O102867,2026-06-27,UPI,4613.32,Success
PAY102868,O102868,2026-05-24,Credit Card,23685.72,Success
PAY102869,O102869,2026-03-05,COD,8028.39,Success
PAY102870,O102870,2026-03-11,Net Banking,47571.0,Success
PAY102871,O102871,2026-02-16,Credit Card,1183.81,Success
PAY102872,O102872,2025-10-22,UPI,645.56,Success
PAY102873,O102873,2026-02-02,Debit Card,10824.0,Refunded
PAY102874,O102874,2026-07-19,Net Banking,2676.13,Success
PAY102875,O102875,2025-12-13,Credit Card,24909.0,Success
PAY102876,O102876,2026-01-27,Credit Card,5955.01,Success
PAY102877,O102877,2026-05-01,Net Banking,9331.84,Success
PAY102878,O102878,2026-05-02,Credit Card,2151.87,Success
PAY102879,O102879,2025-11-20,COD,1453.1,Success
PAY102880,O102880,2025-12-26,Net Banking,1189.5,Success
PAY102881,O102881,2026-01-16,COD,3521.31,Success
PAY102882,O102882,2026-07-25,COD,19009.44,Success
PAY102883,O102883,2026-04-25,Net Banking,477.13,Success
PAY102884,O102884,2026-06-25,Debit Card,287.38,Success
PAY102885,O102885,2026-03-09,COD,32827.84,Success
PAY102886,O102886,2026-07-26,Credit Card,531.7,Success
PAY102887,O102887,2025-10-18,Debit Card,2879.12,Failed
PAY102888,O102888,2026-07-24,COD,1428.58,Success
PAY102889,O102889,2025-10-13,Debit Card,1599.79,Success
PAY102890,O102890,2025-12-22,Credit Card,531.53,Success
PAY102891,O102891,2026-04-25,UPI,37479.06,Success
PAY102892,O102892,2026-01-26,Debit Card,9742.63,Refunded
PAY102893,O102893,2025-11-27,Net Banking,3362.89,Success
PAY102894,O102894,2026-03-17,Credit Card,37479.06,Success
PAY102895,O102895,2026-04-19,Net Banking,19812.29,Success
PAY102896,O102896,2026-04-26,Debit Card,4835.09,Success
PAY102897,O102897,2026-05-19,COD,3107.6,Success
PAY102898,O102898,2026-06-02,Debit Card,21963.66,Success
PAY102899,O102899,2025-10-23,Debit Card,26389.58,Success
PAY102900,O102900,2026-04-28,Credit Card,1145.26,Success
PAY102901,O102901,2026-08-06,Credit Card,1301.24,Refunded
PAY102902,O102902,2025-09-14,UPI,3910.95,Success
PAY102903,O102903,2026-01-08,UPI,5449.11,Success
PAY102904,O102904,2026-02-04,Net Banking,3944.41,Success
PAY102905,O102905,2025-11-22,Net Banking,6572.24,Success
PAY102906,O102906,2026-05-15,Credit Card,2469.15,Success
PAY102907,O102907,2026-06-22,COD,5555.59,Success
PAY102908,O102908,2025-10-04,Credit Card,5308.54,Success
PAY102909,O102909,2026-08-13,UPI,89316.43,Success
PAY102910,O102910,2025-11-03,COD,1331.77,Success
PAY102911,O102911,2026-02-25,UPI,1329.24,Success
PAY102912,O102912,2026-01-06,Net Banking,5329.29,Success
PAY102913,O102913,2025-08-24,UPI,75489.79,Success
PAY102914,O102914,2026-02-15,UPI,11563.62,Success
PAY102915,O102915,2026-08-17,UPI,6694.9,Success
PAY102916,O102916,2026-04-27,UPI,934.59,Success
PAY102917,O102917,2026-04-04,COD,568.82,Success
PAY102918,O102918,2025-10-20,Debit Card,21274.49,Failed
PAY102919,O102919,2025-09-05,COD,2840.82,Success
PAY102920,O102920,2025-09-16,COD,5547.56,Success
PAY102921,O102921,2026-07-17,Credit Card,1287.74,Success
PAY102922,O102922,2026-05-03,Net Banking,977.09,Success
PAY102923,O102923,2026-03-12,Net Banking,623.06,Success
PAY102924,O102924,2025-12-16,Credit Card,10637.89,Success
PAY102925,O102925,2025-08-25,Debit Card,833.52,Refunded
PAY102926,O102926,2026-05-13,COD,3874.69,Success
PAY102927,O102927,2026-04-01,Credit Card,1217.48,Success
PAY102928,O102928,2025-11-28,UPI,3001.19,Success
PAY102929,O102929,2025-10-19,Debit Card,568.82,Success
PAY102930,O102930,2025-10-08,UPI,9926.91,Success
PAY102931,O102931,2026-01-23,Credit Card,500.26,Success
PAY102932,O102932,2026-04-07,Debit Card,72950.76,Success
PAY102933,O102933,2026-04-18,Credit Card,1439.82,Success
PAY102934,O102934,2025-11-01,COD,9260.52,Success
PAY102935,O102935,2026-02-02,Net Banking,101480.24,Success
PAY102936,O102936,2026-03-19,COD,3683.29,Success
PAY102937,O102937,2026-02-19,Credit Card,16413.92,Failed
PAY102938,O102938,2026-02-20,Credit Card,509.71,Success
PAY102939,O102939,2026-08-05,UPI,103577.93,Success
PAY102940,O102940,2026-03-04,UPI,6643.22,Success
PAY102941,O102941,2025-12-08,UPI,23577.13,Success
PAY102942,O102942,2026-07-08,Debit Card,1431.57,Success
PAY102943,O102943,2025-09-20,COD,74210.88,Success
PAY102944,O102944,2025-10-01,Net Banking,3372.89,Success
PAY102945,O102945,2025-10-03,COD,7306.83,Success
PAY102946,O102946,2026-05-27,Net Banking,1816.37,Success
PAY102947,O102947,2026-05-14,Debit Card,8864.37,Success
PAY102948,O102948,2026-03-14,Credit Card,5979.67,Success
PAY102949,O102949,2026-02-03,Net Banking,128916.8,Success
PAY102950,O102950,2026-06-21,Debit Card,1525.28,Success
PAY102951,O102951,2025-12-23,Net Banking,1645.07,Success
PAY102952,O102952,2025-12-08,Credit Card,11788.56,Success
PAY102953,O102953,2026-01-09,UPI,3286.12,Success
PAY102954,O102954,2025-10-24,UPI,3007.16,Success
PAY102955,O102955,2026-01-29,Debit Card,5992.96,Success
PAY102956,O102956,2026-08-22,Debit Card,61590.74,Success
PAY102957,O102957,2025-10-05,COD,180769.8,Success
PAY102958,O102958,2026-02-27,COD,2073.93,Success
PAY102959,O102959,2026-03-06,Net Banking,792.51,Success
PAY102960,O102960,2026-02-06,COD,3336.88,Failed
PAY102961,O102961,2026-04-22,Net Banking,562.8,Success
PAY102962,O102962,2026-08-01,UPI,8304.02,Success
PAY102963,O102963,2026-06-27,Net Banking,8473.94,Success
PAY102964,O102964,2026-02-26,Net Banking,410.26,Success
PAY102965,O102965,2026-01-10,UPI,2714.68,Success
PAY102966,O102966,2025-12-14,Debit Card,12111.26,Success
PAY102967,O102967,2026-06-25,Credit Card,1525.28,Success
PAY102968,O102968,2026-02-08,Credit Card,2035.73,Success
PAY102969,O102969,2025-12-19,COD,2100.13,Success
PAY102970,O102970,2025-10-27,COD,13194.79,Success
PAY102971,O102971,2025-09-07,COD,5352.26,Success
PAY102972,O102972,2025-12-06,COD,2840.82,Success
PAY102973,O102973,2025-10-17,COD,155250.09,Success
PAY102974,O102974,2025-09-03,Net Banking,287.38,Success
PAY102975,O102975,2026-05-14,Net Banking,2473.66,Success
PAY102976,O102976,2025-12-22,Credit Card,1224.38,Success
PAY102977,O102977,2025-11-05,Net Banking,7749.38,Success
PAY102978,O102978,2026-02-08,UPI,2810.98,Success
PAY102979,O102979,2026-07-28,UPI,22501.43,Success
PAY102980,O102980,2026-07-05,Net Banking,2714.68,Success
PAY102981,O102981,2026-06-22,Credit Card,913.93,Success
PAY102982,O102982,2026-07-30,Net Banking,7270.69,Success
PAY102983,O102983,2025-10-12,UPI,717.29,Success
PAY102984,O102984,2026-03-13,COD,834.22,Success
PAY102985,O102985,2026-01-12,Credit Card,213922.4,Success
PAY102986,O102986,2025-09-27,UPI,2083.62,Success
PAY102987,O102987,2026-01-17,Credit Card,6708.54,Success
PAY102988,O102988,2026-03-22,Debit Card,834.22,Success
PAY102989,O102989,2026-04-09,Debit Card,5382.61,Refunded
PAY102990,O102990,2026-01-11,COD,2151.87,Success
PAY102991,O102991,2026-04-21,Net Banking,258.64,Success
PAY102992,O102992,2025-09-16,UPI,15502.04,Refunded
PAY102993,O102993,2026-05-05,Credit Card,701.91,Success
PAY102994,O102994,2026-08-07,COD,1045.48,Success
PAY102995,O102995,2026-05-20,UPI,664.62,Success
PAY102996,O102996,2026-04-16,Net Banking,631.39,Success
PAY102997,O102997,2026-07-28,Net Banking,1605.56,Success
PAY102998,O102998,2026-05-27,UPI,7227.26,Success
PAY102999,O102999,2026-04-01,UPI,509.62,Success
PAY103000,O103000,2025-09-19,Debit Card,13909.84,Success
PAY103001,O103001,2026-08-02,UPI,4976.76,Success
PAY103002,O103002,2026-05-31,Net Banking,4835.09,Success
PAY103003,O103003,2025-08-25,COD,1405.93,Success
PAY103004,O103004,2026-07-19,Credit Card,561.33,Success
PAY103005,O103005,2026-01-30,COD,95142.0,Success
PAY103006,O103006,2026-02-02,COD,1264.94,Success
PAY103007,O103007,2026-02-27,Credit Card,23215.4,Success
PAY103008,O103008,2025-11-28,Credit Card,3438.58,Success
PAY103009,O103009,2025-10-09,Net Banking,90384.9,Success
PAY103010,O103010,2026-01-12,COD,4214.1,Success
PAY103011,O103011,2026-01-15,Credit Card,95212.12,Success
PAY103012,O103012,2025-11-26,Debit Card,52552.08,Success
PAY103013,O103013,2026-06-01,Net Banking,1183.81,Success
PAY103014,O103014,2026-02-03,Credit Card,1364.73,Success
PAY103015,O103015,2026-04-05,Credit Card,218058.8,Success
PAY103016,O103016,2026-03-16,Credit Card,5453.02,Success
PAY103017,O103017,2025-10-04,UPI,4475.81,Success
PAY103018,O103018,2025-09-28,COD,52548.29,Success
PAY103019,O103019,2026-01-04,UPI,7373.98,Success
PAY103020,O103020,2025-11-13,COD,97850.95,Success
PAY103021,O103021,2026-05-30,Credit Card,3682.04,Refunded
PAY103022,O103022,2025-12-05,Credit Card,5458.18,Success
PAY103023,O103023,2025-11-02,Debit Card,1418.17,Success
PAY103024,O103024,2026-08-08,COD,1216.83,Success
PAY103025,O103025,2026-08-03,Debit Card,348.86,Success
PAY103026,O103026,2025-10-20,Credit Card,105791.24,Failed
PAY103027,O103027,2026-08-11,Credit Card,52895.62,Failed
PAY103028,O103028,2025-09-15,UPI,711.96,Success
PAY103029,O103029,2026-08-01,Debit Card,2333.48,Success
PAY103030,O103030,2026-05-07,COD,3036.18,Success
PAY103031,O103031,2026-07-25,COD,22104.76,Success
PAY103032,O103032,2026-08-09,COD,3269.47,Success
PAY103033,O103033,2025-09-28,Credit Card,1045.48,Success
PAY103034,O103034,2026-03-02,Credit Card,51433.1,Success
PAY103035,O103035,2026-05-31,Net Banking,1264.23,Success
PAY103036,O103036,2025-10-27,Credit Card,8841.9,Success
PAY103037,O103037,2026-06-16,Credit Card,2697.81,Success
PAY103038,O103038,2025-11-24,Net Banking,2387.99,Success
PAY103039,O103039,2026-07-06,Credit Card,1852.1,Failed
PAY103040,O103040,2025-10-06,UPI,11405.66,Failed
PAY103041,O103041,2025-10-21,Debit Card,1744.28,Success
PAY103042,O103042,2026-04-20,Net Banking,9399.91,Success
PAY103043,O103043,2026-01-24,COD,74958.12,Success
PAY103044,O103044,2026-08-08,COD,741.32,Success
PAY103045,O103045,2025-11-23,COD,1495.17,Success
PAY103046,O103046,2026-01-08,COD,6950.06,Success
PAY103047,O103047,2025-08-21,Credit Card,10955.74,Refunded
PAY103048,O103048,2026-08-11,UPI,3510.33,Success
PAY103049,O103049,2026-01-01,Credit Card,33361.52,Success
PAY103050,O103050,2025-11-08,Debit Card,511.84,Success
PAY103051,O103051,2026-06-09,Debit Card,4870.8,Success
PAY103052,O103052,2025-10-09,COD,722.03,Success
PAY103053,O103053,2026-01-15,COD,8864.37,Success
PAY103054,O103054,2026-03-10,Net Banking,128353.44,Success
PAY103055,O103055,2026-01-25,UPI,2183.78,Success
PAY103056,O103056,2025-12-02,Net Banking,3085.84,Success
PAY103057,O103057,2026-07-19,Net Banking,36475.38,Success
PAY103058,O103058,2025-12-22,Credit Card,717.29,Success
PAY103059,O103059,2026-01-03,Debit Card,722.03,Success
PAY103060,O103060,2025-11-11,Credit Card,76113.6,Success
PAY103061,O103061,2026-01-15,Debit Card,34320.12,Success
PAY103062,O103062,2026-03-31,Net Banking,4699.95,Success
PAY103063,O103063,2026-01-19,Net Banking,4553.64,Success
PAY103064,O103064,2026-06-20,Debit Card,2928.95,Success
PAY103065,O103065,2025-10-19,Net Banking,4181.92,Success
PAY103066,O103066,2026-06-10,Debit Card,20016.91,Success
PAY103067,O103067,2026-06-10,Net Banking,1308.21,Success
PAY103068,O103068,2025-10-04,COD,16256.9,Success
PAY103069,O103069,2025-09-04,Credit Card,17406.32,Success
PAY103070,O103070,2026-03-15,COD,15670.4,Success
PAY103071,O103071,2026-05-09,UPI,2857.16,Success
PAY103072,O103072,2026-03-17,COD,20716.96,Success
PAY103073,O103073,2026-06-28,COD,123181.49,Success
PAY103074,O103074,2026-01-26,COD,3849.73,Success
PAY103075,O103075,2026-03-12,COD,796.47,Success
PAY103076,O103076,2026-05-11,Credit Card,11370.04,Success
PAY103077,O103077,2025-10-05,COD,12345.76,Success
PAY103078,O103078,2026-01-07,Debit Card,4832.13,Success
PAY103079,O103079,2025-10-08,Credit Card,7459.68,Success
PAY103080,O103080,2026-07-21,Debit Card,6409.71,Success
PAY103081,O103081,2026-01-15,Debit Card,147487.59,Success
PAY103082,O103082,2026-08-09,Net Banking,253.77,Success
PAY103083,O103083,2026-07-21,UPI,1963.17,Success
PAY103084,O103084,2026-06-12,Debit Card,4378.3,Success
PAY103085,O103085,2026-05-06,Debit Card,1005.25,Success
PAY103086,O103086,2025-10-08,COD,249.22,Success
PAY103087,O103087,2026-01-16,Credit Card,2469.15,Success
PAY103088,O103088,2026-05-19,Credit Card,625.33,Success
PAY103089,O103089,2026-02-13,Net Banking,3107.6,Success
PAY103090,O103090,2026-01-20,COD,717.29,Refunded
PAY103091,O103091,2026-01-02,Net Banking,802.78,Success
PAY103092,O103092,2025-12-25,UPI,3170.04,Success
PAY103093,O103093,2026-03-31,UPI,5293.16,Success
PAY103094,O103094,2026-08-08,Credit Card,617.17,Success
PAY103095,O103095,2026-04-04,Credit Card,17606.92,Success
PAY103096,O103096,2025-12-15,Credit Card,1894.17,Success
PAY103097,O103097,2026-04-26,Net Banking,10425.09,Success
PAY103098,O103098,2026-04-19,Debit Card,9694.28,Success
PAY103099,O103099,2025-09-30,UPI,449.06,Success
PAY103100,O103100,2026-08-22,UPI,2996.48,Success
PAY103101,O103101,2026-01-31,Debit Card,1010.39,Success
PAY103102,O103102,2026-03-12,Net Banking,5056.92,Success
PAY103103,O103103,2026-02-12,Debit Card,2080.83,Success
PAY103104,O103104,2026-06-16,Debit Card,4384.1,Failed
PAY103105,O103105,2026-07-23,Credit Card,109579.28,Success
PAY103106,O103106,2026-07-01,Net Banking,5382.61,Failed
PAY103107,O103107,2026-07-20,COD,2259.84,Success
PAY103108,O103108,2025-10-24,Credit Card,50250.84,Success
PAY103109,O103109,2025-09-13,Net Banking,316.01,Success
PAY103110,O103110,2026-01-09,UPI,18063.22,Failed
PAY103111,O103111,2025-12-04,Debit Card,5412.0,Success
PAY103112,O103112,2026-02-20,UPI,16608.04,Success
PAY103113,O103113,2026-08-10,UPI,3670.34,Success
PAY103114,O103114,2026-07-17,Net Banking,1662.79,Success
PAY103115,O103115,2025-10-18,COD,10251.68,Success
PAY103116,O103116,2025-12-14,UPI,311.53,Success
PAY103118,O103118,2025-11-18,Credit Card,1434.58,Success
PAY103119,O103119,2025-12-28,Debit Card,15029.67,Success
PAY103120,O103120,2026-07-28,UPI,87223.52,Success
PAY103121,O103121,2025-09-12,COD,3529.21,Success
PAY103122,O103122,2025-12-18,Net Banking,1396.6,Success
PAY103123,O103123,2026-05-13,Net Banking,23119.64,Success
PAY103124,O103124,2026-04-28,UPI,2632.17,Success
PAY103125,O103125,2026-02-24,Net Banking,6072.35,Success
PAY103126,O103126,2025-10-11,COD,159.95,Success
PAY103127,O103127,2026-06-16,Net Banking,229.52,Success
PAY103128,O103128,2025-09-02,COD,1852.1,Success
PAY103129,O103129,2025-12-14,Net Banking,2188.66,Success
PAY103130,O103130,2025-10-29,Net Banking,1503.58,Success
PAY103131,O103131,2026-03-12,Credit Card,5876.14,Success
PAY103132,O103132,2026-03-24,Debit Card,284.78,Success
PAY103133,O103133,2026-01-21,Net Banking,6415.98,Success
PAY103134,O103134,2025-09-17,Debit Card,14728.15,Success
PAY103135,O103135,2026-07-14,Credit Card,2077.78,Success
PAY103136,O103136,2026-02-22,UPI,4036.96,Success
PAY103137,O103137,2026-06-27,UPI,632.02,Success
PAY103138,O103138,2025-11-12,UPI,116025.12,Success
PAY103139,O103139,2026-03-01,Debit Card,926.66,Success
PAY103140,O103140,2026-01-14,UPI,843.25,Success
PAY103141,O103141,2026-03-17,Debit Card,2098.13,Failed
PAY103142,O103142,2026-01-18,UPI,16187.01,Success
PAY103143,O103143,2025-12-11,Net Banking,66160.32,Success
PAY103144,O103144,2026-04-02,Net Banking,4331.81,Success
PAY103145,O103145,2025-11-18,Debit Card,4472.42,Success
PAY103146,O103146,2026-05-18,Net Banking,809.54,Success
PAY103147,O103147,2025-12-31,Credit Card,1404.7,Success
PAY103148,O103148,2025-10-19,COD,17449.7,Success
PAY103149,O103149,2026-08-12,Debit Card,3031.82,Success
PAY103150,O103150,2026-04-03,Credit Card,193375.2,Success
PAY103151,O103151,2025-12-14,Debit Card,1843.5,Success
PAY103152,O103152,2025-09-24,Net Banking,210208.32,Success
PAY103153,O103153,2026-06-17,Net Banking,3275.68,Success
PAY103154,O103154,2026-01-03,Credit Card,9322.8,Failed
PAY103155,O103155,2025-10-13,Net Banking,2039.08,Success
PAY103156,O103156,2025-11-19,Debit Card,164368.92,Success
PAY103157,O103157,2026-02-02,UPI,1114.02,Success
PAY103158,O103158,2025-09-13,COD,12672.96,Success
PAY103159,O103159,2026-03-07,Net Banking,2767.08,Success
PAY103160,O103160,2026-03-25,Credit Card,2567.07,Success
PAY103161,O103161,2026-04-16,UPI,3423.67,Success
PAY103162,O103162,2026-06-08,Debit Card,7615.28,Success
PAY103163,O103163,2026-07-21,Debit Card,18681.75,Success
PAY103164,O103164,2026-02-07,Credit Card,12544.93,Success
PAY103165,O103165,2026-07-23,UPI,1501.6,Success
PAY103166,O103166,2026-02-07,Net Banking,18028.57,Success
PAY103167,O103167,2026-04-28,COD,7058.42,Success
PAY103168,O103168,2025-09-08,UPI,27806.72,Success
PAY103169,O103169,2025-09-11,COD,3406.83,Success
PAY103170,O103170,2026-03-14,Credit Card,2158.29,Success
PAY103171,O103171,2026-05-13,Credit Card,1431.57,Success
PAY103172,O103172,2025-10-11,Net Banking,2576.83,Success
PAY103173,O103173,2026-01-13,UPI,714.29,Success
PAY103174,O103174,2025-12-16,Net Banking,2675.3,Success
PAY103175,O103175,2025-12-26,COD,5547.56,Success
PAY103176,O103176,2025-12-28,COD,11181.04,Success
PAY103177,O103177,2026-07-02,UPI,2188.66,Success
PAY103178,O103178,2025-09-23,Net Banking,3075.55,Success
PAY103179,O103179,2026-05-02,Debit Card,7834.86,Success
PAY103180,O103180,2025-12-04,Net Banking,15207.55,Failed
PAY103181,O103181,2025-10-08,Debit Card,922.36,Success
PAY103182,O103182,2026-06-22,COD,2151.87,Success
PAY103183,O103183,2026-08-16,COD,9901.28,Success
PAY103184,O103184,2026-06-28,Debit Card,4329.6,Success
PAY103185,O103185,2025-12-07,Debit Card,1668.44,Success
PAY103186,O103186,2026-02-20,COD,1415.95,Success
PAY103187,O103187,2025-10-22,Credit Card,6294.39,Success
PAY103189,O103189,2025-10-28,COD,919.49,Success
PAY103190,O103190,2026-01-15,Credit Card,872.18,Success
PAY103191,O103191,2026-07-09,Net Banking,2654.85,Success
PAY103192,O103192,2025-11-10,Credit Card,564.96,Success
PAY103193,O103193,2026-06-16,Credit Card,694.31,Success
PAY103194,O103194,2025-12-28,Credit Card,13009.95,Success
PAY103195,O103195,2026-04-18,Credit Card,5590.52,Success
PAY103196,O103196,2025-12-23,Net Banking,54971.02,Success
PAY103197,O103197,2026-07-18,Debit Card,81184.19,Success
PAY103198,O103198,2026-03-31,Net Banking,6637.12,Success
PAY103199,O103199,2025-10-20,COD,981.59,Success
PAY103200,O103200,2025-09-02,Net Banking,2026.05,Success
PAY103201,O103201,2026-08-19,COD,2869.08,Success
PAY103202,O103202,2026-04-03,Credit Card,18237.69,Success
PAY103203,O103203,2025-11-29,COD,5735.0,Success
PAY103204,O103204,2026-02-26,Net Banking,834.22,Success
PAY103205,O103205,2025-12-14,Debit Card,210208.32,Refunded
PAY103206,O103206,2025-09-09,Net Banking,17985.57,Success
PAY103207,O103207,2025-09-06,UPI,30648.57,Success
PAY103208,O103208,2025-10-18,Credit Card,1415.95,Success
PAY103209,O103209,2026-06-05,UPI,127.96,Success
PAY103210,O103210,2026-06-20,Debit Card,1403.82,Success
PAY103211,O103211,2026-02-10,Credit Card,640.76,Success
PAY103212,O103212,2026-07-25,UPI,2623.47,Success
PAY103213,O103213,2026-03-16,Credit Card,25021.14,Success
PAY103214,O103214,2025-10-22,Net Banking,54085.71,Success
PAY103215,O103215,2026-06-25,UPI,3715.33,Success
PAY103216,O103216,2025-09-13,UPI,3010.98,Success
PAY103217,O103217,2025-09-10,COD,4978.89,Success
PAY103218,O103218,2026-04-15,UPI,8661.07,Success
PAY103219,O103219,2025-12-18,UPI,46337.49,Success
PAY103220,O103220,2025-11-22,Credit Card,9947.14,Success
PAY103221,O103221,2026-02-02,Net Banking,1270.89,Success
PAY103222,O103222,2025-12-22,Debit Card,8390.52,Success
PAY103223,O103223,2026-06-17,COD,1936.56,Success
PAY103224,O103224,2026-04-26,UPI,5894.28,Success
PAY103225,O103225,2026-01-04,COD,1866.78,Success
PAY103226,O103226,2026-06-04,Credit Card,181528.59,Success
PAY103227,O103227,2026-07-31,Net Banking,2567.12,Success
PAY103228,O103228,2026-01-21,Credit Card,2810.98,Success
PAY103229,O103229,2025-09-18,Net Banking,18739.53,Success
PAY103230,O103230,2025-10-16,Credit Card,264.8,Success
PAY103231,O103231,2025-09-27,Net Banking,125816.32,Success
PAY103232,O103232,2026-05-22,Net Banking,5720.86,Success
PAY103233,O103233,2026-01-07,Net Banking,152227.2,Success
PAY103234,O103234,2026-05-13,Debit Card,3325.57,Success
PAY103235,O103235,2026-06-13,UPI,68434.16,Success
PAY103236,O103236,2026-05-02,Net Banking,4133.0,Success
PAY103237,O103237,2026-05-08,COD,9269.6,Refunded
PAY103238,O103238,2025-10-09,Credit Card,50201.49,Success
PAY103239,O103239,2025-11-22,Debit Card,3269.47,Success
PAY103240,O103240,2026-03-07,Net Banking,3826.68,Success
PAY103241,O103241,2026-07-11,Debit Card,1993.86,Success
PAY103242,O103242,2025-12-16,UPI,13868.9,Success
PAY103243,O103243,2026-01-19,UPI,3176.92,Success
PAY103244,O103244,2025-08-31,COD,82456.53,Success
PAY103245,O103245,2026-02-06,COD,3814.7,Success
PAY103246,O103246,2026-06-23,UPI,7128.87,Success
PAY103247,O103247,2026-04-06,COD,69358.92,Success
PAY103248,O103248,2025-08-29,COD,16680.76,Success
PAY103249,O103249,2026-04-24,COD,18739.53,Success
PAY103250,O103250,2026-02-17,Net Banking,5059.76,Success
PAY103251,O103251,2026-04-28,Debit Card,20039.56,Success
PAY103252,O103252,2026-05-17,UPI,4565.55,Success
PAY103253,O103253,2025-12-13,UPI,3116.67,Success
PAY103254,O103254,2026-01-15,Net Banking,142713.0,Success
PAY103255,O103255,2025-11-23,COD,3475.03,Success
PAY103256,O103256,2025-08-29,Debit Card,5112.17,Success
PAY103257,O103257,2026-06-01,Net Banking,2640.98,Success
PAY103258,O103258,2026-04-06,Debit Card,159.95,Success
PAY103259,O103259,2026-05-06,Credit Card,976.96,Success
PAY103260,O103260,2026-02-28,Credit Card,16031.65,Refunded
PAY103261,O103261,2025-08-25,COD,12506.88,Success
PAY103262,O103262,2025-09-28,UPI,8028.39,Success
PAY103263,O103263,2026-01-15,UPI,1777.32,Success
PAY103264,O103264,2026-01-01,Net Banking,6113.02,Success
PAY103265,O103265,2026-01-30,Debit Card,1585.18,Success
PAY103266,O103266,2026-02-26,Credit Card,5337.86,Success
PAY103267,O103267,2026-06-10,UPI,1744.28,Success
PAY103268,O103268,2025-12-10,COD,3695.08,Success
PAY103269,O103269,2026-03-29,UPI,43987.53,Success
PAY103270,O103270,2025-11-29,COD,83230.7,Success
PAY103271,O103271,2026-08-09,COD,16413.92,Success
PAY103272,O103272,2025-12-28,COD,52222.47,Success
PAY103273,O103273,2026-03-13,UPI,30910.76,Success
PAY103274,O103274,2026-01-17,Net Banking,4124.22,Success
PAY103275,O103275,2026-02-27,Credit Card,826.76,Success
PAY103276,O103276,2026-06-07,Credit Card,1783.41,Success
PAY103277,O103277,2026-03-01,Credit Card,7120.55,Success
PAY103278,O103278,2026-03-21,Debit Card,509.62,Success
PAY103279,O103279,2025-09-10,Net Banking,2315.13,Success
PAY103280,O103280,2025-11-18,UPI,922.36,Success
PAY103281,O103281,2026-04-13,Credit Card,7407.46,Success
PAY103282,O103282,2026-06-26,Debit Card,3031.82,Failed
PAY103283,O103283,2026-04-13,COD,2300.1,Refunded
PAY103284,O103284,2026-05-02,Net Banking,1445.82,Success
PAY103285,O103285,2025-11-24,COD,9116.92,Success
PAY103286,O103286,2025-10-08,COD,1291.12,Success
PAY103287,O103287,2026-07-31,Debit Card,517.28,Success
PAY103288,O103288,2026-01-25,UPI,42041.66,Success
PAY103289,O103289,2026-07-27,COD,4871.22,Success
PAY103290,O103290,2026-06-28,UPI,8580.03,Success
PAY103291,O103291,2026-01-16,Credit Card,2317.4,Success
PAY103292,O103292,2026-01-27,UPI,2751.81,Failed
PAY103293,O103293,2026-05-22,Net Banking,5217.58,Success
PAY103294,O103294,2026-06-21,Debit Card,136868.32,Success
PAY103295,O103295,2026-02-28,Net Banking,15821.02,Success
PAY103296,O103296,2025-09-15,Net Banking,826.76,Failed
PAY103297,O103297,2026-03-11,Net Banking,8741.96,Success
PAY103298,O103298,2026-02-18,UPI,4556.52,Success
PAY103299,O103299,2026-07-30,UPI,12127.28,Success
PAY103300,O103300,2026-08-12,Debit Card,5352.26,Success
PAY103301,O103301,2026-06-14,UPI,253.77,Success
PAY103302,O103302,2026-01-23,UPI,831.11,Success
PAY103303,O103303,2026-04-08,Credit Card,573.83,Success
PAY103304,O103304,2025-11-30,COD,1575.97,Success
PAY103305,O103305,2026-05-29,Net Banking,1045.48,Success
PAY103306,O103306,2026-06-28,UPI,4133.0,Success
PAY103307,O103307,2026-04-11,UPI,51433.1,Success
PAY103308,O103308,2025-09-28,Credit Card,8864.37,Success
PAY103309,O103309,2026-01-02,UPI,4102.61,Success
PAY103310,O103310,2025-09-18,COD,1045.48,Success
PAY103311,O103311,2025-09-19,UPI,5317.76,Success
PAY103312,O103312,2025-10-14,UPI,1521.85,Success
PAY103313,O103313,2026-03-25,UPI,4981.8,Failed
PAY103314,O103314,2026-06-04,UPI,828.53,Success
PAY103315,O103315,2025-08-30,Net Banking,2502.66,Success
PAY103316,O103316,2025-12-10,COD,8239.65,Success
PAY103317,O103317,2026-01-03,UPI,1016.93,Success
PAY103318,O103318,2026-04-27,Net Banking,18739.53,Success
PAY103319,O103319,2025-09-01,Net Banking,10637.89,Success
PAY103320,O103320,2026-02-24,Net Banking,48132.54,Success
PAY103321,O103321,2025-12-02,Debit Card,24909.0,Success
PAY103322,O103322,2026-05-14,COD,1495.17,Success
PAY103323,O103323,2025-10-11,Net Banking,3826.68,Success
PAY103324,O103324,2025-10-26,Net Banking,887.63,Success
PAY103325,O103325,2026-01-16,Debit Card,4494.72,Success
PAY103326,O103326,2026-01-23,Credit Card,1714.83,Success
PAY103327,O103327,2026-05-31,Net Banking,6227.25,Success
PAY103328,O103328,2026-03-28,COD,4093.63,Success
PAY103329,O103329,2026-01-13,Credit Card,12825.73,Success
PAY103330,O103330,2026-05-31,Net Banking,206.69,Success
PAY103331,O103331,2025-10-22,Credit Card,21267.97,Success
PAY103332,O103332,2026-04-17,Credit Card,4174.06,Success
PAY103333,O103333,2026-03-16,Net Banking,4941.98,Success
PAY103334,O103334,2026-01-30,Net Banking,2570.7,Success
PAY103335,O103335,2026-02-11,UPI,833.52,Success
PAY103336,O103336,2025-11-08,Credit Card,578.33,Success
PAY103337,O103337,2026-06-20,Net Banking,43611.76,Success
PAY103338,O103338,2026-01-15,UPI,1852.1,Success
PAY103339,O103339,2025-10-05,Credit Card,14826.54,Success
PAY103340,O103340,2026-06-26,Net Banking,1618.71,Success
PAY103341,O103341,2026-01-19,Debit Card,668.41,Success
PAY103342,O103342,2025-11-03,Net Banking,4978.89,Success
PAY103343,O103343,2025-10-30,Credit Card,4152.43,Success
PAY103344,O103344,2026-06-27,Debit Card,10251.68,Failed
PAY103345,O103345,2025-12-09,Net Banking,1158.38,Success
PAY103346,O103346,2026-01-10,UPI,6945.39,Success
PAY103347,O103347,2025-09-05,Credit Card,244.27,Success
PAY103348,O103348,2026-01-25,Net Banking,6688.26,Success
PAY103349,O103349,2026-06-03,Credit Card,3632.74,Success
PAY103350,O103350,2026-04-02,Credit Card,5060.24,Refunded
PAY103351,O103351,2026-05-15,Net Banking,13207.06,Success
PAY103352,O103352,2026-07-06,Net Banking,5719.21,Success
PAY103353,O103353,2026-03-04,Debit Card,19388.56,Success
PAY103354,O103354,2025-09-24,Credit Card,6055.63,Success
PAY103355,O103355,2026-01-21,Credit Card,3185.51,Success
PAY103356,O103356,2025-09-10,Credit Card,3158.6,Success
PAY103357,O103357,2025-10-03,COD,295.95,Success
PAY103358,O103358,2026-07-01,UPI,3465.45,Success
PAY103359,O103359,2025-11-11,Debit Card,130835.28,Success
PAY103360,O103360,2026-07-19,Net Banking,480.22,Success
PAY103361,O103361,2025-10-31,Debit Card,9884.36,Success
PAY103362,O103362,2026-03-22,Credit Card,4577.64,Success
PAY103363,O103363,2026-06-23,Credit Card,887.63,Success
PAY103364,O103364,2026-07-17,Debit Card,38372.92,Success
PAY103365,O103365,2026-04-06,Debit Card,76110.18,Success
PAY103366,O103366,2026-07-01,COD,79731.78,Success
PAY103367,O103367,2026-01-21,Credit Card,31857.2,Success
PAY103368,O103368,2026-04-24,Debit Card,2376.29,Success
PAY103369,O103369,2025-11-07,Net Banking,2793.2,Success
PAY103370,O103370,2026-01-25,Credit Card,66160.32,Success
PAY103371,O103371,2025-10-21,Net Banking,196650.11,Success
PAY103372,O103372,2025-09-15,COD,58169.04,Success
PAY103373,O103373,2026-04-05,Net Banking,58169.04,Success
PAY103374,O103374,2026-01-06,Net Banking,3719.6,Success
PAY103375,O103375,2026-02-16,Net Banking,17325.81,Success
PAY103376,O103376,2025-08-31,COD,76745.84,Success
PAY103377,O103377,2025-08-31,UPI,12004.75,Success
PAY103378,O103378,2025-09-07,COD,9391.64,Success
PAY103379,O103379,2026-01-24,Debit Card,2278.26,Success
PAY103380,O103380,2025-08-23,COD,5412.0,Success
PAY103381,O103381,2025-10-15,Net Banking,4115.22,Success
PAY103382,O103382,2026-05-10,Net Banking,17791.85,Success
PAY103383,O103383,2025-09-11,COD,1462.29,Success
PAY103384,O103384,2026-05-18,Net Banking,298.55,Success
PAY103385,O103385,2026-02-13,Debit Card,17127.14,Success
PAY103386,O103386,2026-05-28,UPI,5866.43,Success
PAY103387,O103387,2026-03-10,Net Banking,6215.2,Success
PAY103388,O103388,2026-04-24,Debit Card,833.52,Success
PAY103389,O103389,2026-06-06,UPI,850.87,Success
PAY103390,O103390,2026-08-08,UPI,1883.49,Success
PAY103391,O103391,2025-08-23,Credit Card,36991.42,Refunded
PAY103392,O103392,2026-05-13,COD,2676.13,Success
PAY103393,O103393,2026-08-08,COD,9884.36,Success
PAY103394,O103394,2026-06-06,UPI,3683.29,Success
PAY103395,O103395,2025-09-16,Debit Card,1388.63,Success
PAY103396,O103396,2025-12-04,UPI,4871.22,Success
PAY103397,O103397,2026-04-08,Debit Card,834.22,Success
PAY103398,O103398,2025-10-06,Net Banking,1834.63,Success
PAY103399,O103399,2026-02-13,COD,562.8,Success
PAY103400,O103400,2026-07-03,Net Banking,16573.57,Success
PAY103401,O103401,2026-05-31,COD,1488.75,Success
PAY103402,O103402,2026-07-22,Debit Card,13491.58,Success
PAY103403,O103403,2026-01-18,Debit Card,546.02,Success
PAY103404,O103404,2026-02-14,COD,1334.46,Success
PAY103405,O103405,2026-01-02,Net Banking,43987.53,Success
PAY103406,O103406,2025-10-06,Debit Card,926.66,Success
PAY103407,O103407,2025-10-30,Net Banking,1581.47,Success
PAY103408,O103408,2025-12-15,Debit Card,6019.66,Success
PAY103409,O103409,2026-06-10,Credit Card,567.25,Failed
PAY103410,O103410,2026-08-04,Debit Card,2293.14,Success
PAY103411,O103411,2026-05-22,COD,4258.41,Success
PAY103412,O103412,2026-03-22,Credit Card,3863.22,Success
PAY103413,O103413,2026-07-03,Credit Card,3465.45,Failed
PAY103414,O103414,2025-09-04,Credit Card,2068.85,Success
PAY103415,O103415,2026-04-05,COD,2856.8,Success
PAY103416,O103416,2026-01-05,Debit Card,588.59,Success
PAY103417,O103417,2026-05-07,Net Banking,4128.22,Success
PAY103418,O103418,2026-03-26,UPI,9947.14,Success
PAY103419,O103419,2026-05-27,UPI,4472.42,Success
PAY103420,O103420,2026-01-14,Debit Card,10092.72,Success
PAY103421,O103421,2025-10-05,UPI,664.62,Success
PAY103422,O103422,2026-02-15,UPI,1673.82,Success
PAY103423,O103423,2026-08-14,COD,3081.3,Success
PAY103424,O103424,2025-10-19,Credit Card,5202.08,Success
PAY103425,O103425,2026-06-15,Net Banking,4367.57,Success
PAY103426,O103426,2025-09-27,COD,1817.67,Success
PAY103427,O103427,2026-08-19,Debit Card,57484.05,Success
PAY103428,O103428,2026-05-09,Debit Card,20132.86,Failed
PAY103429,O103429,2025-08-22,UPI,8663.62,Success
PAY103430,O103430,2026-07-14,UPI,1843.5,Success
PAY103431,O103431,2025-12-27,COD,8410.44,Success
PAY103432,O103432,2026-06-15,Net Banking,2726.98,Success
PAY103433,O103433,2026-03-20,UPI,5436.14,Success
PAY103434,O103434,2026-05-19,Debit Card,4757.99,Success
PAY103435,O103435,2026-07-11,Credit Card,836.38,Success
PAY103436,O103436,2025-12-27,Credit Card,4549.42,Success
PAY103437,O103437,2025-09-18,Debit Card,4553.64,Success
PAY103438,O103438,2026-06-06,UPI,1434.58,Success
PAY103439,O103439,2026-06-24,Debit Card,9260.52,Success
PAY103440,O103440,2026-04-13,COD,3324.45,Success
PAY103441,O103441,2026-05-25,UPI,9259.32,Success
PAY103442,O103442,2026-03-07,Credit Card,802.78,Success
PAY103443,O103443,2025-12-09,Net Banking,1038.89,Success
PAY103444,O103444,2026-04-09,Net Banking,4003.39,Success
PAY103445,O103445,2026-02-23,COD,2556.09,Success
PAY103446,O103446,2026-06-30,Credit Card,922.36,Success
PAY103447,O103447,2025-11-24,COD,5876.14,Success
PAY103448,O103448,2026-04-20,Net Banking,2676.13,Success
PAY103449,O103449,2026-01-27,COD,53480.6,Success
PAY103450,O103450,2026-02-16,UPI,383.58,Success
PAY103451,O103451,2026-02-17,Credit Card,664.62,Refunded
PAY103452,O103452,2025-09-30,Credit Card,918.08,Success
PAY103453,O103453,2025-11-01,Debit Card,2102.61,Success
PAY103454,O103454,2026-05-31,Debit Card,5649.3,Success
PAY103455,O103455,2025-09-20,Credit Card,183.62,Success
PAY103456,O103456,2025-11-16,UPI,34320.12,Success
PAY103457,O103457,2026-04-12,COD,15735.53,Success
PAY103458,O103458,2026-02-26,UPI,1986.41,Refunded
PAY103459,O103459,2026-01-27,Debit Card,1091.89,Success
PAY103460,O103460,2025-12-09,Debit Card,2577.64,Success
PAY103461,O103461,2026-07-21,Credit Card,5134.14,Success
PAY103462,O103462,2026-07-25,UPI,2190.99,Success
PAY103463,O103463,2025-10-22,COD,1431.57,Success
PAY103464,O103464,2026-06-11,UPI,20039.56,Success
PAY103465,O103465,2026-01-05,Credit Card,2654.27,Success
PAY103466,O103466,2026-02-26,Net Banking,14123.24,Success
PAY103467,O103467,2026-02-15,Debit Card,1045.48,Refunded
PAY103468,O103468,2025-11-23,Net Banking,386.13,Success
PAY103469,O103469,2025-09-19,Net Banking,917.32,Success
PAY103470,O103470,2026-08-06,Debit Card,55487.14,Success
PAY103471,O103471,2026-02-21,Net Banking,4181.64,Success
PAY103473,O103473,2026-07-28,Debit Card,3646.77,Success
PAY103474,O103474,2025-12-01,Net Banking,109029.4,Success
PAY103475,O103475,2026-04-22,Debit Card,567.25,Success
PAY103476,O103476,2026-04-03,Net Banking,876.24,Success
PAY103477,O103477,2026-08-13,Credit Card,2706.44,Success
PAY103478,O103478,2025-10-31,UPI,878.26,Success
PAY103479,O103479,2025-12-23,COD,776.84,Success
PAY103480,O103480,2026-07-05,Net Banking,1445.76,Success
PAY103481,O103481,2026-08-10,Net Banking,6847.34,Success
PAY103482,O103482,2025-09-15,Net Banking,1415.95,Success
PAY103483,O103483,2026-04-09,UPI,3530.81,Success
PAY103484,O103484,2026-05-04,Credit Card,181528.59,Success
PAY103485,O103485,2026-03-21,UPI,76745.84,Success
PAY103486,O103486,2026-02-22,COD,482.66,Success
PAY103487,O103487,2026-07-31,UPI,86258.2,Success
PAY103488,O103488,2026-03-13,COD,6422.71,Success
PAY103489,O103489,2026-02-15,Net Banking,62908.16,Success
PAY103490,O103490,2025-10-02,Debit Card,4199.33,Success
PAY103491,O103491,2025-10-02,UPI,1038.89,Success
PAY103492,O103492,2026-01-27,Debit Card,2589.94,Success
PAY103493,O103493,2026-08-05,UPI,10138.37,Success
PAY103494,O103494,2026-05-07,COD,105791.24,Success
PAY103495,O103495,2025-08-28,Credit Card,1462.29,Success
PAY103496,O103496,2026-08-21,Net Banking,4737.14,Success
PAY103497,O103497,2026-02-24,UPI,5310.99,Success
PAY103498,O103498,2026-07-17,COD,47571.0,Failed
PAY103499,O103499,2026-07-02,UPI,16032.16,Success
PAY103500,O103500,2026-05-29,Debit Card,4752.58,Success
PAY103501,O103501,2026-05-07,COD,597.1,Failed
PAY103502,O103502,2026-02-20,UPI,37479.06,Success
PAY103503,O103503,2025-12-28,COD,1329.24,Success
PAY103504,O103504,2026-01-11,COD,121019.06,Success
PAY103505,O103505,2026-02-06,UPI,92674.99,Success
PAY103506,O103506,2025-10-13,Debit Card,4556.52,Success
PAY103507,O103507,2025-10-29,Debit Card,722.03,Success
PAY103508,O103508,2026-04-14,Net Banking,717.29,Success
PAY103509,O103509,2025-08-23,Debit Card,51433.1,Success
PAY103510,O103510,2026-02-04,COD,1364.73,Success
PAY103511,O103511,2026-08-08,Net Banking,1000.53,Success
PAY103512,O103512,2025-12-12,Net Banking,878.26,Success
PAY103513,O103513,2026-03-24,Net Banking,598.16,Success
PAY103514,O103514,2026-01-11,Credit Card,509.62,Success
PAY103515,O103515,2026-01-31,Net Banking,10704.52,Success
PAY103516,O103516,2026-06-16,COD,1345.65,Success
PAY103517,O103517,2026-04-13,Net Banking,9742.44,Success
PAY103518,O103518,2026-02-26,Net Banking,1122.66,Success
PAY103519,O103519,2025-11-03,UPI,16608.04,Success
PAY103520,O103520,2026-02-27,UPI,315.64,Success
PAY103521,O103521,2026-05-01,UPI,12999.84,Success
PAY103522,O103522,2026-01-08,Debit Card,1866.78,Success
PAY103523,O103523,2026-08-03,Net Banking,269.85,Success
PAY103524,O103524,2025-09-11,COD,1821.44,Success
PAY103525,O103525,2025-11-03,UPI,3075.55,Success
PAY103526,O103526,2025-09-03,Debit Card,709.09,Success
PAY103527,O103527,2026-04-12,COD,96265.08,Success
PAY103528,O103528,2025-09-28,UPI,1846.84,Success
PAY103529,O103529,2025-10-04,UPI,25030.32,Success
PAY103531,O103531,2025-11-14,UPI,38446.6,Success
PAY103532,O103532,2025-09-19,Credit Card,3884.9,Success
PAY103533,O103533,2025-12-20,Credit Card,6950.06,Success
PAY103534,O103534,2026-02-27,Credit Card,1907.35,Success
PAY103535,O103535,2025-10-27,Net Banking,1011.23,Success
PAY103536,O103536,2025-12-21,Debit Card,21988.41,Success
PAY103537,O103537,2026-03-10,Credit Card,717.29,Success
PAY103538,O103538,2025-12-10,Debit Card,2423.98,Success
PAY103539,O103539,2026-03-14,Debit Card,40592.1,Success
PAY103540,O103540,2026-01-11,UPI,8666.56,Refunded
PAY103541,O103541,2025-12-01,Debit Card,4116.62,Success
PAY103542,O103542,2026-04-17,UPI,1769.94,Success
PAY103543,O103543,2026-01-18,COD,68434.16,Success
PAY103544,O103544,2025-10-13,COD,2233.88,Success
PAY103545,O103545,2026-04-09,Credit Card,14189.84,Success
PAY103546,O103546,2026-06-30,COD,2138.66,Success
PAY103547,O103547,2025-11-28,Net Banking,3814.7,Success
PAY103548,O103548,2026-04-09,UPI,2376.29,Success
PAY103549,O103549,2026-01-09,Net Banking,254.86,Success
PAY103550,O103550,2026-06-09,COD,7977.93,Success
PAY103551,O103551,2026-01-16,UPI,5395.62,Success
PAY103552,O103552,2025-09-15,Debit Card,902.54,Success
PAY103553,O103553,2026-06-15,Debit Card,46239.28,Success
PAY103554,O103554,2026-05-13,UPI,20807.68,Success
PAY103555,O103555,2026-03-29,Net Banking,36454.27,Success
PAY103556,O103556,2025-11-11,UPI,14278.19,Success
PAY103557,O103557,2026-04-15,UPI,30910.76,Success
PAY103558,O103558,2026-02-20,UPI,6063.64,Refunded
PAY103559,O103559,2025-12-14,UPI,6932.87,Success
PAY103560,O103560,2026-07-18,Net Banking,1166.74,Success
PAY103561,O103561,2025-09-30,COD,183706.44,Success
PAY103562,O103562,2026-04-24,Net Banking,51788.96,Success
PAY103563,O103563,2025-11-29,Debit Card,10404.16,Success
PAY103564,O103564,2026-03-14,Net Banking,3269.47,Success
PAY103565,O103565,2026-04-17,Net Banking,2542.32,Success
PAY103566,O103566,2025-09-21,Debit Card,12990.18,Success
PAY103567,O103567,2025-11-08,COD,2376.29,Success
PAY103568,O103568,2026-07-19,Net Banking,163544.1,Success
PAY103569,O103569,2026-05-01,COD,4904.2,Success
PAY103570,O103570,2026-01-21,UPI,3533.62,Success
PAY103571,O103571,2026-01-09,UPI,128353.44,Success
PAY103572,O103572,2025-09-28,Debit Card,6688.26,Success
PAY103573,O103573,2025-09-09,Credit Card,2953.78,Success
PAY103574,O103574,2026-07-06,Debit Card,13274.24,Success
PAY103575,O103575,2025-12-29,COD,3866.46,Success
PAY103576,O103576,2026-01-31,Debit Card,12513.02,Refunded
PAY103577,O103577,2026-07-11,Net Banking,4586.28,Success
PAY103578,O103578,2025-09-05,Net Banking,4174.06,Success
PAY103579,O103579,2026-03-30,COD,4630.26,Success
PAY103580,O103580,2025-11-03,Debit Card,4120.07,Success
PAY103581,O103581,2026-04-25,Net Banking,451.27,Success
PAY103582,O103582,2026-05-02,Debit Card,9670.18,Success
PAY103583,O103583,2025-10-20,COD,413.38,Success
PAY103584,O103584,2026-05-28,Debit Card,211582.48,Success
PAY103585,O103585,2026-02-02,Debit Card,1484.03,Success
PAY103586,O103586,2025-10-17,COD,4124.22,Success
PAY103587,O103587,2026-05-11,Debit Card,30910.76,Success
PAY103588,O103588,2026-01-05,Net Banking,784.01,Success
PAY103589,O103589,2026-04-10,Net Banking,31454.08,Success
PAY103590,O103590,2026-07-22,Debit Card,316.01,Success
PAY103591,O103591,2026-03-11,UPI,488.55,Success
PAY103592,O103592,2026-01-03,Credit Card,15749.64,Success
PAY103593,O103593,2026-04-04,COD,21243.98,Success
PAY103594,O103594,2026-02-07,UPI,664.62,Success
PAY103595,O103595,2026-06-29,Credit Card,38056.8,Success
PAY103596,O103596,2025-10-26,COD,4686.42,Success
PAY103597,O103597,2026-05-17,Credit Card,8703.16,Success
PAY103598,O103598,2025-11-27,Credit Card,505.2,Success
PAY103599,O103599,2025-09-27,UPI,717.29,Success
PAY103600,O103600,2026-02-17,Credit Card,31693.44,Success
PAY103601,O103601,2025-09-27,Net Banking,3476.4,Success
PAY103602,O103602,2026-02-02,UPI,46239.28,Success
PAY103603,O103603,2026-03-22,UPI,150752.52,Success
PAY103604,O103604,2026-01-22,Credit Card,13868.9,Success
PAY103605,O103605,2026-08-21,COD,5293.16,Success
PAY103606,O103606,2026-07-07,UPI,1609.2,Success
PAY103607,O103607,2026-01-10,UPI,2165.47,Success
PAY103608,O103608,2026-01-25,Credit Card,4665.92,Success
PAY103609,O103609,2025-12-09,Debit Card,211582.48,Success
PAY103610,O103610,2025-09-09,UPI,1847.54,Success
PAY103611,O103611,2026-03-31,UPI,273736.64,Success
PAY103612,O103612,2026-07-15,Net Banking,3116.67,Success
PAY103613,O103613,2026-02-22,Credit Card,60509.53,Success
PAY103614,O103614,2026-07-16,UPI,4485.51,Success
PAY103615,O103615,2026-04-15,Credit Card,33080.16,Success
PAY103616,O103616,2025-10-30,UPI,2248.78,Success
PAY103617,O103617,2026-03-08,Credit Card,29530.29,Success
PAY103618,O103618,2026-06-03,Net Banking,976.96,Success
PAY103619,O103619,2025-12-13,Debit Card,12039.31,Success
PAY103620,O103620,2026-01-07,UPI,3177.73,Success
PAY103621,O103621,2026-02-27,UPI,89316.43,Success
PAY103622,O103622,2025-12-30,Net Banking,878.26,Success
PAY103623,O103623,2026-02-16,Net Banking,4370.98,Success
PAY103624,O103624,2026-01-05,UPI,1827.86,Success
PAY103625,O103625,2026-05-12,COD,5457.28,Success
PAY103626,O103626,2026-04-24,COD,6256.51,Success
PAY103627,O103627,2026-05-05,Credit Card,13866.5,Success
PAY103628,O103628,2026-05-13,Debit Card,4155.56,Success
PAY103629,O103629,2026-04-03,Credit Card,1812.78,Success
PAY103630,O103630,2026-04-29,COD,3371.28,Success
PAY103631,O103631,2025-09-05,Debit Card,2434.96,Success
PAY103632,O103632,2026-08-09,Debit Card,7629.4,Refunded
PAY103633,O103633,2026-03-18,Credit Card,1924.86,Success
PAY103634,O103634,2025-12-08,Credit Card,23576.42,Success
PAY103635,O103635,2026-08-15,UPI,883.06,Success
PAY103636,O103636,2025-09-01,Net Banking,571.43,Success
PAY103637,O103637,2026-03-28,Credit Card,1668.44,Success
PAY103638,O103638,2025-11-24,Debit Card,926.66,Failed
PAY103639,O103639,2026-08-11,UPI,181528.59,Success
PAY103640,O103640,2026-02-21,UPI,8093.43,Success
PAY103641,O103641,2026-07-11,Net Banking,383.58,Success
PAY103642,O103642,2026-06-25,Credit Card,2883.97,Success
PAY103643,O103643,2025-10-04,UPI,3566.82,Success
PAY103644,O103644,2025-10-19,Credit Card,8724.85,Success
PAY103645,O103645,2026-07-08,Debit Card,2670.43,Success
PAY103646,O103646,2025-11-30,Debit Card,7473.62,Success
PAY103647,O103647,2026-05-09,Net Banking,4281.81,Success
PAY103648,O103648,2026-07-07,Credit Card,10858.72,Success
PAY103649,O103649,2026-03-30,Debit Card,4331.81,Success
PAY103650,O103650,2026-06-13,Credit Card,3550.52,Success
PAY103651,O103651,2026-04-10,UPI,13054.74,Success
PAY103652,O103652,2026-06-01,Debit Card,4978.89,Success
PAY103653,O103653,2026-05-25,Debit Card,40470.11,Success
PAY103654,O103654,2026-05-16,Net Banking,14454.52,Success
PAY103655,O103655,2026-03-24,UPI,3124.28,Success
PAY103656,O103656,2026-04-30,Credit Card,1811.98,Success
PAY103657,O103657,2025-12-31,Credit Card,122470.96,Success
PAY103658,O103658,2026-07-01,UPI,4198.23,Success
PAY103659,O103659,2026-05-09,UPI,2239.06,Success
PAY103660,O103660,2026-04-18,UPI,591.91,Success
PAY103661,O103661,2026-06-25,UPI,1334.46,Success
PAY103662,O103662,2025-08-22,COD,56107.55,Success
PAY103663,O103663,2026-06-01,COD,6728.48,Success
PAY103664,O103664,2026-07-24,Net Banking,316.01,Success
PAY103665,O103665,2026-03-21,Net Banking,1738.2,Success
PAY103666,O103666,2026-05-17,Credit Card,1135.94,Success
PAY103667,O103667,2025-10-03,Net Banking,597.1,Success
PAY103668,O103668,2025-09-07,Debit Card,201003.36,Success
PAY103669,O103669,2025-11-20,Net Banking,4832.13,Failed
PAY103670,O103670,2025-08-22,COD,1827.86,Success
PAY103671,O103671,2026-02-14,Net Banking,676.36,Success
PAY103672,O103672,2026-05-22,Debit Card,355.98,Success
PAY103673,O103673,2025-11-13,UPI,229.9,Success
PAY103674,O103674,2026-01-14,Credit Card,7293.54,Success
PAY103675,O103675,2025-12-02,UPI,3814.7,Success
PAY103676,O103676,2025-10-16,Net Banking,13868.9,Success
PAY103677,O103677,2026-05-11,Credit Card,1978.93,Success
PAY103678,O103678,2025-10-26,Debit Card,23119.64,Success
PAY103679,O103679,2026-04-26,Debit Card,2313.83,Success
PAY103680,O103680,2026-08-05,Net Banking,3273.53,Success
PAY103681,O103681,2025-12-05,Debit Card,5395.62,Success
PAY103682,O103682,2025-12-18,UPI,3086.44,Success
PAY103683,O103683,2025-12-19,Credit Card,121019.06,Success
PAY103684,O103684,2026-05-26,Debit Card,52895.62,Success
PAY103685,O103685,2026-04-23,Credit Card,3010.98,Failed
PAY103686,O103686,2026-03-04,COD,10914.55,Success
PAY103687,O103687,2026-02-09,UPI,13866.5,Success
PAY103688,O103688,2026-01-17,UPI,802.78,Success
PAY103689,O103689,2026-02-09,Net Banking,3273.53,Success
PAY103690,O103690,2025-11-28,COD,179845.11,Success
PAY103691,O103691,2026-04-20,UPI,36454.27,Success
PAY103692,O103692,2025-11-01,COD,2662.89,Success
PAY103693,O103693,2026-08-17,Net Banking,8741.96,Success
PAY103694,O103694,2026-04-26,Credit Card,4100.87,Success
PAY103695,O103695,2026-05-10,Credit Card,35605.11,Success
PAY103696,O103696,2026-01-15,UPI,2677.96,Success
PAY103697,O103697,2025-09-16,Credit Card,29180.3,Success
PAY103698,O103698,2025-10-18,Credit Card,458.66,Success
PAY103699,O103699,2026-01-14,Debit Card,103500.06,Success
PAY103700,O103700,2025-12-20,Debit Card,428.71,Success
PAY103701,O103701,2026-06-09,Credit Card,8118.0,Success
PAY103702,O103702,2026-04-12,UPI,1733.22,Success
PAY103703,O103703,2026-07-05,UPI,5719.21,Success
PAY103704,O103704,2026-05-21,COD,2245.32,Failed
PAY103705,O103705,2026-06-30,COD,2706.0,Success
PAY103706,O103706,2026-05-18,COD,14590.15,Success
PAY103707,O103707,2025-08-23,UPI,2675.3,Success
PAY103708,O103708,2026-05-25,Debit Card,2164.8,Success
PAY103709,O103709,2025-11-03,Debit Card,3605.42,Success
PAY103710,O103710,2026-04-29,Debit Card,24817.28,Success
PAY103711,O103711,2026-06-20,COD,466.7,Success
PAY103712,O103712,2026-06-07,Net Banking,2640.98,Success
PAY103713,O103713,2026-02-26,Net Banking,4100.87,Success
PAY103714,O103714,2026-05-13,Net Banking,1363.78,Success
PAY103715,O103715,2025-12-09,Credit Card,15864.13,Refunded
PAY103716,O103716,2026-03-22,COD,9322.8,Success
PAY103717,O103717,2025-10-11,Debit Card,147189.69,Success
PAY103718,O103718,2025-12-22,COD,3435.77,Success
PAY103719,O103719,2025-11-14,Net Banking,1005.25,Success
PAY103720,O103720,2026-04-22,UPI,5118.67,Success
PAY103721,O103721,2025-08-27,UPI,1881.86,Success
PAY103722,O103722,2026-03-17,Net Banking,11181.04,Success
PAY103723,O103723,2026-02-16,Debit Card,6256.51,Success
PAY103724,O103724,2026-07-15,Net Banking,16680.76,Success
PAY103725,O103725,2026-08-22,Credit Card,8864.37,Success
PAY103726,O103726,2025-10-09,Credit Card,6951.68,Success
PAY103727,O103727,2025-10-01,COD,1405.49,Success
PAY103728,O103728,2026-02-09,UPI,1570.41,Success
PAY103729,O103729,2026-01-13,Credit Card,1139.13,Success
PAY103730,O103730,2026-08-04,Credit Card,62852.3,Success
PAY103731,O103731,2025-10-03,Net Banking,1662.79,Success
PAY103732,O103732,2026-01-31,Debit Card,1919.41,Success
PAY103733,O103733,2025-12-25,Net Banking,2259.71,Success
PAY103734,O103734,2025-11-29,COD,229.52,Success
PAY103735,O103735,2026-08-20,Debit Card,717.29,Success
PAY103736,O103736,2025-10-27,COD,6256.51,Success
PAY103737,O103737,2026-02-28,COD,4695.82,Success
PAY103738,O103738,2026-08-14,COD,13456.96,Success
PAY103739,O103739,2025-10-01,Credit Card,583.37,Success
PAY103740,O103740,2026-02-07,Credit Card,15455.38,Success
PAY103741,O103741,2026-05-21,Net Banking,37479.06,Success
PAY103742,O103742,2025-12-10,Debit Card,667.38,Success
PAY103743,O103743,2026-05-01,Net Banking,1853.32,Success
PAY103744,O103744,2026-06-13,COD,607.15,Success
PAY103745,O103745,2026-07-25,Net Banking,2132.68,Success
PAY103746,O103746,2026-03-05,Credit Card,5223.47,Success
PAY103747,O103747,2026-01-21,UPI,6951.68,Success
PAY103748,O103748,2026-06-21,Credit Card,3107.6,Success
PAY103749,O103749,2025-11-18,Debit Card,1495.17,Success
PAY103750,O103750,2026-04-21,UPI,3740.0,Success
PAY103751,O103751,2026-04-18,Net Banking,7534.71,Success
PAY103752,O103752,2025-11-24,COD,5174.29,Success
PAY103753,O103753,2026-03-27,Debit Card,1933.1,Success
PAY103754,O103754,2025-12-07,COD,26389.58,Success
PAY103755,O103755,2025-10-01,Credit Card,3983.11,Success
PAY103756,O103756,2025-10-05,UPI,42813.9,Success
PAY103757,O103757,2026-07-27,COD,3286.12,Success
PAY103758,O103758,2026-07-30,Credit Card,1913.34,Success
PAY103759,O103759,2025-09-05,Debit Card,37092.91,Success
PAY103760,O103760,2026-08-19,Net Banking,14422.86,Success
PAY103761,O103761,2026-05-17,Debit Card,15287.73,Success
PAY103762,O103762,2026-07-10,Credit Card,2376.29,Success
PAY103763,O103763,2026-07-01,COD,4245.01,Success
PAY103764,O103764,2025-09-19,UPI,6616.68,Success
PAY103765,O103765,2025-10-18,UPI,1907.35,Success
PAY103766,O103766,2026-07-20,Credit Card,2010.49,Success
PAY103767,O103767,2026-02-20,COD,20844.8,Success
PAY103768,O103768,2026-06-10,Debit Card,7459.68,Success
PAY103769,O103769,2026-04-03,UPI,3152.63,Success
PAY103770,O103770,2026-06-16,UPI,69358.92,Success
PAY103771,O103771,2026-07-10,Credit Card,3635.35,Success
PAY103772,O103772,2025-10-06,UPI,3719.6,Success
PAY103773,O103773,2026-01-14,Debit Card,533.26,Success
PAY103774,O103774,2026-03-11,UPI,22833.05,Success
PAY103775,O103775,2025-11-26,Credit Card,7482.94,Success
PAY103776,O103776,2025-09-09,Credit Card,287.38,Success
PAY103777,O103777,2026-04-07,UPI,2287.92,Success
PAY103778,O103778,2025-09-27,Credit Card,2888.01,Success
PAY103779,O103779,2026-08-20,Credit Card,2957.51,Success
PAY103780,O103780,2025-12-22,COD,185349.98,Success
PAY103781,O103781,2025-09-02,Credit Card,33080.16,Success
PAY103782,O103782,2026-04-17,Debit Card,1439.24,Success
PAY103783,O103783,2026-07-08,Credit Card,2706.0,Success
PAY103784,O103784,2026-04-09,Net Banking,714.29,Success
PAY103785,O103785,2025-11-24,Credit Card,4871.22,Success
PAY103786,O103786,2026-07-28,Net Banking,2132.68,Success
PAY103787,O103787,2026-03-06,Credit Card,13868.9,Success
PAY103788,O103788,2025-11-08,Credit Card,1249.71,Success
PAY103789,O103789,2026-06-21,Net Banking,284.84,Success
PAY103790,O103790,2026-05-10,Debit Card,2077.78,Refunded
PAY103791,O103791,2026-07-06,Debit Card,4604.78,Success
PAY103792,O103792,2026-01-04,COD,11046.12,Success
PAY103793,O103793,2026-07-23,COD,66160.32,Success
PAY103794,O103794,2025-10-31,Net Banking,105791.24,Success
PAY103795,O103795,2026-03-01,Credit Card,569.57,Success
PAY103796,O103796,2026-06-23,Net Banking,5980.68,Success
PAY103797,O103797,2026-02-26,COD,1937.13,Success
PAY103798,O103798,2026-01-05,UPI,1404.7,Success
PAY103799,O103799,2026-07-08,Net Banking,650.62,Success
PAY103800,O103800,2025-10-06,Net Banking,5352.26,Success
PAY103801,O103801,2025-11-15,COD,174447.04,Success
PAY103802,O103802,2026-03-17,Debit Card,5996.26,Success
PAY103803,O103803,2026-02-23,COD,3301.28,Success
PAY103804,O103804,2026-03-04,Credit Card,15069.43,Success
PAY103805,O103805,2026-05-19,Credit Card,2576.83,Success
PAY103806,O103806,2026-05-09,UPI,1423.92,Success
PAY103807,O103807,2026-08-10,Debit Card,25030.32,Success
PAY103808,O103808,2026-04-08,Net Banking,2601.04,Success
PAY103809,O103809,2025-10-28,Credit Card,1428.58,Success
PAY103810,O103810,2026-03-16,UPI,10425.09,Success
PAY103811,O103811,2025-10-07,Credit Card,3049.02,Success
PAY103812,O103812,2026-07-09,Credit Card,1794.47,Failed
PAY103813,O103813,2026-02-14,Credit Card,833.52,Success
PAY103814,O103814,2026-07-17,Net Banking,6294.39,Success
PAY103815,O103815,2026-01-16,Debit Card,1404.7,Success
PAY103816,O103816,2026-01-14,COD,64458.4,Success
PAY103817,O103817,2026-05-15,Debit Card,2470.99,Success
PAY103818,O103818,2025-09-29,Debit Card,2601.04,Success
PAY103819,O103819,2026-03-31,Credit Card,213922.4,Success
PAY103820,O103820,2026-06-28,UPI,1864.92,Success
PAY103821,O103821,2026-03-18,Credit Card,3170.36,Success
PAY103822,O103822,2026-05-07,Debit Card,588.59,Success
PAY103823,O103823,2025-11-01,COD,8804.71,Success
PAY103824,O103824,2026-03-25,Net Banking,1366.09,Success
PAY103825,O103825,2026-01-18,Debit Card,52552.08,Success
PAY103826,O103826,2025-11-17,UPI,1219.39,Success
PAY103827,O103827,2026-06-03,Debit Card,1116.94,Success
PAY103828,O103828,2026-07-13,UPI,1859.85,Success
PAY103829,O103829,2026-03-12,Net Banking,6934.45,Success
PAY103830,O103830,2026-02-22,Debit Card,6616.68,Success
PAY103831,O103831,2026-04-24,UPI,877.39,Success
PAY103832,O103832,2026-07-28,Credit Card,2580.4,Success
PAY103833,O103833,2026-02-20,UPI,96815.25,Success
PAY103834,O103834,2026-03-13,UPI,3308.34,Success
PAY103835,O103835,2026-05-11,Credit Card,207155.86,Success
PAY103836,O103836,2025-09-25,Net Banking,4078.16,Success
PAY103837,O103837,2026-04-01,Net Banking,1108.4,Success
PAY103838,O103838,2026-03-11,COD,981.59,Success
PAY103839,O103839,2025-10-17,COD,1199.32,Success
PAY103840,O103840,2025-11-29,COD,2315.13,Success
PAY103841,O103841,2026-06-19,Net Banking,15455.38,Success
PAY103842,O103842,2026-04-25,COD,3101.24,Success
PAY103843,O103843,2025-11-27,COD,93150.05,Success
PAY103844,O103844,2026-02-11,Net Banking,2522.16,Success
PAY103845,O103845,2026-01-28,COD,1046.57,Success
PAY103846,O103846,2026-01-11,Net Banking,11990.38,Success
PAY103847,O103847,2025-11-10,Credit Card,977.09,Success
PAY103848,O103848,2025-12-10,Debit Card,298.55,Success
PAY103849,O103849,2026-05-22,Net Banking,3136.44,Success
PAY103850,O103850,2025-10-14,UPI,754.49,Success
PAY103851,O103851,2026-07-11,Net Banking,2691.31,Success
PAY103852,O103852,2026-05-15,Debit Card,7227.26,Success
PAY103853,O103853,2026-05-03,Debit Card,2347.91,Success
PAY103854,O103854,2025-09-12,COD,1194.67,Success
PAY103855,O103855,2026-06-10,Credit Card,30698.34,Success
PAY103856,O103856,2025-09-15,COD,14851.92,Success
PAY103857,O103857,2025-10-04,COD,10680.83,Success
PAY103858,O103858,2025-11-09,Net Banking,4933.27,Success
PAY103859,O103859,2026-08-21,COD,54514.7,Success
PAY103860,O103860,2026-05-01,COD,4544.97,Success
PAY103861,O103861,2026-05-19,Debit Card,5273.67,Success
PAY103862,O103862,2026-02-11,Debit Card,12672.96,Success
PAY103863,O103863,2025-10-22,Credit Card,3407.82,Success
PAY103864,O103864,2026-01-07,Debit Card,482.66,Success
PAY103865,O103865,2026-04-24,COD,1428.58,Success
PAY103866,O103866,2026-01-09,Debit Card,9229.91,Success
PAY103867,O103867,2026-08-07,Credit Card,253.77,Success
PAY103868,O103868,2026-03-21,Net Banking,561.33,Success
PAY103869,O103869,2026-04-03,Debit Card,4109.83,Success
PAY103870,O103870,2026-02-02,Credit Card,1630.78,Success
PAY103871,O103871,2026-06-23,COD,784.01,Success
PAY103872,O103872,2025-10-25,Net Banking,4128.22,Success
PAY103873,O103873,2026-01-13,Net Banking,2601.04,Success
PAY103874,O103874,2026-07-13,Debit Card,7306.2,Success
PAY103875,O103875,2026-03-06,Credit Card,3372.89,Success
PAY103876,O103876,2025-09-15,Debit Card,8421.15,Success
PAY103877,O103877,2026-07-12,UPI,6204.32,Success
PAY103878,O103878,2025-08-23,COD,4929.18,Success
PAY103879,O103879,2026-04-16,Net Banking,5386.01,Success
PAY103880,O103880,2026-05-02,Debit Card,16813.58,Success
PAY103881,O103881,2026-04-14,Net Banking,4556.52,Success
PAY103882,O103882,2026-08-13,Debit Card,5921.43,Success
PAY103883,O103883,2026-01-15,Credit Card,10404.16,Success
PAY103884,O103884,2026-06-02,Net Banking,206.57,Success
PAY103885,O103885,2025-12-25,Credit Card,877.39,Success
PAY103886,O103886,2025-10-15,Net Banking,3020.08,Success
PAY103887,O103887,2026-03-30,UPI,2478.35,Success
PAY103888,O103888,2025-11-18,Net Banking,29881.38,Success
PAY103889,O103889,2025-09-15,UPI,2298.72,Refunded
PAY103890,O103890,2025-12-11,COD,22833.05,Success
PAY103891,O103891,2026-08-03,Debit Card,3423.67,Success
PAY103892,O103892,2025-08-21,Debit Card,9742.63,Success
PAY103893,O103893,2025-10-23,Credit Card,5149.78,Refunded
PAY103894,O103894,2026-04-19,Credit Card,25740.09,Success
PAY103895,O103895,2025-11-12,Net Banking,2138.66,Success
PAY103896,O103896,2026-07-04,UPI,761.3,Success
PAY103897,O103897,2026-07-24,Net Banking,3645.22,Success
PAY103898,O103898,2026-01-28,Debit Card,7265.48,Success
PAY103899,O103899,2025-09-12,Credit Card,4196.26,Success
PAY103900,O103900,2026-05-15,COD,316.01,Failed
PAY103901,O103901,2025-12-05,Credit Card,7712.1,Success
PAY103902,O103902,2025-12-27,UPI,4316.57,Success
PAY103903,O103903,2026-03-02,Net Banking,14682.61,Success
PAY103904,O103904,2026-03-06,Debit Card,105104.16,Success
PAY103905,O103905,2025-11-07,Credit Card,165.35,Success
PAY103906,O103906,2025-09-02,COD,17483.92,Success
PAY103907,O103907,2025-10-14,Net Banking,1082.17,Success
PAY103908,O103908,2026-05-20,Debit Card,1844.72,Success
PAY103909,O103909,2026-04-22,Credit Card,5033.22,Success
PAY103910,O103910,2026-01-19,UPI,12430.4,Refunded
PAY103911,O103911,2026-02-22,COD,273.01,Success
PAY103912,O103912,2026-06-23,Credit Card,4737.14,Success
PAY103913,O103913,2026-07-16,Credit Card,2727.57,Success
PAY103914,O103914,2025-10-28,COD,1265.06,Success
PAY103915,O103915,2026-06-18,Net Banking,13987.14,Failed
PAY103916,O103916,2025-11-02,Debit Card,5827.36,Success
PAY103917,O103917,2026-05-26,Net Banking,1725.55,Refunded
PAY103918,O103918,2026-04-17,UPI,2574.89,Success
PAY103919,O103919,2025-10-27,COD,49063.23,Success
PAY103920,O103920,2026-07-27,COD,68434.16,Success
PAY103921,O103921,2026-04-13,Credit Card,4813.35,Failed
PAY103922,O103922,2026-05-05,Credit Card,10032.39,Success
PAY103923,O103923,2026-06-26,UPI,1662.79,Success
PAY103924,O103924,2025-08-31,Net Banking,2601.04,Success
PAY103925,O103925,2026-02-04,Debit Card,2706.0,Success
PAY103926,O103926,2026-05-18,Credit Card,3387.8,Success
PAY103927,O103927,2025-12-04,Credit Card,1199.32,Success
PAY103928,O103928,2026-06-15,Credit Card,59762.75,Success
PAY103929,O103929,2026-05-06,Net Banking,1864.92,Success
PAY103930,O103930,2025-08-30,UPI,784.01,Success
PAY103931,O103931,2025-09-19,Debit Card,3086.44,Success
PAY103932,O103932,2026-04-08,UPI,105104.16,Success
PAY103933,O103933,2026-05-03,Debit Card,3529.21,Success
PAY103934,O103934,2026-08-20,COD,2577.05,Success
PAY103935,O103935,2026-03-05,Debit Card,1514.99,Success
PAY103936,O103936,2025-10-03,Credit Card,52779.16,Success
PAY103937,O103937,2026-08-16,UPI,21582.68,Success
PAY103938,O103938,2026-02-07,Credit Card,1149.36,Success
PAY103939,O103939,2025-09-29,COD,12454.5,Success
PAY103940,O103940,2025-11-27,Debit Card,4294.71,Success
PAY103941,O103941,2026-05-16,UPI,8786.84,Success
PAY103942,O103942,2025-12-03,UPI,14936.67,Success
PAY103943,O103943,2026-04-22,UPI,1075.3,Success
PAY103944,O103944,2026-02-21,Credit Card,3242.49,Success
PAY103945,O103945,2025-12-12,UPI,5006.06,Success
PAY103946,O103946,2026-06-21,COD,5760.46,Success
PAY103947,O103947,2026-06-15,COD,436.07,Success
PAY103948,O103948,2026-01-21,COD,8841.9,Success
PAY103949,O103949,2026-05-08,Debit Card,9624.32,Failed
PAY103950,O103950,2026-05-13,Net Banking,14278.19,Success
PAY103951,O103951,2025-10-25,Debit Card,12024.12,Success
PAY103952,O103952,2025-10-29,Credit Card,812.29,Success
PAY103953,O103953,2026-04-01,Credit Card,5457.28,Success
PAY103954,O103954,2026-03-12,Debit Card,3177.73,Success
PAY103955,O103955,2026-06-19,Credit Card,136868.32,Success
PAY103956,O103956,2025-12-29,Net Banking,69303.22,Success
PAY103957,O103957,2025-09-23,COD,1230.78,Success
PAY103958,O103958,2026-02-04,Net Banking,16751.66,Success
PAY103959,O103959,2025-12-16,COD,11861.23,Success
PAY103960,O103960,2025-11-04,Net Banking,1353.22,Success
PAY103961,O103961,2026-01-09,UPI,642.86,Success
PAY103962,O103962,2025-10-08,UPI,169265.98,Success
PAY103963,O103963,2026-05-16,UPI,940.93,Success
PAY103964,O103964,2026-07-24,COD,1618.71,Success
PAY103965,O103965,2026-03-12,UPI,52895.62,Success
PAY103966,O103966,2026-05-26,Debit Card,4871.22,Success
PAY103967,O103967,2026-07-30,Net Banking,2278.26,Success
PAY103968,O103968,2025-08-26,Debit Card,2732.18,Success
PAY103969,O103969,2026-04-24,COD,2259.84,Success
PAY103970,O103970,2026-01-01,COD,7265.48,Success
PAY103971,O103971,2026-04-22,Credit Card,6204.32,Success
PAY103972,O103972,2026-02-24,Credit Card,11422.91,Success
PAY103973,O103973,2026-08-17,Credit Card,16895.47,Success
PAY103974,O103974,2025-12-10,COD,7736.14,Success
PAY103975,O103975,2025-11-10,Net Banking,9963.6,Refunded
PAY103976,O103976,2026-08-02,Credit Card,1926.67,Success
PAY103977,O103977,2025-12-21,Credit Card,902.54,Success
PAY103978,O103978,2025-12-12,Debit Card,1000.53,Success
PAY103979,O103979,2025-11-25,Debit Card,171255.6,Success
PAY103980,O103980,2026-04-18,Net Banking,1323.34,Success
PAY103981,O103981,2026-07-04,UPI,826.27,Success
PAY103982,O103982,2026-05-28,UPI,2073.93,Refunded
PAY103983,O103983,2025-11-30,Net Banking,297.07,Success
PAY103984,O103984,2025-11-23,Credit Card,2172.75,Success
PAY103985,O103985,2026-02-01,Debit Card,2812.09,Success
PAY103986,O103986,2026-04-18,COD,12825.73,Success
PAY103987,O103987,2025-10-30,Credit Card,10791.34,Success
PAY103988,O103988,2025-11-05,COD,9096.96,Success
PAY103989,O103989,2026-03-17,COD,1278.04,Success
PAY103990,O103990,2026-03-18,Credit Card,2798.82,Success
PAY103991,O103991,2026-02-16,UPI,3344.13,Success
PAY103992,O103992,2025-12-08,Debit Card,7459.68,Success
PAY103993,O103993,2026-04-03,UPI,3107.6,Success
PAY103994,O103994,2025-11-01,Credit Card,1293.57,Success
PAY103995,O103995,2025-11-10,Debit Card,106961.2,Success
PAY103996,O103996,2026-03-24,Credit Card,3820.64,Success
PAY103997,O103997,2026-06-10,Debit Card,4093.63,Success
PAY103998,O103998,2025-11-24,COD,1201.81,Success
PAY103999,O103999,2025-10-11,Credit Card,9901.28,Success
PAY104000,O104000,2026-01-07,Credit Card,2001.06,Success
PAY104001,O104001,2025-11-06,Debit Card,32376.09,Success
PAY104002,O104002,2025-10-03,UPI,1045.48,Success
PAY104003,O104003,2026-05-25,UPI,1355.12,Success
PAY104004,O104004,2026-06-27,Credit Card,4258.41,Success
PAY104005,O104005,2026-07-23,UPI,54713.07,Success
PAY104006,O104006,2026-05-18,Credit Card,2904.78,Success
PAY104007,O104007,2025-10-09,Credit Card,25021.14,Refunded
PAY104008,O104008,2026-03-13,UPI,1149.36,Success
PAY104009,O104009,2026-01-15,UPI,320.38,Success
PAY104010,O104010,2025-10-22,COD,3344.13,Success
PAY104011,O104011,2026-03-02,COD,1406.04,Success
PAY104012,O104012,2025-11-18,Net Banking,5526.19,Success
PAY104013,O104013,2026-03-21,Net Banking,15955.87,Success
PAY104014,O104014,2025-08-31,Debit Card,574.76,Success
PAY104015,O104015,2026-01-02,UPI,138142.51,Success
PAY104016,O104016,2026-07-20,Net Banking,3513.05,Success
PAY104017,O104017,2026-01-26,Net Banking,6248.56,Success
PAY104018,O104018,2025-11-24,Net Banking,4345.5,Success
PAY104019,O104019,2025-12-20,COD,1329.24,Success
PAY104020,O104020,2026-01-25,Debit Card,6340.73,Success
PAY104021,O104021,2025-12-25,Credit Card,12742.04,Success
PAY104022,O104022,2026-06-08,UPI,6813.67,Success
PAY104023,O104023,2025-09-27,Credit Card,3372.89,Success
PAY104024,O104024,2026-07-21,UPI,8016.08,Success
PAY104025,O104025,2026-07-18,Debit Card,25370.06,Success
PAY104026,O104026,2025-11-12,Credit Card,3020.08,Success
PAY104027,O104027,2026-02-09,COD,1405.49,Success
PAY104029,O104029,2026-01-12,Credit Card,4643.08,Refunded
PAY104030,O104030,2026-06-11,Net Banking,2019.85,Success
PAY104031,O104031,2026-04-13,Net Banking,1525.88,Success
PAY104032,O104032,2025-12-09,UPI,3655.72,Success
PAY104033,O104033,2025-11-28,COD,1050.07,Success
PAY104034,O104034,2026-01-09,UPI,1119.53,Success
PAY104035,O104035,2026-01-22,Credit Card,6172.88,Success
PAY104036,O104036,2025-12-25,COD,414.27,Success
PAY104037,O104037,2026-01-10,Debit Card,145817.1,Success
PAY104038,O104038,2026-08-08,Debit Card,19340.36,Success
PAY104039,O104039,2026-03-24,Net Banking,10120.59,Success
PAY104040,O104040,2026-02-19,Net Banking,2891.64,Success
PAY104041,O104041,2026-04-26,Net Banking,3347.45,Success
PAY104042,O104042,2026-06-02,Net Banking,2714.68,Success
PAY104043,O104043,2025-10-03,Net Banking,4370.98,Success
PAY104044,O104044,2025-12-07,COD,19915.56,Success
PAY104045,O104045,2026-01-20,Credit Card,2473.66,Refunded
PAY104046,O104046,2026-01-20,Net Banking,922.36,Success
PAY104047,O104047,2025-12-16,Credit Card,784.01,Success
PAY104048,O104048,2026-03-17,Net Banking,7089.32,Success
PAY104049,O104049,2025-09-04,COD,902.54,Success
PAY104050,O104050,2025-09-11,Credit Card,5249.88,Success
PAY104051,O104051,2025-12-04,UPI,10019.78,Success
PAY104052,O104052,2025-09-19,Net Banking,2842.51,Success
PAY104053,O104053,2026-06-29,Net Banking,1025.22,Success
PAY104054,O104054,2026-04-17,Net Banking,902.54,Success
PAY104055,O104055,2025-11-22,Credit Card,319.9,Success
PAY104056,O104056,2026-03-25,Net Banking,61590.74,Success
PAY104057,O104057,2025-10-20,COD,74958.12,Success
PAY104058,O104058,2025-12-27,COD,7218.24,Success
PAY104059,O104059,2026-07-03,Debit Card,3898.63,Refunded
PAY104060,O104060,2026-07-07,Net Banking,257833.6,Success
PAY104061,O104061,2025-08-31,Credit Card,2295.33,Success
PAY104062,O104062,2025-10-29,COD,7366.58,Success
PAY104063,O104063,2025-11-21,UPI,10658.57,Success
PAY104064,O104064,2026-01-27,Debit Card,1129.92,Success
PAY104065,O104065,2026-07-10,Net Banking,2024.1,Success
PAY104066,O104066,2026-06-21,Debit Card,392.71,Success
PAY104067,O104067,2025-08-31,Credit Card,47571.0,Success
PAY104068,O104068,2026-04-20,COD,477.13,Success
PAY104069,O104069,2025-12-04,Net Banking,3988.32,Refunded
PAY104070,O104070,2026-01-03,Credit Card,25100.75,Success
PAY104071,O104071,2026-04-21,Net Banking,926.66,Success
PAY104072,O104072,2026-06-28,Debit Card,3814.7,Success
PAY104073,O104073,2026-08-11,COD,4695.82,Success
PAY104074,O104074,2026-04-01,Debit Card,1484.03,Success
PAY104075,O104075,2026-08-12,COD,15928.6,Success
PAY104076,O104076,2025-09-26,Net Banking,3632.74,Success
PAY104077,O104077,2026-07-03,UPI,3208.9,Success
PAY104078,O104078,2026-06-05,COD,4370.98,Success
PAY104079,O104079,2025-09-28,Net Banking,3237.42,Success
PAY104080,O104080,2026-02-04,Debit Card,1323.34,Success
PAY104081,O104081,2026-07-12,Debit Card,3336.88,Success
PAY104082,O104082,2025-09-29,Credit Card,711.96,Success
PAY104083,O104083,2026-04-29,Debit Card,1498.24,Success
PAY104084,O104084,2026-06-11,Debit Card,25345.92,Failed
PAY104085,O104085,2025-11-24,Credit Card,893.55,Success
PAY104086,O104086,2025-10-16,Net Banking,1859.8,Success
PAY104087,O104087,2026-06-25,Net Banking,20024.26,Success
PAY104088,O104088,2025-10-04,Debit Card,5006.06,Success
PAY104089,O104089,2025-11-23,Net Banking,6913.11,Success
PAY104090,O104090,2025-08-29,Debit Card,26735.97,Success
PAY104091,O104091,2025-12-06,Credit Card,52928.26,Success
PAY104092,O104092,2026-05-18,UPI,4978.89,Success
PAY104093,O104093,2026-08-18,Net Banking,6474.84,Success
PAY104094,O104094,2025-12-20,Credit Card,348.86,Success
PAY104095,O104095,2026-01-11,Debit Card,2428.61,Success
PAY104096,O104096,2026-06-21,UPI,3877.71,Success
PAY104097,O104097,2026-02-12,Net Banking,834.22,Success
PAY104098,O104098,2026-01-04,Debit Card,65655.68,Success
PAY104099,O104099,2026-05-07,Net Banking,722.03,Success
PAY104100,O104100,2026-08-10,Debit Card,500.3,Refunded
PAY104101,O104101,2025-11-02,Net Banking,8516.81,Success
PAY104102,O104102,2025-09-05,UPI,6072.35,Success
PAY104103,O104103,2026-03-18,Debit Card,14799.82,Success
PAY104104,O104104,2026-02-07,Credit Card,65233.96,Success
PAY104105,O104105,2026-03-12,COD,1063.39,Success
PAY104106,O104106,2026-04-04,Credit Card,7653.36,Success
PAY104107,O104107,2025-09-29,COD,1626.34,Success
PAY104108,O104108,2026-04-18,Net Banking,9963.6,Success
PAY104109,O104109,2026-03-28,Debit Card,361.02,Success
PAY104110,O104110,2026-07-23,Net Banking,24736.96,Success
PAY104111,O104111,2026-08-16,UPI,190284.0,Success
PAY104112,O104112,2025-10-07,UPI,2677.96,Success
PAY104113,O104113,2026-08-12,COD,1844.72,Success
PAY104114,O104114,2026-04-02,UPI,5586.4,Success
PAY104115,O104115,2026-08-09,Debit Card,625.33,Success
PAY104116,O104116,2026-04-03,Net Banking,6891.64,Success
PAY104117,O104117,2026-03-03,COD,4329.6,Success
PAY104118,O104118,2025-10-20,Net Banking,3465.45,Success
PAY104119,O104119,2026-02-04,Credit Card,3039.07,Success
PAY104120,O104120,2025-11-08,Credit Card,371.34,Success
PAY104121,O104121,2026-02-23,Debit Card,2098.13,Success
PAY104122,O104122,2025-10-07,COD,3747.66,Success
PAY104123,O104123,2025-09-12,Credit Card,4331.81,Success
PAY104124,O104124,2026-06-07,UPI,10220.5,Success
PAY104125,O104125,2026-08-21,Credit Card,6409.71,Success
PAY104126,O104126,2026-06-08,COD,625.33,Success
PAY104127,O104127,2026-06-02,Debit Card,1488.75,Success
PAY104128,O104128,2025-10-28,Net Banking,1524.23,Success
PAY104129,O104129,2026-01-15,Debit Card,617.17,Success
PAY104130,O104130,2026-04-01,Debit Card,11992.51,Success
PAY104131,O104131,2026-08-18,Net Banking,2529.75,Success
PAY104132,O104132,2025-12-11,UPI,2247.52,Success
PAY104133,O104133,2025-09-06,Debit Card,600.42,Success
PAY104134,O104134,2026-07-07,UPI,26389.58,Success
PAY104135,O104135,2025-12-09,Credit Card,6933.25,Success
PAY104136,O104136,2026-08-21,COD,105104.16,Success
PAY104137,O104137,2026-06-20,COD,1816.37,Success
PAY104138,O104138,2025-10-25,Net Banking,2608.79,Success
PAY104139,O104139,2025-10-17,Net Banking,3953.74,Success
PAY104140,O104140,2025-10-22,Net Banking,4976.76,Success
PAY104141,O104141,2025-10-07,Debit Card,2059.91,Success
PAY104142,O104142,2025-08-23,Credit Card,1514.99,Success
PAY104143,O104143,2026-08-13,COD,5590.52,Success
PAY104144,O104144,2025-12-21,COD,1542.92,Success
PAY104145,O104145,2025-09-25,UPI,5803.85,Success
PAY104146,O104146,2026-07-06,Net Banking,54971.02,Refunded
PAY104147,O104147,2026-06-07,Debit Card,1288.82,Success
PAY104148,O104148,2026-05-30,COD,11027.32,Success
PAY104149,O104149,2026-03-06,Debit Card,2102.61,Success
PAY104150,O104150,2025-11-03,Debit Card,1453.1,Success
PAY104151,O104151,2025-10-29,UPI,1250.66,Refunded
PAY104152,O104152,2025-10-15,UPI,20844.8,Success
PAY104153,O104153,2025-10-12,COD,750.8,Success
PAY104154,O104154,2026-03-01,UPI,830.12,Success
PAY104155,O104155,2025-09-27,Net Banking,1067.94,Success
PAY104156,O104156,2026-08-20,Net Banking,4436.26,Success
PAY104157,O104157,2025-09-20,Credit Card,178677.07,Success
PAY104158,O104158,2026-04-03,Net Banking,284.84,Success
PAY104159,O104159,2026-01-08,Net Banking,27094.83,Success
PAY104160,O104160,2026-06-13,Net Banking,1149.36,Success
PAY104161,O104161,2025-08-30,COD,1838.98,Success
PAY104162,O104162,2026-03-07,Debit Card,56617.34,Refunded
PAY104163,O104163,2026-06-27,Debit Card,1214.29,Success
PAY104164,O104164,2026-07-07,UPI,7615.28,Success
PAY104165,O104165,2026-05-03,Debit Card,9474.29,Refunded
PAY104166,O104166,2026-04-06,Credit Card,1234.34,Success
PAY104167,O104167,2026-03-04,UPI,1045.48,Success
PAY104168,O104168,2026-07-04,Debit Card,5009.89,Success
PAY104169,O104169,2025-09-10,Debit Card,4199.33,Success
PAY104170,O104170,2026-02-03,UPI,6616.68,Success
PAY104171,O104171,2025-12-06,Credit Card,742.68,Success
PAY104172,O104172,2026-04-06,Debit Card,68434.16,Success
PAY104173,O104173,2026-05-04,Credit Card,3496.78,Success
PAY104174,O104174,2026-08-04,COD,5583.89,Success
PAY104175,O104175,2026-05-18,Debit Card,30138.86,Success
PAY104176,O104176,2026-01-03,Net Banking,1504.45,Success
PAY104177,O104177,2025-12-14,UPI,18063.22,Success
PAY104178,O104178,2026-01-15,Debit Card,2751.81,Success
PAY104179,O104179,2025-11-25,Net Banking,135577.35,Success
PAY104180,O104180,2026-05-06,Credit Card,2233.88,Success
PAY104181,O104181,2025-12-08,Net Banking,722.03,Success
PAY104182,O104182,2026-01-30,Debit Card,12515.16,Success
PAY104183,O104183,2025-12-04,Debit Card,598.16,Success
PAY104184,O104184,2026-04-10,Debit Card,10271.01,Success
PAY104185,O104185,2025-12-14,Net Banking,9957.78,Success
PAY104186,O104186,2025-12-14,Debit Card,2601.04,Failed
PAY104187,O104187,2026-05-01,Debit Card,2809.4,Success
PAY104188,O104188,2025-08-29,Net Banking,319.9,Success
PAY104189,O104189,2026-01-03,Net Banking,2259.84,Success
PAY104190,O104190,2025-09-24,COD,192530.16,Success
PAY104191,O104191,2026-06-09,Net Banking,3161.66,Success
PAY104192,O104192,2026-08-09,Credit Card,90917.02,Success
PAY104193,O104193,2025-08-25,Net Banking,13997.76,Success
PAY104194,O104194,2026-08-20,COD,30910.76,Success
PAY104195,O104195,2025-10-03,Net Banking,1075.3,Success
PAY104196,O104196,2026-04-26,Debit Card,15955.87,Success
PAY104197,O104197,2025-09-19,Credit Card,573.83,Success
PAY104198,O104198,2025-11-14,Net Banking,6087.4,Success
PAY104199,O104199,2025-12-28,UPI,16578.57,Success
PAY104200,O104200,2026-06-05,Credit Card,155250.09,Success
PAY104201,O104201,2025-10-08,Net Banking,5996.26,Success
PAY104202,O104202,2025-10-02,Credit Card,752.22,Success
PAY104203,O104203,2026-02-23,UPI,5579.4,Success
PAY104204,O104204,2025-10-04,Net Banking,6775.6,Success
PAY104205,O104205,2025-12-13,Net Banking,15928.6,Success
PAY104206,O104206,2026-02-17,Credit Card,1668.44,Failed
PAY104207,O104207,2026-02-28,Net Banking,3318.56,Success
PAY104208,O104208,2026-03-17,Net Banking,14123.24,Failed
PAY104209,O104209,2025-11-04,Net Banking,17327.24,Success
PAY104210,O104210,2026-02-02,UPI,1013.02,Success
PAY104211,O104211,2025-10-27,Net Banking,1955.48,Success
PAY104212,O104212,2025-10-06,UPI,4429.52,Success
PAY104213,O104213,2026-06-16,Credit Card,9096.96,Success
PAY104214,O104214,2025-12-31,UPI,29983.25,Success
PAY104215,O104215,2025-12-27,UPI,5149.78,Success
PAY104216,O104216,2025-11-30,Credit Card,12080.32,Refunded
PAY104217,O104217,2025-09-22,Credit Card,926.66,Success
PAY104218,O104218,2026-05-03,UPI,151.95,Success
PAY104219,O104219,2026-02-28,Net Banking,36475.38,Success
PAY104220,O104220,2026-03-17,Net Banking,1234.34,Success
PAY104221,O104221,2026-07-18,UPI,3196.03,Success
PAY104222,O104222,2026-07-24,Credit Card,18495.71,Success
PAY104223,O104223,2025-11-08,Credit Card,5211.2,Success
PAY104224,O104224,2026-05-25,Net Banking,2233.88,Success
PAY104225,O104225,2026-02-10,Credit Card,3356.86,Success
PAY104226,O104226,2025-12-22,Debit Card,2576.83,Success
PAY104227,O104227,2026-08-04,Net Banking,1864.92,Success
PAY104228,O104228,2026-07-29,Net Banking,13208.19,Success
PAY104229,O104229,2026-05-26,Net Banking,316.01,Success
PAY104230,O104230,2026-04-24,UPI,466.7,Success
PAY104231,O104231,2026-07-31,COD,23778.8,Success
PAY104232,O104232,2026-04-08,COD,300.21,Failed
PAY104233,O104233,2025-08-21,COD,9269.6,Success
PAY104234,O104234,2026-05-24,UPI,2878.48,Success
PAY104235,O104235,2026-06-01,COD,9884.36,Success
PAY104236,O104236,2026-02-26,Credit Card,36475.38,Failed
PAY104237,O104237,2025-12-14,COD,12513.02,Success
PAY104238,O104238,2026-06-28,Credit Card,46575.03,Success
PAY104239,O104239,2026-03-16,COD,1058.32,Success
PAY104240,O104240,2026-01-20,Debit Card,9884.36,Success
PAY104241,O104241,2026-07-21,Debit Card,1262.56,Success
PAY104242,O104242,2026-05-30,UPI,6877.15,Success
PAY104243,O104243,2025-08-26,Debit Card,5211.2,Success
PAY104244,O104244,2026-06-07,Net Banking,632.02,Refunded
PAY104245,O104245,2026-06-28,COD,413.38,Failed
PAY104246,O104246,2026-07-19,UPI,3412.29,Success
PAY104247,O104247,2026-06-21,Net Banking,10404.16,Success
PAY104248,O104248,2026-04-08,UPI,6934.45,Success
PAY104249,O104249,2026-07-29,Credit Card,2697.81,Success
PAY104250,O104250,2026-07-28,UPI,569.57,Success
PAY104251,O104251,2026-04-03,COD,7435.05,Success
PAY104252,O104252,2026-08-06,Credit Card,2277.11,Success
PAY104253,O104253,2025-11-17,UPI,17682.85,Success
PAY104254,O104254,2026-06-18,COD,25370.06,Success
PAY104255,O104255,2026-07-12,Net Banking,30698.34,Success
PAY104256,O104256,2026-06-17,Debit Card,2975.68,Success
PAY104257,O104257,2025-12-13,Debit Card,13286.43,Failed
PAY104258,O104258,2026-03-29,UPI,135.96,Failed
PAY104259,O104259,2025-11-26,Net Banking,780.37,Success
PAY104260,O104260,2026-01-06,COD,2486.08,Success
PAY104261,O104261,2026-04-13,UPI,3086.44,Success
PAY104262,O104262,2026-05-13,Net Banking,1537.77,Success
PAY104263,O104263,2026-08-21,COD,4258.41,Failed
PAY104264,O104264,2025-11-19,UPI,7435.05,Success
PAY104265,O104265,2025-12-27,Net Banking,11990.38,Success
PAY104266,O104266,2026-03-21,Net Banking,61590.74,Success
PAY104267,O104267,2025-11-15,COD,965.55,Success
PAY104268,O104268,2026-06-21,Credit Card,1672.77,Success
PAY104269,O104269,2026-01-11,Debit Card,6950.06,Success
PAY104270,O104270,2026-07-15,Debit Card,102866.2,Success
PAY104271,O104271,2026-05-09,Net Banking,84926.02,Success
PAY104272,O104272,2026-01-21,Debit Card,1129.92,Success
PAY104273,O104273,2025-11-24,UPI,6879.42,Success
PAY104274,O104274,2026-05-05,Credit Card,3933.88,Success
PAY104275,O104275,2025-12-19,UPI,3686.99,Success
PAY104276,O104276,2026-01-04,Credit Card,4757.99,Success
PAY104278,O104278,2026-01-12,Debit Card,64458.4,Success
PAY104279,O104279,2026-05-19,UPI,33731.15,Success
PAY104280,O104280,2026-04-30,UPI,7826.37,Success
PAY104281,O104281,2026-01-05,Debit Card,2608.79,Success
PAY104282,O104282,2026-03-10,UPI,4127.71,Success
PAY104283,O104283,2026-08-16,UPI,862.14,Success
PAY104284,O104284,2025-12-01,Credit Card,4359.29,Success
PAY104285,O104285,2025-10-13,UPI,2820.78,Success
PAY104286,O104286,2025-12-11,COD,4281.81,Success
PAY104287,O104287,2025-10-07,Net Banking,6204.32,Success
PAY104288,O104288,2025-09-11,Debit Card,4835.09,Success
PAY104289,O104289,2026-07-21,Credit Card,206.69,Success
PAY104290,O104290,2025-10-17,Credit Card,7534.71,Success
PAY104291,O104291,2026-03-16,Net Banking,10019.78,Refunded
PAY104292,O104292,2026-03-29,Credit Card,15353.74,Success
PAY104293,O104293,2026-03-14,UPI,1662.6,Success
PAY104294,O104294,2026-05-11,COD,150752.52,Success
PAY104295,O104295,2026-06-02,COD,3729.84,Success
PAY104296,O104296,2026-01-12,Credit Card,26389.58,Success
PAY104297,O104297,2026-01-09,Credit Card,568.82,Success
PAY104298,O104298,2026-02-19,Credit Card,6694.9,Success
PAY104299,O104299,2026-06-30,COD,6172.88,Success
PAY104300,O104300,2025-12-21,UPI,51750.03,Success
PAY104301,O104301,2025-12-07,UPI,2172.75,Success
PAY104302,O104302,2026-02-19,Credit Card,5069.18,Success
PAY104303,O104303,2026-03-13,UPI,2443.21,Success
PAY104304,O104304,2026-01-07,Net Banking,1431.57,Success
PAY104305,O104305,2026-02-26,COD,52928.26,Success
PAY104306,O104306,2025-09-23,Credit Card,8015.82,Success
PAY104307,O104307,2026-02-22,UPI,10858.72,Success
PAY104308,O104308,2025-12-17,COD,80940.22,Success
PAY104309,O104309,2025-10-16,UPI,2541.79,Success
PAY104310,O104310,2026-08-10,Debit Card,4128.22,Success
PAY104311,O104311,2025-10-01,COD,564.96,Success
PAY104312,O104312,2025-09-13,UPI,1827.86,Success
PAY104313,O104313,2025-12-09,Debit Card,3321.61,Success
PAY104314,O104314,2026-02-11,Credit Card,27485.51,Failed
PAY104315,O104315,2025-12-17,Debit Card,3048.45,Refunded
PAY104316,O104316,2026-08-01,Credit Card,3101.24,Success
PAY104317,O104317,2026-01-17,UPI,4370.98,Success
PAY104318,O104318,2026-07-04,Net Banking,5894.28,Success
PAY104319,O104319,2025-11-03,UPI,4904.2,Success
PAY104320,O104320,2026-02-14,COD,9286.16,Success
PAY104321,O104321,2026-06-28,Credit Card,56218.59,Success
PAY104322,O104322,2026-02-22,Debit Card,2602.48,Success
PAY104323,O104323,2026-01-16,COD,5857.89,Success
PAY104324,O104324,2026-06-23,Net Banking,2654.85,Success
PAY104325,O104325,2025-09-11,UPI,7626.97,Success
PAY104326,O104326,2025-11-29,Debit Card,2486.08,Success
PAY104327,O104327,2026-07-30,Net Banking,1626.34,Success
PAY104328,O104328,2026-06-03,UPI,507.54,Success
PAY104329,O104329,2026-08-15,UPI,3539.88,Success
PAY104330,O104330,2026-02-19,Net Banking,3161.66,Success
PAY104331,O104331,2026-07-17,COD,1259.47,Success
PAY104332,O104332,2026-01-03,Net Banking,1766.11,Success
PAY104333,O104333,2026-05-31,Debit Card,11461.92,Success
PAY104334,O104334,2026-06-24,COD,2822.8,Success
PAY104335,O104335,2026-08-11,UPI,298.55,Success
PAY104336,O104336,2026-02-17,Debit Card,794.4,Success
PAY104337,O104337,2026-02-04,Net Banking,7227.26,Success
PAY104338,O104338,2026-02-15,UPI,2542.32,Success
PAY104339,O104339,2025-10-18,UPI,3170.04,Success
PAY104340,O104340,2025-10-16,Credit Card,981.59,Success
PAY104341,O104341,2026-07-23,UPI,76110.18,Success
PAY104342,O104342,2025-09-11,Credit Card,433.18,Success
PAY104343,O104343,2026-02-22,Credit Card,17333.12,Success
PAY104344,O104344,2026-06-02,Net Banking,2376.29,Success
PAY104345,O104345,2025-11-06,COD,4956.7,Success
PAY104346,O104346,2026-03-07,Credit Card,5327.07,Success
PAY104347,O104347,2025-10-28,COD,2038.48,Success
PAY104348,O104348,2025-10-01,Credit Card,571.43,Success
PAY104349,O104349,2026-08-05,UPI,1399.41,Success
PAY104350,O104350,2026-06-07,Credit Card,5618.8,Refunded
PAY104351,O104351,2026-04-06,UPI,229.52,Failed
PAY104352,O104352,2025-12-16,UPI,1288.41,Success
PAY104353,O104353,2026-08-15,Net Banking,913.93,Success
PAY104354,O104354,2026-01-25,COD,5318.94,Success
PAY104355,O104355,2025-09-03,Net Banking,508.46,Success
PAY104356,O104356,2026-08-13,Net Banking,899.49,Success
PAY104357,O104357,2025-10-30,UPI,15324.28,Success
PAY104358,O104358,2026-07-24,UPI,32616.98,Success
PAY104359,O104359,2025-12-03,COD,17127.14,Success
PAY104360,O104360,2026-02-01,Credit Card,5419.76,Success
PAY104361,O104361,2026-08-06,COD,2039.08,Success
PAY104362,O104362,2025-09-11,Net Banking,5134.14,Success
PAY104363,O104363,2026-05-03,COD,25370.06,Success
PAY104364,O104364,2026-04-02,Debit Card,1693.9,Success
PAY104365,O104365,2025-09-05,Net Banking,16680.76,Success
PAY104366,O104366,2026-05-19,Credit Card,2392.63,Success
PAY104367,O104367,2025-09-05,Debit Card,3554.63,Success
PAY104368,O104368,2026-08-03,UPI,10680.83,Success
PAY104369,O104369,2026-05-12,COD,15207.55,Success
PAY104370,O104370,2026-03-07,UPI,599.66,Success
PAY104371,O104371,2026-01-15,Debit Card,4281.81,Success
PAY104372,O104372,2026-04-06,Credit Card,2859.6,Success
PAY104373,O104373,2025-11-02,Credit Card,517.28,Success
PAY104374,O104374,2026-07-22,UPI,9963.6,Success
PAY104375,O104375,2025-11-04,Credit Card,1327.14,Success
PAY104376,O104376,2026-05-11,COD,103500.06,Success
PAY104377,O104377,2026-04-22,Net Banking,707.98,Success
PAY104378,O104378,2026-02-01,Debit Card,2150.6,Failed
PAY104379,O104379,2026-08-22,Credit Card,2499.42,Success
PAY104380,O104380,2025-10-18,Net Banking,13194.79,Success
PAY104381,O104381,2025-11-03,Credit Card,47571.0,Success
PAY104382,O104382,2026-07-11,Net Banking,16225.71,Success
PAY104383,O104383,2026-01-22,Net Banking,4847.14,Success
PAY104384,O104384,2026-07-10,UPI,1038.89,Success
PAY104385,O104385,2025-10-05,Credit Card,5141.4,Success
PAY104386,O104386,2026-08-07,UPI,3027.82,Success
PAY104387,O104387,2026-01-03,Credit Card,2931.55,Success
PAY104388,O104388,2026-02-09,Credit Card,1530.67,Success
PAY104389,O104389,2026-08-03,Debit Card,4362.43,Success
PAY104390,O104390,2025-09-03,Debit Card,26735.97,Success
PAY104391,O104391,2026-07-23,Net Banking,112215.1,Success
PAY104392,O104392,2025-09-20,UPI,195.09,Success
PAY104393,O104393,2026-04-07,UPI,5395.62,Success
PAY104394,O104394,2026-03-20,Debit Card,1851.5,Success
PAY104395,O104395,2026-08-10,UPI,7430.67,Success
PAY104396,O104396,2026-04-11,Net Banking,5211.2,Success
PAY104397,O104397,2026-08-10,COD,8421.15,Success
PAY104398,O104398,2025-11-15,Credit Card,33361.52,Success
PAY104399,O104399,2026-06-25,COD,1725.55,Success
PAY104400,O104400,2025-10-06,Credit Card,1953.91,Success
PAY104401,O104401,2026-07-25,COD,1033.25,Success
PAY104402,O104402,2026-03-29,UPI,8233.23,Success
PAY104403,O104403,2026-01-25,Debit Card,2416.06,Success
PAY104404,O104404,2026-01-10,COD,1852.1,Success
PAY104405,O104405,2025-09-11,Debit Card,24909.0,Success
PAY104406,O104406,2025-08-24,Credit Card,1667.99,Success
PAY104407,O104407,2025-09-21,Credit Card,9712.12,Failed
PAY104408,O104408,2026-06-02,UPI,772.26,Success
PAY104409,O104409,2025-12-25,Credit Card,568.82,Success
PAY104410,O104410,2025-10-18,Debit Card,737.89,Success
PAY104411,O104411,2026-01-28,Credit Card,5915.89,Success
PAY104412,O104412,2026-06-02,UPI,2158.25,Success
PAY104413,O104413,2026-04-16,Credit Card,9664.26,Success
PAY104414,O104414,2026-04-11,Credit Card,13417.25,Refunded
PAY104415,O104415,2025-11-07,COD,3807.64,Success
PAY104416,O104416,2026-01-26,COD,320.38,Refunded
PAY104417,O104417,2025-09-20,Debit Card,1063.39,Success
PAY104418,O104418,2026-03-12,Credit Card,5035.28,Refunded
PAY104419,O104419,2026-08-11,Net Banking,40470.11,Refunded
PAY104420,O104420,2026-04-13,Net Banking,5921.43,Success
PAY104421,O104421,2026-06-30,Net Banking,2347.91,Success
PAY104422,O104422,2026-04-28,Credit Card,29365.22,Success
PAY104423,O104423,2026-04-25,Debit Card,14388.46,Success
PAY104424,O104424,2025-11-10,Net Banking,10019.78,Success
PAY104425,O104425,2026-01-18,Debit Card,8803.46,Success
PAY104426,O104426,2025-10-06,Debit Card,8096.47,Refunded
PAY104427,O104427,2025-11-11,Debit Card,23980.76,Success
PAY104428,O104428,2026-07-10,COD,7284.09,Success
PAY104429,O104429,2025-11-15,Credit Card,1129.92,Success
PAY104430,O104430,2025-12-26,Debit Card,583.37,Success
PAY104431,O104431,2026-08-19,Credit Card,1530.67,Success
PAY104432,O104432,2026-03-28,UPI,976.96,Success
PAY104433,O104433,2026-02-17,Debit Card,5179.24,Success
PAY104434,O104434,2026-07-24,UPI,3286.12,Success
PAY104435,O104435,2026-08-18,Credit Card,2045.17,Success
PAY104436,O104436,2026-01-29,Credit Card,1019.24,Success
PAY104437,O104437,2025-11-26,Credit Card,3704.21,Success
PAY104438,O104438,2025-12-23,Net Banking,1766.11,Refunded
PAY104439,O104439,2026-01-16,UPI,3868.07,Success
PAY104440,O104440,2026-06-01,Net Banking,7284.09,Success
PAY104441,O104441,2026-07-27,Debit Card,6950.06,Refunded
PAY104442,O104442,2025-11-08,UPI,1514.99,Success
PAY104443,O104443,2025-11-09,UPI,6412.86,Success
PAY104444,O104444,2025-12-23,Debit Card,1010.39,Success
PAY104445,O104445,2025-08-23,UPI,6059.54,Success
PAY104446,O104446,2026-06-07,UPI,9884.36,Success
PAY104447,O104447,2026-01-16,Debit Card,78333.7,Success
PAY104448,O104448,2025-11-09,COD,509.62,Success
PAY104449,O104449,2025-12-16,COD,5561.34,Success
PAY104450,O104450,2026-04-21,COD,5992.96,Success
PAY104451,O104451,2025-09-06,Credit Card,4893.79,Success
PAY104452,O104452,2026-04-22,UPI,4078.16,Success
PAY104453,O104453,2026-07-04,UPI,211582.48,Success
PAY104454,O104454,2025-12-19,UPI,66160.32,Success
PAY104455,O104455,2025-10-11,UPI,588.59,Success
PAY104456,O104456,2026-06-08,UPI,2812.09,Success
PAY104457,O104457,2026-04-29,COD,4549.42,Success
PAY104458,O104458,2026-06-06,COD,4697.26,Success
PAY104459,O104459,2025-11-15,Net Banking,1445.82,Success
PAY104460,O104460,2026-04-26,Debit Card,1415.0,Success
PAY104461,O104461,2026-06-08,COD,1124.39,Refunded
PAY104462,O104462,2026-05-28,UPI,2956.06,Success
PAY104463,O104463,2026-07-06,COD,876.24,Success
PAY104464,O104464,2026-04-13,Credit Card,509.62,Success
PAY104465,O104465,2025-09-09,Credit Card,4543.76,Success
PAY104466,O104466,2025-09-28,Net Banking,1484.03,Success
PAY104467,O104467,2025-10-22,COD,7749.38,Success
PAY104468,O104468,2026-04-23,COD,4947.32,Success
PAY104469,O104469,2026-06-28,COD,20039.56,Success
PAY104470,O104470,2026-08-05,UPI,940.93,Success
PAY104471,O104471,2026-08-18,Credit Card,6688.26,Success
PAY104472,O104472,2026-03-31,Debit Card,482.66,Success
PAY104473,O104473,2025-12-19,Net Banking,2392.27,Success
PAY104474,O104474,2025-12-15,UPI,4947.32,Success
PAY104475,O104475,2025-09-19,UPI,9883.95,Success
PAY104476,O104476,2026-04-07,Debit Card,6412.86,Success
PAY104477,O104477,2026-04-14,Debit Card,913.93,Success
PAY104478,O104478,2025-11-06,UPI,9083.45,Success
PAY104479,O104479,2026-07-28,Debit Card,24817.28,Success
PAY104480,O104480,2026-04-02,Credit Card,4972.16,Refunded
PAY104481,O104481,2026-06-18,Credit Card,1821.44,Success
PAY104482,O104482,2026-06-07,Net Banking,9741.6,Success
PAY104483,O104483,2025-10-16,Net Banking,238.84,Success
PAY104484,O104484,2026-03-12,COD,12454.5,Success
PAY104485,O104485,2026-01-27,COD,564.93,Success
PAY104486,O104486,2025-12-07,COD,68434.16,Success
PAY104487,O104487,2026-03-09,Net Banking,11405.66,Refunded
PAY104488,O104488,2026-04-25,Credit Card,3140.82,Success
PAY104489,O104489,2026-04-22,COD,1993.22,Success
PAY104490,O104490,2026-02-27,COD,5649.3,Success
PAY104491,O104491,2026-01-20,Credit Card,94362.24,Success
PAY104492,O104492,2026-03-03,Debit Card,299.83,Success
PAY104493,O104493,2026-08-08,Credit Card,5621.96,Success
PAY104494,O104494,2026-08-14,Net Banking,2259.84,Success
PAY104495,O104495,2025-10-13,Credit Card,1769.94,Success
PAY104496,O104496,2025-11-10,Net Banking,25030.32,Success
PAY104497,O104497,2026-08-18,Debit Card,26735.97,Success
PAY104498,O104498,2026-06-02,Net Banking,4115.22,Success
PAY104499,O104499,2026-02-06,Debit Card,172452.16,Refunded
PAY104500,O104500,2025-12-11,UPI,3530.81,Success
PAY104501,O104501,2025-10-08,COD,668.41,Success
PAY104502,O104502,2026-07-26,COD,1553.68,Success
PAY104503,O104503,2025-11-24,Credit Card,6336.48,Success
PAY104504,O104504,2026-04-18,Credit Card,918.08,Success
PAY104505,O104505,2026-03-25,UPI,43268.57,Success
PAY104506,O104506,2026-05-13,Debit Card,1420.41,Success
PAY104507,O104507,2026-08-09,Credit Card,21172.65,Success
PAY104508,O104508,2026-06-27,COD,2446.15,Refunded
PAY104509,O104509,2026-05-18,COD,7732.42,Success
PAY104510,O104510,2025-08-25,UPI,3317.84,Success
PAY104511,O104511,2026-01-28,COD,121410.33,Success
PAY104512,O104512,2025-09-06,Credit Card,10062.94,Success
PAY104513,O104513,2026-02-22,COD,2714.68,Success
PAY104514,O104514,2026-04-01,Debit Card,1031.06,Success
PAY104515,O104515,2026-07-16,Net Banking,101480.24,Success
PAY104516,O104516,2025-10-28,UPI,1375.58,Success
PAY104517,O104517,2026-04-22,COD,11263.64,Success
PAY104518,O104518,2025-11-07,Debit Card,1431.39,Success
PAY104519,O104519,2026-07-21,Credit Card,3152.63,Success
PAY104520,O104520,2026-04-15,UPI,2968.07,Success
PAY104521,O104521,2026-01-26,Net Banking,73982.85,Success
PAY104522,O104522,2026-04-13,Debit Card,868.79,Success
PAY104523,O104523,2025-11-08,Credit Card,3020.08,Success
PAY104524,O104524,2026-07-24,Credit Card,19651.69,Success
PAY104525,O104525,2026-08-18,Credit Card,1853.32,Success
PAY104526,O104526,2026-03-28,COD,2035.73,Success
PAY104527,O104527,2026-07-03,Net Banking,1604.45,Refunded
PAY104528,O104528,2025-09-30,Credit Card,19915.56,Success
PAY104529,O104529,2026-06-16,Credit Card,2578.95,Success
PAY104530,O104530,2026-04-14,Net Banking,4600.2,Success
PAY104531,O104531,2025-10-17,Credit Card,1353.22,Success
PAY104532,O104532,2026-02-13,UPI,702.75,Success
PAY104533,O104533,2025-08-27,Credit Card,1517.88,Success
PAY104534,O104534,2026-02-06,Credit Card,352.77,Success
PAY104535,O104535,2026-03-25,Credit Card,210208.32,Success
PAY104536,O104536,2025-09-22,COD,1553.68,Success
PAY104537,O104537,2026-07-02,Debit Card,8205.23,Success
PAY104538,O104538,2026-07-03,COD,815.39,Success
PAY104539,O104539,2026-02-20,Net Banking,588.59,Success
PAY104540,O104540,2026-07-24,Debit Card,186300.11,Success
PAY104541,O104541,2025-10-20,COD,1139.35,Success
PAY104542,O104542,2026-07-23,UPI,12329.48,Success
PAY104543,O104543,2026-07-04,Credit Card,1683.99,Success
PAY104544,O104544,2026-05-05,Net Banking,12286.34,Success
PAY104545,O104545,2025-10-12,COD,6355.46,Success
PAY104546,O104546,2026-08-12,Debit Card,15012.68,Success
PAY104547,O104547,2026-03-30,Debit Card,2083.62,Success
PAY104548,O104548,2025-08-31,Debit Card,1605.56,Success
PAY104549,O104549,2026-04-15,Net Banking,941.74,Success
PAY104550,O104550,2025-10-25,Debit Card,1323.34,Success
PAY104551,O104551,2025-10-23,UPI,6371.02,Success
PAY104552,O104552,2025-09-06,Credit Card,175950.1,Refunded
PAY104553,O104553,2026-05-27,Credit Card,5915.89,Refunded
PAY104554,O104554,2026-07-08,COD,5095.91,Success
PAY104555,O104555,2025-09-10,Credit Card,3529.21,Success
PAY104556,O104556,2026-05-19,Credit Card,4835.09,Success
PAY104557,O104557,2025-09-06,UPI,8803.46,Success
PAY104558,O104558,2026-05-20,Debit Card,20844.8,Success
PAY104559,O104559,2025-10-19,Net Banking,4630.26,Success
PAY104560,O104560,2025-11-29,COD,14278.19,Success
PAY104561,O104561,2026-03-16,Credit Card,1782.19,Success
PAY104562,O104562,2026-04-04,UPI,2719.17,Success
PAY104563,O104563,2026-04-05,COD,5503.61,Success
PAY104564,O104564,2026-06-17,Debit Card,31426.15,Success
PAY104565,O104565,2026-07-08,Net Banking,15594.52,Success
PAY104566,O104566,2025-10-29,Credit Card,9670.18,Success
PAY104567,O104567,2025-12-21,Net Banking,14518.43,Success
PAY104568,O104568,2026-06-11,Debit Card,94496.93,Success
PAY104569,O104569,2025-09-11,COD,573.83,Failed
PAY104570,O104570,2026-01-06,Net Banking,4115.22,Success
PAY104571,O104571,2026-04-26,COD,1202.86,Success
PAY104572,O104572,2026-06-12,Credit Card,180769.8,Success
PAY104573,O104573,2026-05-30,Credit Card,1678.43,Success
PAY104574,O104574,2025-12-01,Debit Card,34651.61,Success
PAY104575,O104575,2026-06-06,Debit Card,79392.38,Success
PAY104576,O104576,2025-09-21,COD,714.29,Failed
PAY104577,O104577,2026-06-30,Debit Card,1290.2,Success
PAY104578,O104578,2026-03-12,COD,1016.93,Success
PAY104579,O104579,2026-02-24,COD,1562.14,Success
PAY104580,O104580,2026-01-21,UPI,2140.9,Success
PAY104581,O104581,2026-01-22,UPI,5429.36,Success
PAY104582,O104582,2026-05-28,Debit Card,1234.34,Success
PAY104583,O104583,2026-02-02,Net Banking,143.95,Success
PAY104584,O104584,2026-04-16,Debit Card,1827.86,Success
PAY104585,O104585,2026-08-18,Net Banking,9694.28,Success
PAY104586,O104586,2025-09-11,COD,3043.7,Success
PAY104587,O104587,2026-04-27,Credit Card,109029.4,Success
PAY104588,O104588,2026-05-15,Credit Card,664.62,Success
PAY104589,O104589,2025-12-26,Net Banking,175.69,Success
PAY104590,O104590,2026-07-26,COD,6933.25,Success
PAY104591,O104591,2025-11-01,Debit Card,4370.98,Refunded
PAY104592,O104592,2026-02-03,Net Banking,1843.5,Success
PAY104593,O104593,2025-11-07,Net Banking,784.01,Success
PAY104594,O104594,2025-09-06,UPI,2132.68,Success
PAY104595,O104595,2025-11-17,Net Banking,3329.42,Success
PAY104596,O104596,2026-05-28,COD,38372.92,Success
PAY104597,O104597,2025-09-13,UPI,12226.05,Success
PAY104598,O104598,2026-01-24,UPI,50326.53,Success
PAY104599,O104599,2026-01-25,Net Banking,5037.88,Success
PAY104600,O104600,2026-01-13,Debit Card,40470.11,Success
PAY104601,O104601,2025-10-10,Credit Card,206.69,Success
PAY104602,O104602,2025-09-13,Net Banking,24909.0,Success
PAY104603,O104603,2026-04-11,Credit Card,2574.89,Success
PAY104604,O104604,2025-10-22,Credit Card,607.81,Success
PAY104605,O104605,2026-01-24,Credit Card,54789.64,Success
PAY104606,O104606,2026-03-27,Credit Card,65655.68,Success
PAY104607,O104607,2026-01-26,Debit Card,619.7,Refunded
PAY104608,O104608,2026-04-02,Net Banking,2098.13,Success
PAY104609,O104609,2026-04-21,Debit Card,3049.02,Success
PAY104610,O104610,2025-11-16,Credit Card,33080.16,Refunded
PAY104611,O104611,2026-03-21,Net Banking,1498.24,Success
PAY104612,O104612,2025-10-07,Net Banking,11990.38,Success
PAY104613,O104613,2025-11-17,Credit Card,5702.83,Refunded
PAY104614,O104614,2026-03-11,COD,3953.74,Success
PAY104615,O104615,2025-11-06,Credit Card,2315.13,Success
PAY104616,O104616,2026-05-04,Debit Card,13731.79,Success
PAY104617,O104617,2026-04-25,Credit Card,5579.4,Success
PAY104618,O104618,2025-08-25,Debit Card,1434.58,Success
PAY104619,O104619,2026-05-25,UPI,3795.18,Success
PAY104620,O104620,2026-05-01,Debit Card,2300.1,Success
PAY104621,O104621,2026-03-15,UPI,4972.16,Success
PAY104622,O104622,2026-08-21,COD,3308.34,Success
PAY104623,O104623,2026-07-16,Debit Card,4978.89,Success
PAY104624,O104624,2026-07-08,UPI,1521.85,Success
PAY104625,O104625,2025-12-21,Net Banking,7214.47,Success
PAY104626,O104626,2026-06-21,Net Banking,18028.57,Success
PAY104627,O104627,2026-07-16,Net Banking,949.4,Success
PAY104628,O104628,2026-04-13,Credit Card,3445.82,Success
PAY104629,O104629,2026-07-14,UPI,4452.59,Success
PAY104630,O104630,2025-11-23,Credit Card,1678.43,Success
PAY104631,O104631,2026-03-28,COD,4143.39,Success
PAY104632,O104632,2025-11-10,COD,355.98,Success
PAY104633,O104633,2026-04-11,UPI,3087.83,Success
PAY104634,O104634,2026-02-10,COD,1495.17,Success
PAY104635,O104635,2025-08-29,UPI,7227.26,Success
PAY104636,O104636,2026-04-24,Debit Card,7701.2,Success
PAY104637,O104637,2026-04-15,UPI,2478.35,Success
PAY104638,O104638,2025-12-09,UPI,8516.81,Success
PAY104639,O104639,2026-04-01,Debit Card,872.18,Success
PAY104640,O104640,2025-08-31,Credit Card,10435.16,Success
PAY104641,O104641,2025-09-08,Net Banking,5590.52,Success
PAY104642,O104642,2026-03-16,UPI,3036.18,Success
PAY104643,O104643,2025-11-22,Net Banking,7306.83,Success
PAY104644,O104644,2026-01-30,COD,11831.77,Success
PAY104645,O104645,2025-09-25,Debit Card,2132.68,Failed
PAY104646,O104646,2026-05-26,Net Banking,17127.14,Success
PAY104647,O104647,2026-08-01,Debit Card,18612.96,Success
PAY104648,O104648,2026-01-04,Net Banking,1694.88,Success
PAY104649,O104649,2026-04-25,Debit Card,64458.4,Success
PAY104650,O104650,2025-11-15,UPI,9624.32,Success
PAY104651,O104651,2025-12-21,Net Banking,597.1,Success
PAY104652,O104652,2026-05-15,Credit Card,3373.53,Success
PAY104653,O104653,2026-01-16,Debit Card,2333.48,Success
PAY104654,O104654,2026-05-19,Credit Card,25070.1,Success
PAY104655,O104655,2026-06-17,Debit Card,451.27,Success
PAY104656,O104656,2026-05-23,Net Banking,37605.15,Success
PAY104657,O104657,2026-01-31,Net Banking,3826.68,Success
PAY104658,O104658,2025-08-31,Credit Card,361.02,Success
PAY104659,O104659,2026-06-12,COD,12742.04,Success
PAY104660,O104660,2026-06-20,UPI,1149.36,Success
PAY104661,O104661,2025-08-26,COD,11801.65,Success
PAY104662,O104662,2026-07-21,Debit Card,2798.82,Success
PAY104663,O104663,2025-11-05,Debit Card,6822.72,Success
PAY104664,O104664,2026-07-08,Credit Card,10824.0,Success
PAY104665,O104665,2026-05-19,Debit Card,12024.12,Success
PAY104666,O104666,2025-12-27,Credit Card,3020.08,Success
PAY104667,O104667,2026-03-15,Credit Card,5560.05,Success
PAY104668,O104668,2025-10-23,Credit Card,4643.08,Success
PAY104669,O104669,2025-12-20,Credit Card,2580.4,Success
PAY104670,O104670,2025-10-17,Credit Card,2379.0,Success
PAY104671,O104671,2026-07-19,Debit Card,87223.52,Success
PAY104672,O104672,2026-07-14,UPI,25163.26,Success
PAY104673,O104673,2026-05-10,COD,2677.96,Success
PAY104674,O104674,2026-06-29,UPI,5311.28,Success
PAY104675,O104675,2026-07-04,Debit Card,109362.82,Success
PAY104676,O104676,2026-05-06,UPI,2122.19,Success
PAY104677,O104677,2025-12-17,Credit Card,1166.74,Success
PAY104678,O104678,2026-07-10,UPI,2810.98,Success
PAY104679,O104679,2026-07-05,UPI,121410.33,Success
PAY104680,O104680,2025-08-25,Credit Card,2654.91,Success
PAY104681,O104681,2026-07-22,Net Banking,5199.65,Success
PAY104682,O104682,2026-01-18,Debit Card,1907.35,Failed
PAY104683,O104683,2025-09-17,Net Banking,109029.4,Success
PAY104684,O104684,2026-07-13,UPI,128916.8,Success
PAY104685,O104685,2026-08-06,Credit Card,1936.56,Success
PAY104686,O104686,2026-06-27,Debit Card,34320.12,Success
PAY104687,O104687,2025-09-17,COD,1920.86,Failed
PAY104688,O104688,2026-07-06,COD,500.3,Refunded
PAY104689,O104689,2026-07-22,Credit Card,1405.49,Success
PAY104690,O104690,2025-12-07,UPI,1373.53,Success
PAY104691,O104691,2026-04-19,COD,4947.32,Success
PAY104692,O104692,2026-04-15,UPI,11046.12,Success
PAY104693,O104693,2026-08-09,Credit Card,6355.46,Success
PAY104694,O104694,2025-08-28,COD,12345.76,Success
PAY104695,O104695,2025-10-14,Debit Card,11831.77,Success
PAY104696,O104696,2026-04-06,Debit Card,6371.02,Success
PAY104697,O104697,2026-05-04,COD,4751.94,Success
PAY104698,O104698,2026-01-03,UPI,4155.56,Success
PAY104699,O104699,2026-04-10,Credit Card,4978.89,Success
PAY104700,O104700,2026-06-21,Net Banking,564.93,Success
PAY104701,O104701,2025-10-18,UPI,5125.84,Success
PAY104702,O104702,2025-12-17,Debit Card,17985.57,Success
PAY104703,O104703,2026-03-13,Debit Card,50740.12,Refunded
PAY104704,O104704,2026-08-07,COD,189187.49,Success
PAY104705,O104705,2025-09-04,Net Banking,5590.52,Success
PAY104706,O104706,2026-04-09,COD,92674.99,Success
PAY104707,O104707,2026-04-30,Credit Card,4665.92,Success
PAY104708,O104708,2026-04-16,Credit Card,72950.76,Success
PAY104709,O104709,2026-07-28,Debit Card,3983.46,Success
PAY104710,O104710,2025-11-04,COD,129504.35,Success
PAY104711,O104711,2026-03-04,COD,1211.99,Success
PAY104712,O104712,2026-03-03,Net Banking,7407.46,Refunded
PAY104713,O104713,2025-12-11,COD,6204.32,Success
PAY104714,O104714,2025-11-28,Debit Card,2304.37,Refunded
PAY104715,O104715,2026-03-18,Debit Card,3347.64,Success
PAY104716,O104716,2026-03-16,COD,13675.38,Success
PAY104717,O104717,2025-09-18,COD,2376.29,Success
PAY104718,O104718,2026-06-04,Debit Card,6371.02,Success
PAY104719,O104719,2026-04-04,Net Banking,76745.84,Success
PAY104720,O104720,2026-03-16,Debit Card,3387.8,Success
PAY104721,O104721,2026-01-11,Credit Card,645.56,Success
PAY104722,O104722,2026-03-14,Credit Card,4752.58,Success
PAY104723,O104723,2026-02-09,UPI,47571.0,Success
PAY104724,O104724,2025-09-29,Net Banking,701.91,Success
PAY104725,O104725,2026-02-17,UPI,8797.49,Success
PAY104726,O104726,2025-09-02,UPI,3247.54,Success
PAY104727,O104727,2026-03-14,Net Banking,2830.01,Success
PAY104728,O104728,2026-06-09,UPI,19915.56,Success
PAY104729,O104729,2025-11-01,Net Banking,7089.32,Success
PAY104730,O104730,2025-10-03,COD,135.96,Success
PAY104731,O104731,2025-12-28,Credit Card,6305.26,Success
PAY104732,O104732,2025-10-31,COD,798.87,Success
PAY104733,O104733,2025-12-21,Debit Card,105104.16,Success
PAY104734,O104734,2026-01-14,Net Banking,109029.4,Success
PAY104735,O104735,2026-07-06,UPI,709.09,Success
PAY104736,O104736,2026-07-14,COD,3007.16,Success
PAY104737,O104737,2025-11-05,UPI,884.97,Success
PAY104738,O104738,2026-02-06,Debit Card,1575.32,Success
PAY104739,O104739,2025-12-31,COD,9883.95,Success
PAY104740,O104740,2026-02-06,Debit Card,11470.0,Success
PAY104741,O104741,2026-07-26,UPI,2315.13,Success
PAY104742,O104742,2025-09-15,Credit Card,7420.98,Success
PAY104743,O104743,2026-02-28,Net Banking,7364.08,Success
PAY104744,O104744,2026-05-23,COD,7227.26,Success
PAY104745,O104745,2026-02-18,UPI,13868.9,Success
PAY104746,O104746,2025-09-26,Net Banking,4036.96,Success
PAY104747,O104747,2025-11-27,COD,3206.43,Success
PAY104748,O104748,2026-04-22,Net Banking,470.87,Success
PAY104749,O104749,2026-05-01,Net Banking,46366.14,Success
PAY104750,O104750,2026-05-23,Net Banking,4059.67,Success
PAY104751,O104751,2025-12-10,Credit Card,229.52,Success
PAY104752,O104752,2026-02-03,COD,21564.55,Success
PAY104753,O104753,2026-04-09,COD,1501.6,Success
PAY104754,O104754,2025-10-28,Net Banking,2518.94,Success
PAY104755,O104755,2026-01-25,COD,6728.48,Success
PAY104756,O104756,2025-12-15,Debit Card,5540.51,Failed
PAY104757,O104757,2025-12-31,Net Banking,4572.68,Success
PAY104758,O104758,2026-04-17,COD,1495.17,Success
PAY104759,O104759,2026-07-18,COD,2601.04,Success
PAY104760,O104760,2026-07-20,Net Banking,36423.1,Refunded
PAY104761,O104761,2025-09-24,UPI,1405.93,Success
PAY104762,O104762,2026-03-30,UPI,714.29,Success
PAY104763,O104763,2026-02-12,Net Banking,7629.4,Success
PAY104764,O104764,2026-08-09,COD,242038.12,Success
PAY104765,O104765,2026-05-13,Net Banking,1265.06,Success
PAY104766,O104766,2026-05-25,Net Banking,1139.14,Success
PAY104767,O104767,2026-04-23,Credit Card,1859.8,Success
PAY104768,O104768,2025-09-15,COD,3344.13,Success
PAY104769,O104769,2026-06-22,Credit Card,922.36,Success
PAY104770,O104770,2025-12-11,Net Banking,61235.48,Success
PAY104771,O104771,2026-02-09,Net Banking,880.33,Success
PAY104772,O104772,2025-08-27,Credit Card,6257.58,Success
PAY104773,O104773,2025-10-13,Credit Card,1487.84,Success
PAY104774,O104774,2025-12-16,Debit Card,3373.53,Success
PAY104775,O104775,2026-08-15,UPI,76113.6,Success
PAY104776,O104776,2026-07-09,Net Banking,2307.48,Success
PAY104777,O104777,2026-02-23,COD,23127.23,Success
PAY104778,O104778,2026-06-12,Net Banking,2680.66,Success
PAY104779,O104779,2025-12-28,Debit Card,477.13,Success
PAY104780,O104780,2025-10-20,Debit Card,1907.35,Success
PAY104781,O104781,2026-02-05,Debit Card,836.38,Success
PAY104782,O104782,2026-05-13,Credit Card,46725.37,Success
PAY104783,O104783,2025-09-11,COD,145692.4,Success
PAY104784,O104784,2025-10-28,COD,10042.35,Success
PAY104785,O104785,2025-10-17,COD,257833.6,Success
PAY104786,O104786,2025-10-04,Credit Card,4434.94,Success
PAY104787,O104787,2025-11-15,Net Banking,458.66,Failed
PAY104788,O104788,2026-04-25,UPI,23362.68,Success
PAY104789,O104789,2025-09-28,Net Banking,1517.88,Success
PAY104790,O104790,2026-03-28,Net Banking,3632.74,Success
PAY104791,O104791,2025-12-15,COD,1733.22,Success
PAY104792,O104792,2026-03-08,UPI,588.59,Success
PAY104793,O104793,2025-12-19,Debit Card,3056.51,Success
PAY104794,O104794,2026-05-14,Credit Card,105791.24,Success
PAY104795,O104795,2026-08-12,UPI,1444.06,Success
PAY104796,O104796,2025-12-15,COD,205302.48,Success
PAY104797,O104797,2026-08-11,Credit Card,484.14,Success
PAY104798,O104798,2026-06-26,Credit Card,913.93,Success
PAY104799,O104799,2025-08-29,Debit Card,500.26,Refunded
PAY104800,O104800,2025-08-26,UPI,103500.06,Success
PAY104801,O104801,2026-03-11,Net Banking,3329.42,Success
PAY104802,O104802,2025-11-05,Credit Card,7736.84,Success
PAY104803,O104803,2026-08-17,UPI,9840.56,Success
PAY104804,O104804,2026-08-07,COD,38372.92,Success
PAY104805,O104805,2026-05-05,Net Banking,564.96,Success
PAY104806,O104806,2025-10-19,Credit Card,1807.87,Success
PAY104807,O104807,2025-09-23,Credit Card,2300.1,Success
PAY104808,O104808,2026-01-14,Credit Card,1019.24,Failed
PAY104809,O104809,2026-05-31,COD,1196.14,Success
PAY104810,O104810,2026-06-24,COD,4137.7,Success
PAY104811,O104811,2025-08-29,Debit Card,17728.74,Success
PAY104812,O104812,2026-07-15,Credit Card,567.25,Success
PAY104813,O104813,2026-03-03,COD,299.83,Success
PAY104814,O104814,2026-07-08,UPI,11604.22,Success
PAY104815,O104815,2026-07-01,Debit Card,5449.11,Success
PAY104816,O104816,2025-12-20,Credit Card,2132.68,Success
PAY104817,O104817,2026-03-05,UPI,8754.63,Success
PAY104818,O104818,2025-11-30,COD,911.3,Success
PAY104819,O104819,2026-04-19,Net Banking,3607.24,Success
PAY104820,O104820,2026-03-22,COD,1503.58,Refunded
PAY104821,O104821,2025-10-22,Credit Card,20807.68,Success
PAY104822,O104822,2026-02-08,UPI,4933.27,Success
PAY104823,O104823,2025-12-27,Credit Card,625.33,Success
PAY104824,O104824,2026-07-26,UPI,926.66,Success
PAY104825,O104825,2026-08-19,Debit Card,3898.63,Success
PAY104826,O104826,2025-12-06,COD,3020.08,Success
PAY104827,O104827,2025-11-27,UPI,4039.69,Success
PAY104828,O104828,2026-07-15,Debit Card,3729.84,Refunded
PAY104829,O104829,2025-12-20,Net Banking,355.98,Success
PAY104830,O104830,2026-08-02,COD,878.26,Success
PAY104831,O104831,2026-02-17,Debit Card,3423.67,Success
PAY104832,O104832,2025-10-12,COD,4755.55,Success
PAY104833,O104833,2025-10-05,Credit Card,3466.62,Success
PAY104834,O104834,2026-04-19,COD,6602.56,Success
PAY104835,O104835,2026-02-09,COD,866.35,Success
PAY104836,O104836,2026-01-12,Debit Card,2928.95,Success
PAY104837,O104837,2025-08-29,Credit Card,7306.83,Success
PAY104838,O104838,2026-06-07,Credit Card,19853.82,Success
PAY104839,O104839,2026-03-30,Credit Card,714.29,Success
PAY104840,O104840,2026-01-07,UPI,4116.62,Success
PAY104841,O104841,2026-08-05,COD,90917.02,Success
PAY104842,O104842,2025-12-14,COD,2317.4,Success
PAY104843,O104843,2026-01-19,COD,4847.97,Success
PAY104844,O104844,2025-12-25,Net Banking,9530.77,Success
PAY104845,O104845,2026-01-05,Credit Card,913.93,Success
PAY104846,O104846,2025-12-21,COD,1294.97,Refunded
PAY104847,O104847,2026-04-23,Net Banking,2274.71,Success
PAY104848,O104848,2026-08-03,Net Banking,3007.16,Success
PAY104849,O104849,2026-07-07,UPI,7120.55,Success
PAY104850,O104850,2026-04-24,Net Banking,15821.02,Success
PAY104851,O104851,2025-10-31,Net Banking,4553.64,Success
PAY104853,O104853,2025-11-04,Net Banking,4199.33,Success
PAY104854,O104854,2025-11-11,UPI,6255.05,Success
PAY104855,O104855,2025-11-01,Debit Card,105104.16,Success
PAY104856,O104856,2026-03-03,COD,11283.1,Success
PAY104857,O104857,2026-04-16,Debit Card,52552.08,Success
PAY104858,O104858,2025-09-25,UPI,2226.29,Refunded
PAY104859,O104859,2025-09-09,UPI,2578.95,Success
PAY104860,O104860,2026-06-19,Credit Card,42813.9,Success
PAY104861,O104861,2025-11-16,Debit Card,9624.32,Success
PAY104862,O104862,2026-05-07,COD,348.86,Success
PAY104863,O104863,2025-10-17,COD,361.02,Success
PAY104864,O104864,2026-04-24,Debit Card,482.66,Success
PAY104865,O104865,2026-05-03,Debit Card,2486.08,Success
PAY104866,O104866,2026-03-27,UPI,6021.96,Success
PAY104867,O104867,2026-06-26,Credit Card,1355.12,Success
PAY104868,O104868,2026-06-08,COD,4384.1,Success
PAY104869,O104869,2026-03-02,Net Banking,4420.95,Success
PAY104870,O104870,2025-09-21,Credit Card,5967.74,Success
PAY104871,O104871,2026-05-03,UPI,414.27,Success
PAY104872,O104872,2025-11-27,COD,533.26,Success
PAY104873,O104873,2026-03-14,UPI,174037.68,Success
PAY104874,O104874,2025-09-22,UPI,12672.96,Success
PAY104875,O104875,2025-12-20,UPI,10066.43,Success
PAY104876,O104876,2026-04-24,Debit Card,709.09,Success
PAY104877,O104877,2026-02-01,UPI,6257.58,Success
PAY104878,O104878,2026-08-06,COD,926.66,Success
PAY104879,O104879,2026-07-15,Debit Card,5435.95,Success
PAY104880,O104880,2025-09-29,COD,2408.34,Success
PAY104881,O104881,2026-06-30,UPI,13205.11,Success
PAY104882,O104882,2026-01-02,COD,2809.4,Success
PAY104883,O104883,2026-06-29,COD,136375.53,Success
PAY104884,O104884,2025-11-07,Credit Card,92478.56,Success
PAY104885,O104885,2026-04-09,Credit Card,1504.45,Success
PAY104886,O104886,2026-05-03,Net Banking,284.41,Success
PAY104887,O104887,2026-08-17,Net Banking,106961.2,Success
PAY104888,O104888,2026-03-20,Credit Card,802.78,Success
PAY104889,O104889,2026-04-26,Credit Card,744.08,Success
PAY104890,O104890,2025-09-12,Debit Card,258.64,Refunded
PAY104891,O104891,2026-02-25,Net Banking,1553.68,Success
PAY104892,O104892,2026-06-18,COD,6857.33,Success
PAY104893,O104893,2025-12-28,COD,2718.07,Failed
PAY104894,O104894,2025-11-20,Debit Card,4556.52,Success
PAY104895,O104895,2026-02-22,COD,122470.96,Success
PAY104896,O104896,2025-12-11,COD,53480.6,Success
PAY104897,O104897,2025-11-27,Debit Card,4281.81,Success
PAY104898,O104898,2025-09-19,Credit Card,12513.02,Failed
PAY104899,O104899,2025-09-22,UPI,4544.97,Success
PAY104900,O104900,2026-04-06,Debit Card,1605.56,Success
PAY104901,O104901,2026-04-23,Net Banking,160441.8,Success
PAY104902,O104902,2026-03-05,Debit Card,109362.82,Success
PAY104903,O104903,2026-04-27,UPI,26274.15,Success
PAY104904,O104904,2025-09-02,Debit Card,3007.16,Success
PAY104905,O104905,2026-03-11,Debit Card,5412.0,Success
PAY104906,O104906,2025-11-30,COD,5664.95,Success
PAY104907,O104907,2026-03-23,UPI,941.74,Success
PAY104908,O104908,2026-01-24,UPI,18058.97,Success
PAY104909,O104909,2025-11-24,UPI,546.02,Success
PAY104910,O104910,2025-10-14,Net Banking,4695.07,Success
PAY104911,O104911,2026-07-23,Credit Card,872.14,Success
PAY104912,O104912,2026-05-23,UPI,1353.81,Success
PAY104913,O104913,2026-07-08,COD,298.55,Success
PAY104914,O104914,2026-07-14,Credit Card,18237.69,Success
PAY104915,O104915,2025-11-26,Net Banking,392.46,Success
PAY104916,O104916,2026-03-09,UPI,6415.98,Success
PAY104917,O104917,2026-02-19,UPI,406.14,Success
PAY104918,O104918,2026-04-10,Net Banking,1521.85,Success
PAY104919,O104919,2026-05-10,Debit Card,761.3,Success
PAY104920,O104920,2026-07-25,Credit Card,922.36,Success
PAY104921,O104921,2025-10-11,Credit Card,3347.45,Success
PAY104922,O104922,2025-09-03,Net Banking,4665.92,Success
PAY104923,O104923,2026-02-12,UPI,26593.11,Success
PAY104924,O104924,2025-10-13,COD,23362.68,Success
PAY104925,O104925,2026-03-13,COD,2274.71,Success
PAY104926,O104926,2026-04-04,UPI,2379.0,Success
PAY104927,O104927,2026-07-29,Net Banking,1495.17,Success
PAY104928,O104928,2026-03-31,Debit Card,383.58,Failed
PAY104929,O104929,2026-03-04,Credit Card,54085.71,Success
PAY104930,O104930,2026-08-11,COD,2824.65,Success
PAY104931,O104931,2025-10-17,Net Banking,316.01,Success
PAY104932,O104932,2026-06-10,UPI,4161.66,Success
PAY104933,O104933,2026-07-18,Credit Card,1864.92,Success
PAY104934,O104934,2026-06-18,Net Banking,1525.39,Success
PAY104935,O104935,2025-11-16,COD,625.33,Success
PAY104936,O104936,2025-10-21,Credit Card,3043.7,Success
PAY104937,O104937,2026-06-22,UPI,3407.82,Success
PAY104938,O104938,2026-04-15,Debit Card,5217.58,Success
PAY104939,O104939,2025-11-10,UPI,789.65,Refunded
PAY104940,O104940,2025-12-01,Credit Card,13675.38,Success
PAY104941,O104941,2025-11-17,Debit Card,246362.98,Success
PAY104942,O104942,2025-09-21,Debit Card,1585.02,Success
PAY104943,O104943,2026-04-30,COD,9391.64,Refunded
PAY104944,O104944,2026-05-24,COD,1329.24,Success
PAY104945,O104945,2025-09-30,Credit Card,4008.04,Success
PAY104946,O104946,2026-07-20,COD,2654.91,Success
PAY104947,O104947,2026-05-24,UPI,1420.21,Success
PAY104948,O104948,2025-09-27,Net Banking,42784.48,Success
PAY104949,O104949,2025-11-16,COD,959.71,Success
PAY104950,O104950,2026-08-13,UPI,11027.32,Success
PAY104951,O104951,2026-08-10,COD,6162.61,Success
PAY104952,O104952,2025-12-09,COD,23362.68,Success
PAY104953,O104953,2026-04-02,Credit Card,8741.96,Success
PAY104954,O104954,2026-07-02,UPI,449.06,Success
PAY104955,O104955,2025-12-21,COD,218058.8,Success
PAY104956,O104956,2025-11-14,Net Banking,784.93,Success
PAY104957,O104957,2025-10-20,Net Banking,5726.28,Success
PAY104958,O104958,2026-01-21,UPI,2304.37,Success
PAY104959,O104959,2026-08-09,Credit Card,124200.07,Success
PAY104960,O104960,2026-06-09,Debit Card,28365.98,Success
PAY104961,O104961,2025-09-06,Debit Card,8962.0,Success
PAY104962,O104962,2026-03-11,Credit Card,3140.82,Refunded
PAY104963,O104963,2026-03-13,COD,642.86,Success
PAY104964,O104964,2025-10-26,COD,2718.07,Success
PAY104965,O104965,2025-12-28,Debit Card,5211.2,Success
PAY104966,O104966,2025-09-09,Debit Card,2285.78,Success
PAY104967,O104967,2026-04-13,Net Banking,4434.94,Success
PAY104968,O104968,2025-11-27,Debit Card,4548.48,Success
PAY104969,O104969,2026-06-02,Debit Card,1405.49,Success
PAY104970,O104970,2025-12-08,UPI,2090.96,Success
PAY104971,O104971,2026-03-11,UPI,2080.83,Success
PAY104972,O104972,2025-12-05,Debit Card,1129.85,Success
PAY104973,O104973,2025-10-12,Debit Card,18723.01,Success
PAY104974,O104974,2026-08-07,Debit Card,5059.76,Success
PAY104975,O104975,2026-02-05,Credit Card,3043.7,Success
PAY104976,O104976,2026-06-26,Credit Card,449.06,Success
PAY104977,O104977,2025-10-27,UPI,2285.78,Success
PAY104978,O104978,2025-08-29,UPI,283.62,Success
PAY104979,O104979,2025-10-20,UPI,10066.43,Success
PAY104980,O104980,2025-08-25,Debit Card,4558.46,Success
PAY104981,O104981,2026-01-11,UPI,17411.55,Success
PAY104982,O104982,2026-05-08,COD,8025.91,Success
PAY104983,O104983,2026-07-17,Credit Card,40435.35,Success
PAY104984,O104984,2026-04-29,Debit Card,58169.04,Success
PAY104985,O104985,2025-11-10,Debit Card,192530.16,Success
PAY104986,O104986,2026-05-11,UPI,61235.48,Success
PAY104987,O104987,2026-07-16,COD,45972.85,Success
PAY104988,O104988,2026-06-12,COD,2172.75,Success
PAY104990,O104990,2026-04-18,Debit Card,14505.27,Success
PAY104991,O104991,2026-08-14,Net Banking,6019.66,Success
PAY104992,O104992,2026-06-01,Debit Card,1033.25,Success
PAY104993,O104993,2026-06-10,Debit Card,26593.11,Success
PAY104994,O104994,2026-05-30,COD,4321.06,Success
PAY104995,O104995,2026-04-08,UPI,4729.95,Success
PAY104996,O104996,2026-04-03,Net Banking,49457.22,Success
PAY104997,O104997,2026-06-13,COD,3933.88,Success
PAY104998,O104998,2026-06-10,COD,496.06,Success
PAY104999,O104999,2025-09-06,COD,195.09,Success
PAY105000,O105000,2026-05-17,Credit Card,2698.82,Success
PAY105001,O102673,2026-03-02,UPI,558.06,Success
PAY105002,O102024,2026-03-06,UPI,1487.59,Success
PAY105003,O100471,2026-03-25,Debit Card,1399.41,Success
PAY105004,O102665,2025-12-29,COD,6172.88,Success
PAY105005,O100094,2026-05-26,Net Banking,4558.46,Success
PAY105006,O100258,2025-09-22,Credit Card,24736.96,Success
PAY105007,O103352,2026-07-06,Net Banking,5719.21,Success
PAY105008,O104707,2026-04-29,Credit Card,4665.92,Success
PAY105009,O104182,2026-01-30,Debit Card,12515.16,Success
PAY105010,O101707,2026-01-27,Credit Card,161880.44,Success
PAY105011,O101328,2026-01-05,Net Banking,8096.47,Success
PAY105012,O104260,2026-01-07,COD,2486.08,Success
PAY105013,O102821,2026-07-29,Credit Card,3560.28,Success
PAY105014,O101983,2026-02-02,Credit Card,866.35,Success
PAY105015,O102060,2026-06-24,Net Banking,14826.54,Success
PAY105016,O102412,2025-11-26,COD,15502.04,Success
PAY105017,O100727,2025-09-27,COD,802.78,Success
PAY105018,O104168,2026-07-04,Debit Card,5009.89,Success
PAY105019,O100187,2025-11-29,Net Banking,371.34,Success
PAY105020,O102814,2025-11-15,Credit Card,3007.16,Success
