order_id,customer_id,product_id,order_date,quantity,discount,shipping_cost,payment_method,order_status,selling_price,unit_cost,revenue,cost,profit
O100001,C11264,P1117,2026-07-17,2,0.0,123.27,UPI,Delivered,4152.01,2619.57,8304.02,5239.14,3064.88
O100002,C10108,P1138,2025-12-23,1,0.0,15.53,Credit Card,Delivered,1859.8,1352.45,1859.8,1352.45,507.35
O100003,C10060,P1125,2026-05-03,2,0.05,119.33,Net Banking,Delivered,2435.61,1942.11,4627.66,3884.22,743.44
O100004,C11834,P1061,2026-04-23,1,0.1,116.08,COD,Delivered,3373.53,1885.35,3036.18,1885.35,1150.83
O100005,C10668,P1108,2025-12-19,1,0.2,17.41,Credit Card,Shipped,2697.81,2207.0,2158.25,2207.0,-48.75
O100006,C11840,P1084,2025-09-02,4,0.0,49.34,Credit Card,Shipped,771.46,641.72,3085.84,2566.88,518.96
O100007,C10668,P1059,2025-11-02,2,0.0,84.09,UPI,Delivered,2473.66,1991.45,4947.32,3982.9,964.42
O100008,C10845,P1052,2025-12-29,4,0.05,101.69,COD,Returned,2039.08,1134.33,7748.5,4537.32,3211.18
O100009,C10151,P1121,2025-10-23,2,0.2,51.93,Net Banking,Delivered,1135.94,710.5,1817.5,1421.0,396.5
O100010,C11824,P1112,2025-12-15,1,0.1,89.46,Credit Card,Delivered,3747.66,3014.85,3372.89,3014.85,358.04
O100011,C11249,P1117,2025-10-05,1,0.1,104.11,Credit Card,Delivered,4152.01,2619.57,3736.81,2619.57,1117.24
O100012,C10280,P1118,2025-12-19,1,0.1,20.26,Credit Card,Delivered,4978.89,3068.71,4481.0,3068.71,1412.29
O100013,C11998,P1070,2026-01-04,2,0.0,5.45,Credit Card,Delivered,2608.79,2169.26,5217.58,4338.52,879.06
O100014,C10066,P1146,2026-07-13,4,0.15,24.48,UPI,Delivered,1033.25,584.92,3513.05,2339.68,1173.37
O100015,C10228,P1120,2026-01-01,2,0.15,1.52,COD,Delivered,3318.56,2380.1,5641.55,4760.2,881.35
O100016,C11558,P1088,2026-01-23,2,0.2,68.24,Credit Card,Returned,1116.94,867.28,1787.1,1734.56,52.54
O100017,C11237,P1041,2025-12-07,4,0.0,129.94,Net Banking,Returned,1521.85,1173.08,6087.4,4692.32,1395.08
O100018,C11184,P1142,2025-12-03,2,0.2,83.52,Credit Card,Delivered,1618.71,996.37,2589.94,1992.74,597.2
O100019,C11756,P1134,2026-02-26,1,0.05,82.35,COD,Cancelled,299.83,242.36,284.84,242.36,42.48
O100020,C10444,P1122,2026-04-28,4,0.2,65.89,COD,Delivered,588.59,431.08,1883.49,1724.32,159.17
O100021,C11496,P1110,2025-10-12,1,0.2,104.8,Credit Card,Delivered,2315.13,1504.12,1852.1,1504.12,347.98
O100022,C10890,P1149,2025-10-10,1,0.2,4.25,Credit Card,Returned,1265.06,835.13,1012.05,835.13,176.92
O100023,C11212,P1039,2025-11-19,3,0.2,11.22,Net Banking,Returned,3010.98,2323.83,7226.35,6971.49,254.86
O100024,C10856,P1012,2026-07-26,3,0.0,103.79,UPI,Pending,25370.06,18838.89,76110.18,56516.67,19593.51
O100025,C11503,P1130,2026-02-12,2,0.15,125.16,UPI,Delivered,1664.71,1119.11,2830.01,2238.22,591.79
O100026,C10808,P1123,2025-09-15,2,0.05,136.08,UPI,Delivered,877.39,667.5,1667.04,1335.0,332.04
O100027,C10493,P1022,2025-09-08,4,0.15,77.38,Net Banking,Shipped,8340.38,5227.15,28357.29,20908.6,7448.69
O100028,C11420,P1105,2026-06-14,1,0.0,75.9,Credit Card,Delivered,5921.43,3427.44,5921.43,3427.44,2493.99
O100029,C10606,P1062,2026-05-12,1,0.15,20.1,UPI,Delivered,6951.68,5407.58,5908.93,5407.58,501.35
O100030,C11371,P1079,2026-04-19,2,0.05,8.16,Credit Card,Delivered,926.66,604.47,1760.65,1208.94,551.71
O100031,C11758,P1147,2026-02-10,1,0.1,93.0,Net Banking,Delivered,834.22,686.19,750.8,686.19,64.61
O100032,C10932,P1119,2025-11-13,1,0.15,8.6,Credit Card,Cancelled,5211.2,3497.26,4429.52,3497.26,932.26
O100033,C10831,P1048,2025-09-13,3,0.0,51.34,Debit Card,Delivered,714.29,437.46,2142.87,1312.38,830.49
O100034,C11442,P1001,2026-07-02,1,0.1,60.39,UPI,Delivered,38372.92,26874.96,34535.63,26874.96,7660.67
O100035,C11415,P1086,2025-12-25,1,0.0,12.95,Net Banking,Delivered,316.01,223.96,316.01,223.96,92.05
O100036,C10873,P1070,2026-03-02,4,0.2,138.64,Net Banking,Delivered,2608.79,2169.26,8348.13,8677.04,-328.91
O100037,C11628,P1054,2026-01-24,3,0.15,83.64,UPI,Delivered,5995.19,3653.27,15287.73,10959.81,4327.92
O100038,C10688,P1015,2026-03-14,4,0.2,37.19,Net Banking,Pending,13194.79,8050.63,42223.33,32202.52,10020.81
O100039,C11382,P1094,2026-05-21,1,0.0,49.32,UPI,Delivered,1847.54,1150.18,1847.54,1150.18,697.36
O100040,C10749,P1120,2026-03-14,2,0.0,1.06,Net Banking,Delivered,3318.56,2380.1,6637.12,4760.2,1876.92
O100041,C10751,P1045,2026-03-26,2,0.0,28.18,Net Banking,Delivered,1149.36,712.41,2298.72,1424.82,873.9
O100042,C11149,P1053,2025-11-25,1,0.0,54.65,Credit Card,Pending,922.36,543.78,922.36,543.78,378.58
O100043,C10489,P1139,2025-09-27,4,0.0,101.86,UPI,Delivered,451.27,274.75,1805.08,1099.0,706.08
O100044,C11511,P1149,2025-12-22,2,0.15,49.22,Credit Card,Shipped,1265.06,835.13,2150.6,1670.26,480.34
O100045,C11559,P1058,2026-07-30,3,0.0,83.89,Debit Card,Delivered,1139.13,868.45,3417.39,2605.35,812.04
O100046,C10548,P1129,2026-05-01,2,0.0,5.26,COD,Delivered,3364.24,2034.28,6728.48,4068.56,2659.92
O100047,C10130,P1096,2025-10-18,4,0.1,140.63,Debit Card,Delivered,1066.34,728.57,3838.82,2914.28,924.54
O100048,C11027,P1135,2026-06-03,1,0.2,3.07,UPI,Delivered,311.53,199.73,249.22,199.73,49.49
O100049,C11090,P1137,2025-09-18,3,0.0,118.43,Debit Card,Delivered,3020.08,1976.97,9060.24,5930.91,3129.33
O100050,C10754,P1017,2026-02-02,1,0.0,43.23,Credit Card,Returned,68434.16,40506.57,68434.16,40506.57,27927.59
O100051,C10938,P1023,2026-05-15,3,0.0,92.96,UPI,Delivered,54514.7,32908.14,163544.1,98724.42,64819.68
O100052,C10367,P1074,2026-06-07,1,0.0,46.55,UPI,Delivered,1038.89,634.94,1038.89,634.94,403.95
O100053,C10566,P1029,2026-06-07,4,0.15,67.07,Credit Card,Delivered,564.96,451.92,1920.86,1807.68,113.18
O100054,C11792,P1053,2026-01-28,3,0.05,61.43,Net Banking,Pending,922.36,543.78,2628.73,1631.34,997.39
O100055,C10047,P1076,2026-01-05,2,0.1,124.01,COD,Pending,625.33,474.81,1125.59,949.62,175.97
O100056,C11109,P1034,2026-01-26,2,0.2,139.82,COD,Delivered,3445.82,2463.26,5513.31,4926.52,586.79
O100057,C10910,P1006,2025-12-06,2,0.0,105.79,Debit Card,Delivered,18739.53,10820.0,37479.06,21640.0,15839.06
O100058,C10046,P1060,2026-01-29,1,0.15,84.45,Net Banking,Delivered,887.63,507.33,754.49,507.33,247.16
O100059,C10844,P1149,2026-03-09,2,0.0,101.46,Debit Card,Delivered,1265.06,835.13,2530.12,1670.26,859.86
O100060,C11612,P1084,2026-05-22,1,0.15,31.3,COD,Delivered,771.46,641.72,655.74,641.72,14.02
O100061,C11428,P1136,2026-04-03,2,0.0,0.37,Net Banking,Delivered,509.62,289.55,1019.24,579.1,440.14
O100062,C10623,P1146,2026-03-24,4,0.15,91.5,Credit Card,Returned,1033.25,584.92,3513.05,2339.68,1173.37
O100063,C10628,P1044,2026-01-03,1,0.1,107.56,Debit Card,Delivered,1399.41,917.62,1259.47,917.62,341.85
O100064,C10762,P1074,2026-06-15,3,0.15,58.81,UPI,Delivered,1038.89,634.94,2649.17,1904.82,744.35
O100065,C10583,P1117,2026-01-20,3,0.2,85.58,Credit Card,Delivered,4152.01,2619.57,9964.82,7858.71,2106.11
O100066,C10330,P1138,2026-01-19,1,0.0,96.73,Debit Card,Delivered,1859.8,1352.45,1859.8,1352.45,507.35
O100067,C10360,P1040,2026-08-10,3,0.0,74.48,Credit Card,Delivered,3344.13,2454.65,10032.39,7363.95,2668.44
O100068,C10085,P1082,2026-03-16,2,0.15,102.21,Net Banking,Delivered,2274.24,1299.56,3866.21,2599.12,1267.09
O100069,C10534,P1095,2026-02-06,1,0.05,106.09,Credit Card,Delivered,561.33,353.29,533.26,353.29,179.97
O100070,C11449,P1009,2026-08-07,1,0.2,145.69,Debit Card,Pending,33080.16,21064.69,26464.13,21064.69,5399.44
O100071,C10303,P1096,2026-01-31,4,0.2,91.41,COD,Delivered,1066.34,728.57,3412.29,2914.28,498.01
O100072,C10333,P1137,2026-05-24,3,0.0,81.5,Debit Card,Delivered,3020.08,1976.97,9060.24,5930.91,3129.33
O100073,C10052,P1104,2026-06-13,3,0.05,130.24,COD,Shipped,3475.03,2469.25,9903.84,7407.75,2496.09
O100074,C11942,P1118,2026-02-27,3,0.0,57.14,Debit Card,Delivered,4978.89,3068.71,14936.67,9206.13,5730.54
O100075,C11987,P1140,2026-06-09,2,0.2,16.29,Net Banking,Delivered,436.07,348.48,697.71,696.96,0.75
O100076,C11445,P1076,2026-01-26,4,0.0,125.64,COD,Returned,625.33,474.81,2501.32,1899.24,602.08
O100077,C11986,P1147,2026-08-10,2,0.05,2.47,Credit Card,Shipped,834.22,686.19,1585.02,1372.38,212.64
O100078,C11493,P1114,2025-09-07,1,0.05,24.66,Debit Card,Delivered,1562.14,1189.51,1484.03,1189.51,294.52
O100079,C11499,P1123,2026-04-07,2,0.0,34.24,UPI,Delivered,877.39,667.5,1754.78,1335.0,419.78
O100080,C11129,P1030,2026-06-08,2,0.1,23.17,Debit Card,Delivered,2098.13,1548.88,3776.63,3097.76,678.87
O100081,C11265,P1057,2025-11-13,1,0.0,81.61,COD,Delivered,4847.14,3432.05,4847.14,3432.05,1415.09
O100082,C10669,P1015,2026-07-12,2,0.2,33.79,Net Banking,Delivered,13194.79,8050.63,21111.66,16101.26,5010.4
O100083,C11195,P1135,2025-10-10,1,0.1,72.01,Credit Card,Shipped,311.53,199.73,280.38,199.73,80.65
O100084,C11572,P1072,2026-02-09,4,0.2,17.17,Credit Card,Delivered,2376.29,1589.59,7604.13,6358.36,1245.77
O100085,C11103,P1115,2025-11-18,3,0.05,82.98,UPI,Pending,5803.85,3277.3,16540.97,9831.9,6709.07
O100086,C10808,P1050,2026-07-03,1,0.0,77.88,COD,Delivered,802.78,481.82,802.78,481.82,320.96
O100087,C11240,P1131,2025-12-01,1,0.0,74.74,UPI,Returned,355.98,201.63,355.98,201.63,154.35
O100088,C10740,P1102,2026-06-09,2,0.2,93.4,Credit Card,Delivered,4370.98,2495.57,6993.57,4991.14,2002.43
O100089,C10876,P1095,2026-01-24,2,0.05,75.59,COD,Delivered,561.33,353.29,1066.53,706.58,359.95
O100090,C10583,P1089,2026-05-08,1,0.2,27.67,Debit Card,Delivered,1514.99,1072.27,1211.99,1072.27,139.72
O100091,C10913,P1144,2025-12-06,4,0.0,129.11,UPI,Delivered,2601.04,1801.4,10404.16,7205.6,3198.56
O100092,C11819,P1114,2026-06-14,1,0.05,125.58,COD,Shipped,1562.14,1189.51,1484.03,1189.51,294.52
O100093,C10592,P1042,2025-11-11,1,0.0,21.07,COD,Shipped,1907.35,1363.61,1907.35,1363.61,543.74
O100094,C10849,P1036,2026-05-26,1,0.0,66.86,Net Banking,Delivered,4558.46,3300.66,4558.46,3300.66,1257.8
O100095,C10295,P1054,2025-12-02,1,0.1,123.02,Debit Card,Delivered,5995.19,3653.27,5395.67,3653.27,1742.4
O100096,C11777,P1135,2026-01-09,1,0.0,111.79,Debit Card,Delivered,311.53,199.73,311.53,199.73,111.8
O100097,C11967,P1097,2025-10-16,1,0.0,118.8,UPI,Delivered,371.34,245.76,371.34,245.76,125.58
O100098,C11309,P1070,2026-05-28,2,0.0,108.37,COD,Delivered,2608.79,2169.26,5217.58,4338.52,879.06
O100099,C10947,P1146,2026-01-13,4,0.2,58.57,Credit Card,Delivered,1033.25,584.92,3306.4,2339.68,966.72
O100100,C11705,P1098,2026-06-10,1,0.05,116.9,Debit Card,Delivered,298.55,229.91,283.62,229.91,53.71
O100101,C10087,P1078,2026-01-10,1,0.05,49.21,Net Banking,Delivered,1604.45,1009.9,1524.23,1009.9,514.33
O100102,C11146,P1119,2026-06-11,1,0.15,13.02,Credit Card,Delivered,5211.2,3497.26,4429.52,3497.26,932.26
O100103,C10006,P1040,2025-11-24,1,0.05,130.42,Debit Card,Delivered,3344.13,2454.65,3176.92,2454.65,722.27
O100104,C11312,P1121,2026-08-21,3,0.2,142.69,UPI,Delivered,1135.94,710.5,2726.26,2131.5,594.76
O100105,C11829,P1074,2025-11-16,2,0.1,19.5,COD,Delivered,1038.89,634.94,1870.0,1269.88,600.12
O100106,C11858,P1063,2025-12-03,1,0.05,33.01,UPI,Delivered,6336.48,4060.59,6019.66,4060.59,1959.07
O100107,C10568,P1127,2026-01-29,4,0.15,21.48,UPI,Delivered,2406.08,1554.9,8180.67,6219.6,1961.07
O100108,C10741,P1149,2025-08-22,1,0.0,29.84,COD,Delivered,1265.06,835.13,1265.06,835.13,429.93
O100109,C11779,P1067,2025-11-21,1,0.0,49.13,COD,Pending,6227.25,3828.72,6227.25,3828.72,2398.53
O100110,C11676,P1031,2026-04-18,2,0.1,133.54,Debit Card,Delivered,1495.17,843.81,2691.31,1687.62,1003.69
O100111,C11179,P1005,2026-07-22,2,0.1,54.83,Debit Card,Delivered,47571.0,27164.82,85627.8,54329.64,31298.16
O100112,C10120,P1038,2026-05-02,1,0.0,48.09,Debit Card,Delivered,3530.81,2400.64,3530.81,2400.64,1130.17
O100113,C11420,P1035,2025-12-03,4,0.05,41.63,Debit Card,Delivered,3107.6,2368.57,11808.88,9474.28,2334.6
O100114,C10559,P1093,2026-04-05,3,0.05,125.33,COD,Delivered,1288.82,1004.22,3673.14,3012.66,660.48
O100115,C11957,P1092,2026-01-15,2,0.0,132.77,UPI,Delivered,1913.34,1155.43,3826.68,2310.86,1515.82
O100116,C11085,P1020,2026-03-14,1,0.1,96.41,Net Banking,Delivered,40470.11,25854.79,36423.1,25854.79,10568.31
O100117,C11287,P1047,2025-10-12,1,0.0,144.77,UPI,Delivered,4008.04,3183.54,4008.04,3183.54,824.5
O100118,C10343,P1140,2025-09-28,2,0.1,62.35,Debit Card,Cancelled,436.07,348.48,784.93,696.96,87.97
O100119,C11694,P1078,2026-02-09,2,0.0,123.32,Debit Card,Delivered,1604.45,1009.9,3208.9,2019.8,1189.1
O100120,C11410,P1093,2025-09-12,1,0.0,120.68,UPI,Delivered,1288.82,1004.22,1288.82,1004.22,284.6
O100121,C10721,P1037,2026-02-21,2,0.1,4.53,UPI,Delivered,1816.37,1116.6,3269.47,2233.2,1036.27
O100122,C10577,P1096,2025-11-30,1,0.15,26.47,COD,Delivered,1066.34,728.57,906.39,728.57,177.82
O100123,C11887,P1042,2026-01-28,1,0.1,52.51,UPI,Delivered,1907.35,1363.61,1716.62,1363.61,353.01
O100124,C11031,P1057,2026-05-24,1,0.0,37.06,Credit Card,Shipped,4847.14,3432.05,4847.14,3432.05,1415.09
O100125,C11145,P1135,2026-01-25,4,0.15,31.53,Net Banking,Delivered,311.53,199.73,1059.2,798.92,260.28
O100126,C11439,P1030,2025-12-07,4,0.0,30.47,COD,Delivered,2098.13,1548.88,8392.52,6195.52,2197.0
O100127,C10157,P1030,2026-05-26,1,0.2,23.78,Credit Card,Returned,2098.13,1548.88,1678.5,1548.88,129.62
O100128,C10983,P1090,2025-09-20,4,0.0,131.92,Debit Card,Delivered,159.95,116.89,639.8,467.56,172.24
O100129,C10285,P1114,2026-03-05,1,0.0,136.25,Net Banking,Delivered,1562.14,1189.51,1562.14,1189.51,372.63
O100130,C11987,P1088,2025-11-06,2,0.2,101.92,Credit Card,Delivered,1116.94,867.28,1787.1,1734.56,52.54
O100131,C10059,P1031,2026-01-11,1,0.0,31.68,Credit Card,Delivered,1495.17,843.81,1495.17,843.81,651.36
O100132,C11422,P1037,2026-01-21,1,0.0,57.0,Credit Card,Delivered,1816.37,1116.6,1816.37,1116.6,699.77
O100133,C10430,P1034,2025-09-29,2,0.2,91.62,UPI,Delivered,3445.82,2463.26,5513.31,4926.52,586.79
O100134,C11563,P1029,2025-12-30,3,0.0,51.88,UPI,Delivered,564.96,451.92,1694.88,1355.76,339.12
O100135,C10992,P1111,2026-07-25,3,0.15,48.31,UPI,Delivered,583.37,467.6,1487.59,1402.8,84.79
O100136,C10068,P1132,2026-07-08,4,0.1,41.72,Net Banking,Delivered,1045.48,772.39,3763.73,3089.56,674.17
O100137,C10244,P1065,2026-07-08,1,0.0,25.65,UPI,Delivered,1517.88,1218.22,1517.88,1218.22,299.66
O100138,C11368,P1003,2026-05-18,4,0.0,73.06,UPI,Shipped,31454.08,19066.44,125816.32,76265.76,49550.56
O100139,C11885,P1053,2025-09-23,1,0.15,52.2,Net Banking,Returned,922.36,543.78,784.01,543.78,240.23
O100140,C10379,P1090,2025-09-24,1,0.2,92.27,UPI,Delivered,159.95,116.89,127.96,116.89,11.07
O100141,C11733,P1072,2025-12-27,1,0.1,90.04,Net Banking,Delivered,2376.29,1589.59,2138.66,1589.59,549.07
O100143,C11168,P1018,2025-11-16,3,0.2,44.91,UPI,Shipped,52552.08,30527.71,126124.99,91583.13,34541.86
O100144,C11564,P1004,2026-01-23,2,0.0,3.72,Net Banking,Delivered,60509.53,40979.28,121019.06,81958.56,39060.5
O100145,C10393,P1073,2025-09-04,2,0.15,36.61,Credit Card,Returned,1405.49,1138.4,2389.33,2276.8,112.53
O100146,C11101,P1002,2026-07-10,1,0.1,102.65,UPI,Returned,64458.4,38857.64,58012.56,38857.64,19154.92
O100147,C11886,P1130,2026-03-06,1,0.0,49.69,COD,Delivered,1664.71,1119.11,1664.71,1119.11,545.6
O100148,C11208,P1048,2025-10-16,1,0.1,65.86,COD,Delivered,714.29,437.46,642.86,437.46,205.4
O100149,C10220,P1047,2026-07-09,3,0.15,113.76,Debit Card,Pending,4008.04,3183.54,10220.5,9550.62,669.88
O100150,C10869,P1055,2026-07-04,4,0.2,113.15,Net Banking,Delivered,6934.45,4043.27,22190.24,16173.08,6017.16
O100151,C10232,P1081,2026-07-12,3,0.2,109.54,UPI,Delivered,2172.75,1311.33,5214.6,3933.99,1280.61
O100152,C11065,P1035,2026-06-21,1,0.15,140.2,COD,Shipped,3107.6,2368.57,2641.46,2368.57,272.89
O100153,C11444,P1074,2026-03-24,2,0.0,77.24,Net Banking,Shipped,1038.89,634.94,2077.78,1269.88,807.9
O100154,C10169,P1084,2026-04-11,2,0.15,64.7,COD,Delivered,771.46,641.72,1311.48,1283.44,28.04
O100155,C10581,P1117,2026-05-12,3,0.15,144.28,Net Banking,Shipped,4152.01,2619.57,10587.63,7858.71,2728.92
O100156,C11408,P1114,2026-06-09,2,0.0,106.44,Credit Card,Delivered,1562.14,1189.51,3124.28,2379.02,745.26
O100157,C10596,P1110,2025-09-26,3,0.05,136.04,Credit Card,Cancelled,2315.13,1504.12,6598.12,4512.36,2085.76
O100158,C11833,P1122,2026-07-29,2,0.1,86.87,Debit Card,Delivered,588.59,431.08,1059.46,862.16,197.3
O100159,C11381,P1126,2026-07-17,1,0.15,38.25,UPI,Delivered,1404.7,995.08,1194.0,995.08,198.92
O100160,C11071,P1022,2026-08-12,2,0.15,119.37,UPI,Delivered,8340.38,5227.15,14178.65,10454.3,3724.35
O100161,C10821,P1027,2026-06-07,2,0.1,28.34,Credit Card,Delivered,5526.19,3231.39,9947.14,6462.78,3484.36
O100162,C11998,P1051,2025-11-06,1,0.15,76.61,Debit Card,Delivered,3086.44,2233.31,2623.47,2233.31,390.16
O100163,C11729,P1104,2025-08-26,1,0.0,37.53,UPI,Delivered,3475.03,2469.25,3475.03,2469.25,1005.78
O100164,C10870,P1128,2026-05-10,4,0.2,46.44,Debit Card,Shipped,1654.17,1108.55,5293.34,4434.2,859.14
O100165,C11569,P1149,2026-03-21,1,0.2,76.73,Net Banking,Delivered,1265.06,835.13,1012.05,835.13,176.92
O100166,C11617,P1103,2025-09-21,3,0.05,112.7,Debit Card,Delivered,1864.92,1469.71,5315.02,4409.13,905.89
O100167,C11236,P1104,2026-04-08,2,0.0,39.25,COD,Delivered,3475.03,2469.25,6950.06,4938.5,2011.56
O100168,C10302,P1117,2025-12-24,1,0.0,139.18,UPI,Delivered,4152.01,2619.57,4152.01,2619.57,1532.44
O100169,C11003,P1128,2025-11-15,1,0.0,49.04,Credit Card,Delivered,1654.17,1108.55,1654.17,1108.55,545.62
O100170,C10276,P1008,2026-08-17,1,0.0,37.3,UPI,Shipped,51750.03,32987.78,51750.03,32987.78,18762.25
O100171,C11701,P1018,2026-06-10,1,0.0,76.88,COD,Delivered,52552.08,30527.71,52552.08,30527.71,22024.37
O100172,C11991,P1046,2026-06-06,1,0.0,99.31,COD,Delivered,4835.09,3320.63,4835.09,3320.63,1514.46
O100173,C10670,P1040,2025-12-06,2,0.1,144.19,Debit Card,Delivered,3344.13,2454.65,6019.43,4909.3,1110.13
O100174,C10198,P1020,2026-07-30,1,0.1,122.67,Net Banking,Shipped,40470.11,25854.79,36423.1,25854.79,10568.31
O100175,C11624,P1120,2026-02-08,3,0.0,105.67,Credit Card,Delivered,3318.56,2380.1,9955.68,7140.3,2815.38
O100176,C11020,P1126,2026-02-16,2,0.0,113.7,Net Banking,Delivered,1404.7,995.08,2809.4,1990.16,819.24
O100177,C10704,P1139,2025-09-28,4,0.1,125.42,Net Banking,Delivered,451.27,274.75,1624.57,1099.0,525.57
O100178,C11565,P1009,2025-09-21,1,0.2,33.93,COD,Returned,33080.16,21064.69,26464.13,21064.69,5399.44
O100179,C10244,P1099,2025-12-29,2,0.1,144.03,COD,Delivered,482.66,272.31,868.79,544.62,324.17
O100180,C10771,P1114,2026-07-26,2,0.0,52.35,COD,Delivered,1562.14,1189.51,3124.28,2379.02,745.26
O100181,C10363,P1143,2026-04-05,2,0.0,48.72,Debit Card,Returned,2676.13,1712.63,5352.26,3425.26,1927.0
O100182,C10337,P1126,2025-11-10,1,0.0,23.03,COD,Delivered,1404.7,995.08,1404.7,995.08,409.62
O100183,C11466,P1100,2025-09-26,2,0.0,97.34,COD,Shipped,664.62,470.32,1329.24,940.64,388.6
O100184,C11166,P1126,2026-04-17,2,0.15,62.29,Net Banking,Delivered,1404.7,995.08,2387.99,1990.16,397.83
O100185,C11172,P1121,2025-08-26,1,0.0,30.99,COD,Delivered,1135.94,710.5,1135.94,710.5,425.44
O100186,C10321,P1130,2025-08-26,1,0.0,26.73,UPI,Delivered,1664.71,1119.11,1664.71,1119.11,545.6
O100187,C11014,P1097,2025-11-28,1,0.0,99.91,Net Banking,Delivered,371.34,245.76,371.34,245.76,125.58
O100188,C11570,P1073,2025-10-17,3,0.1,140.35,Debit Card,Delivered,1405.49,1138.4,3794.82,3415.2,379.62
O100189,C11210,P1012,2025-11-22,3,0.2,20.63,Credit Card,Cancelled,25370.06,18838.89,60888.14,56516.67,4371.47
O100190,C10715,P1150,2026-03-16,4,0.05,9.24,UPI,Shipped,2574.89,1872.1,9784.58,7488.4,2296.18
O100191,C11281,P1088,2026-05-11,2,0.0,64.17,COD,Delivered,1116.94,867.28,2233.88,1734.56,499.32
O100192,C10707,P1092,2026-01-10,1,0.0,102.87,COD,Delivered,1913.34,1155.43,1913.34,1155.43,757.91
O100193,C11355,P1063,2026-06-09,3,0.1,94.16,Credit Card,Delivered,6336.48,4060.59,17108.5,12181.77,4926.73
O100194,C10640,P1022,2026-05-29,1,0.05,4.66,UPI,Cancelled,8340.38,5227.15,7923.36,5227.15,2696.21
O100195,C10235,P1087,2026-03-09,3,0.0,40.61,Credit Card,Delivered,1693.9,1011.65,5081.7,3034.95,2046.75
O100196,C10668,P1010,2026-03-08,1,0.0,140.34,COD,Delivered,9031.61,6794.04,9031.61,6794.04,2237.57
O100197,C10866,P1146,2026-04-10,2,0.1,93.14,Net Banking,Returned,1033.25,584.92,1859.85,1169.84,690.01
O100198,C10547,P1006,2026-02-11,3,0.0,70.53,COD,Delivered,18739.53,10820.0,56218.59,32460.0,23758.59
O100199,C10649,P1097,2025-12-03,1,0.0,102.84,Net Banking,Delivered,371.34,245.76,371.34,245.76,125.58
O100200,C11173,P1026,2026-01-28,4,0.0,119.25,COD,Delivered,5590.52,3241.08,22362.08,12964.32,9397.76
O100201,C11383,P1053,2026-01-27,1,0.0,96.41,Debit Card,Delivered,922.36,543.78,922.36,543.78,378.58
O100202,C11662,P1087,2026-04-27,2,0.1,91.22,Credit Card,Delivered,1693.9,1011.65,3049.02,2023.3,1025.72
O100203,C10745,P1112,2025-09-05,4,0.2,109.85,Credit Card,Delivered,3747.66,3014.85,11992.51,12059.4,-66.89
O100204,C11736,P1020,2026-02-23,2,0.1,35.44,Net Banking,Delivered,40470.11,25854.79,72846.2,51709.58,21136.62
O100205,C10544,P1013,2025-09-16,1,0.05,41.65,Debit Card,Pending,52895.62,37136.59,50250.84,37136.59,13114.25
O100206,C10824,P1058,2026-01-23,4,0.0,58.64,Net Banking,Shipped,1139.13,868.45,4556.52,3473.8,1082.72
O100207,C10189,P1149,2026-01-30,2,0.0,120.64,UPI,Delivered,1265.06,835.13,2530.12,1670.26,859.86
O100208,C10560,P1018,2025-11-09,1,0.05,105.94,Net Banking,Shipped,52552.08,30527.71,49924.48,30527.71,19396.77
O100209,C10974,P1110,2026-01-26,1,0.0,4.23,Credit Card,Delivered,2315.13,1504.12,2315.13,1504.12,811.01
O100210,C10158,P1078,2026-02-09,4,0.1,51.56,Net Banking,Shipped,1604.45,1009.9,5776.02,4039.6,1736.42
O100211,C10887,P1139,2025-11-09,4,0.05,84.57,Debit Card,Delivered,451.27,274.75,1714.83,1099.0,615.83
O100212,C10824,P1065,2025-12-17,1,0.0,93.02,Net Banking,Delivered,1517.88,1218.22,1517.88,1218.22,299.66
O100213,C11376,P1141,2026-04-22,2,0.0,30.55,Credit Card,Returned,913.93,756.89,1827.86,1513.78,314.08
O100214,C11286,P1133,2026-01-03,1,0.0,17.98,Credit Card,Delivered,3423.67,2098.85,3423.67,2098.85,1324.82
O100215,C10437,P1120,2026-03-21,4,0.1,0.29,Debit Card,Returned,3318.56,2380.1,11946.82,9520.4,2426.42
O100216,C11092,P1112,2026-01-18,1,0.2,3.0,Net Banking,Shipped,3747.66,3014.85,2998.13,3014.85,-16.72
O100217,C10123,P1134,2026-06-15,1,0.0,137.19,Credit Card,Delivered,299.83,242.36,299.83,242.36,57.47
O100218,C10303,P1062,2026-05-10,2,0.1,69.54,Credit Card,Shipped,6951.68,5407.58,12513.02,10815.16,1697.86
O100219,C11568,P1077,2025-12-03,4,0.0,148.03,COD,Delivered,206.69,134.91,826.76,539.64,287.12
O100220,C11762,P1017,2025-09-04,1,0.15,139.34,Credit Card,Cancelled,68434.16,40506.57,58169.04,40506.57,17662.47
O100221,C10547,P1074,2026-01-22,1,0.05,99.5,Credit Card,Delivered,1038.89,634.94,986.95,634.94,352.01
O100222,C11232,P1061,2025-10-12,2,0.05,78.48,COD,Delivered,3373.53,1885.35,6409.71,3770.7,2639.01
O100223,C10308,P1050,2026-06-24,4,0.2,46.66,UPI,Delivered,802.78,481.82,2568.9,1927.28,641.62
O100224,C11695,P1080,2026-04-04,1,0.0,20.02,COD,Delivered,287.38,222.33,287.38,222.33,65.05
O100225,C10894,P1109,2026-03-08,1,0.05,121.54,UPI,Delivered,4331.81,3435.6,4115.22,3435.6,679.62
O100226,C10559,P1035,2025-10-12,3,0.1,79.55,UPI,Delivered,3107.6,2368.57,8390.52,7105.71,1284.81
O100227,C11646,P1072,2025-09-28,1,0.05,121.94,Net Banking,Delivered,2376.29,1589.59,2257.48,1589.59,667.89
O100228,C11746,P1011,2026-04-22,2,0.2,82.05,COD,Shipped,18237.69,11700.82,29180.3,23401.64,5778.66
O100229,C10114,P1022,2026-05-01,3,0.0,71.18,Debit Card,Delivered,8340.38,5227.15,25021.14,15681.45,9339.69
O100230,C11776,P1017,2026-02-24,3,0.2,57.96,COD,Returned,68434.16,40506.57,164241.98,121519.71,42722.27
O100231,C11376,P1024,2026-03-10,1,0.0,77.81,COD,Pending,18028.57,13625.43,18028.57,13625.43,4403.14
O100232,C11484,P1036,2025-12-10,4,0.05,99.07,Credit Card,Delivered,4558.46,3300.66,17322.15,13202.64,4119.51
O100233,C11505,P1129,2026-05-30,2,0.05,130.03,UPI,Delivered,3364.24,2034.28,6392.06,4068.56,2323.5
O100234,C11698,P1149,2025-11-08,1,0.0,138.44,Net Banking,Delivered,1265.06,835.13,1265.06,835.13,429.93
O100235,C11812,P1024,2025-09-13,1,0.0,80.49,Credit Card,Delivered,18028.57,13625.43,18028.57,13625.43,4403.14
O100236,C11584,P1081,2026-03-13,3,0.15,20.83,Debit Card,Cancelled,2172.75,1311.33,5540.51,3933.99,1606.52
O100237,C11510,P1100,2025-09-24,4,0.1,87.92,Credit Card,Returned,664.62,470.32,2392.63,1881.28,511.35
O100238,C10447,P1037,2026-03-03,1,0.05,5.4,UPI,Delivered,1816.37,1116.6,1725.55,1116.6,608.95
O100239,C11987,P1071,2026-03-30,2,0.0,51.4,COD,Delivered,5179.24,2939.06,10358.48,5878.12,4480.36
O100240,C11768,P1015,2025-11-25,1,0.1,74.65,COD,Delivered,13194.79,8050.63,11875.31,8050.63,3824.68
O100241,C11433,P1029,2026-06-09,1,0.0,27.85,Debit Card,Delivered,564.96,451.92,564.96,451.92,113.04
O100242,C10973,P1064,2025-09-16,3,0.0,91.25,Debit Card,Cancelled,4942.18,3929.49,14826.54,11788.47,3038.07
O100243,C11919,P1038,2026-06-21,1,0.0,31.46,Debit Card,Delivered,3530.81,2400.64,3530.81,2400.64,1130.17
O100244,C10754,P1079,2026-07-09,3,0.0,131.36,UPI,Delivered,926.66,604.47,2779.98,1813.41,966.57
O100245,C11854,P1009,2026-06-30,1,0.0,143.85,UPI,Delivered,33080.16,21064.69,33080.16,21064.69,12015.47
O100246,C11616,P1062,2026-01-23,2,0.2,107.24,Debit Card,Delivered,6951.68,5407.58,11122.69,10815.16,307.53
O100247,C10634,P1093,2025-09-30,1,0.0,148.36,UPI,Delivered,1288.82,1004.22,1288.82,1004.22,284.6
O100248,C10485,P1114,2026-03-26,1,0.2,15.9,COD,Delivered,1562.14,1189.51,1249.71,1189.51,60.2
O100249,C11968,P1101,2025-09-11,1,0.0,19.46,Debit Card,Delivered,2706.0,1556.11,2706.0,1556.11,1149.89
O100250,C11918,P1061,2025-12-14,1,0.1,41.08,Debit Card,Delivered,3373.53,1885.35,3036.18,1885.35,1150.83
O100251,C11824,P1042,2026-07-28,1,0.0,74.7,COD,Delivered,1907.35,1363.61,1907.35,1363.61,543.74
O100252,C11802,P1105,2025-09-23,2,0.0,64.81,UPI,Delivered,5921.43,3427.44,11842.86,6854.88,4987.98
O100253,C10165,P1126,2025-09-15,1,0.1,21.75,COD,Shipped,1404.7,995.08,1264.23,995.08,269.15
O100254,C11898,P1086,2026-08-05,4,0.05,29.55,COD,Cancelled,316.01,223.96,1200.84,895.84,305.0
O100255,C11680,P1026,2026-03-20,1,0.1,8.22,Credit Card,Delivered,5590.52,3241.08,5031.47,3241.08,1790.39
O100256,C11037,P1017,2025-11-03,2,0.0,74.02,Debit Card,Delivered,68434.16,40506.57,136868.32,81013.14,55855.18
O100257,C11494,P1141,2026-08-10,2,0.0,66.15,Debit Card,Delivered,913.93,756.89,1827.86,1513.78,314.08
O100258,C10057,P1014,2025-09-21,1,0.1,35.13,Credit Card,Delivered,27485.51,19010.32,24736.96,19010.32,5726.64
O100259,C11621,P1035,2025-08-24,1,0.0,33.02,UPI,Delivered,3107.6,2368.57,3107.6,2368.57,739.03
O100260,C11287,P1079,2025-09-16,1,0.05,148.57,Debit Card,Delivered,926.66,604.47,880.33,604.47,275.86
O100261,C10227,P1041,2026-02-09,4,0.2,63.46,Credit Card,Delivered,1521.85,1173.08,4869.92,4692.32,177.6
O100262,C11986,P1034,2026-08-14,3,0.0,48.54,Net Banking,Delivered,3445.82,2463.26,10337.46,7389.78,2947.68
O100263,C11624,P1082,2025-08-23,1,0.0,14.29,COD,Delivered,2274.24,1299.56,2274.24,1299.56,974.68
O100264,C11506,P1035,2025-08-26,3,0.05,50.95,Debit Card,Delivered,3107.6,2368.57,8856.66,7105.71,1750.95
O100265,C11215,P1084,2025-10-08,1,0.1,53.57,Debit Card,Delivered,771.46,641.72,694.31,641.72,52.59
O100266,C10849,P1095,2026-05-10,4,0.15,36.15,Credit Card,Delivered,561.33,353.29,1908.52,1413.16,495.36
O100267,C10773,P1147,2025-12-09,2,0.05,74.3,Credit Card,Delivered,834.22,686.19,1585.02,1372.38,212.64
O100268,C10048,P1143,2025-10-27,3,0.0,24.24,Net Banking,Delivered,2676.13,1712.63,8028.39,5137.89,2890.5
O100269,C11858,P1023,2025-11-17,2,0.0,25.86,COD,Delivered,54514.7,32908.14,109029.4,65816.28,43213.12
O100270,C11437,P1044,2025-11-25,1,0.2,6.45,UPI,Delivered,1399.41,917.62,1119.53,917.62,201.91
O100271,C10879,P1067,2026-01-23,2,0.0,37.59,Credit Card,Delivered,6227.25,3828.72,12454.5,7657.44,4797.06
O100272,C10754,P1044,2026-03-09,3,0.05,13.16,Net Banking,Delivered,1399.41,917.62,3988.32,2752.86,1235.46
O100273,C11472,P1135,2025-12-17,3,0.2,29.01,COD,Shipped,311.53,199.73,747.67,599.19,148.48
O100274,C11902,P1117,2025-11-10,1,0.0,135.36,COD,Delivered,4152.01,2619.57,4152.01,2619.57,1532.44
O100275,C11462,P1053,2026-05-16,3,0.0,97.79,Credit Card,Pending,922.36,543.78,2767.08,1631.34,1135.74
O100276,C11666,P1069,2026-08-02,2,0.1,72.0,Debit Card,Shipped,717.29,416.98,1291.12,833.96,457.16
O100277,C10783,P1034,2026-04-15,4,0.0,53.26,COD,Cancelled,3445.82,2463.26,13783.28,9853.04,3930.24
O100278,C11229,P1056,2026-02-23,3,0.1,81.92,Debit Card,Shipped,1431.57,1192.48,3865.24,3577.44,287.8
O100279,C10388,P1108,2026-06-14,1,0.0,47.0,Credit Card,Delivered,2697.81,2207.0,2697.81,2207.0,490.81
O100280,C10299,P1008,2026-01-11,3,0.15,56.83,Debit Card,Pending,51750.03,32987.78,131962.58,98963.34,32999.24
O100281,C10483,P1116,2025-09-05,3,0.2,113.03,Credit Card,Delivered,1503.58,846.7,3608.59,2540.1,1068.49
O100282,C11402,P1118,2026-01-29,2,0.0,138.7,UPI,Delivered,4978.89,3068.71,9957.78,6137.42,3820.36
O100283,C10273,P1083,2026-05-22,2,0.05,36.22,COD,Delivered,1658.92,944.21,3151.95,1888.42,1263.53
O100284,C11461,P1099,2025-11-24,1,0.0,55.01,COD,Shipped,482.66,272.31,482.66,272.31,210.35
O100285,C10525,P1019,2025-09-20,3,0.05,100.36,UPI,Delivered,53480.6,38132.5,152419.71,114397.5,38022.21
O100286,C10107,P1086,2026-08-03,1,0.05,67.29,Credit Card,Delivered,316.01,223.96,300.21,223.96,76.25
O100287,C10726,P1012,2026-04-17,3,0.0,43.96,UPI,Delivered,25370.06,18838.89,76110.18,56516.67,19593.51
O100288,C11270,P1098,2026-06-27,1,0.2,59.27,Debit Card,Pending,298.55,229.91,238.84,229.91,8.93
O100289,C11375,P1095,2026-01-23,3,0.05,105.55,Credit Card,Pending,561.33,353.29,1599.79,1059.87,539.92
O100290,C11146,P1011,2026-08-09,3,0.0,87.92,Net Banking,Delivered,18237.69,11700.82,54713.07,35102.46,19610.61
O100291,C10348,P1129,2025-11-05,1,0.0,42.2,COD,Returned,3364.24,2034.28,3364.24,2034.28,1329.96
O100292,C11798,P1120,2026-06-05,3,0.1,136.51,Credit Card,Delivered,3318.56,2380.1,8960.11,7140.3,1819.81
O100293,C11455,P1136,2026-07-09,1,0.15,97.07,COD,Delivered,509.62,289.55,433.18,289.55,143.63
O100294,C10240,P1081,2026-01-11,2,0.0,26.22,UPI,Pending,2172.75,1311.33,4345.5,2622.66,1722.84
O100295,C11023,P1072,2025-09-25,1,0.15,97.38,Debit Card,Returned,2376.29,1589.59,2019.85,1589.59,430.26
O100296,C10580,P1068,2026-01-16,2,0.1,23.44,Net Banking,Cancelled,8864.37,5516.76,15955.87,11033.52,4922.35
O100297,C11898,P1068,2026-07-28,2,0.0,41.13,Net Banking,Delivered,8864.37,5516.76,17728.74,11033.52,6695.22
O100298,C11829,P1043,2026-01-03,1,0.15,46.45,Debit Card,Shipped,2304.37,1753.37,1958.71,1753.37,205.34
O100299,C11007,P1039,2026-02-08,2,0.2,80.89,Net Banking,Cancelled,3010.98,2323.83,4817.57,4647.66,169.91
O100300,C11347,P1113,2026-07-24,1,0.1,10.99,UPI,Delivered,3031.82,2160.62,2728.64,2160.62,568.02
O100301,C10112,P1059,2026-04-23,1,0.05,114.72,Credit Card,Delivered,2473.66,1991.45,2349.98,1991.45,358.53
O100302,C10533,P1042,2025-09-26,2,0.15,27.97,COD,Delivered,1907.35,1363.61,3242.5,2727.22,515.28
O100303,C11834,P1127,2025-10-15,1,0.0,88.66,UPI,Delivered,2406.08,1554.9,2406.08,1554.9,851.18
O100304,C11453,P1144,2025-12-17,1,0.1,103.01,COD,Delivered,2601.04,1801.4,2340.94,1801.4,539.54
O100305,C10231,P1038,2026-02-24,4,0.05,98.81,UPI,Delivered,3530.81,2400.64,13417.08,9602.56,3814.52
O100306,C10418,P1073,2025-12-06,2,0.05,45.88,Credit Card,Cancelled,1405.49,1138.4,2670.43,2276.8,393.63
O100307,C11536,P1131,2025-12-13,4,0.1,106.8,Debit Card,Delivered,355.98,201.63,1281.53,806.52,475.01
O100308,C11359,P1150,2025-09-24,1,0.15,137.3,Credit Card,Delivered,2574.89,1872.1,2188.66,1872.1,316.56
O100309,C11990,P1002,2026-02-16,2,0.0,124.16,Net Banking,Shipped,64458.4,38857.64,128916.8,77715.28,51201.52
O100310,C10370,P1107,2025-12-16,4,0.15,75.05,UPI,Delivered,3347.45,2456.75,11381.33,9827.0,1554.33
O100311,C11021,P1025,2025-12-23,3,0.0,88.43,Debit Card,Delivered,29530.29,19324.99,88590.87,57974.97,30615.9
O100312,C11396,P1032,2025-11-27,1,0.2,47.7,COD,Delivered,1643.06,925.34,1314.45,925.34,389.11
O100313,C11903,P1028,2026-02-27,2,0.1,119.73,Debit Card,Delivered,5009.89,3386.66,9017.8,6773.32,2244.48
O100314,C10167,P1118,2026-08-04,2,0.2,57.79,COD,Delivered,4978.89,3068.71,7966.22,6137.42,1828.8
O100315,C11957,P1069,2026-01-22,4,0.1,77.82,Net Banking,Delivered,717.29,416.98,2582.24,1667.92,914.32
O100316,C10675,P1012,2025-10-15,3,0.05,119.76,Net Banking,Pending,25370.06,18838.89,72304.67,56516.67,15788.0
O100317,C10666,P1146,2026-02-25,4,0.1,94.02,Credit Card,Delivered,1033.25,584.92,3719.7,2339.68,1380.02
O100318,C10100,P1073,2026-05-15,1,0.0,76.55,Debit Card,Shipped,1405.49,1138.4,1405.49,1138.4,267.09
O100319,C11524,P1019,2025-10-12,2,0.0,75.46,Net Banking,Pending,53480.6,38132.5,106961.2,76265.0,30696.2
O100320,C10782,P1024,2025-08-28,1,0.15,106.39,COD,Delivered,18028.57,13625.43,15324.28,13625.43,1698.85
O100321,C10492,P1103,2025-10-22,3,0.1,79.35,UPI,Delivered,1864.92,1469.71,5035.28,4409.13,626.15
O100322,C10427,P1042,2026-01-10,3,0.0,57.45,COD,Shipped,1907.35,1363.61,5722.05,4090.83,1631.22
O100323,C10584,P1040,2026-02-24,2,0.0,4.69,UPI,Delivered,3344.13,2454.65,6688.26,4909.3,1778.96
O100324,C11641,P1111,2025-11-22,1,0.1,65.26,Debit Card,Returned,583.37,467.6,525.03,467.6,57.43
O100325,C11236,P1034,2025-09-18,1,0.2,80.67,Debit Card,Delivered,3445.82,2463.26,2756.66,2463.26,293.4
O100326,C11705,P1095,2025-11-20,1,0.05,71.1,Net Banking,Delivered,561.33,353.29,533.26,353.29,179.97
O100327,C10913,P1100,2026-05-10,2,0.0,136.15,COD,Delivered,664.62,470.32,1329.24,940.64,388.6
O100328,C11230,P1109,2025-08-23,1,0.0,67.64,UPI,Shipped,4331.81,3435.6,4331.81,3435.6,896.21
O100329,C11661,P1095,2025-11-13,1,0.1,42.03,Net Banking,Delivered,561.33,353.29,505.2,353.29,151.91
O100330,C11292,P1110,2026-02-28,2,0.2,59.45,UPI,Delivered,2315.13,1504.12,3704.21,3008.24,695.97
O100331,C10700,P1119,2025-10-19,2,0.0,2.91,Credit Card,Delivered,5211.2,3497.26,10422.4,6994.52,3427.88
O100332,C11462,P1040,2025-11-20,4,0.0,80.47,COD,Delivered,3344.13,2454.65,13376.52,9818.6,3557.92
O100333,C11326,P1135,2026-04-11,2,0.2,106.03,UPI,Delivered,311.53,199.73,498.45,399.46,98.99
O100334,C10896,P1021,2026-08-08,1,0.2,44.26,COD,Delivered,15455.38,11592.94,12364.3,11592.94,771.36
O100335,C10262,P1077,2026-05-09,3,0.0,91.76,Credit Card,Delivered,206.69,134.91,620.07,404.73,215.34
O100336,C10606,P1146,2026-03-12,2,0.2,98.1,UPI,Delivered,1033.25,584.92,1653.2,1169.84,483.36
O100337,C11879,P1012,2026-04-26,4,0.0,19.11,Net Banking,Delivered,25370.06,18838.89,101480.24,75355.56,26124.68
O100338,C10871,P1106,2026-05-13,4,0.1,72.65,UPI,Delivered,3820.64,2143.04,13754.3,8572.16,5182.14
O100339,C11476,P1146,2026-02-16,4,0.2,15.62,Debit Card,Delivered,1033.25,584.92,3306.4,2339.68,966.72
O100340,C11200,P1021,2026-06-12,4,0.0,10.44,Net Banking,Delivered,15455.38,11592.94,61821.52,46371.76,15449.76
O100341,C11517,P1119,2026-08-02,2,0.0,108.55,Credit Card,Shipped,5211.2,3497.26,10422.4,6994.52,3427.88
O100342,C11727,P1101,2025-09-19,4,0.05,125.38,UPI,Delivered,2706.0,1556.11,10282.8,6224.44,4058.36
O100343,C11796,P1077,2026-07-17,1,0.2,17.62,Debit Card,Delivered,206.69,134.91,165.35,134.91,30.44
O100344,C10932,P1116,2026-02-27,1,0.2,26.25,Net Banking,Shipped,1503.58,846.7,1202.86,846.7,356.16
O100345,C10700,P1048,2026-07-14,1,0.1,120.93,Credit Card,Delivered,714.29,437.46,642.86,437.46,205.4
O100346,C11530,P1067,2025-11-04,3,0.0,92.16,UPI,Delivered,6227.25,3828.72,18681.75,11486.16,7195.59
O100347,C10037,P1002,2025-08-31,3,0.2,28.51,COD,Delivered,64458.4,38857.64,154700.16,116572.92,38127.24
O100348,C10352,P1123,2026-05-22,2,0.0,67.32,COD,Delivered,877.39,667.5,1754.78,1335.0,419.78
O100349,C11780,P1125,2026-05-20,1,0.15,53.5,Debit Card,Delivered,2435.61,1942.11,2070.27,1942.11,128.16
O100350,C11995,P1093,2026-05-03,1,0.05,17.02,COD,Shipped,1288.82,1004.22,1224.38,1004.22,220.16
O100351,C10180,P1033,2026-03-13,2,0.0,101.85,Credit Card,Delivered,4333.28,2734.68,8666.56,5469.36,3197.2
O100352,C10230,P1005,2025-10-27,1,0.0,146.38,Credit Card,Cancelled,47571.0,27164.82,47571.0,27164.82,20406.18
O100353,C10429,P1124,2025-11-22,2,0.05,2.11,Credit Card,Delivered,4401.73,2791.05,8363.29,5582.1,2781.19
O100354,C10893,P1138,2025-10-26,3,0.0,22.92,Credit Card,Delivered,1859.8,1352.45,5579.4,4057.35,1522.05
O100355,C11577,P1119,2026-06-18,1,0.05,90.48,Credit Card,Delivered,5211.2,3497.26,4950.64,3497.26,1453.38
O100356,C10045,P1030,2026-07-06,4,0.0,83.5,Credit Card,Returned,2098.13,1548.88,8392.52,6195.52,2197.0
O100357,C11514,P1114,2026-01-18,1,0.15,4.91,COD,Delivered,1562.14,1189.51,1327.82,1189.51,138.31
O100358,C11761,P1116,2026-08-13,2,0.15,115.95,Net Banking,Delivered,1503.58,846.7,2556.09,1693.4,862.69
O100359,C10604,P1146,2026-05-06,1,0.05,57.65,COD,Delivered,1033.25,584.92,981.59,584.92,396.67
O100360,C10017,P1027,2025-10-22,3,0.2,80.55,COD,Pending,5526.19,3231.39,13262.86,9694.17,3568.69
O100361,C11738,P1127,2026-04-07,2,0.1,124.22,Net Banking,Delivered,2406.08,1554.9,4330.94,3109.8,1221.14
O100362,C11136,P1075,2026-06-03,1,0.05,76.32,UPI,Delivered,6257.58,4866.0,5944.7,4866.0,1078.7
O100363,C10996,P1132,2026-03-02,3,0.0,128.17,Net Banking,Shipped,1045.48,772.39,3136.44,2317.17,819.27
O100364,C11916,P1125,2025-11-25,1,0.0,29.37,Credit Card,Delivered,2435.61,1942.11,2435.61,1942.11,493.5
O100365,C11082,P1005,2026-03-29,3,0.0,22.47,COD,Delivered,47571.0,27164.82,142713.0,81494.46,61218.54
O100366,C11134,P1017,2025-12-23,1,0.0,79.61,Debit Card,Returned,68434.16,40506.57,68434.16,40506.57,27927.59
O100367,C10855,P1122,2025-08-26,3,0.1,4.57,UPI,Delivered,588.59,431.08,1589.19,1293.24,295.95
O100368,C11923,P1089,2025-09-15,2,0.05,143.43,COD,Delivered,1514.99,1072.27,2878.48,2144.54,733.94
O100369,C10043,P1042,2026-07-26,1,0.1,133.15,Debit Card,Shipped,1907.35,1363.61,1716.62,1363.61,353.01
O100370,C10962,P1089,2026-08-07,2,0.0,122.54,COD,Delivered,1514.99,1072.27,3029.98,2144.54,885.44
O100371,C10450,P1087,2026-07-26,2,0.1,63.44,Net Banking,Cancelled,1693.9,1011.65,3049.02,2023.3,1025.72
O100372,C11465,P1120,2026-02-24,2,0.15,118.96,Credit Card,Returned,3318.56,2380.1,5641.55,4760.2,881.35
O100373,C11481,P1100,2025-08-31,3,0.05,71.78,COD,Cancelled,664.62,470.32,1894.17,1410.96,483.21
O100374,C11379,P1093,2026-08-21,1,0.15,129.37,COD,Shipped,1288.82,1004.22,1095.5,1004.22,91.28
O100375,C11730,P1042,2025-09-23,1,0.2,60.71,Net Banking,Delivered,1907.35,1363.61,1525.88,1363.61,162.27
O100376,C11415,P1023,2025-09-05,4,0.15,43.37,COD,Delivered,54514.7,32908.14,185349.98,131632.56,53717.42
O100377,C10409,P1041,2026-03-24,2,0.2,53.3,Net Banking,Delivered,1521.85,1173.08,2434.96,2346.16,88.8
O100378,C11626,P1107,2025-08-23,1,0.1,19.46,COD,Delivered,3347.45,2456.75,3012.71,2456.75,555.96
O100379,C10429,P1143,2025-09-04,4,0.2,136.47,UPI,Pending,2676.13,1712.63,8563.62,6850.52,1713.1
O100380,C10735,P1067,2025-10-17,4,0.0,149.14,Debit Card,Delivered,6227.25,3828.72,24909.0,15314.88,9594.12
O100381,C10358,P1129,2026-07-17,2,0.0,9.79,UPI,Shipped,3364.24,2034.28,6728.48,4068.56,2659.92
O100382,C10692,P1111,2025-09-20,1,0.0,88.48,UPI,Delivered,583.37,467.6,583.37,467.6,115.77
O100383,C10248,P1144,2026-02-26,3,0.0,66.73,Credit Card,Delivered,2601.04,1801.4,7803.12,5404.2,2398.92
O100384,C10697,P1091,2026-01-15,1,0.1,79.96,UPI,Shipped,722.91,529.78,650.62,529.78,120.84
O100385,C11141,P1069,2025-12-08,2,0.15,107.08,Credit Card,Cancelled,717.29,416.98,1219.39,833.96,385.43
O100386,C11790,P1132,2026-02-09,1,0.2,52.54,Net Banking,Delivered,1045.48,772.39,836.38,772.39,63.99
O100387,C11447,P1013,2026-05-14,1,0.0,83.03,COD,Shipped,52895.62,37136.59,52895.62,37136.59,15759.03
O100388,C11972,P1029,2025-10-05,1,0.0,141.0,UPI,Shipped,564.96,451.92,564.96,451.92,113.04
O100389,C11249,P1027,2025-08-26,2,0.0,119.71,Net Banking,Delivered,5526.19,3231.39,11052.38,6462.78,4589.6
O100390,C10216,P1043,2026-02-27,1,0.0,122.96,UPI,Cancelled,2304.37,1753.37,2304.37,1753.37,551.0
O100391,C11866,P1093,2025-12-01,1,0.05,140.21,Credit Card,Shipped,1288.82,1004.22,1224.38,1004.22,220.16
O100392,C11451,P1114,2026-04-04,3,0.15,128.05,Net Banking,Delivered,1562.14,1189.51,3983.46,3568.53,414.93
O100393,C11783,P1026,2026-05-24,1,0.1,82.62,Credit Card,Delivered,5590.52,3241.08,5031.47,3241.08,1790.39
O100394,C10686,P1036,2026-06-18,1,0.1,8.84,UPI,Cancelled,4558.46,3300.66,4102.61,3300.66,801.95
O100395,C10900,P1107,2026-06-16,1,0.2,8.82,UPI,Delivered,3347.45,2456.75,2677.96,2456.75,221.21
O100396,C11658,P1122,2026-03-10,1,0.15,126.01,Debit Card,Delivered,588.59,431.08,500.3,431.08,69.22
O100397,C10351,P1022,2025-11-13,4,0.2,140.96,Debit Card,Delivered,8340.38,5227.15,26689.22,20908.6,5780.62
O100398,C11546,P1107,2025-09-27,1,0.0,71.11,Debit Card,Delivered,3347.45,2456.75,3347.45,2456.75,890.7
O100399,C10503,P1039,2025-08-30,3,0.1,2.73,Net Banking,Delivered,3010.98,2323.83,8129.65,6971.49,1158.16
O100400,C10468,P1036,2025-09-15,4,0.0,76.69,COD,Delivered,4558.46,3300.66,18233.84,13202.64,5031.2
O100401,C10839,P1118,2026-03-22,3,0.2,18.69,Net Banking,Shipped,4978.89,3068.71,11949.34,9206.13,2743.21
O100402,C10741,P1008,2025-10-06,2,0.05,35.14,COD,Delivered,51750.03,32987.78,98325.06,65975.56,32349.5
O100403,C10021,P1133,2026-03-05,3,0.0,114.91,UPI,Delivered,3423.67,2098.85,10271.01,6296.55,3974.46
O100404,C10645,P1103,2026-08-03,2,0.2,77.94,Credit Card,Delivered,1864.92,1469.71,2983.87,2939.42,44.45
O100405,C10806,P1010,2026-01-30,3,0.05,10.25,Credit Card,Returned,9031.61,6794.04,25740.09,20382.12,5357.97
O100406,C10119,P1134,2025-10-26,2,0.1,7.79,Debit Card,Delivered,299.83,242.36,539.69,484.72,54.97
O100407,C11815,P1142,2026-02-17,4,0.0,142.83,Debit Card,Shipped,1618.71,996.37,6474.84,3985.48,2489.36
O100408,C10643,P1089,2026-05-01,2,0.0,72.92,UPI,Cancelled,1514.99,1072.27,3029.98,2144.54,885.44
O100409,C11844,P1136,2026-04-07,3,0.1,81.28,Net Banking,Returned,509.62,289.55,1375.97,868.65,507.32
O100410,C11435,P1104,2025-11-17,4,0.1,146.82,COD,Delivered,3475.03,2469.25,12510.11,9877.0,2633.11
O100411,C11818,P1140,2026-08-19,3,0.1,71.3,Net Banking,Shipped,436.07,348.48,1177.39,1045.44,131.95
O100412,C11336,P1114,2025-10-03,3,0.1,21.99,Debit Card,Returned,1562.14,1189.51,4217.78,3568.53,649.25
O100413,C11601,P1104,2026-05-09,2,0.0,17.82,Credit Card,Returned,3475.03,2469.25,6950.06,4938.5,2011.56
O100414,C10173,P1010,2025-12-02,1,0.05,24.84,Net Banking,Delivered,9031.61,6794.04,8580.03,6794.04,1785.99
O100415,C11486,P1033,2026-07-31,2,0.0,108.54,Net Banking,Pending,4333.28,2734.68,8666.56,5469.36,3197.2
O100416,C10582,P1055,2025-10-22,3,0.0,134.44,UPI,Delivered,6934.45,4043.27,20803.35,12129.81,8673.54
O100417,C10640,P1134,2025-11-11,1,0.2,48.02,Debit Card,Shipped,299.83,242.36,239.86,242.36,-2.5
O100418,C10328,P1006,2026-02-28,1,0.0,70.74,UPI,Returned,18739.53,10820.0,18739.53,10820.0,7919.53
O100419,C11106,P1067,2025-09-28,3,0.05,45.49,Credit Card,Cancelled,6227.25,3828.72,17747.66,11486.16,6261.5
O100420,C10623,P1109,2026-07-21,2,0.0,108.02,Net Banking,Delivered,4331.81,3435.6,8663.62,6871.2,1792.42
O100421,C10123,P1096,2025-10-13,2,0.05,114.04,Debit Card,Delivered,1066.34,728.57,2026.05,1457.14,568.91
O100422,C10726,P1032,2025-11-02,1,0.05,98.01,UPI,Shipped,1643.06,925.34,1560.91,925.34,635.57
O100423,C11928,P1032,2025-09-07,1,0.05,27.05,COD,Delivered,1643.06,925.34,1560.91,925.34,635.57
O100424,C11510,P1002,2026-01-28,2,0.15,23.55,COD,Delivered,64458.4,38857.64,109579.28,77715.28,31864.0
O100425,C10484,P1149,2026-06-27,3,0.1,111.99,Net Banking,Delivered,1265.06,835.13,3415.66,2505.39,910.27
O100426,C11921,P1137,2026-06-09,2,0.0,40.97,Net Banking,Delivered,3020.08,1976.97,6040.16,3953.94,2086.22
O100427,C10613,P1073,2026-05-31,2,0.2,137.88,Net Banking,Delivered,1405.49,1138.4,2248.78,2276.8,-28.02
O100428,C11463,P1097,2026-03-26,2,0.0,131.25,Net Banking,Shipped,371.34,245.76,742.68,491.52,251.16
O100429,C10216,P1084,2026-05-24,1,0.05,7.84,Net Banking,Delivered,771.46,641.72,732.89,641.72,91.17
O100430,C11686,P1093,2026-01-03,2,0.15,22.6,COD,Delivered,1288.82,1004.22,2190.99,2008.44,182.55
O100431,C11458,P1109,2026-04-07,1,0.2,80.21,COD,Delivered,4331.81,3435.6,3465.45,3435.6,29.85
O100432,C10128,P1109,2026-05-31,4,0.0,0.34,Credit Card,Delivered,4331.81,3435.6,17327.24,13742.4,3584.84
O100433,C10914,P1020,2026-04-25,2,0.0,27.05,Debit Card,Delivered,40470.11,25854.79,80940.22,51709.58,29230.64
O100434,C10825,P1144,2025-12-10,2,0.1,34.27,Net Banking,Shipped,2601.04,1801.4,4681.87,3602.8,1079.07
O100435,C11786,P1068,2025-12-28,2,0.0,28.01,Net Banking,Delivered,8864.37,5516.76,17728.74,11033.52,6695.22
O100436,C10868,P1113,2026-01-06,2,0.0,35.53,COD,Shipped,3031.82,2160.62,6063.64,4321.24,1742.4
O100437,C10854,P1042,2025-12-03,1,0.2,135.29,Credit Card,Delivered,1907.35,1363.61,1525.88,1363.61,162.27
O100438,C10993,P1118,2025-12-11,3,0.15,55.8,Credit Card,Pending,4978.89,3068.71,12696.17,9206.13,3490.04
O100439,C11052,P1136,2026-05-21,2,0.0,124.31,UPI,Delivered,509.62,289.55,1019.24,579.1,440.14
O100440,C10933,P1122,2026-03-16,1,0.0,44.46,UPI,Shipped,588.59,431.08,588.59,431.08,157.51
O100441,C11934,P1144,2025-12-25,1,0.05,47.2,Debit Card,Returned,2601.04,1801.4,2470.99,1801.4,669.59
O100442,C10244,P1105,2025-09-04,1,0.2,136.8,UPI,Delivered,5921.43,3427.44,4737.14,3427.44,1309.7
O100443,C11171,P1075,2026-03-14,1,0.2,57.2,UPI,Delivered,6257.58,4866.0,5006.06,4866.0,140.06
O100444,C10242,P1096,2026-02-04,2,0.05,83.21,Debit Card,Pending,1066.34,728.57,2026.05,1457.14,568.91
O100445,C10622,P1076,2026-05-16,1,0.0,146.05,COD,Delivered,625.33,474.81,625.33,474.81,150.52
O100446,C10293,P1037,2026-06-25,2,0.1,99.07,Net Banking,Delivered,1816.37,1116.6,3269.47,2233.2,1036.27
O100447,C11919,P1079,2025-12-19,2,0.0,22.35,Debit Card,Delivered,926.66,604.47,1853.32,1208.94,644.38
O100448,C11678,P1126,2025-12-21,2,0.1,6.74,UPI,Delivered,1404.7,995.08,2528.46,1990.16,538.3
O100449,C10715,P1018,2026-05-05,3,0.15,62.21,UPI,Delivered,52552.08,30527.71,134007.8,91583.13,42424.67
O100450,C11174,P1080,2026-01-22,1,0.0,145.4,Net Banking,Delivered,287.38,222.33,287.38,222.33,65.05
O100451,C10692,P1097,2026-04-21,1,0.2,24.83,COD,Cancelled,371.34,245.76,297.07,245.76,51.31
O100452,C11708,P1034,2025-10-15,1,0.1,148.78,Credit Card,Delivered,3445.82,2463.26,3101.24,2463.26,637.98
O100453,C10944,P1116,2026-07-14,1,0.0,41.79,COD,Delivered,1503.58,846.7,1503.58,846.7,656.88
O100454,C11491,P1084,2026-07-18,1,0.1,6.07,UPI,Shipped,771.46,641.72,694.31,641.72,52.59
O100455,C11361,P1105,2026-07-29,2,0.0,80.45,COD,Delivered,5921.43,3427.44,11842.86,6854.88,4987.98
O100456,C10810,P1087,2026-04-17,4,0.0,124.27,Net Banking,Delivered,1693.9,1011.65,6775.6,4046.6,2729.0
O100457,C11374,P1114,2026-01-23,4,0.05,95.39,Debit Card,Delivered,1562.14,1189.51,5936.13,4758.04,1178.09
O100458,C11774,P1043,2026-02-05,4,0.15,36.22,UPI,Delivered,2304.37,1753.37,7834.86,7013.48,821.38
O100459,C11631,P1080,2026-01-13,4,0.1,116.37,Net Banking,Delivered,287.38,222.33,1034.57,889.32,145.25
O100460,C11319,P1144,2025-12-01,1,0.0,43.26,UPI,Delivered,2601.04,1801.4,2601.04,1801.4,799.64
O100461,C11268,P1139,2026-05-28,2,0.2,127.56,Net Banking,Shipped,451.27,274.75,722.03,549.5,172.53
O100462,C11961,P1146,2026-03-01,1,0.2,16.08,Net Banking,Delivered,1033.25,584.92,826.6,584.92,241.68
O100463,C10975,P1129,2025-08-23,1,0.0,71.84,UPI,Delivered,3364.24,2034.28,3364.24,2034.28,1329.96
O100464,C11918,P1137,2025-12-29,1,0.05,128.43,Credit Card,Pending,3020.08,1976.97,2869.08,1976.97,892.11
O100465,C10564,P1053,2025-09-23,3,0.05,68.25,Credit Card,Cancelled,922.36,543.78,2628.73,1631.34,997.39
O100466,C11719,P1149,2025-08-27,3,0.1,69.06,COD,Delivered,1265.06,835.13,3415.66,2505.39,910.27
O100467,C11093,P1083,2025-08-23,1,0.05,61.75,COD,Delivered,1658.92,944.21,1575.97,944.21,631.76
O100468,C11007,P1006,2026-01-13,4,0.0,113.45,Debit Card,Delivered,18739.53,10820.0,74958.12,43280.0,31678.12
O100469,C10850,P1007,2025-10-05,1,0.15,77.36,Net Banking,Delivered,7227.26,4548.11,6143.17,4548.11,1595.06
O100470,C10527,P1024,2026-03-24,4,0.2,18.3,UPI,Pending,18028.57,13625.43,57691.42,54501.72,3189.7
O100471,C11110,P1044,2026-03-25,1,0.0,64.68,Debit Card,Delivered,1399.41,917.62,1399.41,917.62,481.79
O100472,C10524,P1023,2025-12-08,4,0.0,114.48,Credit Card,Delivered,54514.7,32908.14,218058.8,131632.56,86426.24
O100473,C10835,P1044,2026-08-14,1,0.15,62.07,UPI,Delivered,1399.41,917.62,1189.5,917.62,271.88
O100474,C10667,P1047,2025-09-21,4,0.15,127.58,UPI,Delivered,4008.04,3183.54,13627.34,12734.16,893.18
O100475,C10611,P1100,2026-01-18,3,0.0,108.63,UPI,Delivered,664.62,470.32,1993.86,1410.96,582.9
O100476,C10846,P1083,2026-03-13,4,0.1,35.15,Debit Card,Delivered,1658.92,944.21,5972.11,3776.84,2195.27
O100477,C11696,P1031,2026-08-19,2,0.1,47.57,UPI,Delivered,1495.17,843.81,2691.31,1687.62,1003.69
O100478,C11541,P1061,2026-05-30,2,0.1,72.22,COD,Delivered,3373.53,1885.35,6072.35,3770.7,2301.65
O100479,C11034,P1099,2026-02-20,2,0.0,99.93,UPI,Delivered,482.66,272.31,965.32,544.62,420.7
O100480,C10652,P1119,2025-09-22,1,0.2,21.21,Net Banking,Delivered,5211.2,3497.26,4168.96,3497.26,671.7
O100481,C10992,P1008,2025-09-26,1,0.2,4.44,COD,Delivered,51750.03,32987.78,41400.02,32987.78,8412.24
O100482,C11872,P1005,2025-09-07,1,0.2,74.02,Debit Card,Delivered,47571.0,27164.82,38056.8,27164.82,10891.98
O100483,C11201,P1026,2025-10-12,1,0.05,147.0,Credit Card,Shipped,5590.52,3241.08,5310.99,3241.08,2069.91
O100484,C11335,P1033,2025-11-29,1,0.0,108.86,Debit Card,Delivered,4333.28,2734.68,4333.28,2734.68,1598.6
O100485,C10914,P1022,2026-02-05,1,0.0,102.49,Net Banking,Delivered,8340.38,5227.15,8340.38,5227.15,3113.23
O100486,C11983,P1037,2025-09-15,1,0.0,101.36,Debit Card,Delivered,1816.37,1116.6,1816.37,1116.6,699.77
O100487,C10345,P1063,2025-12-25,1,0.0,115.46,Net Banking,Pending,6336.48,4060.59,6336.48,4060.59,2275.89
O100488,C11969,P1143,2026-05-21,2,0.15,3.67,COD,Delivered,2676.13,1712.63,4549.42,3425.26,1124.16
O100489,C11665,P1119,2026-01-02,2,0.1,36.39,Net Banking,Delivered,5211.2,3497.26,9380.16,6994.52,2385.64
O100490,C11991,P1043,2026-08-18,1,0.0,122.03,UPI,Delivered,2304.37,1753.37,2304.37,1753.37,551.0
O100491,C11888,P1124,2025-09-26,1,0.05,113.25,Debit Card,Delivered,4401.73,2791.05,4181.64,2791.05,1390.59
O100492,C11720,P1098,2026-04-19,1,0.0,83.06,Debit Card,Cancelled,298.55,229.91,298.55,229.91,68.64
O100493,C10436,P1150,2026-07-24,2,0.05,131.45,Net Banking,Delivered,2574.89,1872.1,4892.29,3744.2,1148.09
O100494,C10331,P1137,2025-12-10,3,0.0,54.63,Net Banking,Delivered,3020.08,1976.97,9060.24,5930.91,3129.33
O100495,C10184,P1102,2026-01-27,3,0.15,123.21,UPI,Cancelled,4370.98,2495.57,11146.0,7486.71,3659.29
O100496,C11485,P1143,2025-10-29,4,0.0,73.38,Debit Card,Cancelled,2676.13,1712.63,10704.52,6850.52,3854.0
O100497,C10432,P1130,2026-03-25,1,0.1,118.59,Debit Card,Returned,1664.71,1119.11,1498.24,1119.11,379.13
O100498,C11937,P1088,2026-04-26,4,0.15,147.19,Debit Card,Pending,1116.94,867.28,3797.6,3469.12,328.48
O100499,C11450,P1116,2026-04-24,2,0.05,75.86,Debit Card,Delivered,1503.58,846.7,2856.8,1693.4,1163.4
O100500,C10659,P1088,2026-05-29,1,0.2,96.56,Credit Card,Delivered,1116.94,867.28,893.55,867.28,26.27
O100501,C11228,P1085,2025-10-27,4,0.15,74.51,UPI,Returned,229.52,181.34,780.37,725.36,55.01
O100502,C10274,P1001,2025-11-15,4,0.15,30.41,Net Banking,Delivered,38372.92,26874.96,130467.93,107499.84,22968.09
O100503,C11847,P1003,2026-01-15,1,0.0,65.19,Credit Card,Delivered,31454.08,19066.44,31454.08,19066.44,12387.64
O100504,C11834,P1126,2026-08-13,1,0.0,49.72,COD,Delivered,1404.7,995.08,1404.7,995.08,409.62
O100505,C11613,P1020,2025-08-25,1,0.05,138.45,Net Banking,Delivered,40470.11,25854.79,38446.6,25854.79,12591.81
O100506,C11705,P1114,2026-04-06,2,0.2,97.75,UPI,Delivered,1562.14,1189.51,2499.42,2379.02,120.4
O100507,C11665,P1097,2026-01-01,2,0.15,128.57,Net Banking,Delivered,371.34,245.76,631.28,491.52,139.76
O100508,C10363,P1003,2025-12-16,4,0.0,15.96,UPI,Delivered,31454.08,19066.44,125816.32,76265.76,49550.56
O100509,C11918,P1050,2025-09-28,4,0.0,45.55,COD,Delivered,802.78,481.82,3211.12,1927.28,1283.84
O100510,C11522,P1006,2026-07-03,1,0.1,70.05,Debit Card,Delivered,18739.53,10820.0,16865.58,10820.0,6045.58
O100511,C11453,P1092,2026-06-13,1,0.05,20.4,Credit Card,Delivered,1913.34,1155.43,1817.67,1155.43,662.24
O100512,C11257,P1078,2025-12-03,2,0.05,66.99,Credit Card,Delivered,1604.45,1009.9,3048.46,2019.8,1028.66
O100513,C11012,P1093,2026-04-13,2,0.0,140.79,UPI,Delivered,1288.82,1004.22,2577.64,2008.44,569.2
O100514,C11853,P1054,2025-11-07,3,0.1,134.94,UPI,Delivered,5995.19,3653.27,16187.01,10959.81,5227.2
O100515,C11682,P1102,2026-02-22,1,0.1,127.42,UPI,Cancelled,4370.98,2495.57,3933.88,2495.57,1438.31
O100516,C11166,P1129,2026-04-05,4,0.0,29.27,COD,Delivered,3364.24,2034.28,13456.96,8137.12,5319.84
O100517,C10397,P1145,2025-10-25,1,0.0,67.08,Net Banking,Delivered,2714.68,1805.11,2714.68,1805.11,909.57
O100518,C10134,P1033,2025-11-28,2,0.0,40.69,UPI,Delivered,4333.28,2734.68,8666.56,5469.36,3197.2
O100519,C11912,P1146,2026-05-05,2,0.2,51.05,Credit Card,Returned,1033.25,584.92,1653.2,1169.84,483.36
O100520,C11493,P1071,2025-09-09,1,0.1,26.38,Credit Card,Cancelled,5179.24,2939.06,4661.32,2939.06,1722.26
O100521,C10048,P1137,2026-08-14,1,0.05,0.14,Net Banking,Delivered,3020.08,1976.97,2869.08,1976.97,892.11
O100522,C11148,P1117,2025-11-02,1,0.05,5.84,UPI,Returned,4152.01,2619.57,3944.41,2619.57,1324.84
O100523,C11313,P1014,2025-12-26,1,0.05,137.76,Debit Card,Delivered,27485.51,19010.32,26111.23,19010.32,7100.91
O100524,C10834,P1071,2026-08-20,1,0.0,46.5,UPI,Delivered,5179.24,2939.06,5179.24,2939.06,2240.18
O100525,C10956,P1127,2026-06-27,2,0.0,120.4,Debit Card,Delivered,2406.08,1554.9,4812.16,3109.8,1702.36
O100526,C10090,P1058,2026-06-26,2,0.0,18.67,UPI,Delivered,1139.13,868.45,2278.26,1736.9,541.36
O100527,C10861,P1137,2026-04-20,1,0.15,132.31,COD,Delivered,3020.08,1976.97,2567.07,1976.97,590.1
O100528,C10803,P1050,2026-07-05,1,0.0,86.14,Debit Card,Delivered,802.78,481.82,802.78,481.82,320.96
O100529,C11172,P1007,2026-02-01,1,0.0,137.46,Credit Card,Pending,7227.26,4548.11,7227.26,4548.11,2679.15
O100530,C10868,P1020,2026-04-29,1,0.05,12.46,Credit Card,Delivered,40470.11,25854.79,38446.6,25854.79,12591.81
O100531,C10675,P1080,2026-01-28,2,0.0,121.63,UPI,Delivered,287.38,222.33,574.76,444.66,130.1
O100532,C10199,P1008,2026-01-17,4,0.0,131.23,COD,Delivered,51750.03,32987.78,207000.12,131951.12,75049.0
O100533,C10050,P1086,2026-05-01,1,0.1,45.97,Debit Card,Delivered,316.01,223.96,284.41,223.96,60.45
O100534,C10970,P1062,2025-10-17,4,0.0,42.19,Debit Card,Cancelled,6951.68,5407.58,27806.72,21630.32,6176.4
O100535,C11683,P1086,2025-09-03,2,0.1,16.7,Net Banking,Shipped,316.01,223.96,568.82,447.92,120.9
O100536,C11933,P1019,2025-10-12,1,0.0,11.63,Net Banking,Delivered,53480.6,38132.5,53480.6,38132.5,15348.1
O100537,C11565,P1025,2026-06-05,4,0.15,6.98,COD,Delivered,29530.29,19324.99,100402.99,77299.96,23103.03
O100538,C10176,P1016,2026-08-01,1,0.15,110.57,UPI,Delivered,23119.64,19111.02,19651.69,19111.02,540.67
O100539,C11823,P1017,2026-05-31,4,0.0,42.83,Credit Card,Delivered,68434.16,40506.57,273736.64,162026.28,111710.36
O100540,C11644,P1114,2025-12-26,1,0.05,128.49,UPI,Delivered,1562.14,1189.51,1484.03,1189.51,294.52
O100541,C11283,P1111,2026-05-31,3,0.0,36.68,UPI,Delivered,583.37,467.6,1750.11,1402.8,347.31
O100542,C10115,P1144,2026-02-09,1,0.15,128.18,UPI,Delivered,2601.04,1801.4,2210.88,1801.4,409.48
O100543,C10782,P1103,2026-01-25,1,0.0,60.03,UPI,Delivered,1864.92,1469.71,1864.92,1469.71,395.21
O100544,C10842,P1060,2026-04-22,1,0.05,78.74,Net Banking,Shipped,887.63,507.33,843.25,507.33,335.92
O100545,C11278,P1003,2026-07-12,3,0.05,66.65,COD,Delivered,31454.08,19066.44,89644.13,57199.32,32444.81
O100546,C11629,P1110,2026-08-13,3,0.0,56.04,Net Banking,Delivered,2315.13,1504.12,6945.39,4512.36,2433.03
O100547,C10696,P1007,2025-11-23,1,0.15,12.97,COD,Delivered,7227.26,4548.11,6143.17,4548.11,1595.06
O100548,C11204,P1050,2025-12-07,2,0.0,25.1,UPI,Delivered,802.78,481.82,1605.56,963.64,641.92
O100549,C11219,P1018,2025-09-17,1,0.05,36.89,Net Banking,Shipped,52552.08,30527.71,49924.48,30527.71,19396.77
O100550,C10397,P1147,2026-06-07,1,0.1,135.18,Credit Card,Delivered,834.22,686.19,750.8,686.19,64.61
O100551,C10525,P1091,2026-01-28,2,0.0,51.71,COD,Delivered,722.91,529.78,1445.82,1059.56,386.26
O100552,C11272,P1114,2025-10-30,1,0.1,75.99,Credit Card,Delivered,1562.14,1189.51,1405.93,1189.51,216.42
O100553,C11633,P1012,2025-12-25,1,0.0,81.46,UPI,Delivered,25370.06,18838.89,25370.06,18838.89,6531.17
O100554,C11198,P1112,2026-01-31,3,0.0,91.87,Net Banking,Pending,3747.66,3014.85,11242.98,9044.55,2198.43
O100555,C11545,P1092,2026-05-30,1,0.15,120.64,Debit Card,Delivered,1913.34,1155.43,1626.34,1155.43,470.91
O100556,C11109,P1038,2025-12-22,1,0.0,90.78,Credit Card,Delivered,3530.81,2400.64,3530.81,2400.64,1130.17
O100557,C11236,P1088,2026-05-31,1,0.0,137.42,Debit Card,Delivered,1116.94,867.28,1116.94,867.28,249.66
O100558,C10017,P1133,2025-12-14,1,0.0,35.5,Net Banking,Delivered,3423.67,2098.85,3423.67,2098.85,1324.82
O100559,C10297,P1015,2026-07-10,4,0.0,102.27,Credit Card,Delivered,13194.79,8050.63,52779.16,32202.52,20576.64
O100560,C11711,P1144,2026-05-21,1,0.0,19.68,UPI,Delivered,2601.04,1801.4,2601.04,1801.4,799.64
O100561,C10401,P1052,2025-12-05,2,0.1,33.85,Credit Card,Shipped,2039.08,1134.33,3670.34,2268.66,1401.68
O100562,C10700,P1049,2025-11-05,2,0.15,42.89,COD,Delivered,4665.92,2735.27,7932.06,5470.54,2461.52
O100563,C10958,P1085,2026-03-10,1,0.0,66.48,Net Banking,Delivered,229.52,181.34,229.52,181.34,48.18
O100564,C10688,P1077,2025-09-03,2,0.1,130.33,COD,Delivered,206.69,134.91,372.04,269.82,102.22
O100565,C10215,P1117,2026-07-23,1,0.2,79.47,UPI,Delivered,4152.01,2619.57,3321.61,2619.57,702.04
O100566,C11885,P1001,2025-10-31,1,0.0,72.38,Credit Card,Delivered,38372.92,26874.96,38372.92,26874.96,11497.96
O100567,C10956,P1055,2026-06-15,4,0.0,62.27,Credit Card,Delivered,6934.45,4043.27,27737.8,16173.08,11564.72
O100568,C11574,P1085,2026-03-08,2,0.2,9.78,COD,Delivered,229.52,181.34,367.23,362.68,4.55
O100569,C10378,P1002,2026-07-22,4,0.0,75.56,Debit Card,Delivered,64458.4,38857.64,257833.6,155430.56,102403.04
O100570,C10733,P1008,2026-02-20,2,0.2,76.1,Net Banking,Delivered,51750.03,32987.78,82800.05,65975.56,16824.49
O100571,C10596,P1113,2025-10-19,2,0.1,98.82,Credit Card,Delivered,3031.82,2160.62,5457.28,4321.24,1136.04
O100572,C11870,P1093,2025-11-28,1,0.05,32.15,UPI,Pending,1288.82,1004.22,1224.38,1004.22,220.16
O100573,C10408,P1051,2026-03-09,2,0.0,59.6,Debit Card,Delivered,3086.44,2233.31,6172.88,4466.62,1706.26
O100574,C11814,P1068,2026-04-13,2,0.0,66.99,Credit Card,Delivered,8864.37,5516.76,17728.74,11033.52,6695.22
O100575,C11136,P1063,2026-08-03,1,0.15,64.59,Credit Card,Delivered,6336.48,4060.59,5386.01,4060.59,1325.42
O100576,C10361,P1068,2025-09-17,2,0.0,41.35,UPI,Delivered,8864.37,5516.76,17728.74,11033.52,6695.22
O100577,C11388,P1036,2026-05-30,2,0.05,149.65,COD,Delivered,4558.46,3300.66,8661.07,6601.32,2059.75
O100578,C11813,P1029,2025-12-11,4,0.2,87.8,Debit Card,Returned,564.96,451.92,1807.87,1807.68,0.19
O100579,C10625,P1117,2026-01-13,4,0.2,47.83,Credit Card,Delivered,4152.01,2619.57,13286.43,10478.28,2808.15
O100580,C10763,P1044,2026-07-04,2,0.15,20.52,Net Banking,Pending,1399.41,917.62,2379.0,1835.24,543.76
O100581,C11277,P1112,2025-10-10,2,0.05,2.52,UPI,Delivered,3747.66,3014.85,7120.55,6029.7,1090.85
O100582,C11808,P1034,2026-02-16,3,0.0,143.31,Credit Card,Delivered,3445.82,2463.26,10337.46,7389.78,2947.68
O100583,C10775,P1096,2026-02-20,1,0.0,28.13,Debit Card,Delivered,1066.34,728.57,1066.34,728.57,337.77
O100584,C11303,P1063,2025-10-26,2,0.05,126.4,UPI,Shipped,6336.48,4060.59,12039.31,8121.18,3918.13
O100585,C11203,P1049,2026-03-13,3,0.05,31.31,Net Banking,Delivered,4665.92,2735.27,13297.87,8205.81,5092.06
O100586,C10305,P1084,2026-01-27,2,0.0,69.39,Credit Card,Delivered,771.46,641.72,1542.92,1283.44,259.48
O100587,C11630,P1072,2026-02-09,3,0.2,61.29,Credit Card,Cancelled,2376.29,1589.59,5703.1,4768.77,934.33
O100588,C11984,P1150,2026-05-15,3,0.1,65.44,COD,Delivered,2574.89,1872.1,6952.2,5616.3,1335.9
O100589,C10167,P1121,2026-01-16,2,0.0,102.14,Net Banking,Delivered,1135.94,710.5,2271.88,1421.0,850.88
O100590,C11042,P1100,2026-02-26,4,0.05,141.09,Net Banking,Delivered,664.62,470.32,2525.56,1881.28,644.28
O100591,C11063,P1119,2026-04-19,1,0.0,35.46,Credit Card,Delivered,5211.2,3497.26,5211.2,3497.26,1713.94
O100592,C10766,P1135,2025-08-26,3,0.05,81.09,COD,Delivered,311.53,199.73,887.86,599.19,288.67
O100593,C11014,P1122,2026-07-17,2,0.0,41.2,Debit Card,Delivered,588.59,431.08,1177.18,862.16,315.02
O100594,C11307,P1150,2026-05-09,2,0.1,105.6,UPI,Delivered,2574.89,1872.1,4634.8,3744.2,890.6
O100595,C11833,P1052,2026-08-14,1,0.0,26.84,COD,Cancelled,2039.08,1134.33,2039.08,1134.33,904.75
O100596,C10811,P1056,2026-01-15,4,0.0,118.02,Debit Card,Delivered,1431.57,1192.48,5726.28,4769.92,956.36
O100597,C10773,P1147,2026-06-03,4,0.0,44.91,Credit Card,Returned,834.22,686.19,3336.88,2744.76,592.12
O100598,C10767,P1066,2026-03-26,1,0.1,111.02,Net Banking,Delivered,6204.32,3462.32,5583.89,3462.32,2121.57
O100599,C11540,P1022,2025-10-24,1,0.1,11.05,Debit Card,Delivered,8340.38,5227.15,7506.34,5227.15,2279.19
O100600,C10721,P1059,2026-06-19,1,0.0,18.45,Net Banking,Delivered,2473.66,1991.45,2473.66,1991.45,482.21
O100601,C11050,P1087,2026-06-17,1,0.0,63.75,COD,Delivered,1693.9,1011.65,1693.9,1011.65,682.25
O100602,C10886,P1105,2026-07-08,2,0.0,64.36,Debit Card,Shipped,5921.43,3427.44,11842.86,6854.88,4987.98
O100603,C10650,P1070,2025-11-28,1,0.0,20.68,COD,Delivered,2608.79,2169.26,2608.79,2169.26,439.53
O100604,C10905,P1060,2025-12-09,1,0.1,20.49,Debit Card,Delivered,887.63,507.33,798.87,507.33,291.54
O100605,C10736,P1022,2026-05-21,3,0.0,109.71,Debit Card,Cancelled,8340.38,5227.15,25021.14,15681.45,9339.69
O100606,C11051,P1140,2025-11-02,1,0.15,18.8,UPI,Shipped,436.07,348.48,370.66,348.48,22.18
O100607,C11898,P1059,2026-07-02,1,0.0,69.46,UPI,Delivered,2473.66,1991.45,2473.66,1991.45,482.21
O100608,C10738,P1010,2026-08-03,2,0.1,3.49,Net Banking,Delivered,9031.61,6794.04,16256.9,13588.08,2668.82
O100609,C10403,P1085,2026-03-10,1,0.15,132.93,Debit Card,Delivered,229.52,181.34,195.09,181.34,13.75
O100610,C11671,P1071,2026-02-21,1,0.0,116.28,Credit Card,Delivered,5179.24,2939.06,5179.24,2939.06,2240.18
O100611,C10283,P1140,2026-07-01,2,0.2,44.01,Debit Card,Delivered,436.07,348.48,697.71,696.96,0.75
O100612,C10614,P1073,2025-10-02,1,0.0,66.38,Debit Card,Shipped,1405.49,1138.4,1405.49,1138.4,267.09
O100613,C10828,P1104,2026-07-23,2,0.0,36.68,Net Banking,Shipped,3475.03,2469.25,6950.06,4938.5,2011.56
O100614,C10025,P1121,2026-01-26,2,0.1,87.67,Net Banking,Pending,1135.94,710.5,2044.69,1421.0,623.69
O100615,C11949,P1039,2026-05-07,2,0.0,33.29,COD,Delivered,3010.98,2323.83,6021.96,4647.66,1374.3
O100616,C11482,P1054,2026-03-11,2,0.1,58.13,COD,Delivered,5995.19,3653.27,10791.34,7306.54,3484.8
O100617,C11203,P1142,2026-07-12,1,0.1,89.53,COD,Shipped,1618.71,996.37,1456.84,996.37,460.47
O100618,C10945,P1088,2025-10-14,3,0.1,51.05,UPI,Delivered,1116.94,867.28,3015.74,2601.84,413.9
O100619,C10385,P1110,2026-05-04,4,0.0,16.36,COD,Delivered,2315.13,1504.12,9260.52,6016.48,3244.04
O100620,C10922,P1143,2026-06-26,1,0.1,59.08,UPI,Delivered,2676.13,1712.63,2408.52,1712.63,695.89
O100621,C11183,P1033,2026-04-12,4,0.0,42.08,Debit Card,Pending,4333.28,2734.68,17333.12,10938.72,6394.4
O100622,C10020,P1128,2025-11-11,2,0.05,40.31,Debit Card,Delivered,1654.17,1108.55,3142.92,2217.1,925.82
O100623,C10859,P1109,2026-04-26,2,0.0,33.13,COD,Shipped,4331.81,3435.6,8663.62,6871.2,1792.42
O100624,C11415,P1138,2026-02-13,4,0.05,133.32,Debit Card,Delivered,1859.8,1352.45,7067.24,5409.8,1657.44
O100625,C10048,P1146,2026-05-09,3,0.1,43.27,UPI,Returned,1033.25,584.92,2789.78,1754.76,1035.02
O100626,C10315,P1085,2026-02-19,4,0.0,131.76,Net Banking,Delivered,229.52,181.34,918.08,725.36,192.72
O100627,C11235,P1147,2025-10-12,2,0.2,131.92,COD,Pending,834.22,686.19,1334.75,1372.38,-37.63
O100628,C10419,P1101,2026-03-18,2,0.0,102.37,UPI,Delivered,2706.0,1556.11,5412.0,3112.22,2299.78
O100629,C10386,P1122,2026-02-03,1,0.15,69.84,UPI,Delivered,588.59,431.08,500.3,431.08,69.22
O100630,C11971,P1116,2025-10-04,1,0.0,141.18,Debit Card,Delivered,1503.58,846.7,1503.58,846.7,656.88
O100631,C10214,P1142,2026-07-06,1,0.0,112.32,Credit Card,Delivered,1618.71,996.37,1618.71,996.37,622.34
O100632,C11412,P1126,2026-06-15,1,0.1,138.06,UPI,Delivered,1404.7,995.08,1264.23,995.08,269.15
O100633,C10143,P1099,2025-09-27,1,0.2,24.14,Debit Card,Delivered,482.66,272.31,386.13,272.31,113.82
O100634,C10597,P1135,2026-01-10,3,0.0,131.97,UPI,Delivered,311.53,199.73,934.59,599.19,335.4
O100635,C10755,P1133,2026-04-19,2,0.0,32.42,UPI,Delivered,3423.67,2098.85,6847.34,4197.7,2649.64
O100636,C11761,P1106,2025-12-23,2,0.05,107.5,COD,Delivered,3820.64,2143.04,7259.22,4286.08,2973.14
O100637,C10227,P1034,2025-12-31,1,0.05,94.47,Net Banking,Delivered,3445.82,2463.26,3273.53,2463.26,810.27
O100638,C11522,P1018,2026-05-25,2,0.15,37.64,COD,Pending,52552.08,30527.71,89338.54,61055.42,28283.12
O100639,C11773,P1053,2026-02-14,2,0.1,54.57,Credit Card,Cancelled,922.36,543.78,1660.25,1087.56,572.69
O100640,C10635,P1111,2025-10-16,4,0.15,94.75,COD,Delivered,583.37,467.6,1983.46,1870.4,113.06
O100641,C11178,P1080,2026-03-02,1,0.0,8.0,Net Banking,Delivered,287.38,222.33,287.38,222.33,65.05
O100642,C11468,P1118,2026-07-01,1,0.1,147.57,Debit Card,Delivered,4978.89,3068.71,4481.0,3068.71,1412.29
O100643,C10293,P1115,2026-07-28,2,0.05,89.28,UPI,Cancelled,5803.85,3277.3,11027.32,6554.6,4472.72
O100644,C11239,P1064,2026-06-10,2,0.15,98.34,Net Banking,Delivered,4942.18,3929.49,8401.71,7858.98,542.73
O100645,C11166,P1126,2026-04-18,2,0.1,111.27,COD,Delivered,1404.7,995.08,2528.46,1990.16,538.3
O100646,C10081,P1024,2025-11-12,2,0.0,147.1,Debit Card,Delivered,18028.57,13625.43,36057.14,27250.86,8806.28
O100647,C11882,P1117,2026-04-07,1,0.2,128.8,Debit Card,Delivered,4152.01,2619.57,3321.61,2619.57,702.04
O100648,C11458,P1077,2025-11-15,2,0.0,54.14,COD,Delivered,206.69,134.91,413.38,269.82,143.56
O100649,C11659,P1045,2026-04-23,3,0.0,23.86,COD,Delivered,1149.36,712.41,3448.08,2137.23,1310.85
O100650,C11844,P1111,2025-10-18,1,0.05,36.55,COD,Delivered,583.37,467.6,554.2,467.6,86.6
O100651,C11350,P1047,2025-11-06,1,0.0,55.57,Net Banking,Delivered,4008.04,3183.54,4008.04,3183.54,824.5
O100652,C11431,P1012,2025-08-24,1,0.0,4.67,Credit Card,Returned,25370.06,18838.89,25370.06,18838.89,6531.17
O100653,C10324,P1071,2026-04-04,2,0.1,10.62,Net Banking,Delivered,5179.24,2939.06,9322.63,5878.12,3444.51
O100654,C11877,P1018,2026-04-07,1,0.0,130.92,Credit Card,Returned,52552.08,30527.71,52552.08,30527.71,22024.37
O100655,C10843,P1142,2026-07-23,2,0.0,69.77,UPI,Pending,1618.71,996.37,3237.42,1992.74,1244.68
O100656,C10157,P1027,2026-01-18,2,0.0,121.78,Net Banking,Shipped,5526.19,3231.39,11052.38,6462.78,4589.6
O100657,C10668,P1105,2025-12-09,4,0.0,33.59,COD,Delivered,5921.43,3427.44,23685.72,13709.76,9975.96
O100658,C10425,P1130,2026-07-20,2,0.0,24.09,UPI,Delivered,1664.71,1119.11,3329.42,2238.22,1091.2
O100659,C10150,P1119,2025-11-18,1,0.0,94.97,COD,Delivered,5211.2,3497.26,5211.2,3497.26,1713.94
O100660,C10818,P1050,2025-12-20,2,0.0,137.91,COD,Delivered,802.78,481.82,1605.56,963.64,641.92
O100661,C10514,P1030,2025-11-20,1,0.05,128.24,Credit Card,Delivered,2098.13,1548.88,1993.22,1548.88,444.34
O100662,C11534,P1119,2025-08-23,1,0.1,53.3,COD,Delivered,5211.2,3497.26,4690.08,3497.26,1192.82
O100663,C10170,P1141,2026-04-20,2,0.0,25.26,Credit Card,Delivered,913.93,756.89,1827.86,1513.78,314.08
O100664,C10897,P1036,2025-11-10,4,0.05,52.98,COD,Cancelled,4558.46,3300.66,17322.15,13202.64,4119.51
O100665,C11724,P1042,2026-03-15,2,0.0,99.44,Credit Card,Cancelled,1907.35,1363.61,3814.7,2727.22,1087.48
O100666,C11244,P1026,2025-11-08,1,0.15,25.0,Credit Card,Delivered,5590.52,3241.08,4751.94,3241.08,1510.86
O100667,C11095,P1101,2026-07-30,1,0.1,116.1,Credit Card,Delivered,2706.0,1556.11,2435.4,1556.11,879.29
O100668,C11564,P1003,2026-01-28,2,0.1,105.28,Debit Card,Delivered,31454.08,19066.44,56617.34,38132.88,18484.46
O100669,C10734,P1046,2026-06-14,1,0.0,79.77,Credit Card,Delivered,4835.09,3320.63,4835.09,3320.63,1514.46
O100670,C11829,P1137,2025-11-14,1,0.0,108.93,Credit Card,Delivered,3020.08,1976.97,3020.08,1976.97,1043.11
O100671,C10098,P1134,2026-05-24,1,0.0,75.98,UPI,Delivered,299.83,242.36,299.83,242.36,57.47
O100672,C10632,P1114,2025-12-05,3,0.05,90.13,UPI,Delivered,1562.14,1189.51,4452.1,3568.53,883.57
O100673,C10100,P1097,2026-08-06,2,0.1,125.99,Credit Card,Returned,371.34,245.76,668.41,491.52,176.89
O100674,C10768,P1062,2026-07-23,2,0.2,94.43,Credit Card,Delivered,6951.68,5407.58,11122.69,10815.16,307.53
O100675,C10864,P1008,2025-12-17,2,0.0,65.23,UPI,Delivered,51750.03,32987.78,103500.06,65975.56,37524.5
O100676,C10394,P1017,2026-03-31,2,0.0,88.8,Credit Card,Pending,68434.16,40506.57,136868.32,81013.14,55855.18
O100677,C10198,P1043,2026-02-26,1,0.0,127.75,Credit Card,Delivered,2304.37,1753.37,2304.37,1753.37,551.0
O100678,C11050,P1028,2025-08-23,1,0.0,78.72,Debit Card,Delivered,5009.89,3386.66,5009.89,3386.66,1623.23
O100679,C11284,P1049,2025-12-12,2,0.0,134.36,Net Banking,Delivered,4665.92,2735.27,9331.84,5470.54,3861.3
O100680,C11110,P1102,2025-11-01,3,0.0,132.68,COD,Delivered,4370.98,2495.57,13112.94,7486.71,5626.23
O100681,C10438,P1028,2026-08-04,3,0.0,22.61,Debit Card,Delivered,5009.89,3386.66,15029.67,10159.98,4869.69
O100682,C10031,P1103,2025-11-17,1,0.0,59.69,Debit Card,Delivered,1864.92,1469.71,1864.92,1469.71,395.21
O100683,C10436,P1118,2026-01-22,1,0.0,34.45,Credit Card,Delivered,4978.89,3068.71,4978.89,3068.71,1910.18
O100684,C11670,P1072,2026-08-21,3,0.15,23.87,Net Banking,Delivered,2376.29,1589.59,6059.54,4768.77,1290.77
O100685,C10138,P1056,2026-04-12,4,0.15,63.25,COD,Delivered,1431.57,1192.48,4867.34,4769.92,97.42
O100686,C11227,P1128,2025-11-11,2,0.05,18.04,UPI,Delivered,1654.17,1108.55,3142.92,2217.1,925.82
O100687,C11621,P1146,2026-03-06,3,0.05,82.39,Credit Card,Delivered,1033.25,584.92,2944.76,1754.76,1190.0
O100688,C10195,P1084,2025-11-29,2,0.05,90.4,COD,Delivered,771.46,641.72,1465.77,1283.44,182.33
O100689,C11992,P1035,2026-02-23,1,0.05,24.18,Debit Card,Delivered,3107.6,2368.57,2952.22,2368.57,583.65
O100690,C11560,P1082,2025-10-21,4,0.0,21.74,COD,Delivered,2274.24,1299.56,9096.96,5198.24,3898.72
O100691,C10037,P1150,2025-11-06,4,0.0,93.54,COD,Delivered,2574.89,1872.1,10299.56,7488.4,2811.16
O100692,C11312,P1060,2026-02-24,1,0.0,41.44,Net Banking,Delivered,887.63,507.33,887.63,507.33,380.3
O100693,C10028,P1060,2025-11-17,2,0.0,51.55,UPI,Delivered,887.63,507.33,1775.26,1014.66,760.6
O100694,C11837,P1032,2025-12-06,1,0.05,75.86,Debit Card,Delivered,1643.06,925.34,1560.91,925.34,635.57
O100695,C10878,P1063,2026-03-27,4,0.1,73.2,Net Banking,Delivered,6336.48,4060.59,22811.33,16242.36,6568.97
O100696,C10282,P1096,2025-11-10,2,0.0,52.5,COD,Delivered,1066.34,728.57,2132.68,1457.14,675.54
O100697,C10311,P1097,2026-07-21,3,0.15,87.2,Credit Card,Delivered,371.34,245.76,946.92,737.28,209.64
O100698,C10488,P1114,2025-10-23,2,0.0,7.74,Debit Card,Delivered,1562.14,1189.51,3124.28,2379.02,745.26
O100699,C10651,P1011,2026-06-30,4,0.0,117.59,Net Banking,Shipped,18237.69,11700.82,72950.76,46803.28,26147.48
O100700,C10850,P1074,2026-01-19,4,0.0,140.6,UPI,Delivered,1038.89,634.94,4155.56,2539.76,1615.8
O100701,C11501,P1085,2026-06-20,1,0.15,113.83,Debit Card,Delivered,229.52,181.34,195.09,181.34,13.75
O100702,C11105,P1014,2026-01-18,3,0.0,54.65,Credit Card,Shipped,27485.51,19010.32,82456.53,57030.96,25425.57
O100703,C11426,P1057,2025-10-02,4,0.0,103.41,Net Banking,Cancelled,4847.14,3432.05,19388.56,13728.2,5660.36
O100704,C11068,P1083,2026-03-12,4,0.1,124.19,Credit Card,Delivered,1658.92,944.21,5972.11,3776.84,2195.27
O100705,C10013,P1017,2026-08-12,4,0.0,44.18,COD,Delivered,68434.16,40506.57,273736.64,162026.28,111710.36
O100706,C10395,P1014,2026-03-15,2,0.0,92.16,Credit Card,Returned,27485.51,19010.32,54971.02,38020.64,16950.38
O100707,C10258,P1024,2026-05-19,3,0.0,24.71,Credit Card,Delivered,18028.57,13625.43,54085.71,40876.29,13209.42
O100708,C11703,P1053,2026-02-01,3,0.0,76.5,Credit Card,Delivered,922.36,543.78,2767.08,1631.34,1135.74
O100709,C10873,P1120,2026-04-29,3,0.0,91.82,Debit Card,Delivered,3318.56,2380.1,9955.68,7140.3,2815.38
O100710,C10405,P1063,2025-10-22,3,0.15,140.41,COD,Delivered,6336.48,4060.59,16158.02,12181.77,3976.25
O100711,C10510,P1078,2025-09-20,1,0.0,90.22,Debit Card,Delivered,1604.45,1009.9,1604.45,1009.9,594.55
O100712,C11982,P1052,2026-07-26,3,0.15,8.07,Debit Card,Cancelled,2039.08,1134.33,5199.65,3402.99,1796.66
O100713,C10986,P1021,2026-01-16,2,0.1,46.03,Debit Card,Delivered,15455.38,11592.94,27819.68,23185.88,4633.8
O100714,C10344,P1121,2026-04-05,1,0.05,83.14,COD,Delivered,1135.94,710.5,1079.14,710.5,368.64
O100715,C11249,P1111,2026-06-08,2,0.1,65.92,Credit Card,Shipped,583.37,467.6,1050.07,935.2,114.87
O100716,C11626,P1124,2025-09-05,1,0.0,137.5,UPI,Shipped,4401.73,2791.05,4401.73,2791.05,1610.68
O100717,C10876,P1022,2026-02-22,4,0.0,26.28,Debit Card,Delivered,8340.38,5227.15,33361.52,20908.6,12452.92
O100718,C10313,P1142,2025-12-08,2,0.0,71.66,Credit Card,Delivered,1618.71,996.37,3237.42,1992.74,1244.68
O100719,C10950,P1079,2025-12-30,4,0.2,8.31,COD,Delivered,926.66,604.47,2965.31,2417.88,547.43
O100720,C11152,P1124,2026-02-20,1,0.0,34.11,UPI,Delivered,4401.73,2791.05,4401.73,2791.05,1610.68
O100721,C11465,P1121,2025-12-23,3,0.1,84.44,Credit Card,Delivered,1135.94,710.5,3067.04,2131.5,935.54
O100722,C10389,P1002,2026-04-05,2,0.0,139.41,UPI,Cancelled,64458.4,38857.64,128916.8,77715.28,51201.52
O100723,C11496,P1096,2025-11-23,1,0.0,134.39,COD,Delivered,1066.34,728.57,1066.34,728.57,337.77
O100724,C10852,P1102,2026-06-22,3,0.05,134.14,Debit Card,Delivered,4370.98,2495.57,12457.29,7486.71,4970.58
O100725,C10631,P1019,2026-05-29,1,0.0,13.19,COD,Returned,53480.6,38132.5,53480.6,38132.5,15348.1
O100726,C11888,P1032,2026-04-18,4,0.05,32.6,COD,Returned,1643.06,925.34,6243.63,3701.36,2542.27
O100727,C10333,P1050,2025-09-27,1,0.0,48.71,COD,Pending,802.78,481.82,802.78,481.82,320.96
O100728,C11580,P1090,2025-08-22,2,0.1,68.28,Net Banking,Delivered,159.95,116.89,287.91,233.78,54.13
O100729,C11301,P1095,2025-09-18,1,0.2,140.93,UPI,Delivered,561.33,353.29,449.06,353.29,95.77
O100730,C11898,P1109,2026-08-18,2,0.0,62.27,Credit Card,Delivered,4331.81,3435.6,8663.62,6871.2,1792.42
O100731,C10071,P1093,2026-04-02,2,0.0,54.96,UPI,Delivered,1288.82,1004.22,2577.64,2008.44,569.2
O100732,C11322,P1038,2026-05-16,1,0.15,18.62,Debit Card,Delivered,3530.81,2400.64,3001.19,2400.64,600.55
O100733,C11934,P1038,2026-07-09,1,0.1,93.85,Debit Card,Delivered,3530.81,2400.64,3177.73,2400.64,777.09
O100734,C11185,P1042,2026-05-10,2,0.15,7.03,UPI,Delivered,1907.35,1363.61,3242.5,2727.22,515.28
O100735,C10190,P1099,2026-05-20,1,0.2,28.82,COD,Delivered,482.66,272.31,386.13,272.31,113.82
O100736,C11996,P1021,2025-09-07,2,0.0,75.63,Net Banking,Returned,15455.38,11592.94,30910.76,23185.88,7724.88
O100737,C11795,P1109,2026-08-11,2,0.05,57.74,Credit Card,Cancelled,4331.81,3435.6,8230.44,6871.2,1359.24
O100738,C10518,P1078,2026-04-18,2,0.0,101.08,Net Banking,Pending,1604.45,1009.9,3208.9,2019.8,1189.1
O100739,C11349,P1098,2025-12-24,1,0.0,3.4,Net Banking,Delivered,298.55,229.91,298.55,229.91,68.64
O100740,C10843,P1023,2026-07-04,3,0.05,134.24,UPI,Delivered,54514.7,32908.14,155366.9,98724.42,56642.48
O100741,C11591,P1089,2025-12-13,2,0.15,102.24,Credit Card,Delivered,1514.99,1072.27,2575.48,2144.54,430.94
O100742,C10430,P1102,2026-03-31,3,0.0,101.24,Debit Card,Delivered,4370.98,2495.57,13112.94,7486.71,5626.23
O100743,C10345,P1126,2025-10-03,4,0.0,66.46,UPI,Delivered,1404.7,995.08,5618.8,3980.32,1638.48
O100744,C11585,P1107,2026-08-12,1,0.0,113.0,Net Banking,Delivered,3347.45,2456.75,3347.45,2456.75,890.7
O100745,C10591,P1111,2025-11-05,2,0.2,25.82,Credit Card,Delivered,583.37,467.6,933.39,935.2,-1.81
O100746,C10382,P1035,2025-11-23,3,0.0,68.88,Credit Card,Delivered,3107.6,2368.57,9322.8,7105.71,2217.09
O100747,C11030,P1029,2026-01-03,1,0.1,7.81,COD,Delivered,564.96,451.92,508.46,451.92,56.54
O100748,C10436,P1048,2025-08-28,1,0.2,10.94,Credit Card,Delivered,714.29,437.46,571.43,437.46,133.97
O100749,C10375,P1050,2026-05-20,1,0.2,36.77,Debit Card,Pending,802.78,481.82,642.22,481.82,160.4
O100750,C11786,P1105,2026-02-02,1,0.2,136.65,COD,Delivered,5921.43,3427.44,4737.14,3427.44,1309.7
O100751,C11279,P1028,2025-12-16,1,0.1,56.27,Credit Card,Delivered,5009.89,3386.66,4508.9,3386.66,1122.24
O100752,C10176,P1097,2026-02-01,2,0.0,43.93,UPI,Delivered,371.34,245.76,742.68,491.52,251.16
O100753,C10701,P1008,2025-09-15,1,0.05,84.13,Net Banking,Delivered,51750.03,32987.78,49162.53,32987.78,16174.75
O100754,C10994,P1026,2025-09-27,4,0.0,15.44,UPI,Delivered,5590.52,3241.08,22362.08,12964.32,9397.76
O100755,C11540,P1002,2026-01-24,2,0.15,20.65,Net Banking,Shipped,64458.4,38857.64,109579.28,77715.28,31864.0
O100756,C10086,P1025,2026-01-29,1,0.0,28.95,Credit Card,Delivered,29530.29,19324.99,29530.29,19324.99,10205.3
O100757,C10015,P1097,2025-09-23,1,0.2,137.32,Net Banking,Delivered,371.34,245.76,297.07,245.76,51.31
O100758,C11971,P1069,2026-06-09,1,0.0,60.75,COD,Delivered,717.29,416.98,717.29,416.98,300.31
O100759,C10691,P1110,2026-05-26,2,0.1,27.62,Debit Card,Delivered,2315.13,1504.12,4167.23,3008.24,1158.99
O100760,C11824,P1088,2026-04-07,1,0.0,65.64,Debit Card,Shipped,1116.94,867.28,1116.94,867.28,249.66
O100761,C11928,P1093,2026-04-11,2,0.0,43.99,COD,Delivered,1288.82,1004.22,2577.64,2008.44,569.2
O100762,C10118,P1092,2025-10-10,1,0.0,39.19,Debit Card,Shipped,1913.34,1155.43,1913.34,1155.43,757.91
O100763,C10007,P1117,2026-08-17,2,0.2,76.41,COD,Shipped,4152.01,2619.57,6643.22,5239.14,1404.08
O100764,C11819,P1036,2026-04-17,1,0.0,15.44,UPI,Delivered,4558.46,3300.66,4558.46,3300.66,1257.8
O100765,C11780,P1136,2026-05-03,3,0.0,9.32,Debit Card,Pending,509.62,289.55,1528.86,868.65,660.21
O100766,C11539,P1064,2026-02-12,1,0.0,120.61,Debit Card,Delivered,4942.18,3929.49,4942.18,3929.49,1012.69
O100767,C11406,P1122,2026-01-30,3,0.1,90.31,Net Banking,Delivered,588.59,431.08,1589.19,1293.24,295.95
O100768,C10385,P1001,2026-07-07,1,0.0,64.0,Debit Card,Delivered,38372.92,26874.96,38372.92,26874.96,11497.96
O100769,C10738,P1012,2026-02-27,1,0.2,87.76,Debit Card,Delivered,25370.06,18838.89,20296.05,18838.89,1457.16
O100770,C10479,P1125,2026-04-16,1,0.0,132.85,COD,Shipped,2435.61,1942.11,2435.61,1942.11,493.5
O100771,C11627,P1021,2026-06-22,1,0.0,49.18,Debit Card,Delivered,15455.38,11592.94,15455.38,11592.94,3862.44
O100772,C11908,P1122,2025-09-08,4,0.2,137.54,UPI,Shipped,588.59,431.08,1883.49,1724.32,159.17
O100773,C10602,P1050,2025-10-11,2,0.05,131.29,Credit Card,Cancelled,802.78,481.82,1525.28,963.64,561.64
O100774,C11795,P1147,2026-08-06,2,0.15,128.96,Net Banking,Delivered,834.22,686.19,1418.17,1372.38,45.79
O100775,C11020,P1023,2026-01-18,1,0.2,86.6,Debit Card,Cancelled,54514.7,32908.14,43611.76,32908.14,10703.62
O100776,C11124,P1120,2026-05-24,4,0.15,26.67,Credit Card,Returned,3318.56,2380.1,11283.1,9520.4,1762.7
O100777,C11956,P1030,2026-03-16,3,0.15,45.4,COD,Delivered,2098.13,1548.88,5350.23,4646.64,703.59
O100778,C10494,P1063,2026-08-06,4,0.2,56.76,Credit Card,Delivered,6336.48,4060.59,20276.74,16242.36,4034.38
O100779,C11934,P1023,2026-08-03,1,0.15,117.74,UPI,Delivered,54514.7,32908.14,46337.5,32908.14,13429.36
O100780,C11466,P1008,2025-10-01,2,0.05,46.07,Credit Card,Returned,51750.03,32987.78,98325.06,65975.56,32349.5
O100781,C10669,P1099,2026-02-21,2,0.15,67.25,Debit Card,Delivered,482.66,272.31,820.52,544.62,275.9
O100782,C10528,P1122,2025-12-20,2,0.2,100.22,UPI,Delivered,588.59,431.08,941.74,862.16,79.58
O100783,C11890,P1137,2026-07-31,3,0.2,148.71,COD,Delivered,3020.08,1976.97,7248.19,5930.91,1317.28
O100784,C11417,P1086,2026-03-22,2,0.0,39.34,Credit Card,Returned,316.01,223.96,632.02,447.92,184.1
O100785,C11570,P1017,2026-06-22,1,0.15,92.0,Debit Card,Delivered,68434.16,40506.57,58169.04,40506.57,17662.47
O100786,C11470,P1098,2026-03-11,3,0.15,50.32,Net Banking,Pending,298.55,229.91,761.3,689.73,71.57
O100787,C10895,P1060,2025-10-19,1,0.0,149.8,Credit Card,Delivered,887.63,507.33,887.63,507.33,380.3
O100788,C10596,P1023,2026-04-09,2,0.0,27.59,UPI,Delivered,54514.7,32908.14,109029.4,65816.28,43213.12
O100789,C11517,P1049,2026-08-06,1,0.0,37.64,UPI,Delivered,4665.92,2735.27,4665.92,2735.27,1930.65
O100790,C10261,P1081,2026-01-23,4,0.0,95.73,COD,Delivered,2172.75,1311.33,8691.0,5245.32,3445.68
O100791,C10004,P1080,2026-05-01,1,0.0,6.0,UPI,Delivered,287.38,222.33,287.38,222.33,65.05
O100792,C10389,P1100,2026-01-12,1,0.2,61.03,COD,Delivered,664.62,470.32,531.7,470.32,61.38
O100793,C10748,P1033,2026-05-27,1,0.05,95.13,Net Banking,Delivered,4333.28,2734.68,4116.62,2734.68,1381.94
O100794,C11210,P1057,2025-09-21,3,0.2,6.17,UPI,Delivered,4847.14,3432.05,11633.14,10296.15,1336.99
O100795,C11103,P1118,2025-12-25,1,0.05,90.34,Debit Card,Delivered,4978.89,3068.71,4729.95,3068.71,1661.24
O100796,C11932,P1076,2025-10-13,1,0.2,65.67,Credit Card,Delivered,625.33,474.81,500.26,474.81,25.45
O100797,C10934,P1038,2025-10-13,1,0.1,111.39,Net Banking,Delivered,3530.81,2400.64,3177.73,2400.64,777.09
O100798,C11530,P1009,2026-05-28,1,0.0,24.12,Net Banking,Delivered,33080.16,21064.69,33080.16,21064.69,12015.47
O100799,C11029,P1032,2026-01-16,1,0.0,104.26,Debit Card,Pending,1643.06,925.34,1643.06,925.34,717.72
O100800,C11447,P1147,2026-05-31,3,0.1,124.41,COD,Delivered,834.22,686.19,2252.39,2058.57,193.82
O100801,C10442,P1127,2025-11-15,1,0.2,6.35,Debit Card,Delivered,2406.08,1554.9,1924.86,1554.9,369.96
O100802,C10772,P1016,2025-12-23,2,0.2,87.36,Debit Card,Delivered,23119.64,19111.02,36991.42,38222.04,-1230.62
O100803,C11468,P1054,2026-06-27,1,0.0,108.51,Credit Card,Delivered,5995.19,3653.27,5995.19,3653.27,2341.92
O100804,C10108,P1046,2025-09-15,3,0.15,99.93,COD,Shipped,4835.09,3320.63,12329.48,9961.89,2367.59
O100805,C10613,P1041,2026-05-27,1,0.05,112.97,UPI,Delivered,1521.85,1173.08,1445.76,1173.08,272.68
O100806,C10692,P1109,2026-07-21,2,0.1,97.64,COD,Pending,4331.81,3435.6,7797.26,6871.2,926.06
O100807,C11552,P1101,2026-06-02,4,0.0,89.35,COD,Delivered,2706.0,1556.11,10824.0,6224.44,4599.56
O100808,C11489,P1073,2026-07-26,1,0.0,54.56,Debit Card,Delivered,1405.49,1138.4,1405.49,1138.4,267.09
O100809,C10400,P1141,2025-12-04,3,0.0,11.59,COD,Delivered,913.93,756.89,2741.79,2270.67,471.12
O100810,C10663,P1149,2026-04-13,3,0.0,135.03,UPI,Cancelled,1265.06,835.13,3795.18,2505.39,1289.79
O100811,C11454,P1078,2026-02-13,4,0.0,64.18,COD,Delivered,1604.45,1009.9,6417.8,4039.6,2378.2
O100812,C11183,P1036,2026-08-04,1,0.15,124.23,COD,Delivered,4558.46,3300.66,3874.69,3300.66,574.03
O100813,C10597,P1038,2025-08-29,1,0.1,149.55,Credit Card,Delivered,3530.81,2400.64,3177.73,2400.64,777.09
O100814,C11533,P1051,2025-10-13,3,0.0,89.6,UPI,Delivered,3086.44,2233.31,9259.32,6699.93,2559.39
O100815,C11754,P1148,2025-09-14,2,0.05,38.34,UPI,Delivered,884.97,623.21,1681.44,1246.42,435.02
O100816,C11759,P1038,2026-04-27,3,0.15,32.46,COD,Pending,3530.81,2400.64,9003.57,7201.92,1801.65
O100817,C10875,P1044,2026-03-23,3,0.0,104.51,UPI,Delivered,1399.41,917.62,4198.23,2752.86,1445.37
O100818,C11996,P1122,2025-11-09,4,0.15,28.34,Credit Card,Pending,588.59,431.08,2001.21,1724.32,276.89
O100819,C10241,P1132,2025-11-28,1,0.0,12.9,Debit Card,Delivered,1045.48,772.39,1045.48,772.39,273.09
O100820,C11987,P1039,2026-06-02,1,0.0,68.33,COD,Delivered,3010.98,2323.83,3010.98,2323.83,687.15
O100821,C10244,P1062,2025-12-04,4,0.0,58.15,COD,Delivered,6951.68,5407.58,27806.72,21630.32,6176.4
O100822,C11409,P1045,2026-03-14,3,0.2,69.56,COD,Shipped,1149.36,712.41,2758.46,2137.23,621.23
O100823,C11629,P1023,2025-10-03,2,0.1,46.83,COD,Cancelled,54514.7,32908.14,98126.46,65816.28,32310.18
O100824,C11332,P1098,2026-01-18,1,0.0,103.18,Debit Card,Delivered,298.55,229.91,298.55,229.91,68.64
O100825,C10912,P1095,2025-09-25,1,0.05,30.18,UPI,Delivered,561.33,353.29,533.26,353.29,179.97
O100826,C10170,P1032,2026-04-27,2,0.0,21.98,COD,Delivered,1643.06,925.34,3286.12,1850.68,1435.44
O100827,C11861,P1131,2025-10-04,2,0.0,53.2,Credit Card,Delivered,355.98,201.63,711.96,403.26,308.7
O100828,C11174,P1147,2026-05-14,1,0.0,33.98,COD,Delivered,834.22,686.19,834.22,686.19,148.03
O100829,C11527,P1025,2026-02-20,3,0.2,116.21,Net Banking,Delivered,29530.29,19324.99,70872.7,57974.97,12897.73
O100830,C10992,P1112,2025-11-26,2,0.0,28.31,Debit Card,Delivered,3747.66,3014.85,7495.32,6029.7,1465.62
O100831,C10204,P1084,2026-05-04,3,0.0,4.69,UPI,Delivered,771.46,641.72,2314.38,1925.16,389.22
O100832,C11766,P1138,2026-02-08,1,0.2,22.16,Credit Card,Delivered,1859.8,1352.45,1487.84,1352.45,135.39
O100833,C11436,P1006,2025-09-06,1,0.2,73.41,COD,Delivered,18739.53,10820.0,14991.62,10820.0,4171.62
O100834,C11099,P1136,2026-01-08,3,0.15,0.91,COD,Delivered,509.62,289.55,1299.53,868.65,430.88
O100835,C11715,P1150,2026-07-24,4,0.0,142.6,Net Banking,Delivered,2574.89,1872.1,10299.56,7488.4,2811.16
O100836,C11619,P1032,2026-04-14,1,0.15,139.18,Credit Card,Pending,1643.06,925.34,1396.6,925.34,471.26
O100837,C11839,P1031,2025-10-13,2,0.0,66.44,Credit Card,Cancelled,1495.17,843.81,2990.34,1687.62,1302.72
O100838,C11424,P1047,2025-12-29,3,0.1,64.04,UPI,Delivered,4008.04,3183.54,10821.71,9550.62,1271.09
O100839,C11640,P1081,2026-01-02,3,0.0,124.5,UPI,Delivered,2172.75,1311.33,6518.25,3933.99,2584.26
O100840,C11178,P1053,2025-09-23,2,0.0,141.59,Credit Card,Delivered,922.36,543.78,1844.72,1087.56,757.16
O100841,C10526,P1009,2026-05-26,1,0.0,121.78,UPI,Pending,33080.16,21064.69,33080.16,21064.69,12015.47
O100842,C11037,P1077,2025-10-07,1,0.15,110.81,Debit Card,Pending,206.69,134.91,175.69,134.91,40.78
O100843,C10352,P1109,2025-12-02,4,0.05,124.0,UPI,Delivered,4331.81,3435.6,16460.88,13742.4,2718.48
O100844,C10095,P1133,2025-11-28,1,0.0,80.61,Debit Card,Delivered,3423.67,2098.85,3423.67,2098.85,1324.82
O100845,C10912,P1036,2026-04-20,2,0.0,86.17,Net Banking,Delivered,4558.46,3300.66,9116.92,6601.32,2515.6
O100846,C10641,P1134,2025-08-23,2,0.15,26.18,Debit Card,Delivered,299.83,242.36,509.71,484.72,24.99
O100847,C11046,P1054,2026-08-06,4,0.1,26.74,UPI,Delivered,5995.19,3653.27,21582.68,14613.08,6969.6
O100848,C10092,P1061,2026-03-03,1,0.1,28.79,UPI,Delivered,3373.53,1885.35,3036.18,1885.35,1150.83
O100849,C10614,P1056,2025-10-08,1,0.1,16.6,Credit Card,Delivered,1431.57,1192.48,1288.41,1192.48,95.93
O100850,C10443,P1092,2026-04-28,1,0.0,110.99,Debit Card,Delivered,1913.34,1155.43,1913.34,1155.43,757.91
O100851,C11275,P1109,2025-12-06,1,0.0,119.42,UPI,Delivered,4331.81,3435.6,4331.81,3435.6,896.21
O100852,C10534,P1098,2026-06-13,2,0.0,77.76,Credit Card,Delivered,298.55,229.91,597.1,459.82,137.28
O100853,C10171,P1066,2026-04-23,1,0.0,9.44,COD,Pending,6204.32,3462.32,6204.32,3462.32,2742.0
O100854,C10294,P1138,2026-04-09,2,0.2,31.16,Credit Card,Delivered,1859.8,1352.45,2975.68,2704.9,270.78
O100855,C11501,P1069,2026-07-21,2,0.0,31.44,Credit Card,Delivered,717.29,416.98,1434.58,833.96,600.62
O100856,C11155,P1131,2025-10-06,1,0.05,85.96,Net Banking,Delivered,355.98,201.63,338.18,201.63,136.55
O100857,C11683,P1040,2026-04-19,4,0.15,0.05,Debit Card,Pending,3344.13,2454.65,11370.04,9818.6,1551.44
O100858,C10889,P1098,2025-08-30,1,0.0,54.92,UPI,Pending,298.55,229.91,298.55,229.91,68.64
O100859,C10507,P1020,2025-09-01,4,0.0,132.08,Debit Card,Delivered,40470.11,25854.79,161880.44,103419.16,58461.28
O100860,C10226,P1141,2026-07-21,3,0.0,61.82,COD,Delivered,913.93,756.89,2741.79,2270.67,471.12
O100861,C11312,P1023,2026-04-08,3,0.05,99.49,Debit Card,Returned,54514.7,32908.14,155366.9,98724.42,56642.48
O100862,C11594,P1070,2025-12-13,4,0.0,48.51,Credit Card,Cancelled,2608.79,2169.26,10435.16,8677.04,1758.12
O100863,C10463,P1071,2026-02-05,4,0.0,144.65,UPI,Delivered,5179.24,2939.06,20716.96,11756.24,8960.72
O100864,C11985,P1057,2025-11-20,1,0.0,3.53,COD,Pending,4847.14,3432.05,4847.14,3432.05,1415.09
O100865,C11604,P1032,2026-03-11,1,0.15,76.02,Credit Card,Delivered,1643.06,925.34,1396.6,925.34,471.26
O100866,C11794,P1079,2025-10-22,2,0.0,93.91,Net Banking,Cancelled,926.66,604.47,1853.32,1208.94,644.38
O100867,C11003,P1025,2025-12-23,4,0.05,25.27,Net Banking,Delivered,29530.29,19324.99,112215.1,77299.96,34915.14
O100868,C11172,P1073,2025-12-31,2,0.0,117.9,Net Banking,Delivered,1405.49,1138.4,2810.98,2276.8,534.18
O100869,C10203,P1013,2025-10-18,2,0.05,80.58,Credit Card,Delivered,52895.62,37136.59,100501.68,74273.18,26228.5
O100870,C11540,P1100,2025-09-27,1,0.05,49.07,Credit Card,Delivered,664.62,470.32,631.39,470.32,161.07
O100871,C11519,P1137,2025-12-29,1,0.0,26.41,Net Banking,Delivered,3020.08,1976.97,3020.08,1976.97,1043.11
O100872,C11741,P1104,2026-08-15,2,0.0,21.84,COD,Delivered,3475.03,2469.25,6950.06,4938.5,2011.56
O100873,C10531,P1003,2026-04-04,2,0.1,37.43,Net Banking,Delivered,31454.08,19066.44,56617.34,38132.88,18484.46
O100874,C11347,P1033,2026-01-30,1,0.05,101.03,Credit Card,Delivered,4333.28,2734.68,4116.62,2734.68,1381.94
O100875,C11507,P1069,2025-09-09,1,0.15,45.95,UPI,Returned,717.29,416.98,609.7,416.98,192.72
O100876,C11310,P1095,2026-07-21,1,0.0,143.19,Credit Card,Delivered,561.33,353.29,561.33,353.29,208.04
O100877,C10857,P1118,2026-07-10,3,0.15,126.21,Credit Card,Delivered,4978.89,3068.71,12696.17,9206.13,3490.04
O100878,C10725,P1120,2025-12-24,3,0.05,52.01,Net Banking,Delivered,3318.56,2380.1,9457.9,7140.3,2317.6
O100879,C11951,P1110,2026-01-19,3,0.0,44.68,Net Banking,Pending,2315.13,1504.12,6945.39,4512.36,2433.03
O100880,C11806,P1059,2026-05-23,1,0.1,55.41,Debit Card,Delivered,2473.66,1991.45,2226.29,1991.45,234.84
O100881,C10179,P1079,2026-05-19,1,0.0,82.44,COD,Shipped,926.66,604.47,926.66,604.47,322.19
O100882,C11732,P1024,2026-08-08,1,0.1,89.98,UPI,Delivered,18028.57,13625.43,16225.71,13625.43,2600.28
O100883,C10492,P1024,2025-09-05,2,0.1,145.74,Credit Card,Delivered,18028.57,13625.43,32451.43,27250.86,5200.57
O100884,C10174,P1074,2025-12-05,2,0.1,100.64,Net Banking,Returned,1038.89,634.94,1870.0,1269.88,600.12
O100885,C11656,P1003,2025-10-09,2,0.2,9.65,COD,Delivered,31454.08,19066.44,50326.53,38132.88,12193.65
O100886,C11910,P1035,2025-12-04,1,0.0,26.41,COD,Delivered,3107.6,2368.57,3107.6,2368.57,739.03
O100887,C11404,P1137,2025-11-12,2,0.0,45.41,UPI,Delivered,3020.08,1976.97,6040.16,3953.94,2086.22
O100888,C11263,P1049,2026-07-08,2,0.0,100.55,UPI,Delivered,4665.92,2735.27,9331.84,5470.54,3861.3
O100889,C11439,P1137,2025-12-06,1,0.0,54.58,Debit Card,Delivered,3020.08,1976.97,3020.08,1976.97,1043.11
O100890,C11514,P1136,2026-07-27,2,0.0,26.2,Net Banking,Delivered,509.62,289.55,1019.24,579.1,440.14
O100891,C10919,P1044,2026-07-25,4,0.15,99.34,Net Banking,Returned,1399.41,917.62,4757.99,3670.48,1087.51
O100892,C10359,P1020,2025-11-19,4,0.0,29.12,Debit Card,Cancelled,40470.11,25854.79,161880.44,103419.16,58461.28
O100893,C11053,P1091,2026-03-17,4,0.0,2.81,UPI,Delivered,722.91,529.78,2891.64,2119.12,772.52
O100894,C10777,P1044,2025-10-14,2,0.05,129.41,Debit Card,Pending,1399.41,917.62,2658.88,1835.24,823.64
O100895,C10693,P1064,2026-06-27,1,0.0,147.33,Net Banking,Cancelled,4942.18,3929.49,4942.18,3929.49,1012.69
O100896,C11757,P1031,2025-10-06,2,0.1,127.6,Debit Card,Delivered,1495.17,843.81,2691.31,1687.62,1003.69
O100897,C10602,P1068,2026-05-12,3,0.05,57.68,Credit Card,Delivered,8864.37,5516.76,25263.45,16550.28,8713.17
O100898,C11293,P1146,2026-05-03,2,0.0,107.54,COD,Delivered,1033.25,584.92,2066.5,1169.84,896.66
O100899,C10625,P1132,2026-05-18,3,0.05,85.3,UPI,Returned,1045.48,772.39,2979.62,2317.17,662.45
O100900,C11828,P1125,2026-08-03,1,0.0,73.43,UPI,Delivered,2435.61,1942.11,2435.61,1942.11,493.5
O100901,C11261,P1118,2026-07-31,2,0.0,118.67,Debit Card,Delivered,4978.89,3068.71,9957.78,6137.42,3820.36
O100902,C10220,P1002,2026-01-24,1,0.1,1.42,Debit Card,Returned,64458.4,38857.64,58012.56,38857.64,19154.92
O100903,C10382,P1103,2026-07-21,2,0.0,137.29,Debit Card,Delivered,1864.92,1469.71,3729.84,2939.42,790.42
O100904,C10883,P1126,2026-04-09,1,0.0,86.17,Credit Card,Delivered,1404.7,995.08,1404.7,995.08,409.62
O100905,C11054,P1040,2026-02-20,2,0.2,10.1,COD,Delivered,3344.13,2454.65,5350.61,4909.3,441.31
O100906,C10999,P1002,2026-03-03,1,0.2,136.56,Credit Card,Shipped,64458.4,38857.64,51566.72,38857.64,12709.08
O100907,C10513,P1058,2026-03-03,2,0.05,8.63,COD,Delivered,1139.13,868.45,2164.35,1736.9,427.45
O100908,C10613,P1094,2026-03-12,2,0.1,64.37,COD,Returned,1847.54,1150.18,3325.57,2300.36,1025.21
O100909,C11099,P1069,2025-12-06,2,0.1,106.63,UPI,Pending,717.29,416.98,1291.12,833.96,457.16
O100910,C11345,P1113,2025-09-07,3,0.0,97.76,Credit Card,Delivered,3031.82,2160.62,9095.46,6481.86,2613.6
O100911,C11531,P1112,2026-01-28,2,0.2,66.07,UPI,Delivered,3747.66,3014.85,5996.26,6029.7,-33.44
O100912,C11783,P1051,2025-11-12,1,0.15,90.84,UPI,Delivered,3086.44,2233.31,2623.47,2233.31,390.16
O100913,C10083,P1035,2026-08-14,1,0.1,46.77,COD,Delivered,3107.6,2368.57,2796.84,2368.57,428.27
O100914,C10679,P1009,2026-01-30,2,0.1,92.18,Credit Card,Delivered,33080.16,21064.69,59544.29,42129.38,17414.91
O100915,C11943,P1123,2026-07-26,1,0.2,110.23,Debit Card,Delivered,877.39,667.5,701.91,667.5,34.41
O100916,C11002,P1141,2026-03-31,2,0.15,8.85,COD,Shipped,913.93,756.89,1553.68,1513.78,39.9
O100917,C11463,P1033,2026-04-12,1,0.0,26.97,Debit Card,Shipped,4333.28,2734.68,4333.28,2734.68,1598.6
O100918,C11599,P1103,2026-01-22,4,0.0,10.67,Net Banking,Shipped,1864.92,1469.71,7459.68,5878.84,1580.84
O100919,C11520,P1100,2026-06-30,1,0.0,39.39,Credit Card,Delivered,664.62,470.32,664.62,470.32,194.3
O100920,C10221,P1006,2026-04-22,1,0.1,7.22,Credit Card,Delivered,18739.53,10820.0,16865.58,10820.0,6045.58
O100921,C11025,P1004,2025-10-26,2,0.0,119.55,Credit Card,Delivered,60509.53,40979.28,121019.06,81958.56,39060.5
O100922,C11700,P1088,2026-01-11,2,0.15,56.33,COD,Pending,1116.94,867.28,1898.8,1734.56,164.24
O100923,C11511,P1003,2025-11-26,2,0.15,87.06,COD,Delivered,31454.08,19066.44,53471.94,38132.88,15339.06
O100924,C10578,P1125,2025-11-12,3,0.0,65.19,UPI,Shipped,2435.61,1942.11,7306.83,5826.33,1480.5
O100925,C10508,P1040,2025-12-01,1,0.2,66.74,Net Banking,Delivered,3344.13,2454.65,2675.3,2454.65,220.65
O100926,C10576,P1030,2026-07-10,3,0.1,54.06,Debit Card,Pending,2098.13,1548.88,5664.95,4646.64,1018.31
O100927,C10507,P1110,2026-01-02,1,0.2,136.78,Credit Card,Delivered,2315.13,1504.12,1852.1,1504.12,347.98
O100928,C11604,P1027,2025-11-03,3,0.15,19.99,Net Banking,Delivered,5526.19,3231.39,14091.78,9694.17,4397.61
O100929,C10387,P1039,2026-06-03,3,0.15,2.31,Credit Card,Delivered,3010.98,2323.83,7678.0,6971.49,706.51
O100930,C10822,P1010,2026-01-21,1,0.05,19.51,Debit Card,Pending,9031.61,6794.04,8580.03,6794.04,1785.99
O100931,C11903,P1038,2025-09-06,1,0.2,38.57,COD,Delivered,3530.81,2400.64,2824.65,2400.64,424.01
O100932,C10409,P1024,2026-05-02,2,0.2,98.58,UPI,Delivered,18028.57,13625.43,28845.71,27250.86,1594.85
O100933,C11076,P1079,2026-05-01,3,0.2,130.33,Credit Card,Delivered,926.66,604.47,2223.98,1813.41,410.57
O100934,C10873,P1123,2026-04-03,2,0.0,82.37,UPI,Delivered,877.39,667.5,1754.78,1335.0,419.78
O100935,C11319,P1014,2025-11-12,2,0.1,24.74,Debit Card,Delivered,27485.51,19010.32,49473.92,38020.64,11453.28
O100936,C10745,P1072,2026-07-17,4,0.1,113.16,Debit Card,Delivered,2376.29,1589.59,8554.64,6358.36,2196.28
O100937,C10506,P1082,2026-01-08,1,0.15,55.95,UPI,Delivered,2274.24,1299.56,1933.1,1299.56,633.54
O100938,C10002,P1014,2026-07-04,4,0.0,87.61,Debit Card,Delivered,27485.51,19010.32,109942.04,76041.28,33900.76
O100939,C10967,P1072,2026-06-29,1,0.15,10.48,Net Banking,Delivered,2376.29,1589.59,2019.85,1589.59,430.26
O100940,C10379,P1065,2025-08-26,2,0.0,115.4,COD,Delivered,1517.88,1218.22,3035.76,2436.44,599.32
O100941,C10624,P1029,2025-09-28,4,0.0,15.83,UPI,Delivered,564.96,451.92,2259.84,1807.68,452.16
O100942,C11399,P1142,2026-03-08,1,0.05,128.34,Credit Card,Delivered,1618.71,996.37,1537.77,996.37,541.4
O100943,C11519,P1093,2025-10-20,3,0.0,18.58,Net Banking,Delivered,1288.82,1004.22,3866.46,3012.66,853.8
O100944,C10762,P1061,2025-12-05,2,0.2,128.11,Debit Card,Delivered,3373.53,1885.35,5397.65,3770.7,1626.95
O100945,C10787,P1023,2026-03-25,1,0.0,14.58,UPI,Delivered,54514.7,32908.14,54514.7,32908.14,21606.56
O100946,C11521,P1031,2026-06-18,3,0.0,113.79,UPI,Delivered,1495.17,843.81,4485.51,2531.43,1954.08
O100947,C11869,P1049,2026-04-21,2,0.0,135.58,Credit Card,Delivered,4665.92,2735.27,9331.84,5470.54,3861.3
O100948,C11896,P1026,2026-01-19,2,0.15,8.64,UPI,Pending,5590.52,3241.08,9503.88,6482.16,3021.72
O100949,C11268,P1088,2026-04-04,2,0.05,82.57,Debit Card,Shipped,1116.94,867.28,2122.19,1734.56,387.63
O100950,C11559,P1052,2026-05-30,1,0.2,102.91,Net Banking,Shipped,2039.08,1134.33,1631.26,1134.33,496.93
O100951,C10090,P1033,2026-04-12,1,0.0,123.94,Credit Card,Delivered,4333.28,2734.68,4333.28,2734.68,1598.6
O100952,C11458,P1065,2025-11-01,1,0.2,14.75,Net Banking,Pending,1517.88,1218.22,1214.3,1218.22,-3.92
O100953,C11833,P1094,2026-08-12,1,0.15,9.65,COD,Delivered,1847.54,1150.18,1570.41,1150.18,420.23
O100954,C10241,P1112,2026-05-27,1,0.0,133.32,UPI,Delivered,3747.66,3014.85,3747.66,3014.85,732.81
O100955,C11073,P1129,2026-08-20,3,0.15,97.58,UPI,Delivered,3364.24,2034.28,8578.81,6102.84,2475.97
O100956,C10562,P1034,2026-07-09,4,0.0,135.95,Debit Card,Delivered,3445.82,2463.26,13783.28,9853.04,3930.24
O100957,C11160,P1016,2025-12-12,1,0.0,132.96,Credit Card,Shipped,23119.64,19111.02,23119.64,19111.02,4008.62
O100958,C10815,P1127,2025-11-29,1,0.1,134.35,Net Banking,Cancelled,2406.08,1554.9,2165.47,1554.9,610.57
O100959,C11990,P1020,2026-05-22,1,0.05,91.91,Credit Card,Delivered,40470.11,25854.79,38446.6,25854.79,12591.81
O100960,C11044,P1099,2026-08-04,4,0.1,137.11,Net Banking,Shipped,482.66,272.31,1737.58,1089.24,648.34
O100961,C10821,P1070,2025-10-21,1,0.0,96.05,Credit Card,Delivered,2608.79,2169.26,2608.79,2169.26,439.53
O100962,C10328,P1147,2026-05-11,4,0.15,134.54,Credit Card,Delivered,834.22,686.19,2836.35,2744.76,91.59
O100963,C10019,P1132,2025-12-31,2,0.05,27.47,COD,Delivered,1045.48,772.39,1986.41,1544.78,441.63
O100964,C11476,P1135,2025-09-14,4,0.2,145.3,Debit Card,Delivered,311.53,199.73,996.9,798.92,197.98
O100965,C10452,P1076,2025-09-08,4,0.0,57.37,Debit Card,Delivered,625.33,474.81,2501.32,1899.24,602.08
O100966,C10351,P1058,2025-09-03,1,0.15,112.93,UPI,Delivered,1139.13,868.45,968.26,868.45,99.81
O100967,C10598,P1011,2025-10-31,1,0.0,21.43,Credit Card,Pending,18237.69,11700.82,18237.69,11700.82,6536.87
O100968,C10569,P1035,2026-04-01,3,0.05,35.95,Debit Card,Cancelled,3107.6,2368.57,8856.66,7105.71,1750.95
O100969,C10106,P1064,2025-08-27,1,0.1,136.63,Credit Card,Delivered,4942.18,3929.49,4447.96,3929.49,518.47
O100970,C10003,P1089,2025-09-19,1,0.15,139.77,Net Banking,Pending,1514.99,1072.27,1287.74,1072.27,215.47
O100971,C10665,P1022,2026-06-17,2,0.1,53.76,Net Banking,Delivered,8340.38,5227.15,15012.68,10454.3,4558.38
O100972,C10274,P1105,2026-01-19,3,0.1,52.73,Net Banking,Delivered,5921.43,3427.44,15987.86,10282.32,5705.54
O100973,C10118,P1003,2026-06-21,3,0.15,131.38,Debit Card,Delivered,31454.08,19066.44,80207.9,57199.32,23008.58
O100974,C11977,P1072,2026-06-10,3,0.0,79.05,Credit Card,Delivered,2376.29,1589.59,7128.87,4768.77,2360.1
O100975,C10033,P1138,2025-12-16,1,0.0,106.17,Net Banking,Delivered,1859.8,1352.45,1859.8,1352.45,507.35
O100976,C11528,P1098,2025-09-03,2,0.05,108.59,Debit Card,Cancelled,298.55,229.91,567.25,459.82,107.43
O100977,C11300,P1142,2026-07-05,1,0.0,149.15,Credit Card,Shipped,1618.71,996.37,1618.71,996.37,622.34
O100978,C10452,P1084,2026-08-20,1,0.05,129.91,Debit Card,Delivered,771.46,641.72,732.89,641.72,91.17
O100979,C11290,P1102,2026-02-26,1,0.0,131.88,Credit Card,Delivered,4370.98,2495.57,4370.98,2495.57,1875.41
O100980,C11495,P1112,2026-05-17,4,0.15,121.77,Debit Card,Delivered,3747.66,3014.85,12742.04,12059.4,682.64
O100981,C10982,P1024,2026-08-21,2,0.15,103.61,COD,Delivered,18028.57,13625.43,30648.57,27250.86,3397.71
O100982,C10379,P1046,2026-06-17,1,0.0,17.13,Credit Card,Delivered,4835.09,3320.63,4835.09,3320.63,1514.46
O100983,C11932,P1047,2026-07-15,3,0.0,77.91,Debit Card,Delivered,4008.04,3183.54,12024.12,9550.62,2473.5
O100984,C10334,P1046,2026-04-06,2,0.2,98.94,COD,Delivered,4835.09,3320.63,7736.14,6641.26,1094.88
O100985,C10385,P1018,2026-03-18,1,0.2,90.79,Credit Card,Delivered,52552.08,30527.71,42041.66,30527.71,11513.95
O100986,C10503,P1117,2026-01-19,2,0.15,84.65,COD,Delivered,4152.01,2619.57,7058.42,5239.14,1819.28
O100987,C11079,P1036,2026-04-03,2,0.0,105.79,UPI,Delivered,4558.46,3300.66,9116.92,6601.32,2515.6
O100988,C10774,P1099,2026-05-14,3,0.15,9.38,UPI,Delivered,482.66,272.31,1230.78,816.93,413.85
O100989,C10028,P1012,2025-12-22,3,0.15,11.2,Credit Card,Delivered,25370.06,18838.89,64693.65,56516.67,8176.98
O100990,C10172,P1069,2026-02-25,2,0.1,107.48,Credit Card,Returned,717.29,416.98,1291.12,833.96,457.16
O100991,C11229,P1004,2026-02-16,2,0.1,45.04,UPI,Pending,60509.53,40979.28,108917.15,81958.56,26958.59
O100992,C10218,P1139,2026-06-07,1,0.0,52.61,Debit Card,Cancelled,451.27,274.75,451.27,274.75,176.52
O100993,C10175,P1052,2025-12-14,1,0.05,126.83,Credit Card,Delivered,2039.08,1134.33,1937.13,1134.33,802.8
O100994,C11153,P1114,2026-05-02,2,0.15,26.1,Credit Card,Delivered,1562.14,1189.51,2655.64,2379.02,276.62
O100995,C10981,P1040,2026-02-03,1,0.05,103.01,Credit Card,Delivered,3344.13,2454.65,3176.92,2454.65,722.27
O100996,C11418,P1069,2025-10-17,3,0.0,78.81,Net Banking,Delivered,717.29,416.98,2151.87,1250.94,900.93
O100997,C11690,P1012,2026-02-26,3,0.0,44.76,UPI,Delivered,25370.06,18838.89,76110.18,56516.67,19593.51
O100998,C10211,P1131,2026-04-23,3,0.0,98.0,COD,Delivered,355.98,201.63,1067.94,604.89,463.05
O100999,C11869,P1058,2026-04-05,2,0.0,131.1,UPI,Delivered,1139.13,868.45,2278.26,1736.9,541.36
O101000,C10790,P1038,2025-09-25,4,0.05,71.0,Debit Card,Delivered,3530.81,2400.64,13417.08,9602.56,3814.52
O101001,C10463,P1099,2025-09-17,1,0.0,49.92,UPI,Delivered,482.66,272.31,482.66,272.31,210.35
O101002,C10226,P1058,2026-01-05,2,0.0,85.11,UPI,Pending,1139.13,868.45,2278.26,1736.9,541.36
O101003,C10578,P1092,2025-10-15,2,0.0,141.2,UPI,Delivered,1913.34,1155.43,3826.68,2310.86,1515.82
O101004,C10243,P1093,2026-07-12,4,0.0,15.02,UPI,Returned,1288.82,1004.22,5155.28,4016.88,1138.4
O101005,C11239,P1039,2026-08-07,3,0.1,129.54,Credit Card,Delivered,3010.98,2323.83,8129.65,6971.49,1158.16
O101006,C10686,P1047,2026-08-20,1,0.0,37.69,COD,Delivered,4008.04,3183.54,4008.04,3183.54,824.5
O101007,C11367,P1078,2026-01-24,1,0.1,87.21,Net Banking,Shipped,1604.45,1009.9,1444.01,1009.9,434.11
O101008,C10714,P1027,2026-06-17,2,0.05,83.17,Debit Card,Returned,5526.19,3231.39,10499.76,6462.78,4036.98
O101009,C11356,P1095,2026-07-29,1,0.05,4.6,Debit Card,Shipped,561.33,353.29,533.26,353.29,179.97
O101010,C11457,P1020,2026-03-29,1,0.1,110.17,UPI,Cancelled,40470.11,25854.79,36423.1,25854.79,10568.31
O101011,C10305,P1038,2026-08-18,2,0.1,123.94,Debit Card,Delivered,3530.81,2400.64,6355.46,4801.28,1554.18
O101012,C10915,P1123,2025-12-20,2,0.15,19.24,UPI,Delivered,877.39,667.5,1491.56,1335.0,156.56
O101013,C10876,P1072,2025-11-07,1,0.1,43.41,Credit Card,Delivered,2376.29,1589.59,2138.66,1589.59,549.07
O101014,C10262,P1047,2026-04-11,2,0.0,23.25,COD,Delivered,4008.04,3183.54,8016.08,6367.08,1649.0
O101015,C11013,P1109,2025-09-18,1,0.0,91.11,COD,Delivered,4331.81,3435.6,4331.81,3435.6,896.21
O101016,C10848,P1086,2026-02-11,2,0.0,106.87,Credit Card,Shipped,316.01,223.96,632.02,447.92,184.1
O101017,C11340,P1063,2026-08-15,1,0.0,33.52,COD,Delivered,6336.48,4060.59,6336.48,4060.59,2275.89
O101018,C11019,P1138,2025-12-13,2,0.15,143.97,Net Banking,Delivered,1859.8,1352.45,3161.66,2704.9,456.76
O101019,C11099,P1059,2025-12-29,2,0.0,39.09,COD,Delivered,2473.66,1991.45,4947.32,3982.9,964.42
O101020,C11465,P1108,2025-09-05,2,0.0,126.41,Net Banking,Delivered,2697.81,2207.0,5395.62,4414.0,981.62
O101021,C11421,P1057,2026-08-07,1,0.0,88.28,UPI,Delivered,4847.14,3432.05,4847.14,3432.05,1415.09
O101022,C10006,P1053,2026-08-09,1,0.05,127.1,UPI,Delivered,922.36,543.78,876.24,543.78,332.46
O101023,C10971,P1035,2026-03-02,1,0.1,17.49,UPI,Delivered,3107.6,2368.57,2796.84,2368.57,428.27
O101024,C10716,P1093,2026-06-01,1,0.15,79.38,Credit Card,Delivered,1288.82,1004.22,1095.5,1004.22,91.28
O101025,C10296,P1142,2026-08-07,1,0.0,4.1,COD,Delivered,1618.71,996.37,1618.71,996.37,622.34
O101026,C11696,P1058,2026-06-21,2,0.0,119.67,UPI,Shipped,1139.13,868.45,2278.26,1736.9,541.36
O101027,C10241,P1037,2026-06-18,2,0.0,95.31,COD,Shipped,1816.37,1116.6,3632.74,2233.2,1399.54
O101028,C11426,P1109,2026-07-09,1,0.1,43.84,Debit Card,Delivered,4331.81,3435.6,3898.63,3435.6,463.03
O101029,C10218,P1149,2026-05-28,1,0.15,15.72,UPI,Delivered,1265.06,835.13,1075.3,835.13,240.17
O101030,C11217,P1041,2026-08-07,2,0.05,40.89,UPI,Delivered,1521.85,1173.08,2891.52,2346.16,545.36
O101031,C10290,P1021,2026-04-07,1,0.05,119.69,Credit Card,Delivered,15455.38,11592.94,14682.61,11592.94,3089.67
O101032,C11166,P1107,2026-03-26,4,0.15,130.32,Credit Card,Shipped,3347.45,2456.75,11381.33,9827.0,1554.33
O101033,C10963,P1036,2025-11-17,1,0.05,1.4,Net Banking,Delivered,4558.46,3300.66,4330.54,3300.66,1029.88
O101034,C10614,P1121,2026-02-07,1,0.15,45.35,COD,Shipped,1135.94,710.5,965.55,710.5,255.05
O101035,C10910,P1004,2025-12-12,2,0.05,122.91,Debit Card,Delivered,60509.53,40979.28,114968.11,81958.56,33009.55
O101036,C10123,P1009,2025-10-21,3,0.15,131.62,Net Banking,Shipped,33080.16,21064.69,84354.41,63194.07,21160.34
O101037,C11031,P1042,2025-11-20,1,0.0,37.17,UPI,Delivered,1907.35,1363.61,1907.35,1363.61,543.74
O101038,C10868,P1117,2026-08-19,3,0.0,37.4,Net Banking,Delivered,4152.01,2619.57,12456.03,7858.71,4597.32
O101039,C10529,P1147,2025-09-24,1,0.0,35.97,Net Banking,Delivered,834.22,686.19,834.22,686.19,148.03
O101040,C10466,P1109,2026-03-11,2,0.0,98.34,Credit Card,Delivered,4331.81,3435.6,8663.62,6871.2,1792.42
O101041,C10189,P1134,2026-08-09,3,0.0,89.15,COD,Pending,299.83,242.36,899.49,727.08,172.41
O101042,C10257,P1055,2026-05-01,3,0.0,122.42,COD,Delivered,6934.45,4043.27,20803.35,12129.81,8673.54
O101043,C10449,P1101,2026-07-13,1,0.05,8.56,Credit Card,Cancelled,2706.0,1556.11,2570.7,1556.11,1014.59
O101044,C11999,P1144,2025-11-25,2,0.1,55.26,Net Banking,Cancelled,2601.04,1801.4,4681.87,3602.8,1079.07
O101045,C11673,P1120,2026-05-30,2,0.2,68.36,COD,Delivered,3318.56,2380.1,5309.7,4760.2,549.5
O101046,C11315,P1104,2025-12-26,2,0.05,6.84,COD,Delivered,3475.03,2469.25,6602.56,4938.5,1664.06
O101047,C11646,P1096,2026-03-02,2,0.0,81.91,COD,Delivered,1066.34,728.57,2132.68,1457.14,675.54
O101048,C10223,P1027,2026-04-12,1,0.0,100.21,UPI,Delivered,5526.19,3231.39,5526.19,3231.39,2294.8
O101049,C11595,P1086,2025-12-13,1,0.2,23.34,UPI,Delivered,316.01,223.96,252.81,223.96,28.85
O101050,C10334,P1139,2025-08-26,4,0.05,46.56,UPI,Delivered,451.27,274.75,1714.83,1099.0,615.83
O101051,C11223,P1003,2026-08-10,2,0.0,115.92,Debit Card,Delivered,31454.08,19066.44,62908.16,38132.88,24775.28
O101052,C10414,P1009,2025-11-17,1,0.0,93.13,Credit Card,Delivered,33080.16,21064.69,33080.16,21064.69,12015.47
O101053,C11168,P1145,2026-03-30,3,0.0,7.02,UPI,Delivered,2714.68,1805.11,8144.04,5415.33,2728.71
O101054,C11619,P1124,2026-01-09,3,0.05,149.31,UPI,Delivered,4401.73,2791.05,12544.93,8373.15,4171.78
O101055,C10191,P1080,2025-10-25,4,0.1,113.35,UPI,Pending,287.38,222.33,1034.57,889.32,145.25
O101056,C11540,P1073,2025-11-09,1,0.0,24.04,COD,Delivered,1405.49,1138.4,1405.49,1138.4,267.09
O101057,C10645,P1101,2025-08-25,2,0.2,80.88,Debit Card,Pending,2706.0,1556.11,4329.6,3112.22,1217.38
O101058,C11440,P1025,2026-02-20,1,0.15,50.48,Debit Card,Delivered,29530.29,19324.99,25100.75,19324.99,5775.76
O101059,C11519,P1129,2026-04-06,2,0.1,6.41,UPI,Delivered,3364.24,2034.28,6055.63,4068.56,1987.07
O101060,C11588,P1039,2026-01-02,1,0.0,142.51,UPI,Delivered,3010.98,2323.83,3010.98,2323.83,687.15
O101061,C10783,P1123,2026-08-04,2,0.1,103.17,Net Banking,Cancelled,877.39,667.5,1579.3,1335.0,244.3
O101062,C10077,P1075,2025-09-29,2,0.2,136.19,Credit Card,Delivered,6257.58,4866.0,10012.13,9732.0,280.13
O101063,C10949,P1021,2026-08-14,2,0.0,87.1,UPI,Pending,15455.38,11592.94,30910.76,23185.88,7724.88
O101064,C10475,P1056,2026-01-05,4,0.15,129.19,Credit Card,Shipped,1431.57,1192.48,4867.34,4769.92,97.42
O101065,C10330,P1129,2025-12-29,3,0.05,17.83,Net Banking,Pending,3364.24,2034.28,9588.08,6102.84,3485.24
O101066,C11247,P1134,2026-02-03,2,0.05,23.46,Debit Card,Delivered,299.83,242.36,569.68,484.72,84.96
O101067,C10269,P1087,2026-02-23,1,0.0,98.31,Debit Card,Delivered,1693.9,1011.65,1693.9,1011.65,682.25
O101068,C11753,P1111,2026-02-19,4,0.15,117.43,UPI,Returned,583.37,467.6,1983.46,1870.4,113.06
O101069,C11586,P1100,2025-09-25,4,0.0,105.49,Credit Card,Delivered,664.62,470.32,2658.48,1881.28,777.2
O101070,C11251,P1020,2026-05-26,4,0.0,93.92,Credit Card,Delivered,40470.11,25854.79,161880.44,103419.16,58461.28
O101071,C11019,P1025,2026-03-06,1,0.15,23.46,UPI,Delivered,29530.29,19324.99,25100.75,19324.99,5775.76
O101072,C11783,P1080,2025-09-11,2,0.15,111.58,Net Banking,Cancelled,287.38,222.33,488.55,444.66,43.89
O101073,C11634,P1023,2026-05-05,4,0.05,133.99,COD,Delivered,54514.7,32908.14,207155.86,131632.56,75523.3
O101074,C10643,P1044,2026-08-14,3,0.0,131.76,Debit Card,Delivered,1399.41,917.62,4198.23,2752.86,1445.37
O101075,C10574,P1148,2025-10-06,3,0.0,22.75,Debit Card,Delivered,884.97,623.21,2654.91,1869.63,785.28
O101076,C10146,P1046,2026-07-05,3,0.0,138.57,COD,Delivered,4835.09,3320.63,14505.27,9961.89,4543.38
O101077,C10970,P1066,2025-11-04,1,0.0,68.4,COD,Delivered,6204.32,3462.32,6204.32,3462.32,2742.0
O101078,C10288,P1032,2026-01-02,1,0.0,3.1,Net Banking,Delivered,1643.06,925.34,1643.06,925.34,717.72
O101079,C10745,P1074,2026-07-21,4,0.0,136.85,COD,Delivered,1038.89,634.94,4155.56,2539.76,1615.8
O101080,C11270,P1034,2026-07-07,1,0.0,33.02,COD,Delivered,3445.82,2463.26,3445.82,2463.26,982.56
O101081,C11731,P1081,2026-06-18,1,0.0,0.84,Debit Card,Delivered,2172.75,1311.33,2172.75,1311.33,861.42
O101082,C10847,P1130,2026-02-02,3,0.15,149.5,COD,Delivered,1664.71,1119.11,4245.01,3357.33,887.68
O101083,C11794,P1011,2026-06-03,2,0.05,58.91,Net Banking,Pending,18237.69,11700.82,34651.61,23401.64,11249.97
O101084,C10117,P1063,2026-01-10,2,0.0,39.92,Net Banking,Delivered,6336.48,4060.59,12672.96,8121.18,4551.78
O101085,C11748,P1027,2026-01-27,2,0.15,81.76,Debit Card,Delivered,5526.19,3231.39,9394.52,6462.78,2931.74
O101086,C11168,P1103,2026-01-26,1,0.15,33.79,UPI,Delivered,1864.92,1469.71,1585.18,1469.71,115.47
O101087,C11791,P1119,2025-11-25,1,0.0,20.13,UPI,Delivered,5211.2,3497.26,5211.2,3497.26,1713.94
O101088,C10960,P1137,2025-09-03,2,0.05,121.23,COD,Delivered,3020.08,1976.97,5738.15,3953.94,1784.21
O101089,C10370,P1028,2025-09-29,4,0.15,60.47,COD,Shipped,5009.89,3386.66,17033.63,13546.64,3486.99
O101090,C10409,P1103,2026-04-10,1,0.0,60.21,Debit Card,Delivered,1864.92,1469.71,1864.92,1469.71,395.21
O101091,C10702,P1125,2026-06-20,1,0.2,73.01,Credit Card,Delivered,2435.61,1942.11,1948.49,1942.11,6.38
O101092,C10976,P1030,2026-07-05,3,0.0,43.32,Debit Card,Delivered,2098.13,1548.88,6294.39,4646.64,1647.75
O101093,C11117,P1040,2026-03-25,1,0.0,7.55,COD,Delivered,3344.13,2454.65,3344.13,2454.65,889.48
O101094,C10438,P1082,2026-07-23,1,0.0,27.45,Net Banking,Delivered,2274.24,1299.56,2274.24,1299.56,974.68
O101095,C11232,P1098,2025-09-27,3,0.0,93.88,UPI,Returned,298.55,229.91,895.65,689.73,205.92
O101096,C10741,P1111,2026-02-28,2,0.0,10.3,COD,Delivered,583.37,467.6,1166.74,935.2,231.54
O101097,C10434,P1006,2025-09-29,3,0.0,4.96,COD,Delivered,18739.53,10820.0,56218.59,32460.0,23758.59
O101098,C11302,P1046,2025-10-30,1,0.1,12.49,UPI,Delivered,4835.09,3320.63,4351.58,3320.63,1030.95
O101099,C10561,P1104,2026-07-31,1,0.1,73.74,UPI,Delivered,3475.03,2469.25,3127.53,2469.25,658.28
O101100,C11459,P1116,2026-06-09,1,0.0,52.29,COD,Delivered,1503.58,846.7,1503.58,846.7,656.88
O101101,C11372,P1067,2025-09-02,3,0.1,17.47,Credit Card,Cancelled,6227.25,3828.72,16813.58,11486.16,5327.42
O101102,C10190,P1110,2025-09-14,1,0.1,91.05,Debit Card,Pending,2315.13,1504.12,2083.62,1504.12,579.5
O101103,C10609,P1043,2025-10-24,4,0.15,9.76,Credit Card,Delivered,2304.37,1753.37,7834.86,7013.48,821.38
O101104,C10859,P1124,2026-01-05,1,0.05,95.75,COD,Delivered,4401.73,2791.05,4181.64,2791.05,1390.59
O101105,C11606,P1042,2026-01-07,1,0.05,29.67,COD,Delivered,1907.35,1363.61,1811.98,1363.61,448.37
O101106,C11420,P1147,2026-03-11,2,0.15,125.27,COD,Cancelled,834.22,686.19,1418.17,1372.38,45.79
O101107,C11149,P1051,2026-05-12,2,0.2,146.97,UPI,Shipped,3086.44,2233.31,4938.3,4466.62,471.68
O101108,C11185,P1038,2026-08-09,1,0.0,55.16,Debit Card,Delivered,3530.81,2400.64,3530.81,2400.64,1130.17
O101109,C11687,P1082,2026-07-29,2,0.1,57.4,UPI,Delivered,2274.24,1299.56,4093.63,2599.12,1494.51
O101110,C10940,P1038,2025-09-21,2,0.0,142.81,COD,Cancelled,3530.81,2400.64,7061.62,4801.28,2260.34
O101111,C10233,P1105,2026-03-13,1,0.0,58.01,Debit Card,Delivered,5921.43,3427.44,5921.43,3427.44,2493.99
O101112,C10008,P1116,2026-05-27,2,0.0,129.47,Credit Card,Delivered,1503.58,846.7,3007.16,1693.4,1313.76
O101113,C11309,P1149,2026-02-06,1,0.0,54.66,UPI,Delivered,1265.06,835.13,1265.06,835.13,429.93
O101114,C11528,P1049,2025-09-10,1,0.1,51.26,COD,Delivered,4665.92,2735.27,4199.33,2735.27,1464.06
O101115,C11586,P1043,2026-08-17,1,0.0,36.75,Net Banking,Delivered,2304.37,1753.37,2304.37,1753.37,551.0
O101116,C10713,P1054,2025-12-15,4,0.0,80.22,Credit Card,Pending,5995.19,3653.27,23980.76,14613.08,9367.68
O101117,C11182,P1004,2025-09-04,1,0.0,96.18,Debit Card,Shipped,60509.53,40979.28,60509.53,40979.28,19530.25
O101118,C10034,P1078,2025-12-04,1,0.15,39.52,Debit Card,Delivered,1604.45,1009.9,1363.78,1009.9,353.88
O101119,C11778,P1032,2025-11-29,1,0.15,143.53,COD,Delivered,1643.06,925.34,1396.6,925.34,471.26
O101120,C10934,P1106,2025-11-19,2,0.0,27.48,COD,Delivered,3820.64,2143.04,7641.28,4286.08,3355.2
O101121,C11697,P1139,2025-10-19,2,0.1,23.51,COD,Delivered,451.27,274.75,812.29,549.5,262.79
O101122,C11567,P1086,2025-10-29,3,0.0,96.03,UPI,Returned,316.01,223.96,948.03,671.88,276.15
O101123,C10940,P1110,2025-11-26,2,0.1,116.0,Debit Card,Delivered,2315.13,1504.12,4167.23,3008.24,1158.99
O101124,C11219,P1042,2026-04-15,3,0.0,137.76,Net Banking,Delivered,1907.35,1363.61,5722.05,4090.83,1631.22
O101125,C10584,P1112,2026-06-15,3,0.15,108.14,Debit Card,Delivered,3747.66,3014.85,9556.53,9044.55,511.98
O101126,C11921,P1026,2026-06-11,1,0.0,42.45,UPI,Shipped,5590.52,3241.08,5590.52,3241.08,2349.44
O101127,C10213,P1023,2026-06-25,1,0.0,67.69,UPI,Delivered,54514.7,32908.14,54514.7,32908.14,21606.56
O101128,C10843,P1027,2025-09-25,2,0.0,0.59,COD,Shipped,5526.19,3231.39,11052.38,6462.78,4589.6
O101129,C11278,P1140,2025-12-09,4,0.0,84.28,UPI,Delivered,436.07,348.48,1744.28,1393.92,350.36
O101130,C11031,P1149,2026-04-30,4,0.0,85.58,UPI,Delivered,1265.06,835.13,5060.24,3340.52,1719.72
O101131,C11745,P1108,2025-12-01,4,0.15,90.37,Credit Card,Delivered,2697.81,2207.0,9172.55,8828.0,344.55
O101132,C10932,P1142,2026-04-16,3,0.05,51.85,COD,Delivered,1618.71,996.37,4613.32,2989.11,1624.21
O101133,C11754,P1121,2025-08-24,2,0.1,63.71,UPI,Delivered,1135.94,710.5,2044.69,1421.0,623.69
O101134,C11626,P1119,2026-08-15,2,0.0,64.22,COD,Returned,5211.2,3497.26,10422.4,6994.52,3427.88
O101135,C11321,P1102,2026-06-03,1,0.0,106.02,UPI,Returned,4370.98,2495.57,4370.98,2495.57,1875.41
O101136,C11602,P1058,2026-08-18,2,0.0,55.73,Net Banking,Delivered,1139.13,868.45,2278.26,1736.9,541.36
O101137,C11802,P1068,2026-08-19,2,0.0,79.17,Debit Card,Cancelled,8864.37,5516.76,17728.74,11033.52,6695.22
O101138,C11629,P1107,2025-09-03,1,0.15,99.09,Credit Card,Delivered,3347.45,2456.75,2845.33,2456.75,388.58
O101139,C11862,P1107,2026-04-28,1,0.0,107.92,UPI,Delivered,3347.45,2456.75,3347.45,2456.75,890.7
O101140,C10315,P1096,2026-05-14,1,0.0,93.43,Net Banking,Cancelled,1066.34,728.57,1066.34,728.57,337.77
O101141,C11229,P1082,2026-06-03,2,0.0,20.41,Debit Card,Delivered,2274.24,1299.56,4548.48,2599.12,1949.36
O101142,C11172,P1111,2026-06-24,4,0.0,72.9,Credit Card,Delivered,583.37,467.6,2333.48,1870.4,463.08
O101143,C10802,P1050,2026-05-29,1,0.0,118.23,Net Banking,Delivered,802.78,481.82,802.78,481.82,320.96
O101144,C11697,P1014,2026-01-20,2,0.0,68.99,Net Banking,Delivered,27485.51,19010.32,54971.02,38020.64,16950.38
O101145,C11924,P1100,2026-08-09,4,0.0,74.75,Credit Card,Delivered,664.62,470.32,2658.48,1881.28,777.2
O101146,C10652,P1133,2026-02-22,1,0.05,27.9,Credit Card,Delivered,3423.67,2098.85,3252.49,2098.85,1153.64
O101147,C10204,P1033,2025-12-04,1,0.15,59.37,Net Banking,Delivered,4333.28,2734.68,3683.29,2734.68,948.61
O101148,C11182,P1101,2026-04-25,1,0.0,4.71,Debit Card,Cancelled,2706.0,1556.11,2706.0,1556.11,1149.89
O101149,C10326,P1083,2025-10-13,3,0.05,112.5,Credit Card,Delivered,1658.92,944.21,4727.92,2832.63,1895.29
O101150,C10053,P1112,2025-09-01,1,0.0,89.8,UPI,Delivered,3747.66,3014.85,3747.66,3014.85,732.81
O101151,C11216,P1040,2026-07-17,1,0.0,80.01,UPI,Delivered,3344.13,2454.65,3344.13,2454.65,889.48
O101152,C11114,P1021,2025-10-16,1,0.1,29.32,Net Banking,Delivered,15455.38,11592.94,13909.84,11592.94,2316.9
O101153,C11521,P1034,2026-03-06,2,0.0,32.4,COD,Delivered,3445.82,2463.26,6891.64,4926.52,1965.12
O101154,C11593,P1092,2026-01-30,1,0.05,21.89,Credit Card,Delivered,1913.34,1155.43,1817.67,1155.43,662.24
O101155,C11839,P1057,2026-03-16,2,0.1,72.83,Debit Card,Delivered,4847.14,3432.05,8724.85,6864.1,1860.75
O101156,C11722,P1063,2025-10-01,1,0.0,67.84,COD,Shipped,6336.48,4060.59,6336.48,4060.59,2275.89
O101157,C11351,P1014,2026-02-08,2,0.05,73.49,Debit Card,Delivered,27485.51,19010.32,52222.47,38020.64,14201.83
O101158,C10295,P1006,2026-07-19,4,0.15,33.85,Net Banking,Cancelled,18739.53,10820.0,63714.4,43280.0,20434.4
O101159,C10228,P1118,2026-01-28,1,0.0,63.11,Net Banking,Delivered,4978.89,3068.71,4978.89,3068.71,1910.18
O101160,C10291,P1073,2025-09-17,3,0.1,125.73,Debit Card,Returned,1405.49,1138.4,3794.82,3415.2,379.62
O101161,C10191,P1020,2026-02-18,2,0.2,26.59,COD,Cancelled,40470.11,25854.79,64752.18,51709.58,13042.6
O101162,C11870,P1054,2026-04-12,1,0.0,118.75,COD,Delivered,5995.19,3653.27,5995.19,3653.27,2341.92
O101163,C11630,P1006,2025-10-12,1,0.05,140.63,COD,Delivered,18739.53,10820.0,17802.55,10820.0,6982.55
O101164,C11965,P1020,2025-09-23,2,0.2,92.44,Credit Card,Delivered,40470.11,25854.79,64752.18,51709.58,13042.6
O101165,C10769,P1081,2025-11-16,1,0.0,30.71,COD,Shipped,2172.75,1311.33,2172.75,1311.33,861.42
O101166,C10369,P1077,2026-06-21,2,0.05,53.55,UPI,Returned,206.69,134.91,392.71,269.82,122.89
O101167,C11351,P1146,2025-12-06,4,0.1,97.63,Net Banking,Cancelled,1033.25,584.92,3719.7,2339.68,1380.02
O101168,C10241,P1088,2026-07-23,3,0.0,72.33,Debit Card,Delivered,1116.94,867.28,3350.82,2601.84,748.98
O101169,C11258,P1140,2026-05-09,1,0.0,20.76,UPI,Delivered,436.07,348.48,436.07,348.48,87.59
O101170,C11519,P1066,2026-07-10,2,0.0,105.66,UPI,Delivered,6204.32,3462.32,12408.64,6924.64,5484.0
O101171,C10061,P1138,2026-05-11,2,0.0,11.19,UPI,Delivered,1859.8,1352.45,3719.6,2704.9,1014.7
O101172,C11559,P1040,2026-06-23,1,0.15,5.6,Credit Card,Cancelled,3344.13,2454.65,2842.51,2454.65,387.86
O101173,C10236,P1056,2025-10-21,1,0.15,33.19,UPI,Delivered,1431.57,1192.48,1216.83,1192.48,24.35
O101174,C10451,P1022,2026-02-05,2,0.1,3.87,Credit Card,Delivered,8340.38,5227.15,15012.68,10454.3,4558.38
O101175,C10987,P1052,2025-09-15,1,0.0,31.52,UPI,Delivered,2039.08,1134.33,2039.08,1134.33,904.75
O101176,C11130,P1076,2026-05-14,2,0.1,112.49,COD,Shipped,625.33,474.81,1125.59,949.62,175.97
O101177,C11016,P1112,2026-01-22,1,0.0,40.26,Net Banking,Pending,3747.66,3014.85,3747.66,3014.85,732.81
O101178,C11889,P1050,2026-05-29,3,0.0,13.0,Debit Card,Delivered,802.78,481.82,2408.34,1445.46,962.88
O101179,C11408,P1072,2026-08-20,3,0.0,75.7,COD,Delivered,2376.29,1589.59,7128.87,4768.77,2360.1
O101180,C11625,P1080,2026-03-14,1,0.2,50.18,Credit Card,Shipped,287.38,222.33,229.9,222.33,7.57
O101181,C11954,P1125,2026-01-04,4,0.05,139.28,COD,Returned,2435.61,1942.11,9255.32,7768.44,1486.88
O101182,C10868,P1070,2026-05-11,3,0.2,148.65,Debit Card,Delivered,2608.79,2169.26,6261.1,6507.78,-246.68
O101183,C11244,P1099,2026-04-13,1,0.0,120.67,COD,Delivered,482.66,272.31,482.66,272.31,210.35
O101184,C10723,P1096,2026-06-08,4,0.1,41.83,UPI,Delivered,1066.34,728.57,3838.82,2914.28,924.54
O101185,C11822,P1009,2026-01-27,4,0.15,74.94,Net Banking,Delivered,33080.16,21064.69,112472.54,84258.76,28213.78
O101186,C10840,P1076,2025-11-03,3,0.05,24.27,Net Banking,Cancelled,625.33,474.81,1782.19,1424.43,357.76
O101187,C11322,P1136,2025-12-22,3,0.15,103.96,Debit Card,Delivered,509.62,289.55,1299.53,868.65,430.88
O101188,C10235,P1047,2025-09-22,2,0.15,52.41,Debit Card,Delivered,4008.04,3183.54,6813.67,6367.08,446.59
O101189,C10381,P1092,2025-09-02,2,0.2,126.89,Credit Card,Delivered,1913.34,1155.43,3061.34,2310.86,750.48
O101190,C11346,P1096,2025-10-17,1,0.2,22.9,Debit Card,Delivered,1066.34,728.57,853.07,728.57,124.5
O101191,C10644,P1032,2025-10-10,2,0.0,79.72,UPI,Delivered,1643.06,925.34,3286.12,1850.68,1435.44
O101192,C10023,P1085,2026-02-22,1,0.1,73.31,Credit Card,Delivered,229.52,181.34,206.57,181.34,25.23
O101193,C11629,P1083,2026-04-12,2,0.2,56.78,Credit Card,Delivered,1658.92,944.21,2654.27,1888.42,765.85
O101194,C10790,P1073,2025-11-13,3,0.2,16.49,Net Banking,Delivered,1405.49,1138.4,3373.18,3415.2,-42.02
O101195,C10446,P1027,2026-03-31,2,0.0,126.98,Net Banking,Delivered,5526.19,3231.39,11052.38,6462.78,4589.6
O101196,C11245,P1020,2025-10-27,3,0.1,60.46,Net Banking,Returned,40470.11,25854.79,109269.3,77564.37,31704.93
O101197,C10864,P1112,2025-09-15,1,0.05,143.64,Debit Card,Shipped,3747.66,3014.85,3560.28,3014.85,545.43
O101198,C10406,P1051,2026-01-27,1,0.05,70.42,UPI,Shipped,3086.44,2233.31,2932.12,2233.31,698.81
O101199,C11022,P1012,2026-06-26,3,0.2,64.11,Debit Card,Delivered,25370.06,18838.89,60888.14,56516.67,4371.47
O101200,C10255,P1116,2026-01-06,2,0.0,22.64,Credit Card,Delivered,1503.58,846.7,3007.16,1693.4,1313.76
O101201,C11211,P1099,2026-03-22,2,0.05,135.84,Credit Card,Delivered,482.66,272.31,917.05,544.62,372.43
O101202,C10584,P1005,2026-07-06,1,0.2,67.77,Net Banking,Pending,47571.0,27164.82,38056.8,27164.82,10891.98
O101203,C11868,P1119,2026-01-18,1,0.2,143.21,Debit Card,Delivered,5211.2,3497.26,4168.96,3497.26,671.7
O101204,C11981,P1104,2026-04-11,1,0.15,74.23,UPI,Returned,3475.03,2469.25,2953.78,2469.25,484.53
O101205,C11881,P1136,2026-05-18,2,0.2,137.89,UPI,Delivered,509.62,289.55,815.39,579.1,236.29
O101206,C10034,P1018,2026-05-30,1,0.15,64.98,COD,Delivered,52552.08,30527.71,44669.27,30527.71,14141.56
O101207,C11644,P1107,2026-06-03,1,0.2,49.23,Debit Card,Delivered,3347.45,2456.75,2677.96,2456.75,221.21
O101208,C11544,P1089,2026-02-19,1,0.2,76.19,COD,Delivered,1514.99,1072.27,1211.99,1072.27,139.72
O101209,C11587,P1081,2026-06-22,2,0.05,95.91,COD,Delivered,2172.75,1311.33,4128.23,2622.66,1505.57
O101210,C10806,P1077,2025-12-26,4,0.05,19.36,COD,Delivered,206.69,134.91,785.42,539.64,245.78
O101211,C11313,P1032,2026-08-01,4,0.2,64.89,Debit Card,Returned,1643.06,925.34,5257.79,3701.36,1556.43
O101212,C10211,P1008,2025-12-30,1,0.0,83.01,Credit Card,Delivered,51750.03,32987.78,51750.03,32987.78,18762.25
O101213,C10022,P1036,2025-10-04,2,0.05,7.74,UPI,Pending,4558.46,3300.66,8661.07,6601.32,2059.75
O101214,C11765,P1112,2026-07-09,1,0.2,105.57,Credit Card,Delivered,3747.66,3014.85,2998.13,3014.85,-16.72
O101215,C10392,P1095,2026-06-25,1,0.1,44.41,Net Banking,Pending,561.33,353.29,505.2,353.29,151.91
O101216,C11914,P1014,2025-11-03,2,0.2,43.71,Debit Card,Returned,27485.51,19010.32,43976.82,38020.64,5956.18
O101217,C10089,P1029,2026-06-17,2,0.05,130.8,UPI,Pending,564.96,451.92,1073.42,903.84,169.58
O101218,C10154,P1068,2026-05-06,1,0.1,112.97,Debit Card,Delivered,8864.37,5516.76,7977.93,5516.76,2461.17
O101219,C11622,P1098,2026-04-01,1,0.0,41.36,Debit Card,Delivered,298.55,229.91,298.55,229.91,68.64
O101220,C11895,P1036,2026-07-08,1,0.0,146.44,Net Banking,Delivered,4558.46,3300.66,4558.46,3300.66,1257.8
O101221,C10259,P1082,2026-01-12,1,0.0,93.9,Credit Card,Shipped,2274.24,1299.56,2274.24,1299.56,974.68
O101222,C11819,P1106,2025-10-10,4,0.0,20.0,COD,Delivered,3820.64,2143.04,15282.56,8572.16,6710.4
O101223,C11069,P1136,2026-01-06,2,0.0,118.98,Credit Card,Delivered,509.62,289.55,1019.24,579.1,440.14
O101224,C11355,P1126,2026-05-25,2,0.0,83.53,Debit Card,Delivered,1404.7,995.08,2809.4,1990.16,819.24
O101225,C11497,P1124,2026-03-06,3,0.2,31.15,Credit Card,Delivered,4401.73,2791.05,10564.15,8373.15,2191.0
O101226,C11570,P1076,2025-10-18,1,0.0,78.7,UPI,Delivered,625.33,474.81,625.33,474.81,150.52
O101227,C11712,P1063,2025-10-15,1,0.0,144.33,Credit Card,Delivered,6336.48,4060.59,6336.48,4060.59,2275.89
O101228,C10154,P1127,2026-05-13,1,0.0,97.36,UPI,Delivered,2406.08,1554.9,2406.08,1554.9,851.18
O101229,C11374,P1056,2025-10-07,1,0.0,113.78,COD,Shipped,1431.57,1192.48,1431.57,1192.48,239.09
O101230,C10385,P1125,2025-08-27,2,0.05,142.02,UPI,Delivered,2435.61,1942.11,4627.66,3884.22,743.44
O101231,C11668,P1136,2026-02-27,2,0.2,67.47,Net Banking,Cancelled,509.62,289.55,815.39,579.1,236.29
O101232,C11558,P1080,2025-10-17,1,0.0,131.7,COD,Delivered,287.38,222.33,287.38,222.33,65.05
O101233,C11737,P1130,2026-04-02,2,0.0,79.17,UPI,Returned,1664.71,1119.11,3329.42,2238.22,1091.2
O101234,C10449,P1094,2025-12-23,2,0.1,117.43,COD,Pending,1847.54,1150.18,3325.57,2300.36,1025.21
O101235,C11778,P1132,2025-11-24,1,0.2,17.17,Credit Card,Shipped,1045.48,772.39,836.38,772.39,63.99
O101236,C10385,P1018,2025-08-29,1,0.0,70.01,Debit Card,Delivered,52552.08,30527.71,52552.08,30527.71,22024.37
O101237,C11406,P1079,2026-07-26,1,0.2,66.24,Net Banking,Delivered,926.66,604.47,741.33,604.47,136.86
O101238,C10302,P1119,2026-01-18,1,0.0,137.5,UPI,Shipped,5211.2,3497.26,5211.2,3497.26,1713.94
O101239,C10493,P1005,2026-02-27,2,0.1,76.04,COD,Delivered,47571.0,27164.82,85627.8,54329.64,31298.16
O101240,C10059,P1122,2026-01-10,4,0.0,128.15,Net Banking,Delivered,588.59,431.08,2354.36,1724.32,630.04
O101241,C10544,P1031,2025-11-18,2,0.15,136.63,Net Banking,Delivered,1495.17,843.81,2541.79,1687.62,854.17
O101242,C10884,P1055,2026-02-18,2,0.15,121.92,Credit Card,Delivered,6934.45,4043.27,11788.57,8086.54,3702.03
O101243,C10883,P1131,2026-06-28,1,0.0,103.51,Debit Card,Delivered,355.98,201.63,355.98,201.63,154.35
O101244,C10559,P1095,2025-10-16,2,0.05,102.56,UPI,Delivered,561.33,353.29,1066.53,706.58,359.95
O101245,C10784,P1109,2026-01-01,3,0.0,42.7,Credit Card,Delivered,4331.81,3435.6,12995.43,10306.8,2688.63
O101246,C10825,P1046,2025-12-07,4,0.05,41.03,Net Banking,Delivered,4835.09,3320.63,18373.34,13282.52,5090.82
O101247,C11245,P1127,2025-11-25,2,0.2,70.81,Net Banking,Delivered,2406.08,1554.9,3849.73,3109.8,739.93
O101248,C11396,P1013,2026-05-21,1,0.15,76.57,Credit Card,Pending,52895.62,37136.59,44961.28,37136.59,7824.69
O101249,C10450,P1030,2025-09-23,2,0.2,110.83,UPI,Returned,2098.13,1548.88,3357.01,3097.76,259.25
O101250,C11179,P1069,2025-11-11,1,0.15,39.99,Credit Card,Delivered,717.29,416.98,609.7,416.98,192.72
O101251,C10207,P1071,2025-09-05,2,0.0,37.43,Credit Card,Returned,5179.24,2939.06,10358.48,5878.12,4480.36
O101252,C11433,P1104,2026-06-30,4,0.15,143.1,COD,Delivered,3475.03,2469.25,11815.1,9877.0,1938.1
O101253,C10451,P1069,2026-06-03,4,0.15,91.08,COD,Delivered,717.29,416.98,2438.79,1667.92,770.87
O101254,C11610,P1053,2026-01-14,3,0.2,85.27,Debit Card,Delivered,922.36,543.78,2213.66,1631.34,582.32
O101255,C11446,P1074,2026-03-19,1,0.0,118.55,UPI,Delivered,1038.89,634.94,1038.89,634.94,403.95
O101256,C11031,P1123,2025-09-06,1,0.0,37.02,Debit Card,Cancelled,877.39,667.5,877.39,667.5,209.89
O101257,C11409,P1062,2026-01-22,1,0.1,69.79,Credit Card,Delivered,6951.68,5407.58,6256.51,5407.58,848.93
O101258,C10143,P1043,2026-05-25,4,0.2,110.24,Credit Card,Delivered,2304.37,1753.37,7373.98,7013.48,360.5
O101259,C10933,P1037,2025-08-22,4,0.15,38.18,UPI,Delivered,1816.37,1116.6,6175.66,4466.4,1709.26
O101260,C10877,P1086,2026-07-12,1,0.1,3.08,UPI,Delivered,316.01,223.96,284.41,223.96,60.45
O101261,C10541,P1020,2025-11-28,4,0.0,99.72,Credit Card,Delivered,40470.11,25854.79,161880.44,103419.16,58461.28
O101262,C11748,P1003,2025-11-24,1,0.15,24.07,Net Banking,Delivered,31454.08,19066.44,26735.97,19066.44,7669.53
O101263,C10971,P1150,2025-12-17,3,0.0,66.3,UPI,Delivered,2574.89,1872.1,7724.67,5616.3,2108.37
O101264,C10507,P1121,2025-08-25,1,0.05,56.11,UPI,Delivered,1135.94,710.5,1079.14,710.5,368.64
O101265,C10036,P1146,2025-11-14,2,0.1,49.05,Debit Card,Cancelled,1033.25,584.92,1859.85,1169.84,690.01
O101266,C11076,P1129,2026-07-21,1,0.1,131.62,Credit Card,Shipped,3364.24,2034.28,3027.82,2034.28,993.54
O101267,C11588,P1025,2026-07-23,3,0.0,141.42,UPI,Delivered,29530.29,19324.99,88590.87,57974.97,30615.9
O101268,C11508,P1086,2025-09-04,1,0.0,88.31,COD,Delivered,316.01,223.96,316.01,223.96,92.05
O101269,C10719,P1140,2026-07-12,2,0.15,22.27,Debit Card,Delivered,436.07,348.48,741.32,696.96,44.36
O101270,C10520,P1094,2026-06-04,3,0.0,112.82,COD,Delivered,1847.54,1150.18,5542.62,3450.54,2092.08
O101271,C10723,P1078,2025-11-03,1,0.0,109.75,Debit Card,Returned,1604.45,1009.9,1604.45,1009.9,594.55
O101272,C11587,P1124,2026-02-08,4,0.1,31.59,UPI,Delivered,4401.73,2791.05,15846.23,11164.2,4682.03
O101273,C11064,P1006,2025-12-23,1,0.0,67.3,Credit Card,Pending,18739.53,10820.0,18739.53,10820.0,7919.53
O101274,C11754,P1057,2026-08-10,1,0.0,32.94,Credit Card,Delivered,4847.14,3432.05,4847.14,3432.05,1415.09
O101275,C10064,P1063,2025-09-26,1,0.0,45.4,Net Banking,Shipped,6336.48,4060.59,6336.48,4060.59,2275.89
O101276,C11994,P1111,2026-08-21,1,0.0,76.94,Debit Card,Delivered,583.37,467.6,583.37,467.6,115.77
O101277,C10183,P1050,2025-11-14,1,0.0,148.86,COD,Delivered,802.78,481.82,802.78,481.82,320.96
O101278,C11978,P1071,2025-11-29,1,0.1,7.6,Net Banking,Returned,5179.24,2939.06,4661.32,2939.06,1722.26
O101279,C10921,P1135,2026-02-20,2,0.05,18.44,Credit Card,Delivered,311.53,199.73,591.91,399.46,192.45
O101280,C11391,P1090,2025-10-22,4,0.1,75.85,Debit Card,Delivered,159.95,116.89,575.82,467.56,108.26
O101281,C10855,P1071,2026-07-26,3,0.0,37.0,Debit Card,Delivered,5179.24,2939.06,15537.72,8817.18,6720.54
O101282,C11187,P1134,2026-07-13,1,0.2,77.7,Debit Card,Cancelled,299.83,242.36,239.86,242.36,-2.5
O101283,C10252,P1111,2026-04-22,1,0.0,5.33,COD,Delivered,583.37,467.6,583.37,467.6,115.77
O101284,C11624,P1089,2026-06-26,1,0.05,108.24,Debit Card,Delivered,1514.99,1072.27,1439.24,1072.27,366.97
O101285,C10018,P1128,2026-08-01,1,0.0,36.04,Credit Card,Delivered,1654.17,1108.55,1654.17,1108.55,545.62
O101286,C10308,P1134,2026-07-03,1,0.15,11.78,Debit Card,Delivered,299.83,242.36,254.86,242.36,12.5
O101287,C11361,P1042,2026-06-10,1,0.0,128.11,Debit Card,Delivered,1907.35,1363.61,1907.35,1363.61,543.74
O101288,C10133,P1076,2026-01-07,2,0.0,131.32,UPI,Delivered,625.33,474.81,1250.66,949.62,301.04
O101289,C10446,P1073,2026-04-20,1,0.0,52.91,Net Banking,Delivered,1405.49,1138.4,1405.49,1138.4,267.09
O101290,C11001,P1079,2026-02-02,1,0.0,141.65,UPI,Delivered,926.66,604.47,926.66,604.47,322.19
O101291,C11353,P1001,2026-03-27,2,0.2,86.29,UPI,Delivered,38372.92,26874.96,61396.67,53749.92,7646.75
O101292,C10718,P1073,2026-04-30,3,0.05,92.49,Net Banking,Delivered,1405.49,1138.4,4005.65,3415.2,590.45
O101293,C11575,P1144,2026-05-23,4,0.0,79.87,Credit Card,Pending,2601.04,1801.4,10404.16,7205.6,3198.56
O101294,C11461,P1070,2026-05-03,4,0.1,90.96,Credit Card,Pending,2608.79,2169.26,9391.64,8677.04,714.6
O101295,C10403,P1111,2025-12-29,2,0.0,66.54,Net Banking,Returned,583.37,467.6,1166.74,935.2,231.54
O101296,C10596,P1057,2026-04-06,4,0.15,145.34,UPI,Delivered,4847.14,3432.05,16480.28,13728.2,2752.08
O101297,C10727,P1064,2025-08-26,4,0.0,90.26,COD,Delivered,4942.18,3929.49,19768.72,15717.96,4050.76
O101298,C11981,P1026,2026-06-17,2,0.15,26.71,Debit Card,Returned,5590.52,3241.08,9503.88,6482.16,3021.72
O101299,C11223,P1080,2025-12-24,2,0.15,0.52,Credit Card,Delivered,287.38,222.33,488.55,444.66,43.89
O101300,C11391,P1083,2025-11-23,1,0.2,129.58,Net Banking,Delivered,1658.92,944.21,1327.14,944.21,382.93
O101301,C11573,P1052,2025-12-19,2,0.1,103.95,Debit Card,Delivered,2039.08,1134.33,3670.34,2268.66,1401.68
O101302,C11136,P1052,2025-11-22,1,0.05,120.5,Debit Card,Delivered,2039.08,1134.33,1937.13,1134.33,802.8
O101303,C10609,P1146,2026-08-17,4,0.15,36.66,COD,Delivered,1033.25,584.92,3513.05,2339.68,1173.37
O101304,C10770,P1112,2025-12-26,4,0.0,14.0,UPI,Delivered,3747.66,3014.85,14990.64,12059.4,2931.24
O101305,C10906,P1081,2025-09-19,1,0.05,17.16,Net Banking,Returned,2172.75,1311.33,2064.11,1311.33,752.78
O101306,C11460,P1092,2025-08-27,4,0.0,23.98,COD,Delivered,1913.34,1155.43,7653.36,4621.72,3031.64
O101307,C10956,P1108,2026-06-18,3,0.0,129.9,COD,Delivered,2697.81,2207.0,8093.43,6621.0,1472.43
O101309,C10863,P1023,2025-12-10,1,0.05,38.49,Credit Card,Delivered,54514.7,32908.14,51788.97,32908.14,18880.83
O101310,C10620,P1063,2026-05-09,1,0.05,16.74,Net Banking,Delivered,6336.48,4060.59,6019.66,4060.59,1959.07
O101311,C10261,P1140,2025-10-26,4,0.15,61.79,Net Banking,Cancelled,436.07,348.48,1482.64,1393.92,88.72
O101312,C10110,P1101,2025-10-05,1,0.15,36.73,Credit Card,Delivered,2706.0,1556.11,2300.1,1556.11,743.99
O101313,C10013,P1119,2025-08-27,1,0.1,41.0,Net Banking,Delivered,5211.2,3497.26,4690.08,3497.26,1192.82
O101314,C10112,P1022,2026-06-12,1,0.0,64.19,UPI,Delivered,8340.38,5227.15,8340.38,5227.15,3113.23
O101315,C11331,P1028,2026-04-04,1,0.0,96.27,Debit Card,Delivered,5009.89,3386.66,5009.89,3386.66,1623.23
O101316,C11684,P1075,2026-07-19,2,0.1,30.24,Net Banking,Delivered,6257.58,4866.0,11263.64,9732.0,1531.64
O101317,C10679,P1016,2026-01-05,2,0.1,9.07,UPI,Shipped,23119.64,19111.02,41615.35,38222.04,3393.31
O101318,C11382,P1131,2026-04-25,2,0.2,86.91,UPI,Delivered,355.98,201.63,569.57,403.26,166.31
O101319,C11058,P1037,2025-11-10,3,0.05,18.31,Net Banking,Shipped,1816.37,1116.6,5176.65,3349.8,1826.85
O101320,C11015,P1035,2025-11-25,4,0.1,119.08,Credit Card,Returned,3107.6,2368.57,11187.36,9474.28,1713.08
O101321,C11311,P1040,2025-09-09,1,0.1,122.74,Debit Card,Delivered,3344.13,2454.65,3009.72,2454.65,555.07
O101322,C11473,P1002,2025-08-29,2,0.0,50.85,COD,Delivered,64458.4,38857.64,128916.8,77715.28,51201.52
O101323,C10412,P1030,2026-05-17,2,0.0,10.8,UPI,Delivered,2098.13,1548.88,4196.26,3097.76,1098.5
O101324,C11237,P1031,2025-09-26,1,0.0,137.5,Net Banking,Delivered,1495.17,843.81,1495.17,843.81,651.36
O101325,C10419,P1027,2025-10-23,1,0.15,148.39,COD,Delivered,5526.19,3231.39,4697.26,3231.39,1465.87
O101326,C11036,P1114,2026-04-19,2,0.1,78.76,COD,Delivered,1562.14,1189.51,2811.85,2379.02,432.83
O101327,C10250,P1077,2025-12-05,2,0.2,89.97,COD,Delivered,206.69,134.91,330.7,269.82,60.88
O101328,C10377,P1061,2026-01-05,3,0.2,118.21,Net Banking,Delivered,3373.53,1885.35,8096.47,5656.05,2440.42
O101329,C11255,P1113,2025-11-20,1,0.0,132.53,Net Banking,Delivered,3031.82,2160.62,3031.82,2160.62,871.2
O101330,C10300,P1006,2025-12-20,1,0.0,127.44,Credit Card,Delivered,18739.53,10820.0,18739.53,10820.0,7919.53
O101331,C11525,P1062,2026-07-29,1,0.15,120.93,Credit Card,Delivered,6951.68,5407.58,5908.93,5407.58,501.35
O101332,C11433,P1140,2026-05-09,4,0.05,28.84,Credit Card,Delivered,436.07,348.48,1657.07,1393.92,263.15
O101333,C10594,P1075,2026-07-11,3,0.0,48.1,UPI,Pending,6257.58,4866.0,18772.74,14598.0,4174.74
O101334,C11010,P1095,2026-01-02,2,0.05,65.26,Debit Card,Delivered,561.33,353.29,1066.53,706.58,359.95
O101335,C11429,P1028,2026-04-12,2,0.0,65.35,COD,Delivered,5009.89,3386.66,10019.78,6773.32,3246.46
O101336,C10871,P1038,2025-10-10,4,0.2,5.41,UPI,Delivered,3530.81,2400.64,11298.59,9602.56,1696.03
O101337,C10247,P1145,2025-09-26,2,0.1,133.16,COD,Delivered,2714.68,1805.11,4886.42,3610.22,1276.2
O101338,C10621,P1009,2026-04-19,2,0.1,123.67,Net Banking,Delivered,33080.16,21064.69,59544.29,42129.38,17414.91
O101339,C11860,P1091,2026-03-07,1,0.0,141.32,Credit Card,Delivered,722.91,529.78,722.91,529.78,193.13
O101340,C11481,P1118,2025-12-28,3,0.2,83.69,Debit Card,Delivered,4978.89,3068.71,11949.34,9206.13,2743.21
O101341,C10325,P1092,2026-02-04,2,0.1,8.82,Net Banking,Cancelled,1913.34,1155.43,3444.01,2310.86,1133.15
O101342,C11031,P1054,2026-02-02,1,0.2,122.72,Debit Card,Returned,5995.19,3653.27,4796.15,3653.27,1142.88
O101343,C11076,P1100,2026-01-02,2,0.0,51.44,Net Banking,Delivered,664.62,470.32,1329.24,940.64,388.6
O101344,C11344,P1039,2025-12-01,2,0.0,108.27,Debit Card,Delivered,3010.98,2323.83,6021.96,4647.66,1374.3
O101345,C11154,P1087,2026-03-18,2,0.2,93.45,COD,Delivered,1693.9,1011.65,2710.24,2023.3,686.94
O101346,C11612,P1036,2025-11-14,2,0.2,18.36,Debit Card,Shipped,4558.46,3300.66,7293.54,6601.32,692.22
O101347,C11349,P1078,2025-12-24,2,0.2,25.02,COD,Delivered,1604.45,1009.9,2567.12,2019.8,547.32
O101348,C11719,P1124,2026-02-17,2,0.05,90.9,COD,Pending,4401.73,2791.05,8363.29,5582.1,2781.19
O101349,C11241,P1047,2026-01-25,1,0.0,128.45,Net Banking,Delivered,4008.04,3183.54,4008.04,3183.54,824.5
O101350,C11039,P1135,2025-10-16,4,0.0,94.55,Debit Card,Delivered,311.53,199.73,1246.12,798.92,447.2
O101351,C10664,P1149,2025-09-04,2,0.0,110.98,Debit Card,Delivered,1265.06,835.13,2530.12,1670.26,859.86
O101352,C11700,P1104,2026-06-24,1,0.15,93.78,UPI,Delivered,3475.03,2469.25,2953.78,2469.25,484.53
O101353,C11745,P1041,2025-12-30,2,0.15,56.85,Credit Card,Delivered,1521.85,1173.08,2587.15,2346.16,240.99
O101354,C10218,P1128,2026-01-12,1,0.0,19.4,COD,Delivered,1654.17,1108.55,1654.17,1108.55,545.62
O101355,C10475,P1061,2025-12-17,1,0.0,5.19,UPI,Returned,3373.53,1885.35,3373.53,1885.35,1488.18
O101356,C10357,P1099,2026-01-10,1,0.0,112.79,COD,Returned,482.66,272.31,482.66,272.31,210.35
O101357,C10127,P1065,2025-09-16,2,0.1,81.4,UPI,Delivered,1517.88,1218.22,2732.18,2436.44,295.74
O101358,C11536,P1019,2026-06-12,3,0.15,119.41,COD,Shipped,53480.6,38132.5,136375.53,114397.5,21978.03
O101359,C11243,P1008,2026-02-06,1,0.1,2.21,Credit Card,Delivered,51750.03,32987.78,46575.03,32987.78,13587.25
O101360,C11431,P1116,2026-08-13,4,0.1,118.88,COD,Delivered,1503.58,846.7,5412.89,3386.8,2026.09
O101361,C11306,P1147,2026-01-12,1,0.0,54.32,Net Banking,Delivered,834.22,686.19,834.22,686.19,148.03
O101362,C10518,P1126,2026-03-28,1,0.0,1.27,COD,Delivered,1404.7,995.08,1404.7,995.08,409.62
O101363,C10462,P1052,2026-08-07,1,0.0,91.63,Credit Card,Delivered,2039.08,1134.33,2039.08,1134.33,904.75
O101364,C11083,P1050,2025-09-26,1,0.05,68.32,UPI,Delivered,802.78,481.82,762.64,481.82,280.82
O101365,C11289,P1025,2025-10-01,2,0.0,40.65,Credit Card,Delivered,29530.29,19324.99,59060.58,38649.98,20410.6
O101366,C10288,P1002,2025-08-27,1,0.15,136.5,Debit Card,Shipped,64458.4,38857.64,54789.64,38857.64,15932.0
O101367,C11164,P1140,2026-02-12,2,0.15,119.81,UPI,Delivered,436.07,348.48,741.32,696.96,44.36
O101368,C11398,P1136,2025-09-19,1,0.2,62.05,COD,Delivered,509.62,289.55,407.7,289.55,118.15
O101369,C10425,P1147,2026-07-15,1,0.2,88.66,COD,Delivered,834.22,686.19,667.38,686.19,-18.81
O101370,C10731,P1144,2025-09-06,2,0.2,101.68,Credit Card,Shipped,2601.04,1801.4,4161.66,3602.8,558.86
O101371,C10899,P1110,2026-04-19,1,0.15,124.81,COD,Cancelled,2315.13,1504.12,1967.86,1504.12,463.74
O101372,C11166,P1021,2026-04-13,1,0.05,122.96,Credit Card,Shipped,15455.38,11592.94,14682.61,11592.94,3089.67
O101373,C10611,P1026,2025-11-27,1,0.0,87.45,UPI,Delivered,5590.52,3241.08,5590.52,3241.08,2349.44
O101374,C10106,P1139,2025-12-26,4,0.05,146.57,Debit Card,Delivered,451.27,274.75,1714.83,1099.0,615.83
O101375,C11683,P1075,2025-09-09,2,0.05,59.24,Debit Card,Delivered,6257.58,4866.0,11889.4,9732.0,2157.4
O101376,C10733,P1018,2026-01-08,1,0.05,53.24,Credit Card,Pending,52552.08,30527.71,49924.48,30527.71,19396.77
O101377,C10154,P1137,2026-02-20,3,0.0,57.62,Net Banking,Delivered,3020.08,1976.97,9060.24,5930.91,3129.33
O101378,C11061,P1129,2026-01-07,2,0.1,9.13,Debit Card,Delivered,3364.24,2034.28,6055.63,4068.56,1987.07
O101379,C10117,P1140,2026-03-20,2,0.0,67.95,UPI,Delivered,436.07,348.48,872.14,696.96,175.18
O101380,C11919,P1068,2026-02-21,2,0.15,113.74,UPI,Delivered,8864.37,5516.76,15069.43,11033.52,4035.91
O101381,C10864,P1067,2025-11-17,3,0.0,49.06,Credit Card,Delivered,6227.25,3828.72,18681.75,11486.16,7195.59
O101382,C11567,P1016,2026-01-05,1,0.15,87.27,Credit Card,Delivered,23119.64,19111.02,19651.69,19111.02,540.67
O101383,C11673,P1085,2025-10-12,2,0.0,115.9,UPI,Delivered,229.52,181.34,459.04,362.68,96.36
O101384,C10150,P1145,2026-03-12,4,0.0,83.36,Net Banking,Delivered,2714.68,1805.11,10858.72,7220.44,3638.28
O101385,C11568,P1010,2026-08-04,1,0.05,99.6,Debit Card,Pending,9031.61,6794.04,8580.03,6794.04,1785.99
O101386,C11946,P1107,2026-01-17,1,0.05,56.94,Net Banking,Shipped,3347.45,2456.75,3180.08,2456.75,723.33
O101387,C11904,P1021,2025-08-28,4,0.0,78.94,Net Banking,Delivered,15455.38,11592.94,61821.52,46371.76,15449.76
O101388,C10266,P1070,2026-05-30,1,0.2,63.65,UPI,Delivered,2608.79,2169.26,2087.03,2169.26,-82.23
O101389,C11018,P1130,2026-06-29,3,0.15,42.87,Credit Card,Delivered,1664.71,1119.11,4245.01,3357.33,887.68
O101390,C10884,P1123,2025-10-21,1,0.0,15.87,Debit Card,Shipped,877.39,667.5,877.39,667.5,209.89
O101391,C11795,P1059,2026-05-14,2,0.0,95.13,UPI,Returned,2473.66,1991.45,4947.32,3982.9,964.42
O101392,C10054,P1051,2025-10-30,2,0.0,18.53,Net Banking,Delivered,3086.44,2233.31,6172.88,4466.62,1706.26
O101393,C10777,P1005,2025-08-30,4,0.0,140.47,Net Banking,Delivered,47571.0,27164.82,190284.0,108659.28,81624.72
O101394,C10793,P1097,2026-04-18,1,0.05,5.01,Credit Card,Delivered,371.34,245.76,352.77,245.76,107.01
O101395,C10875,P1141,2026-05-29,2,0.0,2.25,Credit Card,Delivered,913.93,756.89,1827.86,1513.78,314.08
O101396,C10242,P1095,2026-03-13,2,0.2,93.0,Debit Card,Delivered,561.33,353.29,898.13,706.58,191.55
O101397,C10895,P1015,2025-09-23,3,0.15,92.76,Credit Card,Delivered,13194.79,8050.63,33646.71,24151.89,9494.82
O101398,C11206,P1003,2026-02-17,1,0.0,146.06,Credit Card,Delivered,31454.08,19066.44,31454.08,19066.44,12387.64
O101399,C11542,P1138,2025-11-27,1,0.2,8.39,Net Banking,Delivered,1859.8,1352.45,1487.84,1352.45,135.39
O101400,C11643,P1004,2025-10-19,1,0.1,147.51,Credit Card,Shipped,60509.53,40979.28,54458.58,40979.28,13479.3
O101401,C10157,P1015,2026-07-13,4,0.15,148.59,Credit Card,Delivered,13194.79,8050.63,44862.29,32202.52,12659.77
O101402,C10579,P1012,2026-05-04,1,0.15,50.89,Debit Card,Delivered,25370.06,18838.89,21564.55,18838.89,2725.66
O101403,C11342,P1063,2025-11-22,2,0.15,33.25,Debit Card,Delivered,6336.48,4060.59,10772.02,8121.18,2650.84
O101404,C10815,P1123,2025-09-19,1,0.0,30.27,UPI,Delivered,877.39,667.5,877.39,667.5,209.89
O101405,C10157,P1065,2026-01-10,4,0.0,55.64,Net Banking,Delivered,1517.88,1218.22,6071.52,4872.88,1198.64
O101406,C11445,P1092,2026-08-20,2,0.1,61.17,Credit Card,Delivered,1913.34,1155.43,3444.01,2310.86,1133.15
O101407,C10620,P1094,2025-12-19,1,0.0,35.01,Net Banking,Delivered,1847.54,1150.18,1847.54,1150.18,697.36
O101408,C11339,P1063,2025-12-22,1,0.0,32.25,Net Banking,Returned,6336.48,4060.59,6336.48,4060.59,2275.89
O101409,C10654,P1139,2025-11-09,1,0.0,135.86,Net Banking,Delivered,451.27,274.75,451.27,274.75,176.52
O101410,C10710,P1106,2025-11-08,1,0.0,48.71,Net Banking,Delivered,3820.64,2143.04,3820.64,2143.04,1677.6
O101411,C10161,P1053,2026-02-06,2,0.0,77.64,Credit Card,Cancelled,922.36,543.78,1844.72,1087.56,757.16
O101412,C11067,P1060,2025-12-28,2,0.0,97.29,Debit Card,Shipped,887.63,507.33,1775.26,1014.66,760.6
O101413,C10432,P1032,2026-04-24,2,0.05,85.09,Debit Card,Shipped,1643.06,925.34,3121.81,1850.68,1271.13
O101414,C11614,P1037,2026-04-27,1,0.05,52.52,UPI,Pending,1816.37,1116.6,1725.55,1116.6,608.95
O101415,C11431,P1113,2025-10-12,1,0.0,3.91,COD,Pending,3031.82,2160.62,3031.82,2160.62,871.2
O101416,C10044,P1128,2026-02-20,4,0.0,101.68,UPI,Delivered,1654.17,1108.55,6616.68,4434.2,2182.48
O101417,C11205,P1099,2026-08-11,1,0.2,97.83,Debit Card,Cancelled,482.66,272.31,386.13,272.31,113.82
O101418,C10174,P1016,2025-09-13,2,0.0,120.27,Debit Card,Cancelled,23119.64,19111.02,46239.28,38222.04,8017.24
O101419,C10787,P1127,2026-05-14,4,0.15,63.84,UPI,Cancelled,2406.08,1554.9,8180.67,6219.6,1961.07
O101420,C10788,P1114,2026-08-06,2,0.0,91.29,UPI,Delivered,1562.14,1189.51,3124.28,2379.02,745.26
O101421,C10777,P1048,2026-01-29,2,0.0,48.27,COD,Delivered,714.29,437.46,1428.58,874.92,553.66
O101422,C11353,P1079,2026-04-05,4,0.0,31.5,UPI,Delivered,926.66,604.47,3706.64,2417.88,1288.76
O101423,C10713,P1007,2025-11-10,1,0.0,138.94,Net Banking,Shipped,7227.26,4548.11,7227.26,4548.11,2679.15
O101424,C10689,P1068,2025-10-05,2,0.0,90.28,Net Banking,Delivered,8864.37,5516.76,17728.74,11033.52,6695.22
O101425,C10057,P1088,2026-02-27,4,0.0,79.06,Net Banking,Delivered,1116.94,867.28,4467.76,3469.12,998.64
O101426,C10876,P1015,2025-12-30,3,0.1,47.58,UPI,Delivered,13194.79,8050.63,35625.93,24151.89,11474.04
O101427,C11951,P1074,2025-09-16,2,0.1,111.8,Net Banking,Delivered,1038.89,634.94,1870.0,1269.88,600.12
O101428,C11173,P1146,2026-06-16,3,0.15,148.1,Net Banking,Delivered,1033.25,584.92,2634.79,1754.76,880.03
O101429,C11967,P1098,2026-04-19,1,0.05,90.42,COD,Shipped,298.55,229.91,283.62,229.91,53.71
O101430,C11894,P1061,2026-05-21,2,0.1,110.98,Credit Card,Returned,3373.53,1885.35,6072.35,3770.7,2301.65
O101431,C10575,P1071,2025-09-16,3,0.15,52.4,UPI,Pending,5179.24,2939.06,13207.06,8817.18,4389.88
O101432,C11580,P1139,2026-07-11,1,0.1,42.04,Debit Card,Delivered,451.27,274.75,406.14,274.75,131.39
O101433,C10809,P1010,2026-05-05,2,0.1,118.65,Net Banking,Delivered,9031.61,6794.04,16256.9,13588.08,2668.82
O101434,C10551,P1065,2026-05-22,2,0.0,76.31,Net Banking,Delivered,1517.88,1218.22,3035.76,2436.44,599.32
O101435,C10629,P1146,2026-03-10,1,0.0,39.08,Debit Card,Cancelled,1033.25,584.92,1033.25,584.92,448.33
O101436,C11736,P1046,2025-10-21,2,0.2,46.35,COD,Delivered,4835.09,3320.63,7736.14,6641.26,1094.88
O101437,C10901,P1003,2025-09-07,4,0.1,108.46,COD,Delivered,31454.08,19066.44,113234.69,76265.76,36968.93
O101438,C10735,P1123,2025-11-17,4,0.1,104.53,Net Banking,Delivered,877.39,667.5,3158.6,2670.0,488.6
O101439,C10120,P1149,2026-04-28,2,0.0,135.83,UPI,Delivered,1265.06,835.13,2530.12,1670.26,859.86
O101440,C11250,P1142,2026-05-06,4,0.05,10.18,Debit Card,Pending,1618.71,996.37,6151.1,3985.48,2165.62
O101441,C10903,P1047,2026-07-07,1,0.0,74.11,Debit Card,Shipped,4008.04,3183.54,4008.04,3183.54,824.5
O101442,C10566,P1067,2026-05-07,2,0.05,89.49,COD,Delivered,6227.25,3828.72,11831.78,7657.44,4174.34
O101443,C11291,P1045,2026-08-07,1,0.15,108.53,Credit Card,Cancelled,1149.36,712.41,976.96,712.41,264.55
O101444,C11344,P1013,2026-05-31,4,0.15,107.3,Credit Card,Delivered,52895.62,37136.59,179845.11,148546.36,31298.75
O101445,C10079,P1048,2026-06-23,4,0.2,145.06,Net Banking,Cancelled,714.29,437.46,2285.73,1749.84,535.89
O101446,C11188,P1082,2026-03-26,1,0.0,94.79,UPI,Delivered,2274.24,1299.56,2274.24,1299.56,974.68
O101447,C10467,P1016,2026-01-24,3,0.0,43.23,Debit Card,Pending,23119.64,19111.02,69358.92,57333.06,12025.86
O101448,C10034,P1091,2026-02-11,4,0.05,54.71,Net Banking,Delivered,722.91,529.78,2747.06,2119.12,627.94
O101449,C11230,P1061,2025-11-17,4,0.0,26.36,Debit Card,Delivered,3373.53,1885.35,13494.12,7541.4,5952.72
O101450,C11039,P1114,2025-12-29,3,0.1,59.4,UPI,Delivered,1562.14,1189.51,4217.78,3568.53,649.25
O101451,C10486,P1053,2026-04-22,1,0.2,80.68,Debit Card,Delivered,922.36,543.78,737.89,543.78,194.11
O101452,C11699,P1107,2026-03-15,3,0.0,89.65,UPI,Delivered,3347.45,2456.75,10042.35,7370.25,2672.1
O101453,C11794,P1073,2026-06-13,2,0.15,54.24,Credit Card,Delivered,1405.49,1138.4,2389.33,2276.8,112.53
O101454,C11244,P1093,2026-05-31,2,0.0,142.68,Debit Card,Pending,1288.82,1004.22,2577.64,2008.44,569.2
O101455,C11838,P1096,2025-12-06,2,0.15,123.11,COD,Pending,1066.34,728.57,1812.78,1457.14,355.64
O101456,C10603,P1008,2025-08-30,4,0.0,117.91,Credit Card,Delivered,51750.03,32987.78,207000.12,131951.12,75049.0
O101457,C10596,P1039,2025-08-22,2,0.1,144.84,Net Banking,Delivered,3010.98,2323.83,5419.76,4647.66,772.1
O101458,C11248,P1055,2026-08-10,2,0.0,114.97,Debit Card,Delivered,6934.45,4043.27,13868.9,8086.54,5782.36
O101459,C11600,P1131,2026-08-20,1,0.2,89.66,Net Banking,Delivered,355.98,201.63,284.78,201.63,83.15
O101460,C11925,P1056,2026-04-08,3,0.0,0.78,COD,Cancelled,1431.57,1192.48,4294.71,3577.44,717.27
O101461,C10067,P1039,2026-03-17,1,0.2,38.65,COD,Shipped,3010.98,2323.83,2408.78,2323.83,84.95
O101462,C11330,P1021,2025-10-06,3,0.2,77.79,UPI,Pending,15455.38,11592.94,37092.91,34778.82,2314.09
O101463,C10460,P1145,2026-05-31,3,0.0,110.24,Net Banking,Pending,2714.68,1805.11,8144.04,5415.33,2728.71
O101464,C11291,P1141,2026-06-23,2,0.0,129.58,COD,Delivered,913.93,756.89,1827.86,1513.78,314.08
O101465,C10249,P1136,2026-02-26,3,0.0,135.24,UPI,Delivered,509.62,289.55,1528.86,868.65,660.21
O101466,C11351,P1135,2026-05-19,2,0.1,79.29,Net Banking,Delivered,311.53,199.73,560.75,399.46,161.29
O101467,C10552,P1050,2025-08-22,4,0.15,121.74,Net Banking,Delivered,802.78,481.82,2729.45,1927.28,802.17
O101468,C10500,P1085,2026-02-03,1,0.0,0.19,Credit Card,Shipped,229.52,181.34,229.52,181.34,48.18
O101469,C10742,P1060,2026-03-18,2,0.05,146.48,COD,Delivered,887.63,507.33,1686.5,1014.66,671.84
O101470,C11992,P1030,2025-09-16,2,0.0,107.72,Credit Card,Delivered,2098.13,1548.88,4196.26,3097.76,1098.5
O101471,C11962,P1105,2026-05-22,1,0.15,57.23,Debit Card,Delivered,5921.43,3427.44,5033.22,3427.44,1605.78
O101472,C11148,P1130,2026-08-10,2,0.0,4.04,UPI,Returned,1664.71,1119.11,3329.42,2238.22,1091.2
O101473,C11339,P1124,2025-09-02,2,0.05,146.97,Net Banking,Delivered,4401.73,2791.05,8363.29,5582.1,2781.19
O101474,C11611,P1108,2026-08-17,3,0.0,72.41,Credit Card,Delivered,2697.81,2207.0,8093.43,6621.0,1472.43
O101475,C11694,P1033,2026-03-26,1,0.0,89.96,Net Banking,Delivered,4333.28,2734.68,4333.28,2734.68,1598.6
O101476,C11863,P1105,2026-02-28,1,0.0,91.82,Net Banking,Delivered,5921.43,3427.44,5921.43,3427.44,2493.99
O101477,C11241,P1067,2026-08-16,4,0.15,34.34,Debit Card,Delivered,6227.25,3828.72,21172.65,15314.88,5857.77
O101478,C10242,P1021,2025-08-21,1,0.0,18.58,COD,Delivered,15455.38,11592.94,15455.38,11592.94,3862.44
O101479,C10304,P1148,2026-03-03,1,0.05,15.4,COD,Delivered,884.97,623.21,840.72,623.21,217.51
O101480,C11583,P1051,2026-04-07,3,0.15,133.05,Credit Card,Cancelled,3086.44,2233.31,7870.42,6699.93,1170.49
O101481,C10032,P1043,2025-11-09,4,0.0,29.61,UPI,Delivered,2304.37,1753.37,9217.48,7013.48,2204.0
O101482,C11568,P1142,2026-04-19,1,0.0,34.8,COD,Shipped,1618.71,996.37,1618.71,996.37,622.34
O101483,C10259,P1009,2025-09-26,4,0.2,57.29,COD,Delivered,33080.16,21064.69,105856.51,84258.76,21597.75
O101484,C10342,P1019,2026-08-08,1,0.0,76.5,Credit Card,Delivered,53480.6,38132.5,53480.6,38132.5,15348.1
O101485,C11085,P1100,2026-02-14,1,0.2,33.18,COD,Delivered,664.62,470.32,531.7,470.32,61.38
O101486,C10824,P1143,2026-08-14,2,0.0,64.41,Credit Card,Delivered,2676.13,1712.63,5352.26,3425.26,1927.0
O101487,C10244,P1087,2025-09-04,1,0.0,128.51,Debit Card,Delivered,1693.9,1011.65,1693.9,1011.65,682.25
O101488,C11263,P1028,2026-01-08,4,0.0,87.6,UPI,Delivered,5009.89,3386.66,20039.56,13546.64,6492.92
O101489,C11886,P1091,2025-12-11,1,0.05,1.85,COD,Returned,722.91,529.78,686.76,529.78,156.98
O101490,C11292,P1116,2025-10-22,1,0.0,9.27,COD,Delivered,1503.58,846.7,1503.58,846.7,656.88
O101491,C10978,P1035,2026-01-08,1,0.0,107.95,Credit Card,Shipped,3107.6,2368.57,3107.6,2368.57,739.03
O101492,C11208,P1131,2026-06-13,2,0.2,64.05,UPI,Delivered,355.98,201.63,569.57,403.26,166.31
O101493,C10016,P1095,2025-08-26,2,0.0,32.56,COD,Delivered,561.33,353.29,1122.66,706.58,416.08
O101494,C10899,P1046,2026-04-21,2,0.0,79.47,Net Banking,Shipped,4835.09,3320.63,9670.18,6641.26,3028.92
O101495,C10573,P1025,2025-11-20,3,0.0,34.16,Credit Card,Delivered,29530.29,19324.99,88590.87,57974.97,30615.9
O101496,C10699,P1013,2026-02-06,2,0.2,17.34,Net Banking,Delivered,52895.62,37136.59,84632.99,74273.18,10359.81
O101497,C11076,P1149,2025-12-03,4,0.15,125.83,Net Banking,Cancelled,1265.06,835.13,4301.2,3340.52,960.68
O101498,C10874,P1074,2026-06-13,1,0.15,31.23,Debit Card,Delivered,1038.89,634.94,883.06,634.94,248.12
O101499,C11551,P1046,2026-07-30,2,0.15,111.85,Credit Card,Delivered,4835.09,3320.63,8219.65,6641.26,1578.39
O101500,C11936,P1054,2026-05-24,1,0.0,27.17,COD,Delivered,5995.19,3653.27,5995.19,3653.27,2341.92
O101501,C11178,P1081,2026-08-14,1,0.0,86.07,UPI,Delivered,2172.75,1311.33,2172.75,1311.33,861.42
O101502,C10340,P1031,2026-02-12,2,0.15,115.36,Debit Card,Delivered,1495.17,843.81,2541.79,1687.62,854.17
O101503,C10899,P1058,2026-07-20,2,0.0,71.83,Credit Card,Delivered,1139.13,868.45,2278.26,1736.9,541.36
O101504,C11880,P1067,2025-11-25,1,0.0,35.24,Net Banking,Shipped,6227.25,3828.72,6227.25,3828.72,2398.53
O101505,C11894,P1060,2026-06-03,1,0.15,38.42,Debit Card,Delivered,887.63,507.33,754.49,507.33,247.16
O101506,C10424,P1142,2025-12-23,3,0.1,9.35,Net Banking,Shipped,1618.71,996.37,4370.52,2989.11,1381.41
O101507,C10057,P1011,2026-06-08,1,0.0,96.21,Net Banking,Delivered,18237.69,11700.82,18237.69,11700.82,6536.87
O101508,C10400,P1002,2025-09-06,4,0.05,50.62,COD,Cancelled,64458.4,38857.64,244941.92,155430.56,89511.36
O101509,C10053,P1095,2026-01-28,1,0.2,87.66,Credit Card,Delivered,561.33,353.29,449.06,353.29,95.77
O101510,C11942,P1147,2026-08-06,2,0.1,79.7,COD,Shipped,834.22,686.19,1501.6,1372.38,129.22
O101511,C11067,P1033,2026-06-01,3,0.1,57.41,COD,Delivered,4333.28,2734.68,11699.86,8204.04,3495.82
O101512,C10225,P1031,2026-07-15,2,0.1,34.48,COD,Returned,1495.17,843.81,2691.31,1687.62,1003.69
O101513,C11011,P1068,2025-12-06,2,0.15,1.02,UPI,Cancelled,8864.37,5516.76,15069.43,11033.52,4035.91
O101514,C10571,P1030,2026-01-14,1,0.2,130.27,Debit Card,Shipped,2098.13,1548.88,1678.5,1548.88,129.62
O101515,C11525,P1057,2025-11-08,1,0.2,47.57,UPI,Delivered,4847.14,3432.05,3877.71,3432.05,445.66
O101516,C11039,P1086,2026-08-21,3,0.05,127.69,Debit Card,Delivered,316.01,223.96,900.63,671.88,228.75
O101517,C11507,P1132,2026-01-27,1,0.2,99.84,UPI,Delivered,1045.48,772.39,836.38,772.39,63.99
O101518,C10645,P1010,2026-02-01,4,0.0,63.35,COD,Delivered,9031.61,6794.04,36126.44,27176.16,8950.28
O101519,C11445,P1134,2025-08-30,1,0.05,20.4,Debit Card,Delivered,299.83,242.36,284.84,242.36,42.48
O101520,C11144,P1010,2026-04-25,2,0.0,106.71,UPI,Delivered,9031.61,6794.04,18063.22,13588.08,4475.14
O101521,C11201,P1097,2026-06-11,1,0.1,106.93,Credit Card,Delivered,371.34,245.76,334.21,245.76,88.45
O101522,C10544,P1121,2026-01-22,1,0.15,14.23,Credit Card,Delivered,1135.94,710.5,965.55,710.5,255.05
O101523,C10384,P1128,2026-06-06,3,0.05,50.89,Debit Card,Delivered,1654.17,1108.55,4714.38,3325.65,1388.73
O101524,C11301,P1023,2026-05-12,1,0.15,109.24,Net Banking,Cancelled,54514.7,32908.14,46337.5,32908.14,13429.36
O101525,C11535,P1055,2025-12-11,2,0.0,110.21,UPI,Delivered,6934.45,4043.27,13868.9,8086.54,5782.36
O101526,C11005,P1143,2026-03-13,1,0.2,86.78,Net Banking,Delivered,2676.13,1712.63,2140.9,1712.63,428.27
O101527,C10365,P1010,2026-07-19,3,0.0,128.37,COD,Delivered,9031.61,6794.04,27094.83,20382.12,6712.71
O101528,C11257,P1098,2026-05-20,4,0.2,28.96,Net Banking,Delivered,298.55,229.91,955.36,919.64,35.72
O101529,C10715,P1124,2025-10-05,1,0.2,67.39,Net Banking,Delivered,4401.73,2791.05,3521.38,2791.05,730.33
O101530,C10369,P1077,2026-03-23,1,0.05,119.71,Credit Card,Cancelled,206.69,134.91,196.36,134.91,61.45
O101531,C11369,P1125,2025-08-28,4,0.0,107.69,COD,Shipped,2435.61,1942.11,9742.44,7768.44,1974.0
O101532,C10804,P1092,2026-01-20,2,0.0,80.18,Net Banking,Delivered,1913.34,1155.43,3826.68,2310.86,1515.82
O101533,C10198,P1057,2026-02-06,1,0.0,81.8,UPI,Pending,4847.14,3432.05,4847.14,3432.05,1415.09
O101534,C11837,P1074,2026-02-21,1,0.15,97.42,COD,Pending,1038.89,634.94,883.06,634.94,248.12
O101535,C10667,P1064,2026-06-23,1,0.0,17.32,COD,Delivered,4942.18,3929.49,4942.18,3929.49,1012.69
O101536,C10952,P1082,2025-08-23,4,0.2,138.35,UPI,Delivered,2274.24,1299.56,7277.57,5198.24,2079.33
O101537,C10816,P1033,2026-03-23,1,0.05,65.46,COD,Cancelled,4333.28,2734.68,4116.62,2734.68,1381.94
O101538,C11770,P1126,2025-11-23,1,0.1,53.52,Net Banking,Delivered,1404.7,995.08,1264.23,995.08,269.15
O101539,C10481,P1008,2025-11-12,1,0.0,39.09,Debit Card,Delivered,51750.03,32987.78,51750.03,32987.78,18762.25
O101540,C10441,P1105,2026-01-15,2,0.0,24.44,UPI,Delivered,5921.43,3427.44,11842.86,6854.88,4987.98
O101541,C10662,P1067,2026-03-15,2,0.0,40.63,Debit Card,Delivered,6227.25,3828.72,12454.5,7657.44,4797.06
O101542,C11657,P1114,2026-03-01,2,0.05,73.91,COD,Delivered,1562.14,1189.51,2968.07,2379.02,589.05
O101543,C11869,P1014,2026-01-10,3,0.0,19.6,Debit Card,Delivered,27485.51,19010.32,82456.53,57030.96,25425.57
O101544,C10449,P1087,2026-08-05,1,0.2,105.72,UPI,Delivered,1693.9,1011.65,1355.12,1011.65,343.47
O101545,C10840,P1057,2026-06-03,2,0.0,51.59,Net Banking,Cancelled,4847.14,3432.05,9694.28,6864.1,2830.18
O101546,C11098,P1053,2026-01-04,4,0.0,147.33,UPI,Pending,922.36,543.78,3689.44,2175.12,1514.32
O101547,C11257,P1085,2026-07-07,2,0.2,81.57,Credit Card,Delivered,229.52,181.34,367.23,362.68,4.55
O101548,C10041,P1006,2026-01-15,1,0.0,26.05,COD,Delivered,18739.53,10820.0,18739.53,10820.0,7919.53
O101549,C11444,P1086,2025-12-28,2,0.1,118.06,Debit Card,Shipped,316.01,223.96,568.82,447.92,120.9
O101550,C11133,P1017,2026-02-25,4,0.1,90.22,UPI,Delivered,68434.16,40506.57,246362.98,162026.28,84336.7
O101551,C10742,P1138,2026-03-07,3,0.2,103.63,Credit Card,Pending,1859.8,1352.45,4463.52,4057.35,406.17
O101552,C11717,P1138,2025-09-14,4,0.15,41.27,COD,Cancelled,1859.8,1352.45,6323.32,5409.8,913.52
O101553,C10470,P1075,2025-10-28,1,0.0,29.72,Credit Card,Returned,6257.58,4866.0,6257.58,4866.0,1391.58
O101554,C10679,P1106,2025-11-07,1,0.05,20.34,Credit Card,Delivered,3820.64,2143.04,3629.61,2143.04,1486.57
O101555,C10510,P1004,2026-02-24,2,0.1,4.03,UPI,Cancelled,60509.53,40979.28,108917.15,81958.56,26958.59
O101556,C11547,P1135,2025-09-28,1,0.0,28.78,UPI,Delivered,311.53,199.73,311.53,199.73,111.8
O101557,C11621,P1125,2026-06-03,4,0.2,33.31,UPI,Delivered,2435.61,1942.11,7793.95,7768.44,25.51
O101558,C10618,P1007,2025-12-09,3,0.0,56.08,Credit Card,Delivered,7227.26,4548.11,21681.78,13644.33,8037.45
O101559,C11410,P1064,2026-05-28,2,0.1,54.69,UPI,Delivered,4942.18,3929.49,8895.92,7858.98,1036.94
O101560,C10254,P1097,2026-06-03,2,0.1,72.31,COD,Delivered,371.34,245.76,668.41,491.52,176.89
O101561,C11517,P1070,2026-01-05,3,0.2,43.48,UPI,Delivered,2608.79,2169.26,6261.1,6507.78,-246.68
O101562,C11034,P1107,2026-03-17,2,0.1,123.01,UPI,Delivered,3347.45,2456.75,6025.41,4913.5,1111.91
O101563,C11701,P1139,2025-08-31,2,0.1,131.86,Net Banking,Returned,451.27,274.75,812.29,549.5,262.79
O101564,C10196,P1101,2026-08-17,1,0.0,118.01,Credit Card,Cancelled,2706.0,1556.11,2706.0,1556.11,1149.89
O101565,C11760,P1080,2026-08-12,2,0.1,77.09,Debit Card,Delivered,287.38,222.33,517.28,444.66,72.62
O101566,C11523,P1006,2026-03-04,1,0.15,91.63,Debit Card,Delivered,18739.53,10820.0,15928.6,10820.0,5108.6
O101567,C10416,P1026,2026-04-22,2,0.1,67.25,Debit Card,Pending,5590.52,3241.08,10062.94,6482.16,3580.78
O101568,C11181,P1121,2025-09-07,1,0.2,106.76,COD,Delivered,1135.94,710.5,908.75,710.5,198.25
O101569,C10191,P1057,2025-12-27,1,0.15,124.0,COD,Delivered,4847.14,3432.05,4120.07,3432.05,688.02
O101570,C10990,P1073,2026-07-10,4,0.05,3.36,Net Banking,Delivered,1405.49,1138.4,5340.86,4553.6,787.26
O101571,C10784,P1005,2026-05-25,2,0.0,48.06,COD,Shipped,47571.0,27164.82,95142.0,54329.64,40812.36
O101572,C11949,P1096,2025-09-09,1,0.1,136.94,Net Banking,Delivered,1066.34,728.57,959.71,728.57,231.14
O101573,C10927,P1058,2026-04-27,1,0.0,137.75,Net Banking,Pending,1139.13,868.45,1139.13,868.45,270.68
O101574,C10814,P1060,2026-07-01,1,0.0,35.91,COD,Delivered,887.63,507.33,887.63,507.33,380.3
O101575,C11154,P1028,2026-06-26,2,0.0,58.86,Debit Card,Delivered,5009.89,3386.66,10019.78,6773.32,3246.46
O101576,C11659,P1022,2026-05-25,1,0.1,91.82,UPI,Delivered,8340.38,5227.15,7506.34,5227.15,2279.19
O101577,C10426,P1126,2026-02-11,3,0.0,12.88,Net Banking,Delivered,1404.7,995.08,4214.1,2985.24,1228.86
O101578,C10290,P1104,2026-05-11,3,0.0,19.91,Net Banking,Cancelled,3475.03,2469.25,10425.09,7407.75,3017.34
O101579,C11072,P1146,2025-10-13,4,0.0,119.61,Credit Card,Delivered,1033.25,584.92,4133.0,2339.68,1793.32
O101580,C11011,P1065,2026-07-21,4,0.0,86.14,COD,Delivered,1517.88,1218.22,6071.52,4872.88,1198.64
O101581,C10692,P1039,2026-07-03,1,0.0,40.06,UPI,Delivered,3010.98,2323.83,3010.98,2323.83,687.15
O101582,C11158,P1105,2026-01-02,1,0.15,21.67,UPI,Delivered,5921.43,3427.44,5033.22,3427.44,1605.78
O101583,C10429,P1144,2026-03-05,2,0.1,103.06,COD,Delivered,2601.04,1801.4,4681.87,3602.8,1079.07
O101584,C10642,P1061,2026-08-16,1,0.0,136.18,Debit Card,Delivered,3373.53,1885.35,3373.53,1885.35,1488.18
O101585,C10990,P1132,2026-01-14,2,0.0,98.95,Net Banking,Cancelled,1045.48,772.39,2090.96,1544.78,546.18
O101586,C11502,P1021,2026-02-04,1,0.2,71.57,UPI,Delivered,15455.38,11592.94,12364.3,11592.94,771.36
O101587,C10159,P1097,2025-12-23,2,0.15,10.89,Credit Card,Shipped,371.34,245.76,631.28,491.52,139.76
O101588,C10332,P1134,2026-02-02,3,0.15,18.96,UPI,Delivered,299.83,242.36,764.57,727.08,37.49
O101589,C10897,P1030,2025-10-22,1,0.0,42.01,UPI,Returned,2098.13,1548.88,2098.13,1548.88,549.25
O101590,C11015,P1044,2026-01-09,1,0.0,92.7,Net Banking,Delivered,1399.41,917.62,1399.41,917.62,481.79
O101591,C11534,P1141,2025-12-16,1,0.1,130.41,COD,Delivered,913.93,756.89,822.54,756.89,65.65
O101592,C10608,P1031,2025-10-23,1,0.2,68.79,COD,Pending,1495.17,843.81,1196.14,843.81,352.33
O101593,C11475,P1070,2026-04-22,1,0.0,5.53,Net Banking,Delivered,2608.79,2169.26,2608.79,2169.26,439.53
O101594,C11822,P1096,2025-09-07,2,0.0,139.54,Net Banking,Delivered,1066.34,728.57,2132.68,1457.14,675.54
O101595,C10290,P1075,2026-06-16,3,0.05,145.21,Net Banking,Delivered,6257.58,4866.0,17834.1,14598.0,3236.1
O101596,C11645,P1096,2025-12-26,1,0.05,41.52,Net Banking,Delivered,1066.34,728.57,1013.02,728.57,284.45
O101597,C10967,P1119,2026-04-10,1,0.1,132.85,Credit Card,Returned,5211.2,3497.26,4690.08,3497.26,1192.82
O101598,C11899,P1035,2025-11-06,2,0.0,98.7,Credit Card,Delivered,3107.6,2368.57,6215.2,4737.14,1478.06
O101599,C11699,P1122,2026-03-15,1,0.2,96.36,UPI,Delivered,588.59,431.08,470.87,431.08,39.79
O101600,C10368,P1039,2026-07-17,4,0.05,19.82,COD,Delivered,3010.98,2323.83,11441.72,9295.32,2146.4
O101601,C10012,P1080,2026-04-22,4,0.0,42.76,Credit Card,Delivered,287.38,222.33,1149.52,889.32,260.2
O101602,C10193,P1138,2026-03-09,2,0.2,8.17,COD,Delivered,1859.8,1352.45,2975.68,2704.9,270.78
O101603,C10126,P1120,2025-12-30,1,0.15,50.97,Net Banking,Delivered,3318.56,2380.1,2820.78,2380.1,440.68
O101604,C10718,P1144,2026-03-05,3,0.05,39.65,Credit Card,Delivered,2601.04,1801.4,7412.96,5404.2,2008.76
O101605,C10029,P1050,2025-12-15,1,0.0,23.65,Debit Card,Delivered,802.78,481.82,802.78,481.82,320.96
O101606,C11867,P1110,2025-09-03,2,0.2,86.31,Net Banking,Shipped,2315.13,1504.12,3704.21,3008.24,695.97
O101607,C10753,P1104,2025-10-02,2,0.2,106.26,Debit Card,Delivered,3475.03,2469.25,5560.05,4938.5,621.55
O101608,C11314,P1052,2026-01-08,1,0.0,41.42,UPI,Delivered,2039.08,1134.33,2039.08,1134.33,904.75
O101609,C10211,P1056,2025-12-20,2,0.1,115.51,Debit Card,Delivered,1431.57,1192.48,2576.83,2384.96,191.87
O101610,C11155,P1027,2026-02-12,2,0.2,123.51,Credit Card,Shipped,5526.19,3231.39,8841.9,6462.78,2379.12
O101611,C11203,P1099,2026-01-21,1,0.0,25.42,Debit Card,Delivered,482.66,272.31,482.66,272.31,210.35
O101612,C11748,P1071,2025-09-23,3,0.15,137.07,Net Banking,Delivered,5179.24,2939.06,13207.06,8817.18,4389.88
O101613,C10970,P1054,2026-07-19,4,0.05,126.05,Credit Card,Delivered,5995.19,3653.27,22781.72,14613.08,8168.64
O101614,C10475,P1056,2025-12-08,4,0.05,123.42,UPI,Returned,1431.57,1192.48,5439.97,4769.92,670.05
O101615,C11260,P1038,2025-12-08,2,0.1,11.88,Credit Card,Delivered,3530.81,2400.64,6355.46,4801.28,1554.18
O101616,C11792,P1001,2025-10-13,4,0.2,63.87,Debit Card,Delivered,38372.92,26874.96,122793.34,107499.84,15293.5
O101617,C11987,P1014,2026-01-16,1,0.05,56.84,Credit Card,Delivered,27485.51,19010.32,26111.23,19010.32,7100.91
O101618,C10901,P1109,2025-12-29,2,0.2,9.41,COD,Delivered,4331.81,3435.6,6930.9,6871.2,59.7
O101619,C11025,P1031,2026-03-01,1,0.0,82.41,Credit Card,Delivered,1495.17,843.81,1495.17,843.81,651.36
O101620,C10773,P1099,2026-06-06,3,0.0,5.17,COD,Delivered,482.66,272.31,1447.98,816.93,631.05
O101621,C11718,P1134,2026-02-19,1,0.2,2.13,Debit Card,Delivered,299.83,242.36,239.86,242.36,-2.5
O101622,C11809,P1055,2025-11-24,1,0.0,110.75,Credit Card,Pending,6934.45,4043.27,6934.45,4043.27,2891.18
O101623,C11708,P1072,2026-07-11,3,0.2,58.49,Credit Card,Cancelled,2376.29,1589.59,5703.1,4768.77,934.33
O101624,C11148,P1114,2026-07-15,2,0.0,149.98,COD,Delivered,1562.14,1189.51,3124.28,2379.02,745.26
O101625,C10514,P1031,2025-11-01,3,0.2,38.22,Net Banking,Returned,1495.17,843.81,3588.41,2531.43,1056.98
O101626,C11336,P1090,2026-03-05,1,0.0,77.3,Credit Card,Delivered,159.95,116.89,159.95,116.89,43.06
O101627,C10749,P1120,2025-11-10,2,0.15,143.91,Debit Card,Shipped,3318.56,2380.1,5641.55,4760.2,881.35
O101628,C10438,P1144,2025-08-26,3,0.1,88.37,Credit Card,Delivered,2601.04,1801.4,7022.81,5404.2,1618.61
O101629,C10367,P1003,2026-02-27,1,0.15,110.59,Credit Card,Delivered,31454.08,19066.44,26735.97,19066.44,7669.53
O101630,C11078,P1050,2026-05-27,3,0.0,89.25,UPI,Delivered,802.78,481.82,2408.34,1445.46,962.88
O101631,C10673,P1025,2026-04-06,2,0.0,30.91,Debit Card,Returned,29530.29,19324.99,59060.58,38649.98,20410.6
O101632,C11030,P1004,2026-06-22,1,0.2,69.22,Net Banking,Delivered,60509.53,40979.28,48407.62,40979.28,7428.34
O101633,C11326,P1071,2025-11-05,1,0.0,29.67,COD,Delivered,5179.24,2939.06,5179.24,2939.06,2240.18
O101634,C11425,P1065,2025-09-28,1,0.0,74.46,Debit Card,Delivered,1517.88,1218.22,1517.88,1218.22,299.66
O101635,C11989,P1147,2025-10-16,3,0.05,148.9,UPI,Cancelled,834.22,686.19,2377.53,2058.57,318.96
O101636,C11900,P1121,2025-10-28,2,0.0,89.91,Net Banking,Delivered,1135.94,710.5,2271.88,1421.0,850.88
O101637,C11005,P1045,2026-08-21,4,0.2,97.18,COD,Shipped,1149.36,712.41,3677.95,2849.64,828.31
O101638,C11327,P1140,2026-06-21,3,0.15,20.13,UPI,Delivered,436.07,348.48,1111.98,1045.44,66.54
O101639,C10060,P1040,2026-07-08,1,0.0,13.43,Credit Card,Cancelled,3344.13,2454.65,3344.13,2454.65,889.48
O101640,C10270,P1022,2026-01-26,2,0.0,33.56,COD,Cancelled,8340.38,5227.15,16680.76,10454.3,6226.46
O101641,C10245,P1015,2026-01-22,4,0.0,122.84,COD,Delivered,13194.79,8050.63,52779.16,32202.52,20576.64
O101642,C10128,P1081,2026-07-09,3,0.1,23.11,UPI,Cancelled,2172.75,1311.33,5866.43,3933.99,1932.44
O101643,C10569,P1050,2026-05-10,1,0.15,96.34,Net Banking,Shipped,802.78,481.82,682.36,481.82,200.54
O101644,C10682,P1082,2026-04-17,1,0.0,70.9,Credit Card,Returned,2274.24,1299.56,2274.24,1299.56,974.68
O101645,C11202,P1094,2025-12-23,2,0.05,47.12,Net Banking,Delivered,1847.54,1150.18,3510.33,2300.36,1209.97
O101646,C11361,P1104,2025-11-16,1,0.0,90.48,COD,Cancelled,3475.03,2469.25,3475.03,2469.25,1005.78
O101647,C11372,P1016,2026-05-16,4,0.0,109.67,UPI,Delivered,23119.64,19111.02,92478.56,76444.08,16034.48
O101648,C11560,P1129,2026-03-06,2,0.15,17.03,Credit Card,Shipped,3364.24,2034.28,5719.21,4068.56,1650.65
O101649,C10172,P1045,2025-12-28,2,0.05,85.86,COD,Delivered,1149.36,712.41,2183.78,1424.82,758.96
O101650,C11247,P1051,2026-02-13,3,0.0,135.93,Net Banking,Delivered,3086.44,2233.31,9259.32,6699.93,2559.39
O101651,C11302,P1001,2026-03-18,4,0.0,31.92,Debit Card,Delivered,38372.92,26874.96,153491.68,107499.84,45991.84
O101652,C10719,P1031,2025-08-22,1,0.0,117.2,Debit Card,Delivered,1495.17,843.81,1495.17,843.81,651.36
O101653,C11713,P1023,2025-11-29,2,0.0,122.1,Net Banking,Returned,54514.7,32908.14,109029.4,65816.28,43213.12
O101654,C10181,P1030,2025-10-24,1,0.0,69.13,UPI,Delivered,2098.13,1548.88,2098.13,1548.88,549.25
O101655,C10177,P1048,2026-01-05,1,0.05,72.02,Debit Card,Delivered,714.29,437.46,678.58,437.46,241.12
O101656,C11978,P1006,2026-02-27,2,0.0,63.68,Credit Card,Shipped,18739.53,10820.0,37479.06,21640.0,15839.06
O101657,C10446,P1096,2026-01-01,4,0.05,137.46,COD,Delivered,1066.34,728.57,4052.09,2914.28,1137.81
O101658,C11484,P1064,2026-02-21,1,0.05,115.32,Debit Card,Cancelled,4942.18,3929.49,4695.07,3929.49,765.58
O101659,C11316,P1049,2026-01-06,1,0.0,39.65,Credit Card,Delivered,4665.92,2735.27,4665.92,2735.27,1930.65
O101660,C10777,P1074,2026-06-06,3,0.0,24.11,Credit Card,Delivered,1038.89,634.94,3116.67,1904.82,1211.85
O101661,C11158,P1081,2025-10-06,1,0.0,150.0,COD,Delivered,2172.75,1311.33,2172.75,1311.33,861.42
O101662,C10386,P1070,2026-08-02,1,0.15,16.22,Credit Card,Delivered,2608.79,2169.26,2217.47,2169.26,48.21
O101663,C10605,P1067,2025-08-27,4,0.1,49.84,COD,Delivered,6227.25,3828.72,22418.1,15314.88,7103.22
O101664,C11004,P1091,2026-05-20,3,0.05,99.26,Net Banking,Delivered,722.91,529.78,2060.29,1589.34,470.95
O101665,C11582,P1134,2026-02-08,1,0.0,109.86,COD,Cancelled,299.83,242.36,299.83,242.36,57.47
O101666,C11408,P1044,2026-02-20,2,0.0,66.57,UPI,Pending,1399.41,917.62,2798.82,1835.24,963.58
O101667,C11199,P1099,2026-08-16,2,0.1,144.67,Credit Card,Delivered,482.66,272.31,868.79,544.62,324.17
O101668,C10432,P1112,2026-05-17,2,0.15,93.23,Debit Card,Delivered,3747.66,3014.85,6371.02,6029.7,341.32
O101669,C11397,P1074,2025-09-01,2,0.0,81.78,Credit Card,Delivered,1038.89,634.94,2077.78,1269.88,807.9
O101670,C11984,P1129,2026-03-29,1,0.0,104.74,Net Banking,Cancelled,3364.24,2034.28,3364.24,2034.28,1329.96
O101671,C11627,P1069,2026-02-11,3,0.15,130.56,UPI,Delivered,717.29,416.98,1829.09,1250.94,578.15
O101672,C10432,P1067,2026-02-24,2,0.1,54.4,Credit Card,Delivered,6227.25,3828.72,11209.05,7657.44,3551.61
O101673,C10065,P1030,2026-04-05,1,0.2,52.77,Net Banking,Delivered,2098.13,1548.88,1678.5,1548.88,129.62
O101674,C10382,P1122,2025-09-11,1,0.05,25.03,Credit Card,Delivered,588.59,431.08,559.16,431.08,128.08
O101675,C10662,P1096,2025-12-05,1,0.0,117.08,Net Banking,Delivered,1066.34,728.57,1066.34,728.57,337.77
O101676,C11206,P1009,2025-11-13,2,0.15,57.44,Debit Card,Delivered,33080.16,21064.69,56236.27,42129.38,14106.89
O101677,C11290,P1092,2026-07-16,1,0.1,13.07,UPI,Delivered,1913.34,1155.43,1722.01,1155.43,566.58
O101678,C10974,P1086,2025-09-30,1,0.0,6.83,Debit Card,Delivered,316.01,223.96,316.01,223.96,92.05
O101679,C10206,P1048,2025-11-23,1,0.15,76.13,Debit Card,Delivered,714.29,437.46,607.15,437.46,169.69
O101680,C10957,P1140,2026-08-07,1,0.15,19.39,Credit Card,Shipped,436.07,348.48,370.66,348.48,22.18
O101681,C10900,P1117,2025-11-02,1,0.05,57.53,Net Banking,Delivered,4152.01,2619.57,3944.41,2619.57,1324.84
O101682,C10891,P1103,2026-08-02,1,0.1,146.42,COD,Cancelled,1864.92,1469.71,1678.43,1469.71,208.72
O101683,C10518,P1096,2026-02-11,2,0.2,79.79,Net Banking,Delivered,1066.34,728.57,1706.14,1457.14,249.0
O101684,C11390,P1103,2025-12-10,1,0.0,16.86,Debit Card,Delivered,1864.92,1469.71,1864.92,1469.71,395.21
O101685,C11903,P1060,2026-04-25,1,0.0,100.69,Net Banking,Delivered,887.63,507.33,887.63,507.33,380.3
O101686,C10873,P1069,2026-07-10,2,0.0,33.17,Net Banking,Delivered,717.29,416.98,1434.58,833.96,600.62
O101687,C10059,P1042,2026-04-10,2,0.2,44.87,Net Banking,Delivered,1907.35,1363.61,3051.76,2727.22,324.54
O101688,C10616,P1135,2026-07-23,2,0.0,128.14,Credit Card,Pending,311.53,199.73,623.06,399.46,223.6
O101689,C11164,P1036,2025-11-23,4,0.2,43.97,Credit Card,Delivered,4558.46,3300.66,14587.07,13202.64,1384.43
O101690,C11615,P1014,2026-07-21,1,0.0,66.0,UPI,Delivered,27485.51,19010.32,27485.51,19010.32,8475.19
O101691,C11569,P1037,2025-09-21,1,0.2,5.5,Debit Card,Delivered,1816.37,1116.6,1453.1,1116.6,336.5
O101692,C10339,P1118,2026-07-10,2,0.1,135.93,UPI,Delivered,4978.89,3068.71,8962.0,6137.42,2824.58
O101693,C10411,P1045,2026-01-16,4,0.0,142.49,Debit Card,Delivered,1149.36,712.41,4597.44,2849.64,1747.8
O101694,C10379,P1061,2026-04-15,2,0.0,53.89,Credit Card,Delivered,3373.53,1885.35,6747.06,3770.7,2976.36
O101695,C11484,P1063,2025-08-25,1,0.2,135.41,Credit Card,Delivered,6336.48,4060.59,5069.18,4060.59,1008.59
O101696,C11732,P1096,2026-08-15,2,0.0,2.72,UPI,Delivered,1066.34,728.57,2132.68,1457.14,675.54
O101697,C10706,P1026,2026-06-15,1,0.0,127.04,COD,Delivered,5590.52,3241.08,5590.52,3241.08,2349.44
O101698,C10808,P1055,2025-11-23,2,0.0,118.6,COD,Delivered,6934.45,4043.27,13868.9,8086.54,5782.36
O101699,C11703,P1119,2026-01-18,2,0.2,21.86,Credit Card,Shipped,5211.2,3497.26,8337.92,6994.52,1343.4
O101700,C10197,P1100,2026-01-06,2,0.2,92.7,Credit Card,Delivered,664.62,470.32,1063.39,940.64,122.75
O101701,C11916,P1035,2025-12-17,2,0.0,135.86,COD,Shipped,3107.6,2368.57,6215.2,4737.14,1478.06
O101702,C11840,P1073,2026-01-03,4,0.15,121.68,COD,Delivered,1405.49,1138.4,4778.67,4553.6,225.07
O101703,C11094,P1019,2025-11-09,2,0.2,44.89,Debit Card,Delivered,53480.6,38132.5,85568.96,76265.0,9303.96
O101704,C11517,P1007,2026-07-11,2,0.1,60.67,Credit Card,Returned,7227.26,4548.11,13009.07,9096.22,3912.85
O101705,C10365,P1061,2026-01-15,2,0.0,147.68,Debit Card,Delivered,3373.53,1885.35,6747.06,3770.7,2976.36
O101706,C11027,P1001,2026-08-21,1,0.05,86.08,Net Banking,Delivered,38372.92,26874.96,36454.27,26874.96,9579.31
O101707,C10816,P1020,2026-01-26,4,0.0,116.79,Credit Card,Delivered,40470.11,25854.79,161880.44,103419.16,58461.28
O101708,C10385,P1012,2026-08-16,1,0.0,48.4,Credit Card,Delivered,25370.06,18838.89,25370.06,18838.89,6531.17
O101709,C10191,P1087,2026-06-03,4,0.0,111.33,COD,Delivered,1693.9,1011.65,6775.6,4046.6,2729.0
O101710,C10872,P1039,2026-05-29,1,0.1,62.29,Debit Card,Delivered,3010.98,2323.83,2709.88,2323.83,386.05
O101711,C11383,P1124,2025-11-30,1,0.2,44.07,UPI,Delivered,4401.73,2791.05,3521.38,2791.05,730.33
O101712,C11956,P1108,2026-06-13,2,0.1,108.93,Credit Card,Delivered,2697.81,2207.0,4856.06,4414.0,442.06
O101713,C11398,P1133,2026-08-03,3,0.05,111.28,UPI,Delivered,3423.67,2098.85,9757.46,6296.55,3460.91
O101714,C10170,P1089,2025-12-16,2,0.0,20.71,UPI,Delivered,1514.99,1072.27,3029.98,2144.54,885.44
O101715,C10829,P1004,2026-08-17,1,0.0,142.15,Credit Card,Delivered,60509.53,40979.28,60509.53,40979.28,19530.25
O101716,C11177,P1130,2025-09-10,2,0.2,7.34,COD,Delivered,1664.71,1119.11,2663.54,2238.22,425.32
O101717,C10024,P1125,2026-01-07,3,0.05,105.29,COD,Delivered,2435.61,1942.11,6941.49,5826.33,1115.16
O101718,C10112,P1078,2026-02-23,4,0.2,86.55,COD,Delivered,1604.45,1009.9,5134.24,4039.6,1094.64
O101719,C11299,P1030,2025-12-31,1,0.1,74.54,Net Banking,Shipped,2098.13,1548.88,1888.32,1548.88,339.44
O101720,C11861,P1116,2025-08-21,3,0.2,85.89,Net Banking,Delivered,1503.58,846.7,3608.59,2540.1,1068.49
O101721,C10970,P1086,2026-02-15,1,0.0,137.25,Net Banking,Pending,316.01,223.96,316.01,223.96,92.05
O101722,C10229,P1046,2025-09-01,1,0.0,105.72,COD,Delivered,4835.09,3320.63,4835.09,3320.63,1514.46
O101723,C10786,P1021,2026-05-17,2,0.0,9.57,Credit Card,Delivered,15455.38,11592.94,30910.76,23185.88,7724.88
O101724,C11942,P1067,2025-11-21,1,0.0,47.57,Credit Card,Delivered,6227.25,3828.72,6227.25,3828.72,2398.53
O101725,C11259,P1117,2026-08-11,2,0.1,33.37,COD,Delivered,4152.01,2619.57,7473.62,5239.14,2234.48
O101726,C10577,P1011,2026-06-17,1,0.05,6.09,UPI,Cancelled,18237.69,11700.82,17325.81,11700.82,5624.99
O101727,C10943,P1094,2026-02-11,1,0.0,119.01,UPI,Returned,1847.54,1150.18,1847.54,1150.18,697.36
O101728,C11406,P1095,2026-05-26,4,0.15,21.36,Debit Card,Delivered,561.33,353.29,1908.52,1413.16,495.36
O101729,C11383,P1076,2026-01-27,2,0.15,148.72,UPI,Delivered,625.33,474.81,1063.06,949.62,113.44
O101730,C10367,P1076,2026-01-22,4,0.1,140.28,Debit Card,Delivered,625.33,474.81,2251.19,1899.24,351.95
O101731,C10915,P1084,2026-02-10,1,0.1,115.74,Debit Card,Delivered,771.46,641.72,694.31,641.72,52.59
O101732,C11221,P1029,2026-02-02,2,0.0,94.88,Debit Card,Shipped,564.96,451.92,1129.92,903.84,226.08
O101733,C11089,P1102,2026-04-11,2,0.05,26.08,Credit Card,Delivered,4370.98,2495.57,8304.86,4991.14,3313.72
O101734,C11096,P1025,2026-08-19,3,0.2,60.24,Credit Card,Shipped,29530.29,19324.99,70872.7,57974.97,12897.73
O101735,C11297,P1127,2025-12-26,2,0.0,39.8,COD,Returned,2406.08,1554.9,4812.16,3109.8,1702.36
O101736,C10708,P1118,2026-03-02,2,0.2,136.72,Net Banking,Delivered,4978.89,3068.71,7966.22,6137.42,1828.8
O101737,C11691,P1135,2026-02-27,4,0.0,100.47,Net Banking,Delivered,311.53,199.73,1246.12,798.92,447.2
O101738,C10157,P1084,2026-08-20,2,0.05,127.61,Debit Card,Delivered,771.46,641.72,1465.77,1283.44,182.33
O101739,C11248,P1026,2026-06-06,1,0.1,74.59,COD,Delivered,5590.52,3241.08,5031.47,3241.08,1790.39
O101740,C11486,P1021,2026-06-22,1,0.1,56.11,Debit Card,Returned,15455.38,11592.94,13909.84,11592.94,2316.9
O101741,C11535,P1078,2026-01-16,1,0.0,63.57,COD,Delivered,1604.45,1009.9,1604.45,1009.9,594.55
O101742,C10377,P1066,2025-09-01,2,0.0,33.72,UPI,Cancelled,6204.32,3462.32,12408.64,6924.64,5484.0
O101743,C10888,P1030,2026-01-11,1,0.0,47.67,Credit Card,Delivered,2098.13,1548.88,2098.13,1548.88,549.25
O101744,C10621,P1132,2026-03-22,2,0.15,16.71,Net Banking,Cancelled,1045.48,772.39,1777.32,1544.78,232.54
O101745,C10500,P1013,2025-11-16,2,0.2,79.24,Debit Card,Delivered,52895.62,37136.59,84632.99,74273.18,10359.81
O101746,C10441,P1112,2025-10-18,4,0.05,96.34,Debit Card,Shipped,3747.66,3014.85,14241.11,12059.4,2181.71
O101747,C11594,P1048,2025-09-01,1,0.15,27.14,Debit Card,Delivered,714.29,437.46,607.15,437.46,169.69
O101748,C10094,P1103,2026-02-23,2,0.05,55.95,Credit Card,Delivered,1864.92,1469.71,3543.35,2939.42,603.93
O101749,C10559,P1002,2025-12-23,2,0.0,116.9,COD,Delivered,64458.4,38857.64,128916.8,77715.28,51201.52
O101750,C11602,P1107,2026-01-27,3,0.0,35.37,Credit Card,Delivered,3347.45,2456.75,10042.35,7370.25,2672.1
O101751,C10948,P1082,2025-11-06,1,0.15,80.99,UPI,Delivered,2274.24,1299.56,1933.1,1299.56,633.54
O101752,C10038,P1084,2025-09-06,1,0.15,115.37,Credit Card,Delivered,771.46,641.72,655.74,641.72,14.02
O101753,C10590,P1118,2026-02-04,2,0.0,129.52,Net Banking,Delivered,4978.89,3068.71,9957.78,6137.42,3820.36
O101754,C11220,P1085,2025-10-31,1,0.0,59.88,Net Banking,Delivered,229.52,181.34,229.52,181.34,48.18
O101755,C11905,P1143,2026-06-08,3,0.2,17.68,UPI,Delivered,2676.13,1712.63,6422.71,5137.89,1284.82
O101756,C10655,P1089,2026-01-11,1,0.0,90.0,COD,Delivered,1514.99,1072.27,1514.99,1072.27,442.72
O101757,C11750,P1128,2026-01-01,1,0.15,65.72,Credit Card,Delivered,1654.17,1108.55,1406.04,1108.55,297.49
O101758,C10349,P1100,2026-04-17,1,0.0,36.14,Debit Card,Delivered,664.62,470.32,664.62,470.32,194.3
O101759,C11354,P1147,2025-09-15,3,0.05,110.77,UPI,Delivered,834.22,686.19,2377.53,2058.57,318.96
O101760,C11150,P1089,2026-01-13,1,0.05,13.78,UPI,Delivered,1514.99,1072.27,1439.24,1072.27,366.97
O101761,C11085,P1095,2025-09-03,2,0.05,68.68,Debit Card,Delivered,561.33,353.29,1066.53,706.58,359.95
O101762,C10646,P1116,2026-02-22,2,0.15,136.63,COD,Delivered,1503.58,846.7,2556.09,1693.4,862.69
O101763,C11280,P1150,2025-11-10,3,0.1,81.22,Credit Card,Delivered,2574.89,1872.1,6952.2,5616.3,1335.9
O101764,C11157,P1111,2026-03-22,4,0.1,43.17,COD,Pending,583.37,467.6,2100.13,1870.4,229.73
O101765,C10048,P1073,2026-03-17,3,0.05,40.08,Net Banking,Shipped,1405.49,1138.4,4005.65,3415.2,590.45
O101766,C10481,P1097,2026-06-30,1,0.2,127.31,Net Banking,Delivered,371.34,245.76,297.07,245.76,51.31
O101767,C11244,P1032,2026-07-24,1,0.0,18.07,UPI,Delivered,1643.06,925.34,1643.06,925.34,717.72
O101768,C10433,P1029,2026-07-19,2,0.0,52.18,Net Banking,Delivered,564.96,451.92,1129.92,903.84,226.08
O101769,C11772,P1041,2026-02-03,2,0.15,141.31,COD,Delivered,1521.85,1173.08,2587.15,2346.16,240.99
O101770,C10721,P1056,2025-12-27,3,0.0,42.18,COD,Returned,1431.57,1192.48,4294.71,3577.44,717.27
O101771,C10572,P1082,2026-02-11,2,0.0,109.13,Debit Card,Delivered,2274.24,1299.56,4548.48,2599.12,1949.36
O101772,C11361,P1082,2025-08-22,1,0.0,146.66,Net Banking,Delivered,2274.24,1299.56,2274.24,1299.56,974.68
O101773,C10804,P1058,2026-07-31,2,0.05,13.89,COD,Delivered,1139.13,868.45,2164.35,1736.9,427.45
O101774,C10951,P1074,2025-09-09,3,0.0,142.89,COD,Delivered,1038.89,634.94,3116.67,1904.82,1211.85
O101775,C11789,P1046,2025-12-11,2,0.2,30.07,COD,Delivered,4835.09,3320.63,7736.14,6641.26,1094.88
O101776,C11091,P1086,2026-01-24,1,0.2,30.23,COD,Delivered,316.01,223.96,252.81,223.96,28.85
O101777,C11400,P1026,2026-03-01,2,0.0,44.2,COD,Delivered,5590.52,3241.08,11181.04,6482.16,4698.88
O101778,C10857,P1108,2026-05-27,1,0.05,33.45,COD,Delivered,2697.81,2207.0,2562.92,2207.0,355.92
O101779,C10060,P1058,2025-11-22,1,0.2,103.97,Credit Card,Delivered,1139.13,868.45,911.3,868.45,42.85
O101780,C11031,P1021,2026-08-09,4,0.15,81.09,Net Banking,Delivered,15455.38,11592.94,52548.29,46371.76,6176.53
O101781,C10838,P1006,2026-08-16,1,0.0,75.09,Debit Card,Delivered,18739.53,10820.0,18739.53,10820.0,7919.53
O101782,C10341,P1146,2026-05-08,3,0.0,61.86,COD,Delivered,1033.25,584.92,3099.75,1754.76,1344.99
O101783,C11950,P1095,2026-07-01,2,0.0,36.48,UPI,Shipped,561.33,353.29,1122.66,706.58,416.08
O101784,C11810,P1100,2026-05-17,4,0.2,56.93,Net Banking,Delivered,664.62,470.32,2126.78,1881.28,245.5
O101785,C10396,P1042,2025-09-24,1,0.2,120.63,COD,Delivered,1907.35,1363.61,1525.88,1363.61,162.27
O101786,C11792,P1062,2025-10-31,4,0.0,72.51,Credit Card,Delivered,6951.68,5407.58,27806.72,21630.32,6176.4
O101787,C11460,P1052,2025-09-29,1,0.15,117.16,Debit Card,Delivered,2039.08,1134.33,1733.22,1134.33,598.89
O101788,C10133,P1008,2026-04-29,2,0.0,141.76,Credit Card,Delivered,51750.03,32987.78,103500.06,65975.56,37524.5
O101789,C10941,P1063,2026-08-11,1,0.15,88.32,Net Banking,Delivered,6336.48,4060.59,5386.01,4060.59,1325.42
O101790,C10496,P1046,2025-10-08,2,0.1,37.6,COD,Delivered,4835.09,3320.63,8703.16,6641.26,2061.9
O101791,C10228,P1085,2026-06-12,2,0.05,83.11,Credit Card,Delivered,229.52,181.34,436.09,362.68,73.41
O101792,C11479,P1018,2025-12-15,1,0.1,145.92,UPI,Shipped,52552.08,30527.71,47296.87,30527.71,16769.16
O101793,C11397,P1105,2026-04-27,2,0.1,86.71,Net Banking,Pending,5921.43,3427.44,10658.57,6854.88,3803.69
O101794,C11766,P1099,2026-04-15,4,0.0,37.96,UPI,Shipped,482.66,272.31,1930.64,1089.24,841.4
O101795,C11962,P1067,2026-03-17,4,0.1,118.54,Net Banking,Delivered,6227.25,3828.72,22418.1,15314.88,7103.22
O101796,C11591,P1137,2025-11-04,2,0.0,120.65,UPI,Delivered,3020.08,1976.97,6040.16,3953.94,2086.22
O101797,C11696,P1016,2026-03-20,1,0.0,102.9,Debit Card,Shipped,23119.64,19111.02,23119.64,19111.02,4008.62
O101798,C11697,P1011,2026-08-09,1,0.0,103.98,Debit Card,Delivered,18237.69,11700.82,18237.69,11700.82,6536.87
O101799,C11900,P1131,2025-12-21,2,0.05,39.11,COD,Delivered,355.98,201.63,676.36,403.26,273.1
O101800,C10255,P1027,2025-12-22,1,0.15,111.2,Credit Card,Cancelled,5526.19,3231.39,4697.26,3231.39,1465.87
O101801,C11553,P1149,2025-12-12,1,0.2,40.32,UPI,Shipped,1265.06,835.13,1012.05,835.13,176.92
O101802,C10751,P1106,2026-07-07,3,0.0,89.98,Debit Card,Delivered,3820.64,2143.04,11461.92,6429.12,5032.8
O101803,C10498,P1124,2026-04-25,1,0.0,76.08,Credit Card,Delivered,4401.73,2791.05,4401.73,2791.05,1610.68
O101804,C10676,P1019,2025-11-30,4,0.0,32.25,COD,Returned,53480.6,38132.5,213922.4,152530.0,61392.4
O101805,C11007,P1063,2025-09-06,2,0.0,125.96,Debit Card,Delivered,6336.48,4060.59,12672.96,8121.18,4551.78
O101806,C11412,P1114,2026-03-09,1,0.1,72.52,Debit Card,Shipped,1562.14,1189.51,1405.93,1189.51,216.42
O101807,C11433,P1067,2025-09-04,1,0.15,29.53,Net Banking,Delivered,6227.25,3828.72,5293.16,3828.72,1464.44
O101808,C10074,P1036,2026-06-06,1,0.0,126.24,Credit Card,Delivered,4558.46,3300.66,4558.46,3300.66,1257.8
O101809,C10054,P1057,2025-09-07,3,0.15,5.84,Debit Card,Delivered,4847.14,3432.05,12360.21,10296.15,2064.06
O101810,C11462,P1075,2026-04-02,2,0.0,74.99,Debit Card,Pending,6257.58,4866.0,12515.16,9732.0,2783.16
O101811,C10325,P1146,2025-09-23,3,0.15,2.59,Debit Card,Delivered,1033.25,584.92,2634.79,1754.76,880.03
O101812,C10901,P1076,2026-02-06,4,0.0,88.32,Credit Card,Shipped,625.33,474.81,2501.32,1899.24,602.08
O101813,C11424,P1033,2026-04-28,2,0.2,6.5,Credit Card,Delivered,4333.28,2734.68,6933.25,5469.36,1463.89
O101814,C11760,P1099,2025-09-02,4,0.0,12.53,Debit Card,Delivered,482.66,272.31,1930.64,1089.24,841.4
O101815,C10058,P1055,2026-02-05,2,0.2,97.23,Net Banking,Delivered,6934.45,4043.27,11095.12,8086.54,3008.58
O101816,C11197,P1004,2025-10-05,1,0.15,145.58,Debit Card,Delivered,60509.53,40979.28,51433.1,40979.28,10453.82
O101817,C11042,P1133,2026-03-03,4,0.0,4.41,COD,Delivered,3423.67,2098.85,13694.68,8395.4,5299.28
O101818,C11844,P1044,2025-11-29,1,0.0,106.27,Debit Card,Delivered,1399.41,917.62,1399.41,917.62,481.79
O101819,C11203,P1129,2025-09-21,1,0.1,44.71,Debit Card,Delivered,3364.24,2034.28,3027.82,2034.28,993.54
O101820,C10775,P1125,2025-12-30,1,0.0,105.92,Credit Card,Cancelled,2435.61,1942.11,2435.61,1942.11,493.5
O101821,C10988,P1045,2026-02-09,2,0.0,136.62,COD,Returned,1149.36,712.41,2298.72,1424.82,873.9
O101822,C10030,P1017,2026-03-04,1,0.0,22.45,Debit Card,Delivered,68434.16,40506.57,68434.16,40506.57,27927.59
O101823,C10423,P1058,2026-07-19,1,0.15,87.61,Credit Card,Delivered,1139.13,868.45,968.26,868.45,99.81
O101824,C11594,P1031,2026-04-18,1,0.0,143.76,Credit Card,Delivered,1495.17,843.81,1495.17,843.81,651.36
O101825,C10941,P1146,2026-07-02,1,0.0,93.54,UPI,Cancelled,1033.25,584.92,1033.25,584.92,448.33
O101826,C11733,P1135,2025-12-30,3,0.2,99.4,Credit Card,Shipped,311.53,199.73,747.67,599.19,148.48
O101827,C10745,P1009,2026-02-20,4,0.0,92.82,COD,Delivered,33080.16,21064.69,132320.64,84258.76,48061.88
O101829,C11134,P1137,2025-10-18,1,0.2,21.15,Net Banking,Cancelled,3020.08,1976.97,2416.06,1976.97,439.09
O101830,C11988,P1015,2026-08-16,2,0.0,131.01,COD,Delivered,13194.79,8050.63,26389.58,16101.26,10288.32
O101831,C10508,P1063,2026-07-23,4,0.15,132.73,Debit Card,Shipped,6336.48,4060.59,21544.03,16242.36,5301.67
O101832,C10375,P1063,2026-08-14,2,0.0,139.46,Credit Card,Delivered,6336.48,4060.59,12672.96,8121.18,4551.78
O101833,C10935,P1046,2025-12-13,1,0.1,59.14,UPI,Pending,4835.09,3320.63,4351.58,3320.63,1030.95
O101834,C10545,P1142,2026-04-16,3,0.15,86.39,Debit Card,Delivered,1618.71,996.37,4127.71,2989.11,1138.6
O101835,C10390,P1017,2025-09-18,3,0.0,27.75,Credit Card,Delivered,68434.16,40506.57,205302.48,121519.71,83782.77
O101836,C10125,P1054,2025-10-30,3,0.05,0.71,Credit Card,Delivered,5995.19,3653.27,17086.29,10959.81,6126.48
O101837,C11560,P1149,2025-11-08,2,0.15,83.59,COD,Delivered,1265.06,835.13,2150.6,1670.26,480.34
O101838,C11100,P1014,2025-12-07,3,0.0,25.6,Debit Card,Shipped,27485.51,19010.32,82456.53,57030.96,25425.57
O101839,C10150,P1051,2025-11-23,2,0.0,32.21,COD,Delivered,3086.44,2233.31,6172.88,4466.62,1706.26
O101840,C10171,P1122,2025-12-10,3,0.0,32.22,Credit Card,Delivered,588.59,431.08,1765.77,1293.24,472.53
O101841,C11208,P1056,2025-09-21,2,0.2,54.41,Net Banking,Delivered,1431.57,1192.48,2290.51,2384.96,-94.45
O101842,C11166,P1003,2025-10-21,1,0.1,77.05,Net Banking,Delivered,31454.08,19066.44,28308.67,19066.44,9242.23
O101843,C11854,P1029,2026-02-22,2,0.0,139.91,COD,Shipped,564.96,451.92,1129.92,903.84,226.08
O101844,C10399,P1117,2025-11-20,1,0.0,43.04,UPI,Delivered,4152.01,2619.57,4152.01,2619.57,1532.44
O101845,C10834,P1070,2026-01-31,4,0.2,92.09,COD,Delivered,2608.79,2169.26,8348.13,8677.04,-328.91
O101846,C10674,P1130,2026-04-17,1,0.2,8.78,COD,Delivered,1664.71,1119.11,1331.77,1119.11,212.66
O101847,C11949,P1077,2026-03-29,3,0.15,54.0,Debit Card,Cancelled,206.69,134.91,527.06,404.73,122.33
O101848,C10510,P1088,2026-04-26,1,0.0,15.72,Debit Card,Delivered,1116.94,867.28,1116.94,867.28,249.66
O101849,C11031,P1080,2025-12-16,4,0.1,38.92,COD,Delivered,287.38,222.33,1034.57,889.32,145.25
O101850,C11550,P1047,2025-10-11,1,0.1,106.52,COD,Delivered,4008.04,3183.54,3607.24,3183.54,423.7
O101851,C11830,P1131,2026-02-15,1,0.0,76.54,COD,Delivered,355.98,201.63,355.98,201.63,154.35
O101852,C10367,P1017,2026-06-14,2,0.15,13.09,COD,Delivered,68434.16,40506.57,116338.07,81013.14,35324.93
O101853,C10194,P1114,2026-01-12,1,0.0,22.5,Debit Card,Delivered,1562.14,1189.51,1562.14,1189.51,372.63
O101854,C11104,P1047,2026-04-11,2,0.05,2.12,Credit Card,Shipped,4008.04,3183.54,7615.28,6367.08,1248.2
O101855,C11563,P1060,2025-11-19,3,0.1,125.83,Credit Card,Delivered,887.63,507.33,2396.6,1521.99,874.61
O101856,C10626,P1082,2026-07-16,2,0.2,135.46,Net Banking,Delivered,2274.24,1299.56,3638.78,2599.12,1039.66
O101857,C11403,P1077,2026-01-11,2,0.1,134.43,Net Banking,Delivered,206.69,134.91,372.04,269.82,102.22
O101858,C11377,P1040,2026-01-13,2,0.2,145.93,Debit Card,Delivered,3344.13,2454.65,5350.61,4909.3,441.31
O101859,C11570,P1102,2026-03-29,3,0.15,141.74,Credit Card,Cancelled,4370.98,2495.57,11146.0,7486.71,3659.29
O101860,C11250,P1041,2025-11-02,2,0.2,99.92,Debit Card,Pending,1521.85,1173.08,2434.96,2346.16,88.8
O101861,C10971,P1107,2026-02-11,4,0.0,141.62,Debit Card,Delivered,3347.45,2456.75,13389.8,9827.0,3562.8
O101862,C10539,P1121,2026-03-14,1,0.0,129.59,Debit Card,Delivered,1135.94,710.5,1135.94,710.5,425.44
O101863,C10628,P1086,2026-02-28,1,0.0,20.3,Debit Card,Cancelled,316.01,223.96,316.01,223.96,92.05
O101864,C10646,P1116,2025-12-23,2,0.05,34.84,Debit Card,Delivered,1503.58,846.7,2856.8,1693.4,1163.4
O101865,C10806,P1107,2026-04-21,4,0.2,134.66,UPI,Shipped,3347.45,2456.75,10711.84,9827.0,884.84
O101866,C10828,P1015,2026-03-13,4,0.0,3.9,COD,Delivered,13194.79,8050.63,52779.16,32202.52,20576.64
O101867,C11650,P1036,2026-06-10,3,0.0,81.82,COD,Shipped,4558.46,3300.66,13675.38,9901.98,3773.4
O101868,C10040,P1052,2026-05-05,1,0.15,126.01,Credit Card,Delivered,2039.08,1134.33,1733.22,1134.33,598.89
O101869,C10525,P1076,2025-10-14,2,0.0,107.96,Debit Card,Delivered,625.33,474.81,1250.66,949.62,301.04
O101870,C10876,P1098,2026-08-09,1,0.1,54.21,Debit Card,Delivered,298.55,229.91,268.7,229.91,38.79
O101871,C11514,P1052,2025-11-10,1,0.1,114.59,Credit Card,Delivered,2039.08,1134.33,1835.17,1134.33,700.84
O101872,C10902,P1071,2025-11-17,1,0.1,49.65,UPI,Delivered,5179.24,2939.06,4661.32,2939.06,1722.26
O101873,C10329,P1084,2026-03-20,2,0.1,39.54,COD,Pending,771.46,641.72,1388.63,1283.44,105.19
O101874,C11215,P1121,2025-10-31,1,0.2,61.98,UPI,Shipped,1135.94,710.5,908.75,710.5,198.25
O101875,C10799,P1125,2026-01-28,1,0.15,58.05,Credit Card,Delivered,2435.61,1942.11,2070.27,1942.11,128.16
O101876,C11243,P1097,2026-02-15,4,0.15,144.32,UPI,Delivered,371.34,245.76,1262.56,983.04,279.52
O101877,C11310,P1088,2026-07-03,2,0.0,54.73,Debit Card,Delivered,1116.94,867.28,2233.88,1734.56,499.32
O101878,C10898,P1073,2026-03-25,1,0.05,47.9,UPI,Delivered,1405.49,1138.4,1335.22,1138.4,196.82
O101879,C11804,P1019,2026-02-04,1,0.1,64.42,Debit Card,Pending,53480.6,38132.5,48132.54,38132.5,10000.04
O101880,C11501,P1106,2026-07-03,1,0.05,12.53,Credit Card,Cancelled,3820.64,2143.04,3629.61,2143.04,1486.57
O101881,C11208,P1077,2025-11-07,3,0.05,61.59,Net Banking,Delivered,206.69,134.91,589.07,404.73,184.34
O101882,C10181,P1113,2025-10-22,2,0.15,68.67,Credit Card,Delivered,3031.82,2160.62,5154.09,4321.24,832.85
O101883,C11120,P1067,2026-01-22,4,0.15,107.28,Net Banking,Delivered,6227.25,3828.72,21172.65,15314.88,5857.77
O101884,C10597,P1006,2025-11-05,1,0.2,82.44,Credit Card,Shipped,18739.53,10820.0,14991.62,10820.0,4171.62
O101885,C10140,P1081,2026-02-17,2,0.2,112.7,Debit Card,Returned,2172.75,1311.33,3476.4,2622.66,853.74
O101886,C10914,P1055,2026-01-11,4,0.2,105.46,Credit Card,Delivered,6934.45,4043.27,22190.24,16173.08,6017.16
O101887,C10467,P1118,2026-05-29,4,0.0,86.57,Debit Card,Delivered,4978.89,3068.71,19915.56,12274.84,7640.72
O101888,C11388,P1067,2026-03-24,1,0.0,106.44,Debit Card,Delivered,6227.25,3828.72,6227.25,3828.72,2398.53
O101889,C11911,P1006,2026-03-16,4,0.0,34.96,Credit Card,Delivered,18739.53,10820.0,74958.12,43280.0,31678.12
O101890,C10842,P1110,2026-04-14,1,0.05,113.39,COD,Shipped,2315.13,1504.12,2199.37,1504.12,695.25
O101891,C11635,P1013,2026-01-29,4,0.0,19.12,Net Banking,Delivered,52895.62,37136.59,211582.48,148546.36,63036.12
O101892,C11050,P1096,2025-10-17,2,0.0,18.84,UPI,Delivered,1066.34,728.57,2132.68,1457.14,675.54
O101893,C10066,P1130,2025-11-25,4,0.0,80.04,Debit Card,Shipped,1664.71,1119.11,6658.84,4476.44,2182.4
O101894,C11008,P1073,2026-01-23,4,0.0,67.37,Net Banking,Delivered,1405.49,1138.4,5621.96,4553.6,1068.36
O101895,C10138,P1020,2026-06-09,4,0.0,1.32,Net Banking,Delivered,40470.11,25854.79,161880.44,103419.16,58461.28
O101896,C11144,P1029,2026-02-15,3,0.0,146.77,Net Banking,Delivered,564.96,451.92,1694.88,1355.76,339.12
O101897,C11052,P1023,2026-04-10,4,0.1,92.29,Net Banking,Returned,54514.7,32908.14,196252.92,131632.56,64620.36
O101898,C11250,P1049,2025-11-06,1,0.0,86.62,UPI,Shipped,4665.92,2735.27,4665.92,2735.27,1930.65
O101899,C10883,P1071,2026-05-31,1,0.05,140.94,COD,Delivered,5179.24,2939.06,4920.28,2939.06,1981.22
O101900,C11804,P1039,2026-06-16,1,0.0,69.41,Debit Card,Delivered,3010.98,2323.83,3010.98,2323.83,687.15
O101901,C11327,P1148,2025-11-14,1,0.0,9.76,Debit Card,Delivered,884.97,623.21,884.97,623.21,261.76
O101902,C11600,P1111,2025-12-23,1,0.0,148.53,UPI,Delivered,583.37,467.6,583.37,467.6,115.77
O101903,C10602,P1002,2026-01-29,1,0.0,11.62,Net Banking,Cancelled,64458.4,38857.64,64458.4,38857.64,25600.76
O101904,C10039,P1003,2026-07-01,3,0.05,67.82,Credit Card,Delivered,31454.08,19066.44,89644.13,57199.32,32444.81
O101905,C10309,P1067,2025-11-11,4,0.15,26.95,Credit Card,Delivered,6227.25,3828.72,21172.65,15314.88,5857.77
O101906,C11573,P1084,2025-11-01,2,0.15,108.86,Net Banking,Delivered,771.46,641.72,1311.48,1283.44,28.04
O101907,C11363,P1052,2025-11-11,2,0.05,38.99,Net Banking,Returned,2039.08,1134.33,3874.25,2268.66,1605.59
O101908,C11830,P1148,2025-08-30,4,0.15,90.13,Credit Card,Delivered,884.97,623.21,3008.9,2492.84,516.06
O101909,C10304,P1053,2025-12-31,2,0.05,39.03,Debit Card,Delivered,922.36,543.78,1752.48,1087.56,664.92
O101910,C10054,P1137,2025-12-07,4,0.2,109.16,Net Banking,Pending,3020.08,1976.97,9664.26,7907.88,1756.38
O101911,C10081,P1033,2026-07-27,1,0.15,87.36,Net Banking,Delivered,4333.28,2734.68,3683.29,2734.68,948.61
O101912,C10142,P1084,2026-07-30,3,0.0,59.57,Debit Card,Returned,771.46,641.72,2314.38,1925.16,389.22
O101913,C11348,P1054,2025-12-21,3,0.0,86.81,Credit Card,Delivered,5995.19,3653.27,17985.57,10959.81,7025.76
O101914,C10869,P1070,2026-01-05,4,0.1,29.31,Credit Card,Returned,2608.79,2169.26,9391.64,8677.04,714.6
O101915,C10445,P1091,2026-07-30,4,0.0,62.91,UPI,Delivered,722.91,529.78,2891.64,2119.12,772.52
O101916,C11841,P1113,2025-12-29,3,0.1,91.32,UPI,Cancelled,3031.82,2160.62,8185.91,6481.86,1704.05
O101917,C10769,P1007,2026-08-12,2,0.2,135.42,COD,Cancelled,7227.26,4548.11,11563.62,9096.22,2467.4
O101918,C11750,P1054,2026-04-15,1,0.15,123.64,COD,Delivered,5995.19,3653.27,5095.91,3653.27,1442.64
O101919,C10899,P1103,2026-06-12,1,0.0,83.07,Credit Card,Delivered,1864.92,1469.71,1864.92,1469.71,395.21
O101920,C10780,P1032,2026-01-21,1,0.0,115.47,UPI,Pending,1643.06,925.34,1643.06,925.34,717.72
O101921,C11038,P1149,2025-12-14,1,0.0,38.89,Net Banking,Delivered,1265.06,835.13,1265.06,835.13,429.93
O101922,C11550,P1054,2025-12-02,1,0.0,50.7,UPI,Pending,5995.19,3653.27,5995.19,3653.27,2341.92
O101923,C11517,P1092,2026-05-24,2,0.1,38.36,Debit Card,Delivered,1913.34,1155.43,3444.01,2310.86,1133.15
O101924,C10431,P1024,2026-03-22,4,0.0,123.95,Net Banking,Delivered,18028.57,13625.43,72114.28,54501.72,17612.56
O101925,C10523,P1131,2026-07-14,1,0.1,78.08,UPI,Pending,355.98,201.63,320.38,201.63,118.75
O101926,C10034,P1002,2026-02-24,2,0.1,132.85,COD,Shipped,64458.4,38857.64,116025.12,77715.28,38309.84
O101927,C10820,P1026,2025-11-11,2,0.0,130.7,Debit Card,Delivered,5590.52,3241.08,11181.04,6482.16,4698.88
O101928,C10635,P1017,2026-08-12,2,0.0,36.18,COD,Pending,68434.16,40506.57,136868.32,81013.14,55855.18
O101929,C11336,P1077,2025-11-25,1,0.1,82.95,Credit Card,Pending,206.69,134.91,186.02,134.91,51.11
O101930,C10173,P1100,2026-01-11,1,0.0,33.35,COD,Delivered,664.62,470.32,664.62,470.32,194.3
O101931,C11975,P1071,2026-07-23,1,0.0,103.22,Debit Card,Delivered,5179.24,2939.06,5179.24,2939.06,2240.18
O101932,C11736,P1064,2026-04-23,2,0.2,30.36,Credit Card,Delivered,4942.18,3929.49,7907.49,7858.98,48.51
O101933,C10263,P1133,2025-10-18,1,0.15,103.5,Credit Card,Delivered,3423.67,2098.85,2910.12,2098.85,811.27
O101934,C10963,P1010,2026-08-09,1,0.1,80.95,UPI,Delivered,9031.61,6794.04,8128.45,6794.04,1334.41
O101935,C10430,P1076,2025-10-30,1,0.2,93.83,Debit Card,Delivered,625.33,474.81,500.26,474.81,25.45
O101936,C11687,P1041,2026-07-13,1,0.1,80.93,COD,Delivered,1521.85,1173.08,1369.67,1173.08,196.59
O101937,C11918,P1133,2025-12-02,1,0.15,113.3,Credit Card,Shipped,3423.67,2098.85,2910.12,2098.85,811.27
O101938,C11660,P1047,2025-11-22,4,0.05,5.09,Debit Card,Cancelled,4008.04,3183.54,15230.55,12734.16,2496.39
O101939,C10225,P1042,2026-03-04,1,0.0,56.08,UPI,Delivered,1907.35,1363.61,1907.35,1363.61,543.74
O101940,C10627,P1104,2026-07-26,2,0.0,93.59,Debit Card,Returned,3475.03,2469.25,6950.06,4938.5,2011.56
O101941,C10544,P1083,2026-01-20,3,0.0,127.51,UPI,Shipped,1658.92,944.21,4976.76,2832.63,2144.13
O101942,C10680,P1008,2026-04-22,1,0.0,138.69,COD,Delivered,51750.03,32987.78,51750.03,32987.78,18762.25
O101943,C11786,P1037,2026-06-25,4,0.0,93.71,COD,Delivered,1816.37,1116.6,7265.48,4466.4,2799.08
O101944,C10773,P1135,2026-02-27,3,0.0,67.19,Credit Card,Delivered,311.53,199.73,934.59,599.19,335.4
O101945,C10031,P1090,2026-07-30,1,0.0,147.14,Credit Card,Delivered,159.95,116.89,159.95,116.89,43.06
O101946,C10136,P1029,2025-08-29,3,0.0,88.97,COD,Delivered,564.96,451.92,1694.88,1355.76,339.12
O101947,C10851,P1138,2026-07-18,1,0.2,59.66,COD,Delivered,1859.8,1352.45,1487.84,1352.45,135.39
O101948,C11236,P1001,2026-01-03,2,0.0,95.61,Debit Card,Delivered,38372.92,26874.96,76745.84,53749.92,22995.92
O101949,C11843,P1066,2025-12-04,4,0.1,146.0,Credit Card,Delivered,6204.32,3462.32,22335.55,13849.28,8486.27
O101950,C11106,P1094,2026-01-24,3,0.1,91.07,Net Banking,Delivered,1847.54,1150.18,4988.36,3450.54,1537.82
O101951,C10198,P1123,2025-11-13,1,0.0,127.79,COD,Shipped,877.39,667.5,877.39,667.5,209.89
O101952,C11745,P1147,2025-09-13,1,0.1,62.16,Credit Card,Delivered,834.22,686.19,750.8,686.19,64.61
O101953,C11055,P1034,2026-06-06,3,0.2,117.54,Credit Card,Delivered,3445.82,2463.26,8269.97,7389.78,880.19
O101954,C10169,P1025,2025-12-12,1,0.0,138.13,COD,Delivered,29530.29,19324.99,29530.29,19324.99,10205.3
O101955,C11260,P1027,2025-11-03,1,0.0,104.71,Credit Card,Delivered,5526.19,3231.39,5526.19,3231.39,2294.8
O101956,C10379,P1078,2025-10-10,1,0.0,142.4,Debit Card,Delivered,1604.45,1009.9,1604.45,1009.9,594.55
O101957,C10947,P1134,2026-01-27,2,0.0,31.32,Net Banking,Delivered,299.83,242.36,599.66,484.72,114.94
O101958,C11810,P1069,2025-11-13,2,0.2,91.18,Credit Card,Delivered,717.29,416.98,1147.66,833.96,313.7
O101959,C10768,P1038,2026-07-22,4,0.0,138.81,Net Banking,Shipped,3530.81,2400.64,14123.24,9602.56,4520.68
O101960,C11743,P1009,2025-09-30,1,0.05,100.26,COD,Delivered,33080.16,21064.69,31426.15,21064.69,10361.46
O101961,C11627,P1051,2026-05-22,1,0.2,143.7,Credit Card,Delivered,3086.44,2233.31,2469.15,2233.31,235.84
O101962,C11300,P1009,2025-09-11,1,0.2,54.68,Credit Card,Delivered,33080.16,21064.69,26464.13,21064.69,5399.44
O101963,C10661,P1003,2025-08-31,4,0.0,23.2,Net Banking,Delivered,31454.08,19066.44,125816.32,76265.76,49550.56
O101964,C11757,P1089,2025-10-21,3,0.0,58.69,Credit Card,Delivered,1514.99,1072.27,4544.97,3216.81,1328.16
O101965,C11674,P1148,2025-09-03,1,0.05,20.76,COD,Delivered,884.97,623.21,840.72,623.21,217.51
O101966,C10440,P1117,2026-01-12,3,0.15,125.0,Net Banking,Delivered,4152.01,2619.57,10587.63,7858.71,2728.92
O101967,C10901,P1031,2025-09-15,2,0.15,115.03,Debit Card,Delivered,1495.17,843.81,2541.79,1687.62,854.17
O101968,C11054,P1087,2025-11-02,2,0.0,113.92,Debit Card,Pending,1693.9,1011.65,3387.8,2023.3,1364.5
O101969,C10382,P1066,2025-08-24,2,0.05,12.52,Debit Card,Shipped,6204.32,3462.32,11788.21,6924.64,4863.57
O101970,C10999,P1141,2026-01-02,3,0.15,140.95,COD,Delivered,913.93,756.89,2330.52,2270.67,59.85
O101971,C11369,P1088,2026-07-26,2,0.1,140.12,Net Banking,Delivered,1116.94,867.28,2010.49,1734.56,275.93
O101972,C11602,P1094,2026-08-09,4,0.0,109.68,COD,Delivered,1847.54,1150.18,7390.16,4600.72,2789.44
O101973,C11976,P1140,2026-06-17,1,0.2,23.54,Credit Card,Delivered,436.07,348.48,348.86,348.48,0.38
O101974,C11997,P1118,2026-02-15,1,0.2,108.92,UPI,Delivered,4978.89,3068.71,3983.11,3068.71,914.4
O101975,C11460,P1076,2026-07-14,1,0.1,63.37,Credit Card,Cancelled,625.33,474.81,562.8,474.81,87.99
O101976,C10629,P1116,2026-01-03,3,0.15,138.85,COD,Delivered,1503.58,846.7,3834.13,2540.1,1294.03
O101977,C11925,P1022,2026-06-06,1,0.05,88.98,Net Banking,Delivered,8340.38,5227.15,7923.36,5227.15,2696.21
O101978,C11680,P1131,2026-02-09,2,0.0,75.63,Credit Card,Delivered,355.98,201.63,711.96,403.26,308.7
O101979,C11394,P1057,2026-03-20,1,0.1,60.17,UPI,Delivered,4847.14,3432.05,4362.43,3432.05,930.38
O101980,C11525,P1091,2025-10-21,1,0.2,52.4,Net Banking,Delivered,722.91,529.78,578.33,529.78,48.55
O101981,C10311,P1145,2026-05-16,1,0.2,142.37,Net Banking,Delivered,2714.68,1805.11,2171.74,1805.11,366.63
O101982,C11639,P1137,2026-05-19,1,0.05,1.29,Debit Card,Delivered,3020.08,1976.97,2869.08,1976.97,892.11
O101983,C11421,P1136,2026-02-02,2,0.15,101.05,Credit Card,Delivered,509.62,289.55,866.35,579.1,287.25
O101984,C10206,P1043,2026-01-19,1,0.0,0.36,Net Banking,Delivered,2304.37,1753.37,2304.37,1753.37,551.0
O101985,C11906,P1039,2025-09-29,1,0.2,58.97,Net Banking,Pending,3010.98,2323.83,2408.78,2323.83,84.95
O101986,C11249,P1109,2026-05-05,4,0.0,69.6,Credit Card,Delivered,4331.81,3435.6,17327.24,13742.4,3584.84
O101987,C11965,P1103,2026-05-26,3,0.15,103.76,Debit Card,Delivered,1864.92,1469.71,4755.55,4409.13,346.42
O101988,C11069,P1108,2025-10-03,1,0.1,55.61,COD,Delivered,2697.81,2207.0,2428.03,2207.0,221.03
O101989,C10279,P1077,2025-09-26,4,0.15,47.42,UPI,Delivered,206.69,134.91,702.75,539.64,163.11
O101990,C11451,P1143,2026-07-14,1,0.0,46.25,Debit Card,Delivered,2676.13,1712.63,2676.13,1712.63,963.5
O101991,C11503,P1018,2026-08-17,1,0.05,137.81,UPI,Shipped,52552.08,30527.71,49924.48,30527.71,19396.77
O101992,C10288,P1037,2026-03-09,1,0.2,45.87,COD,Cancelled,1816.37,1116.6,1453.1,1116.6,336.5
O101993,C11566,P1063,2026-05-28,2,0.2,81.62,COD,Shipped,6336.48,4060.59,10138.37,8121.18,2017.19
O101994,C11324,P1108,2025-09-03,4,0.0,140.79,COD,Delivered,2697.81,2207.0,10791.24,8828.0,1963.24
O101995,C10510,P1090,2026-02-15,4,0.15,104.91,UPI,Delivered,159.95,116.89,543.83,467.56,76.27
O101996,C11944,P1071,2025-11-07,1,0.05,120.2,Credit Card,Returned,5179.24,2939.06,4920.28,2939.06,1981.22
O101997,C10253,P1150,2026-05-30,2,0.0,95.98,Credit Card,Delivered,2574.89,1872.1,5149.78,3744.2,1405.58
O101998,C10292,P1071,2025-10-30,4,0.0,87.69,Debit Card,Delivered,5179.24,2939.06,20716.96,11756.24,8960.72
O101999,C10241,P1134,2025-10-22,1,0.0,124.21,Debit Card,Delivered,299.83,242.36,299.83,242.36,57.47
O102000,C11581,P1121,2026-04-28,1,0.0,60.04,Credit Card,Delivered,1135.94,710.5,1135.94,710.5,425.44
O102001,C10612,P1032,2026-01-17,3,0.05,84.98,Net Banking,Shipped,1643.06,925.34,4682.72,2776.02,1906.7
O102002,C10931,P1040,2025-10-19,1,0.1,53.22,UPI,Returned,3344.13,2454.65,3009.72,2454.65,555.07
O102003,C11545,P1088,2026-03-10,3,0.0,94.05,Debit Card,Pending,1116.94,867.28,3350.82,2601.84,748.98
O102004,C10084,P1098,2026-02-23,3,0.0,3.47,Debit Card,Delivered,298.55,229.91,895.65,689.73,205.92
O102005,C10956,P1110,2025-08-25,1,0.1,132.4,Net Banking,Delivered,2315.13,1504.12,2083.62,1504.12,579.5
O102006,C11454,P1125,2026-07-17,3,0.15,29.94,Debit Card,Delivered,2435.61,1942.11,6210.81,5826.33,384.48
O102007,C10212,P1023,2026-02-28,2,0.1,101.2,Net Banking,Pending,54514.7,32908.14,98126.46,65816.28,32310.18
O102008,C11772,P1093,2026-06-08,3,0.0,134.33,Credit Card,Cancelled,1288.82,1004.22,3866.46,3012.66,853.8
O102009,C11362,P1127,2025-08-29,1,0.15,135.15,COD,Delivered,2406.08,1554.9,2045.17,1554.9,490.27
O102010,C11307,P1027,2025-10-22,2,0.05,55.93,Debit Card,Cancelled,5526.19,3231.39,10499.76,6462.78,4036.98
O102011,C11501,P1071,2026-01-07,2,0.2,17.94,Debit Card,Delivered,5179.24,2939.06,8286.78,5878.12,2408.66
O102012,C10674,P1108,2026-08-15,1,0.15,50.15,Debit Card,Pending,2697.81,2207.0,2293.14,2207.0,86.14
O102013,C10171,P1004,2025-12-12,1,0.0,82.31,UPI,Delivered,60509.53,40979.28,60509.53,40979.28,19530.25
O102014,C10995,P1063,2026-01-22,1,0.0,60.79,Net Banking,Delivered,6336.48,4060.59,6336.48,4060.59,2275.89
O102015,C11211,P1112,2025-11-22,2,0.05,108.47,Debit Card,Delivered,3747.66,3014.85,7120.55,6029.7,1090.85
O102016,C11600,P1125,2026-03-19,1,0.15,61.37,Net Banking,Delivered,2435.61,1942.11,2070.27,1942.11,128.16
O102017,C11159,P1097,2026-01-10,1,0.1,84.95,Net Banking,Delivered,371.34,245.76,334.21,245.76,88.45
O102018,C11895,P1098,2026-02-18,1,0.0,46.9,UPI,Delivered,298.55,229.91,298.55,229.91,68.64
O102019,C11210,P1026,2026-03-26,1,0.0,146.0,Net Banking,Delivered,5590.52,3241.08,5590.52,3241.08,2349.44
O102020,C11980,P1062,2026-01-09,1,0.1,64.41,Debit Card,Delivered,6951.68,5407.58,6256.51,5407.58,848.93
O102021,C11453,P1108,2026-03-23,2,0.0,65.24,COD,Delivered,2697.81,2207.0,5395.62,4414.0,981.62
O102022,C10082,P1089,2026-04-22,1,0.05,105.21,COD,Cancelled,1514.99,1072.27,1439.24,1072.27,366.97
O102023,C11175,P1134,2026-01-21,1,0.0,82.1,UPI,Pending,299.83,242.36,299.83,242.36,57.47
O102024,C11666,P1111,2026-03-06,3,0.15,147.4,UPI,Delivered,583.37,467.6,1487.59,1402.8,84.79
O102025,C10371,P1007,2026-07-10,3,0.05,25.42,Debit Card,Delivered,7227.26,4548.11,20597.69,13644.33,6953.36
O102026,C11886,P1106,2026-02-21,2,0.1,125.14,UPI,Shipped,3820.64,2143.04,6877.15,4286.08,2591.07
O102027,C11740,P1065,2026-04-29,4,0.2,28.35,Debit Card,Shipped,1517.88,1218.22,4857.22,4872.88,-15.66
O102028,C10705,P1091,2026-06-19,1,0.1,132.02,Credit Card,Delivered,722.91,529.78,650.62,529.78,120.84
O102029,C11606,P1013,2026-04-28,2,0.2,75.02,Debit Card,Delivered,52895.62,37136.59,84632.99,74273.18,10359.81
O102030,C11301,P1068,2026-04-28,1,0.1,44.16,Credit Card,Delivered,8864.37,5516.76,7977.93,5516.76,2461.17
O102031,C11579,P1141,2025-12-08,1,0.0,141.47,Debit Card,Shipped,913.93,756.89,913.93,756.89,157.04
O102032,C11543,P1090,2026-06-19,4,0.15,50.09,Credit Card,Cancelled,159.95,116.89,543.83,467.56,76.27
O102033,C11755,P1023,2025-09-11,1,0.0,126.43,Debit Card,Delivered,54514.7,32908.14,54514.7,32908.14,21606.56
O102034,C11103,P1059,2025-12-01,2,0.1,145.0,Debit Card,Cancelled,2473.66,1991.45,4452.59,3982.9,469.69
O102035,C10208,P1024,2025-10-13,1,0.0,118.51,COD,Delivered,18028.57,13625.43,18028.57,13625.43,4403.14
O102036,C11019,P1048,2026-03-10,2,0.0,144.61,COD,Delivered,714.29,437.46,1428.58,874.92,553.66
O102037,C11754,P1125,2026-03-20,2,0.0,3.77,Debit Card,Delivered,2435.61,1942.11,4871.22,3884.22,987.0
O102038,C10897,P1093,2025-08-23,2,0.2,96.79,Credit Card,Pending,1288.82,1004.22,2062.11,2008.44,53.67
O102039,C10662,P1005,2026-06-30,3,0.1,63.07,UPI,Delivered,47571.0,27164.82,128441.7,81494.46,46947.24
O102040,C10636,P1130,2026-06-03,1,0.15,140.63,Net Banking,Delivered,1664.71,1119.11,1415.0,1119.11,295.89
O102041,C11147,P1138,2025-10-28,1,0.15,46.17,Credit Card,Delivered,1859.8,1352.45,1580.83,1352.45,228.38
O102042,C11425,P1020,2026-05-27,1,0.0,61.91,Credit Card,Delivered,40470.11,25854.79,40470.11,25854.79,14615.32
O102043,C11458,P1104,2026-07-24,4,0.15,65.09,Debit Card,Delivered,3475.03,2469.25,11815.1,9877.0,1938.1
O102044,C10697,P1137,2025-08-29,2,0.1,16.56,Debit Card,Delivered,3020.08,1976.97,5436.14,3953.94,1482.2
O102045,C11887,P1099,2025-12-19,3,0.2,13.64,UPI,Cancelled,482.66,272.31,1158.38,816.93,341.45
O102046,C11508,P1076,2026-07-31,4,0.0,146.11,Net Banking,Delivered,625.33,474.81,2501.32,1899.24,602.08
O102047,C10169,P1083,2026-02-21,1,0.05,142.83,Credit Card,Delivered,1658.92,944.21,1575.97,944.21,631.76
O102048,C10084,P1063,2025-09-18,1,0.2,98.36,Net Banking,Delivered,6336.48,4060.59,5069.18,4060.59,1008.59
O102049,C10561,P1007,2026-05-05,2,0.0,98.33,COD,Delivered,7227.26,4548.11,14454.52,9096.22,5358.3
O102050,C11424,P1057,2026-07-23,2,0.1,126.55,Credit Card,Cancelled,4847.14,3432.05,8724.85,6864.1,1860.75
O102051,C10902,P1056,2025-11-11,2,0.1,58.46,Credit Card,Delivered,1431.57,1192.48,2576.83,2384.96,191.87
O102052,C10500,P1006,2026-02-21,1,0.05,78.37,Net Banking,Delivered,18739.53,10820.0,17802.55,10820.0,6982.55
O102053,C10899,P1107,2026-05-25,1,0.0,120.28,Net Banking,Delivered,3347.45,2456.75,3347.45,2456.75,890.7
O102054,C11164,P1050,2026-02-01,3,0.0,3.83,COD,Delivered,802.78,481.82,2408.34,1445.46,962.88
O102055,C11063,P1149,2025-10-16,1,0.0,119.04,COD,Delivered,1265.06,835.13,1265.06,835.13,429.93
O102056,C11820,P1100,2025-11-13,2,0.05,42.05,Debit Card,Delivered,664.62,470.32,1262.78,940.64,322.14
O102057,C10746,P1068,2026-06-12,3,0.0,26.14,COD,Delivered,8864.37,5516.76,26593.11,16550.28,10042.83
O102058,C11844,P1061,2025-08-28,2,0.15,82.6,Debit Card,Delivered,3373.53,1885.35,5735.0,3770.7,1964.3
O102059,C10158,P1035,2026-01-05,3,0.1,141.29,Debit Card,Cancelled,3107.6,2368.57,8390.52,7105.71,1284.81
O102060,C11439,P1064,2026-06-23,3,0.0,119.89,Net Banking,Delivered,4942.18,3929.49,14826.54,11788.47,3038.07
O102061,C10198,P1130,2025-10-02,2,0.0,139.76,COD,Delivered,1664.71,1119.11,3329.42,2238.22,1091.2
O102062,C10215,P1059,2025-11-04,4,0.0,133.14,Debit Card,Delivered,2473.66,1991.45,9894.64,7965.8,1928.84
O102063,C11321,P1142,2026-07-15,2,0.1,23.93,Credit Card,Delivered,1618.71,996.37,2913.68,1992.74,920.94
O102064,C11177,P1014,2026-03-01,1,0.2,83.5,COD,Delivered,27485.51,19010.32,21988.41,19010.32,2978.09
O102065,C11019,P1112,2025-12-31,1,0.2,116.64,UPI,Pending,3747.66,3014.85,2998.13,3014.85,-16.72
O102066,C10351,P1006,2025-08-27,3,0.0,89.81,Net Banking,Delivered,18739.53,10820.0,56218.59,32460.0,23758.59
O102067,C11332,P1015,2026-01-15,2,0.0,85.4,Debit Card,Delivered,13194.79,8050.63,26389.58,16101.26,10288.32
O102068,C11447,P1038,2025-12-01,2,0.0,141.95,UPI,Delivered,3530.81,2400.64,7061.62,4801.28,2260.34
O102069,C10134,P1071,2026-02-25,4,0.0,79.32,Net Banking,Delivered,5179.24,2939.06,20716.96,11756.24,8960.72
O102070,C11837,P1008,2025-12-04,3,0.05,144.0,Net Banking,Delivered,51750.03,32987.78,147487.59,98963.34,48524.25
O102071,C11443,P1035,2026-03-18,1,0.0,139.31,COD,Delivered,3107.6,2368.57,3107.6,2368.57,739.03
O102072,C10926,P1080,2026-03-14,1,0.0,82.57,Net Banking,Delivered,287.38,222.33,287.38,222.33,65.05
O102073,C10624,P1085,2025-08-30,1,0.05,54.85,Credit Card,Delivered,229.52,181.34,218.04,181.34,36.7
O102074,C11794,P1131,2026-04-04,3,0.2,62.31,COD,Delivered,355.98,201.63,854.35,604.89,249.46
O102075,C11106,P1081,2025-12-31,1,0.0,123.13,UPI,Pending,2172.75,1311.33,2172.75,1311.33,861.42
O102076,C10109,P1092,2026-06-22,1,0.1,112.32,Net Banking,Delivered,1913.34,1155.43,1722.01,1155.43,566.58
O102077,C10146,P1017,2026-05-15,1,0.1,5.7,Net Banking,Delivered,68434.16,40506.57,61590.74,40506.57,21084.17
O102078,C10331,P1050,2026-04-12,4,0.0,139.84,Credit Card,Pending,802.78,481.82,3211.12,1927.28,1283.84
O102079,C11585,P1046,2025-08-27,3,0.1,16.71,Credit Card,Delivered,4835.09,3320.63,13054.74,9961.89,3092.85
O102080,C11903,P1127,2025-11-13,1,0.2,16.83,UPI,Delivered,2406.08,1554.9,1924.86,1554.9,369.96
O102081,C10193,P1104,2025-10-12,1,0.0,1.12,Net Banking,Delivered,3475.03,2469.25,3475.03,2469.25,1005.78
O102082,C11404,P1100,2025-10-26,1,0.0,146.13,COD,Delivered,664.62,470.32,664.62,470.32,194.3
O102083,C10972,P1036,2026-06-26,1,0.05,111.89,Debit Card,Delivered,4558.46,3300.66,4330.54,3300.66,1029.88
O102084,C10638,P1091,2026-02-21,4,0.05,111.54,Credit Card,Delivered,722.91,529.78,2747.06,2119.12,627.94
O102085,C11801,P1065,2026-05-18,2,0.0,97.45,COD,Delivered,1517.88,1218.22,3035.76,2436.44,599.32
O102086,C10534,P1103,2026-03-31,1,0.15,106.53,Credit Card,Delivered,1864.92,1469.71,1585.18,1469.71,115.47
O102087,C11326,P1021,2025-11-10,3,0.15,101.65,Debit Card,Delivered,15455.38,11592.94,39411.22,34778.82,4632.4
O102088,C10193,P1135,2025-10-13,4,0.15,44.99,Debit Card,Delivered,311.53,199.73,1059.2,798.92,260.28
O102089,C11242,P1016,2026-07-20,4,0.2,36.57,Net Banking,Delivered,23119.64,19111.02,73982.85,76444.08,-2461.23
O102090,C10765,P1025,2025-12-10,4,0.2,37.05,Credit Card,Delivered,29530.29,19324.99,94496.93,77299.96,17196.97
O102091,C11084,P1004,2026-03-11,1,0.05,134.71,UPI,Delivered,60509.53,40979.28,57484.05,40979.28,16504.77
O102092,C10628,P1008,2026-01-02,4,0.05,104.15,Net Banking,Delivered,51750.03,32987.78,196650.11,131951.12,64698.99
O102093,C11760,P1018,2025-11-01,3,0.0,141.55,Credit Card,Delivered,52552.08,30527.71,157656.24,91583.13,66073.11
O102094,C11272,P1128,2026-04-07,4,0.15,60.03,Credit Card,Delivered,1654.17,1108.55,5624.18,4434.2,1189.98
O102095,C11999,P1089,2026-01-29,4,0.0,3.39,UPI,Cancelled,1514.99,1072.27,6059.96,4289.08,1770.88
O102096,C11870,P1040,2026-02-28,2,0.0,93.26,Net Banking,Delivered,3344.13,2454.65,6688.26,4909.3,1778.96
O102097,C10363,P1113,2025-08-24,1,0.05,54.24,Credit Card,Delivered,3031.82,2160.62,2880.23,2160.62,719.61
O102098,C11668,P1114,2026-03-22,1,0.05,0.28,UPI,Delivered,1562.14,1189.51,1484.03,1189.51,294.52
O102099,C11916,P1138,2026-03-03,3,0.1,21.02,UPI,Shipped,1859.8,1352.45,5021.46,4057.35,964.11
O102100,C10639,P1075,2025-12-31,1,0.05,72.93,UPI,Delivered,6257.58,4866.0,5944.7,4866.0,1078.7
O102101,C10370,P1133,2026-08-08,2,0.0,6.53,Credit Card,Returned,3423.67,2098.85,6847.34,4197.7,2649.64
O102102,C11020,P1050,2026-02-28,1,0.2,68.48,Net Banking,Delivered,802.78,481.82,642.22,481.82,160.4
O102103,C11256,P1087,2025-11-09,1,0.0,99.02,COD,Returned,1693.9,1011.65,1693.9,1011.65,682.25
O102104,C11123,P1100,2026-05-30,3,0.1,64.04,COD,Pending,664.62,470.32,1794.47,1410.96,383.51
O102105,C11370,P1142,2025-09-12,1,0.2,7.59,UPI,Delivered,1618.71,996.37,1294.97,996.37,298.6
O102106,C10749,P1037,2026-03-05,1,0.0,148.18,Credit Card,Pending,1816.37,1116.6,1816.37,1116.6,699.77
O102107,C11006,P1049,2026-02-06,2,0.1,33.35,COD,Delivered,4665.92,2735.27,8398.66,5470.54,2928.12
O102108,C10121,P1123,2026-01-21,1,0.15,39.04,Net Banking,Delivered,877.39,667.5,745.78,667.5,78.28
O102109,C11065,P1024,2026-07-04,1,0.0,109.39,Debit Card,Returned,18028.57,13625.43,18028.57,13625.43,4403.14
O102110,C11154,P1148,2025-10-16,2,0.1,10.47,Net Banking,Delivered,884.97,623.21,1592.95,1246.42,346.53
O102111,C11551,P1140,2026-04-05,1,0.2,85.67,Credit Card,Delivered,436.07,348.48,348.86,348.48,0.38
O102112,C10278,P1115,2026-04-09,1,0.1,26.71,Credit Card,Delivered,5803.85,3277.3,5223.47,3277.3,1946.17
O102113,C11283,P1110,2026-07-06,3,0.0,90.16,COD,Delivered,2315.13,1504.12,6945.39,4512.36,2433.03
O102114,C10169,P1126,2026-07-29,1,0.0,101.93,UPI,Delivered,1404.7,995.08,1404.7,995.08,409.62
O102115,C10659,P1144,2026-04-29,1,0.15,45.35,COD,Delivered,2601.04,1801.4,2210.88,1801.4,409.48
O102116,C10627,P1128,2025-09-08,2,0.2,61.67,Debit Card,Shipped,1654.17,1108.55,2646.67,2217.1,429.57
O102117,C11432,P1015,2026-06-20,4,0.0,77.55,Net Banking,Cancelled,13194.79,8050.63,52779.16,32202.52,20576.64
O102118,C10386,P1023,2026-02-23,1,0.0,95.57,Debit Card,Returned,54514.7,32908.14,54514.7,32908.14,21606.56
O102119,C11532,P1147,2026-02-05,1,0.0,39.05,Net Banking,Delivered,834.22,686.19,834.22,686.19,148.03
O102120,C10643,P1013,2026-02-12,3,0.0,80.56,Net Banking,Delivered,52895.62,37136.59,158686.86,111409.77,47277.09
O102121,C11980,P1078,2025-10-26,1,0.0,148.44,COD,Delivered,1604.45,1009.9,1604.45,1009.9,594.55
O102122,C11975,P1138,2025-12-03,1,0.0,47.91,UPI,Cancelled,1859.8,1352.45,1859.8,1352.45,507.35
O102123,C11402,P1112,2025-11-04,1,0.2,102.72,Net Banking,Delivered,3747.66,3014.85,2998.13,3014.85,-16.72
O102124,C10366,P1131,2026-01-06,1,0.0,69.04,Debit Card,Delivered,355.98,201.63,355.98,201.63,154.35
O102125,C10092,P1055,2025-08-25,2,0.0,142.32,UPI,Delivered,6934.45,4043.27,13868.9,8086.54,5782.36
O102126,C10381,P1057,2025-12-16,4,0.2,17.95,Debit Card,Delivered,4847.14,3432.05,15510.85,13728.2,1782.65
O102127,C10417,P1127,2025-11-08,1,0.0,28.02,Credit Card,Delivered,2406.08,1554.9,2406.08,1554.9,851.18
O102128,C11256,P1004,2025-11-05,2,0.05,84.57,UPI,Returned,60509.53,40979.28,114968.11,81958.56,33009.55
O102129,C10422,P1030,2026-06-25,1,0.0,41.79,Debit Card,Delivered,2098.13,1548.88,2098.13,1548.88,549.25
O102130,C10493,P1085,2025-11-28,4,0.2,138.55,Credit Card,Pending,229.52,181.34,734.46,725.36,9.1
O102131,C11693,P1059,2026-06-29,1,0.05,68.53,Debit Card,Returned,2473.66,1991.45,2349.98,1991.45,358.53
O102132,C10824,P1012,2026-04-18,2,0.1,89.54,Credit Card,Delivered,25370.06,18838.89,45666.11,37677.78,7988.33
O102133,C10505,P1067,2025-11-18,4,0.0,52.44,COD,Delivered,6227.25,3828.72,24909.0,15314.88,9594.12
O102134,C11455,P1080,2025-09-14,2,0.2,27.34,Credit Card,Pending,287.38,222.33,459.81,444.66,15.15
O102135,C11339,P1070,2026-01-02,1,0.05,116.62,COD,Delivered,2608.79,2169.26,2478.35,2169.26,309.09
O102136,C10852,P1106,2026-05-14,1,0.1,116.43,COD,Delivered,3820.64,2143.04,3438.58,2143.04,1295.54
O102137,C11846,P1049,2026-04-23,2,0.0,91.23,COD,Delivered,4665.92,2735.27,9331.84,5470.54,3861.3
O102138,C10022,P1102,2025-10-09,2,0.15,129.83,UPI,Delivered,4370.98,2495.57,7430.67,4991.14,2439.53
O102139,C10920,P1033,2026-02-01,1,0.15,117.16,Credit Card,Delivered,4333.28,2734.68,3683.29,2734.68,948.61
O102140,C10235,P1030,2025-10-06,3,0.0,4.79,Credit Card,Returned,2098.13,1548.88,6294.39,4646.64,1647.75
O102141,C11001,P1018,2025-09-22,3,0.15,48.99,Credit Card,Delivered,52552.08,30527.71,134007.8,91583.13,42424.67
O102142,C10343,P1066,2026-02-22,1,0.0,5.3,COD,Delivered,6204.32,3462.32,6204.32,3462.32,2742.0
O102143,C10587,P1073,2025-09-28,3,0.1,22.46,Net Banking,Delivered,1405.49,1138.4,3794.82,3415.2,379.62
O102144,C11559,P1031,2026-02-16,2,0.0,24.8,COD,Cancelled,1495.17,843.81,2990.34,1687.62,1302.72
O102145,C11811,P1052,2025-11-13,1,0.0,82.43,UPI,Delivered,2039.08,1134.33,2039.08,1134.33,904.75
O102146,C11020,P1052,2025-11-30,2,0.0,51.55,Credit Card,Delivered,2039.08,1134.33,4078.16,2268.66,1809.5
O102147,C10074,P1121,2025-12-23,2,0.0,19.29,COD,Delivered,1135.94,710.5,2271.88,1421.0,850.88
O102148,C10469,P1010,2026-01-21,2,0.0,5.32,COD,Delivered,9031.61,6794.04,18063.22,13588.08,4475.14
O102149,C11562,P1018,2025-10-24,1,0.1,19.69,Credit Card,Delivered,52552.08,30527.71,47296.87,30527.71,16769.16
O102150,C10760,P1113,2026-05-11,1,0.15,107.35,Credit Card,Delivered,3031.82,2160.62,2577.05,2160.62,416.43
O102151,C11576,P1011,2026-01-09,1,0.1,29.25,Net Banking,Shipped,18237.69,11700.82,16413.92,11700.82,4713.1
O102152,C10388,P1054,2025-08-30,2,0.0,79.7,Debit Card,Delivered,5995.19,3653.27,11990.38,7306.54,4683.84
O102153,C10030,P1040,2026-08-19,1,0.05,73.94,Debit Card,Cancelled,3344.13,2454.65,3176.92,2454.65,722.27
O102154,C10514,P1045,2026-06-10,3,0.15,112.61,Debit Card,Delivered,1149.36,712.41,2930.87,2137.23,793.64
O102155,C11847,P1015,2026-04-25,2,0.05,148.54,COD,Delivered,13194.79,8050.63,25070.1,16101.26,8968.84
O102156,C11940,P1075,2026-07-25,2,0.0,18.88,Net Banking,Delivered,6257.58,4866.0,12515.16,9732.0,2783.16
O102157,C10377,P1050,2026-08-04,1,0.0,79.65,Debit Card,Delivered,802.78,481.82,802.78,481.82,320.96
O102158,C10899,P1007,2025-11-10,2,0.0,72.07,COD,Delivered,7227.26,4548.11,14454.52,9096.22,5358.3
O102159,C10504,P1136,2026-08-07,3,0.0,80.62,Debit Card,Delivered,509.62,289.55,1528.86,868.65,660.21
O102160,C10294,P1141,2025-11-29,3,0.0,117.74,Debit Card,Delivered,913.93,756.89,2741.79,2270.67,471.12
O102161,C11403,P1017,2026-06-04,2,0.0,99.01,COD,Delivered,68434.16,40506.57,136868.32,81013.14,55855.18
O102162,C10036,P1044,2025-08-24,2,0.0,108.67,Debit Card,Delivered,1399.41,917.62,2798.82,1835.24,963.58
O102163,C10294,P1027,2026-06-30,2,0.15,104.11,Credit Card,Delivered,5526.19,3231.39,9394.52,6462.78,2931.74
O102164,C10008,P1145,2026-01-14,3,0.15,116.81,UPI,Shipped,2714.68,1805.11,6922.43,5415.33,1507.1
O102165,C11575,P1146,2026-06-07,2,0.05,62.09,UPI,Cancelled,1033.25,584.92,1963.18,1169.84,793.34
O102166,C11561,P1010,2026-05-12,3,0.15,124.36,Net Banking,Delivered,9031.61,6794.04,23030.61,20382.12,2648.49
O102167,C10041,P1122,2025-12-18,1,0.2,40.5,Net Banking,Delivered,588.59,431.08,470.87,431.08,39.79
O102168,C10579,P1100,2025-11-16,2,0.0,58.88,COD,Returned,664.62,470.32,1329.24,940.64,388.6
O102169,C10487,P1126,2025-11-08,1,0.2,15.24,Net Banking,Delivered,1404.7,995.08,1123.76,995.08,128.68
O102170,C11304,P1117,2026-03-26,3,0.0,99.83,COD,Returned,4152.01,2619.57,12456.03,7858.71,4597.32
O102171,C10314,P1117,2026-06-23,1,0.15,119.69,Net Banking,Cancelled,4152.01,2619.57,3529.21,2619.57,909.64
O102172,C10459,P1037,2026-01-22,4,0.2,84.76,Debit Card,Delivered,1816.37,1116.6,5812.38,4466.4,1345.98
O102173,C10358,P1100,2026-04-06,1,0.2,145.28,Debit Card,Returned,664.62,470.32,531.7,470.32,61.38
O102174,C10754,P1006,2025-09-27,2,0.1,112.87,COD,Shipped,18739.53,10820.0,33731.15,21640.0,12091.15
O102175,C10295,P1011,2025-09-19,2,0.0,67.25,COD,Delivered,18237.69,11700.82,36475.38,23401.64,13073.74
O102176,C11802,P1139,2025-10-25,1,0.15,129.95,Credit Card,Pending,451.27,274.75,383.58,274.75,108.83
O102177,C10257,P1091,2025-08-26,1,0.0,23.57,Credit Card,Pending,722.91,529.78,722.91,529.78,193.13
O102178,C10863,P1107,2026-03-27,2,0.2,37.83,COD,Shipped,3347.45,2456.75,5355.92,4913.5,442.42
O102179,C10910,P1100,2026-02-12,3,0.0,92.41,COD,Delivered,664.62,470.32,1993.86,1410.96,582.9
O102180,C10668,P1103,2025-11-13,1,0.1,49.26,Credit Card,Shipped,1864.92,1469.71,1678.43,1469.71,208.72
O102181,C10422,P1063,2026-07-02,3,0.15,128.26,Credit Card,Delivered,6336.48,4060.59,16158.02,12181.77,3976.25
O102182,C11165,P1050,2026-07-11,1,0.0,111.65,Net Banking,Delivered,802.78,481.82,802.78,481.82,320.96
O102183,C10949,P1141,2026-03-20,2,0.0,71.61,COD,Delivered,913.93,756.89,1827.86,1513.78,314.08
O102184,C10629,P1055,2026-03-25,2,0.1,20.35,COD,Delivered,6934.45,4043.27,12482.01,8086.54,4395.47
O102185,C10223,P1139,2025-12-08,1,0.0,42.02,COD,Delivered,451.27,274.75,451.27,274.75,176.52
O102186,C11706,P1106,2025-10-25,3,0.0,31.87,UPI,Delivered,3820.64,2143.04,11461.92,6429.12,5032.8
O102187,C10692,P1142,2026-01-12,3,0.0,3.55,Credit Card,Delivered,1618.71,996.37,4856.13,2989.11,1867.02
O102188,C11920,P1133,2026-03-10,1,0.15,136.42,COD,Delivered,3423.67,2098.85,2910.12,2098.85,811.27
O102189,C10908,P1007,2026-07-26,4,0.2,148.83,Credit Card,Delivered,7227.26,4548.11,23127.23,18192.44,4934.79
O102190,C11367,P1045,2026-06-18,1,0.1,144.39,Debit Card,Pending,1149.36,712.41,1034.42,712.41,322.01
O102191,C11394,P1145,2026-03-25,4,0.0,129.52,Credit Card,Delivered,2714.68,1805.11,10858.72,7220.44,3638.28
O102192,C11178,P1051,2025-12-13,2,0.15,116.37,Credit Card,Delivered,3086.44,2233.31,5246.95,4466.62,780.33
O102193,C10960,P1063,2026-05-16,4,0.0,60.01,Credit Card,Shipped,6336.48,4060.59,25345.92,16242.36,9103.56
O102194,C10997,P1081,2026-01-08,3,0.1,110.67,Net Banking,Returned,2172.75,1311.33,5866.43,3933.99,1932.44
O102195,C11255,P1136,2026-08-19,4,0.1,108.2,UPI,Delivered,509.62,289.55,1834.63,1158.2,676.43
O102196,C11612,P1017,2026-07-07,2,0.2,26.79,UPI,Delivered,68434.16,40506.57,109494.66,81013.14,28481.52
O102197,C11885,P1014,2026-05-13,4,0.0,83.34,Debit Card,Cancelled,27485.51,19010.32,109942.04,76041.28,33900.76
O102198,C10642,P1092,2025-09-13,2,0.0,85.2,Credit Card,Shipped,1913.34,1155.43,3826.68,2310.86,1515.82
O102199,C11962,P1055,2026-06-27,1,0.0,97.22,Debit Card,Cancelled,6934.45,4043.27,6934.45,4043.27,2891.18
O102200,C10744,P1081,2025-09-19,1,0.15,26.13,Net Banking,Returned,2172.75,1311.33,1846.84,1311.33,535.51
O102201,C10915,P1122,2026-03-18,2,0.0,20.61,Debit Card,Delivered,588.59,431.08,1177.18,862.16,315.02
O102202,C10594,P1078,2025-10-25,1,0.0,89.86,UPI,Shipped,1604.45,1009.9,1604.45,1009.9,594.55
O102203,C10328,P1039,2025-12-19,3,0.0,121.4,Credit Card,Delivered,3010.98,2323.83,9032.94,6971.49,2061.45
O102204,C11091,P1105,2026-03-27,1,0.1,119.6,Credit Card,Delivered,5921.43,3427.44,5329.29,3427.44,1901.85
O102205,C11288,P1121,2025-10-24,4,0.0,22.49,Debit Card,Delivered,1135.94,710.5,4543.76,2842.0,1701.76
O102206,C11851,P1064,2026-01-11,1,0.0,89.62,UPI,Delivered,4942.18,3929.49,4942.18,3929.49,1012.69
O102207,C10301,P1114,2026-01-10,2,0.1,132.32,UPI,Shipped,1562.14,1189.51,2811.85,2379.02,432.83
O102208,C10278,P1098,2025-10-27,1,0.2,37.98,COD,Delivered,298.55,229.91,238.84,229.91,8.93
O102209,C10350,P1006,2025-12-16,1,0.05,58.11,Net Banking,Delivered,18739.53,10820.0,17802.55,10820.0,6982.55
O102210,C11676,P1093,2025-11-07,4,0.15,89.39,COD,Delivered,1288.82,1004.22,4381.99,4016.88,365.11
O102211,C10373,P1115,2025-08-29,1,0.05,13.55,UPI,Pending,5803.85,3277.3,5513.66,3277.3,2236.36
O102212,C11939,P1146,2026-02-10,3,0.0,60.53,Debit Card,Returned,1033.25,584.92,3099.75,1754.76,1344.99
O102213,C10175,P1095,2026-02-19,2,0.15,131.21,UPI,Delivered,561.33,353.29,954.26,706.58,247.68
O102214,C11279,P1077,2026-03-10,1,0.0,116.1,COD,Returned,206.69,134.91,206.69,134.91,71.78
O102215,C10228,P1051,2026-01-09,1,0.15,131.95,Debit Card,Delivered,3086.44,2233.31,2623.47,2233.31,390.16
O102216,C11624,P1022,2025-12-10,1,0.1,25.8,Debit Card,Delivered,8340.38,5227.15,7506.34,5227.15,2279.19
O102217,C11638,P1127,2025-12-24,2,0.0,140.6,UPI,Delivered,2406.08,1554.9,4812.16,3109.8,1702.36
O102218,C11209,P1107,2026-05-12,3,0.1,3.7,Credit Card,Delivered,3347.45,2456.75,9038.12,7370.25,1667.87
O102219,C10518,P1050,2025-10-13,2,0.15,7.17,Net Banking,Delivered,802.78,481.82,1364.73,963.64,401.09
O102220,C11066,P1007,2025-10-15,1,0.1,116.54,COD,Delivered,7227.26,4548.11,6504.53,4548.11,1956.42
O102221,C10342,P1014,2026-03-03,1,0.0,105.96,Credit Card,Delivered,27485.51,19010.32,27485.51,19010.32,8475.19
O102222,C10539,P1115,2026-06-03,2,0.15,36.71,COD,Delivered,5803.85,3277.3,9866.55,6554.6,3311.95
O102223,C10559,P1118,2025-11-01,1,0.05,35.83,UPI,Delivered,4978.89,3068.71,4729.95,3068.71,1661.24
O102224,C10065,P1034,2025-10-03,2,0.0,47.92,Net Banking,Delivered,3445.82,2463.26,6891.64,4926.52,1965.12
O102225,C11175,P1005,2026-07-05,1,0.0,135.22,Debit Card,Delivered,47571.0,27164.82,47571.0,27164.82,20406.18
O102226,C11853,P1121,2025-10-29,1,0.15,51.67,COD,Delivered,1135.94,710.5,965.55,710.5,255.05
O102227,C11424,P1070,2025-12-22,4,0.15,61.02,COD,Delivered,2608.79,2169.26,8869.89,8677.04,192.85
O102228,C11645,P1132,2025-11-16,1,0.15,66.43,COD,Delivered,1045.48,772.39,888.66,772.39,116.27
O102229,C10701,P1034,2026-05-05,1,0.15,75.11,Debit Card,Delivered,3445.82,2463.26,2928.95,2463.26,465.69
O102230,C11132,P1050,2026-01-02,1,0.1,60.84,COD,Delivered,802.78,481.82,722.5,481.82,240.68
O102231,C10171,P1116,2026-06-03,2,0.2,80.3,UPI,Shipped,1503.58,846.7,2405.73,1693.4,712.33
O102232,C11871,P1082,2025-11-25,4,0.0,130.13,Net Banking,Returned,2274.24,1299.56,9096.96,5198.24,3898.72
O102233,C10048,P1033,2026-07-16,3,0.05,112.08,UPI,Delivered,4333.28,2734.68,12349.85,8204.04,4145.81
O102234,C10363,P1096,2026-01-18,1,0.0,51.67,UPI,Delivered,1066.34,728.57,1066.34,728.57,337.77
O102235,C11642,P1061,2026-04-27,2,0.1,112.31,UPI,Cancelled,3373.53,1885.35,6072.35,3770.7,2301.65
O102236,C10020,P1004,2026-02-08,3,0.2,57.0,Debit Card,Cancelled,60509.53,40979.28,145222.87,122937.84,22285.03
O102237,C11265,P1019,2026-05-05,1,0.2,42.19,Credit Card,Delivered,53480.6,38132.5,42784.48,38132.5,4651.98
O102238,C11978,P1118,2026-04-01,1,0.0,144.23,Debit Card,Shipped,4978.89,3068.71,4978.89,3068.71,1910.18
O102239,C10217,P1032,2026-04-07,3,0.05,32.67,UPI,Delivered,1643.06,925.34,4682.72,2776.02,1906.7
O102240,C10409,P1021,2026-08-06,4,0.0,65.59,Credit Card,Delivered,15455.38,11592.94,61821.52,46371.76,15449.76
O102241,C11949,P1024,2025-12-09,4,0.1,17.58,UPI,Delivered,18028.57,13625.43,64902.85,54501.72,10401.13
O102242,C11405,P1060,2025-10-10,1,0.0,114.75,Credit Card,Delivered,887.63,507.33,887.63,507.33,380.3
O102243,C10163,P1100,2026-07-06,3,0.05,7.99,Debit Card,Delivered,664.62,470.32,1894.17,1410.96,483.21
O102244,C10395,P1122,2026-05-02,4,0.15,67.29,Credit Card,Delivered,588.59,431.08,2001.21,1724.32,276.89
O102245,C11015,P1048,2026-01-28,1,0.0,75.17,COD,Delivered,714.29,437.46,714.29,437.46,276.83
O102246,C11385,P1016,2025-12-07,2,0.0,145.46,COD,Delivered,23119.64,19111.02,46239.28,38222.04,8017.24
O102247,C10013,P1021,2026-04-26,2,0.15,100.97,Credit Card,Pending,15455.38,11592.94,26274.15,23185.88,3088.27
O102248,C10540,P1037,2026-01-04,3,0.1,0.37,Net Banking,Delivered,1816.37,1116.6,4904.2,3349.8,1554.4
O102249,C10388,P1032,2026-04-11,2,0.0,56.29,UPI,Delivered,1643.06,925.34,3286.12,1850.68,1435.44
O102250,C11738,P1083,2025-11-18,1,0.1,83.61,Credit Card,Delivered,1658.92,944.21,1493.03,944.21,548.82
O102251,C11302,P1076,2026-04-15,1,0.0,75.82,Net Banking,Delivered,625.33,474.81,625.33,474.81,150.52
O102252,C11312,P1074,2025-10-21,1,0.0,136.94,Credit Card,Delivered,1038.89,634.94,1038.89,634.94,403.95
O102253,C11689,P1089,2026-05-29,2,0.05,58.53,Credit Card,Delivered,1514.99,1072.27,2878.48,2144.54,733.94
O102254,C11342,P1065,2026-07-03,4,0.15,8.48,Debit Card,Shipped,1517.88,1218.22,5160.79,4872.88,287.91
O102255,C10133,P1016,2025-10-07,1,0.15,4.75,UPI,Delivered,23119.64,19111.02,19651.69,19111.02,540.67
O102256,C11849,P1016,2025-09-18,1,0.2,107.53,Net Banking,Shipped,23119.64,19111.02,18495.71,19111.02,-615.31
O102257,C10881,P1021,2025-12-06,2,0.15,85.43,COD,Delivered,15455.38,11592.94,26274.15,23185.88,3088.27
O102258,C11525,P1023,2026-03-03,1,0.1,123.99,Debit Card,Delivered,54514.7,32908.14,49063.23,32908.14,16155.09
O102259,C11877,P1093,2026-02-19,2,0.2,42.15,Net Banking,Delivered,1288.82,1004.22,2062.11,2008.44,53.67
O102260,C10135,P1146,2026-05-21,4,0.2,4.78,Debit Card,Shipped,1033.25,584.92,3306.4,2339.68,966.72
O102261,C10654,P1116,2025-10-02,1,0.0,27.08,Debit Card,Shipped,1503.58,846.7,1503.58,846.7,656.88
O102262,C10984,P1095,2026-07-09,3,0.0,54.81,COD,Delivered,561.33,353.29,1683.99,1059.87,624.12
O102263,C11002,P1081,2025-09-04,1,0.15,125.42,Net Banking,Pending,2172.75,1311.33,1846.84,1311.33,535.51
O102264,C10390,P1059,2026-07-28,1,0.05,145.95,Net Banking,Delivered,2473.66,1991.45,2349.98,1991.45,358.53
O102265,C11415,P1091,2026-06-06,2,0.15,36.91,COD,Delivered,722.91,529.78,1228.95,1059.56,169.39
O102266,C10946,P1084,2026-07-06,1,0.05,4.46,COD,Delivered,771.46,641.72,732.89,641.72,91.17
O102267,C11842,P1119,2026-04-20,1,0.15,17.74,COD,Delivered,5211.2,3497.26,4429.52,3497.26,932.26
O102268,C11512,P1099,2026-05-06,4,0.05,104.4,COD,Pending,482.66,272.31,1834.11,1089.24,744.87
O102269,C11789,P1036,2026-04-18,1,0.1,102.62,Debit Card,Delivered,4558.46,3300.66,4102.61,3300.66,801.95
O102270,C11783,P1039,2026-02-01,1,0.2,44.88,COD,Delivered,3010.98,2323.83,2408.78,2323.83,84.95
O102271,C10890,P1045,2025-11-08,4,0.0,97.6,Credit Card,Delivered,1149.36,712.41,4597.44,2849.64,1747.8
O102272,C10377,P1056,2026-06-26,1,0.0,106.67,UPI,Delivered,1431.57,1192.48,1431.57,1192.48,239.09
O102273,C10968,P1039,2026-07-06,3,0.05,148.92,Debit Card,Delivered,3010.98,2323.83,8581.29,6971.49,1609.8
O102274,C10045,P1128,2025-12-10,2,0.2,72.83,COD,Delivered,1654.17,1108.55,2646.67,2217.1,429.57
O102275,C11700,P1141,2026-06-19,3,0.0,114.14,Debit Card,Delivered,913.93,756.89,2741.79,2270.67,471.12
O102276,C10997,P1128,2026-02-28,1,0.15,3.48,COD,Delivered,1654.17,1108.55,1406.04,1108.55,297.49
O102277,C11745,P1041,2026-04-08,1,0.0,137.64,COD,Pending,1521.85,1173.08,1521.85,1173.08,348.77
O102278,C10123,P1091,2025-12-22,2,0.0,133.13,UPI,Delivered,722.91,529.78,1445.82,1059.56,386.26
O102279,C10663,P1123,2025-12-14,2,0.0,135.1,Net Banking,Delivered,877.39,667.5,1754.78,1335.0,419.78
O102280,C10482,P1133,2025-12-04,1,0.05,54.07,COD,Shipped,3423.67,2098.85,3252.49,2098.85,1153.64
O102281,C10853,P1126,2025-12-06,1,0.2,20.9,UPI,Pending,1404.7,995.08,1123.76,995.08,128.68
O102282,C11294,P1041,2025-09-30,2,0.0,91.1,Debit Card,Delivered,1521.85,1173.08,3043.7,2346.16,697.54
O102283,C11401,P1110,2025-08-26,1,0.0,39.72,Net Banking,Delivered,2315.13,1504.12,2315.13,1504.12,811.01
O102284,C10266,P1136,2025-09-13,1,0.0,148.84,Debit Card,Delivered,509.62,289.55,509.62,289.55,220.07
O102285,C10765,P1033,2026-04-20,1,0.05,87.17,Debit Card,Delivered,4333.28,2734.68,4116.62,2734.68,1381.94
O102286,C10970,P1017,2025-09-22,1,0.2,118.0,UPI,Delivered,68434.16,40506.57,54747.33,40506.57,14240.76
O102287,C10855,P1064,2025-11-29,3,0.0,95.48,Credit Card,Pending,4942.18,3929.49,14826.54,11788.47,3038.07
O102288,C11410,P1060,2026-07-26,1,0.2,4.99,Debit Card,Delivered,887.63,507.33,710.1,507.33,202.77
O102289,C11847,P1122,2026-01-28,3,0.2,137.51,Debit Card,Delivered,588.59,431.08,1412.62,1293.24,119.38
O102290,C11183,P1085,2026-06-30,2,0.05,118.16,Credit Card,Returned,229.52,181.34,436.09,362.68,73.41
O102291,C11978,P1083,2025-12-14,1,0.0,53.8,Net Banking,Pending,1658.92,944.21,1658.92,944.21,714.71
O102292,C10469,P1061,2026-03-29,1,0.1,101.33,Credit Card,Delivered,3373.53,1885.35,3036.18,1885.35,1150.83
O102293,C10963,P1005,2025-10-11,1,0.1,48.25,Debit Card,Delivered,47571.0,27164.82,42813.9,27164.82,15649.08
O102294,C10196,P1099,2025-11-08,2,0.1,101.53,Credit Card,Delivered,482.66,272.31,868.79,544.62,324.17
O102295,C10167,P1136,2025-10-31,3,0.05,122.78,COD,Delivered,509.62,289.55,1452.42,868.65,583.77
O102296,C11845,P1069,2025-10-06,2,0.1,4.58,UPI,Delivered,717.29,416.98,1291.12,833.96,457.16
O102297,C11593,P1050,2026-07-27,1,0.15,54.09,Debit Card,Delivered,802.78,481.82,682.36,481.82,200.54
O102298,C10746,P1016,2026-02-07,3,0.0,31.1,COD,Delivered,23119.64,19111.02,69358.92,57333.06,12025.86
O102299,C11297,P1001,2026-07-10,1,0.0,39.95,Debit Card,Delivered,38372.92,26874.96,38372.92,26874.96,11497.96
O102300,C11272,P1124,2025-09-24,2,0.15,79.0,Net Banking,Delivered,4401.73,2791.05,7482.94,5582.1,1900.84
O102301,C10559,P1082,2026-05-18,1,0.2,81.23,COD,Pending,2274.24,1299.56,1819.39,1299.56,519.83
O102302,C11239,P1138,2026-04-20,1,0.0,33.39,Credit Card,Cancelled,1859.8,1352.45,1859.8,1352.45,507.35
O102303,C11323,P1049,2025-09-20,1,0.15,69.24,Net Banking,Delivered,4665.92,2735.27,3966.03,2735.27,1230.76
O102304,C10606,P1016,2026-03-28,1,0.0,83.5,Credit Card,Delivered,23119.64,19111.02,23119.64,19111.02,4008.62
O102305,C11033,P1073,2025-11-27,4,0.0,78.03,Credit Card,Shipped,1405.49,1138.4,5621.96,4553.6,1068.36
O102306,C10867,P1003,2025-12-13,1,0.05,107.5,Debit Card,Delivered,31454.08,19066.44,29881.38,19066.44,10814.94
O102307,C10296,P1076,2026-03-18,3,0.2,30.23,UPI,Delivered,625.33,474.81,1500.79,1424.43,76.36
O102308,C11319,P1108,2026-05-14,2,0.05,121.68,UPI,Delivered,2697.81,2207.0,5125.84,4414.0,711.84
O102309,C11589,P1038,2026-07-19,1,0.1,54.72,COD,Delivered,3530.81,2400.64,3177.73,2400.64,777.09
O102310,C11138,P1041,2026-08-16,3,0.05,71.18,Net Banking,Delivered,1521.85,1173.08,4337.27,3519.24,818.03
O102311,C10644,P1028,2025-09-13,2,0.0,23.29,Debit Card,Delivered,5009.89,3386.66,10019.78,6773.32,3246.46
O102312,C10406,P1117,2026-06-26,1,0.05,92.79,Debit Card,Delivered,4152.01,2619.57,3944.41,2619.57,1324.84
O102313,C10264,P1083,2026-06-15,3,0.1,144.0,UPI,Delivered,1658.92,944.21,4479.08,2832.63,1646.45
O102314,C11778,P1084,2026-03-31,3,0.2,52.31,Net Banking,Delivered,771.46,641.72,1851.5,1925.16,-73.66
O102315,C10291,P1081,2025-10-12,4,0.05,38.58,COD,Delivered,2172.75,1311.33,8256.45,5245.32,3011.13
O102316,C11288,P1112,2026-08-06,1,0.1,42.27,Debit Card,Delivered,3747.66,3014.85,3372.89,3014.85,358.04
O102317,C10669,P1009,2025-11-05,2,0.0,110.13,Debit Card,Delivered,33080.16,21064.69,66160.32,42129.38,24030.94
O102318,C11550,P1146,2025-09-24,1,0.0,88.1,UPI,Returned,1033.25,584.92,1033.25,584.92,448.33
O102319,C10115,P1034,2025-09-02,1,0.0,74.4,COD,Delivered,3445.82,2463.26,3445.82,2463.26,982.56
O102320,C10140,P1036,2026-05-02,3,0.1,47.35,Credit Card,Delivered,4558.46,3300.66,12307.84,9901.98,2405.86
O102321,C10335,P1061,2026-07-31,1,0.1,141.6,UPI,Shipped,3373.53,1885.35,3036.18,1885.35,1150.83
O102322,C11992,P1092,2026-01-27,2,0.0,101.38,Debit Card,Delivered,1913.34,1155.43,3826.68,2310.86,1515.82
O102323,C10704,P1018,2026-03-08,1,0.2,35.77,COD,Delivered,52552.08,30527.71,42041.66,30527.71,11513.95
O102324,C10128,P1135,2026-05-10,1,0.05,55.16,COD,Delivered,311.53,199.73,295.95,199.73,96.22
O102325,C10811,P1040,2025-11-08,1,0.0,52.52,Net Banking,Cancelled,3344.13,2454.65,3344.13,2454.65,889.48
O102326,C11668,P1054,2025-12-25,2,0.05,145.85,COD,Delivered,5995.19,3653.27,11390.86,7306.54,4084.32
O102327,C11563,P1067,2026-05-15,2,0.0,69.23,Credit Card,Delivered,6227.25,3828.72,12454.5,7657.44,4797.06
O102328,C11321,P1143,2026-07-21,1,0.0,34.52,UPI,Delivered,2676.13,1712.63,2676.13,1712.63,963.5
O102329,C11727,P1058,2025-11-05,1,0.0,129.87,COD,Delivered,1139.13,868.45,1139.13,868.45,270.68
O102330,C10449,P1060,2025-12-18,1,0.1,86.75,Credit Card,Pending,887.63,507.33,798.87,507.33,291.54
O102331,C10282,P1129,2026-01-10,2,0.0,91.83,Debit Card,Delivered,3364.24,2034.28,6728.48,4068.56,2659.92
O102332,C11549,P1102,2026-01-13,2,0.0,24.38,UPI,Delivered,4370.98,2495.57,8741.96,4991.14,3750.82
O102333,C10594,P1127,2026-05-12,1,0.0,101.56,UPI,Delivered,2406.08,1554.9,2406.08,1554.9,851.18
O102334,C11428,P1107,2025-10-22,1,0.0,24.03,Net Banking,Delivered,3347.45,2456.75,3347.45,2456.75,890.7
O102335,C10410,P1010,2026-01-15,4,0.2,73.14,Credit Card,Delivered,9031.61,6794.04,28901.15,27176.16,1724.99
O102336,C11007,P1002,2026-08-21,1,0.05,116.01,Debit Card,Delivered,64458.4,38857.64,61235.48,38857.64,22377.84
O102337,C11192,P1095,2025-12-22,1,0.05,14.97,Net Banking,Returned,561.33,353.29,533.26,353.29,179.97
O102338,C10337,P1102,2026-01-24,2,0.0,147.57,Credit Card,Delivered,4370.98,2495.57,8741.96,4991.14,3750.82
O102339,C10016,P1073,2025-11-12,3,0.0,111.91,Debit Card,Delivered,1405.49,1138.4,4216.47,3415.2,801.27
O102340,C11047,P1100,2026-08-16,3,0.1,113.13,Credit Card,Cancelled,664.62,470.32,1794.47,1410.96,383.51
O102341,C11545,P1066,2026-02-11,2,0.1,43.88,Debit Card,Delivered,6204.32,3462.32,11167.78,6924.64,4243.14
O102342,C11839,P1067,2026-02-06,4,0.05,38.77,COD,Delivered,6227.25,3828.72,23663.55,15314.88,8348.67
O102343,C10585,P1116,2026-05-06,2,0.0,84.81,UPI,Delivered,1503.58,846.7,3007.16,1693.4,1313.76
O102344,C11982,P1132,2025-10-13,1,0.0,44.04,COD,Delivered,1045.48,772.39,1045.48,772.39,273.09
O102345,C10231,P1011,2026-05-18,2,0.05,144.36,COD,Shipped,18237.69,11700.82,34651.61,23401.64,11249.97
O102346,C11522,P1053,2025-10-19,3,0.05,52.84,Credit Card,Shipped,922.36,543.78,2628.73,1631.34,997.39
O102347,C11507,P1077,2025-08-30,1,0.15,93.88,Credit Card,Returned,206.69,134.91,175.69,134.91,40.78
O102348,C11675,P1078,2026-06-25,4,0.0,36.83,Debit Card,Delivered,1604.45,1009.9,6417.8,4039.6,2378.2
O102349,C11327,P1059,2025-11-15,3,0.0,57.12,Net Banking,Returned,2473.66,1991.45,7420.98,5974.35,1446.63
O102350,C11728,P1065,2026-08-02,2,0.0,16.38,Credit Card,Delivered,1517.88,1218.22,3035.76,2436.44,599.32
O102351,C10635,P1004,2025-10-01,1,0.15,147.21,Credit Card,Cancelled,60509.53,40979.28,51433.1,40979.28,10453.82
O102352,C11763,P1086,2026-05-20,4,0.2,117.63,Credit Card,Delivered,316.01,223.96,1011.23,895.84,115.39
O102353,C11475,P1100,2026-05-12,1,0.0,49.17,Debit Card,Delivered,664.62,470.32,664.62,470.32,194.3
O102354,C10801,P1043,2026-08-13,1,0.0,103.1,COD,Delivered,2304.37,1753.37,2304.37,1753.37,551.0
O102355,C11223,P1074,2026-01-07,1,0.2,149.59,Credit Card,Delivered,1038.89,634.94,831.11,634.94,196.17
O102356,C10220,P1001,2026-06-19,1,0.15,117.25,UPI,Delivered,38372.92,26874.96,32616.98,26874.96,5742.02
O102357,C11756,P1003,2025-11-26,1,0.2,118.9,Debit Card,Returned,31454.08,19066.44,25163.26,19066.44,6096.82
O102358,C10622,P1114,2025-09-14,3,0.1,136.4,COD,Shipped,1562.14,1189.51,4217.78,3568.53,649.25
O102359,C11969,P1041,2026-05-28,1,0.0,54.1,UPI,Delivered,1521.85,1173.08,1521.85,1173.08,348.77
O102360,C10441,P1049,2025-12-10,1,0.1,118.16,COD,Shipped,4665.92,2735.27,4199.33,2735.27,1464.06
O102361,C10764,P1020,2026-04-19,4,0.0,74.05,Debit Card,Delivered,40470.11,25854.79,161880.44,103419.16,58461.28
O102362,C10046,P1077,2025-12-07,2,0.0,37.95,UPI,Returned,206.69,134.91,413.38,269.82,143.56
O102363,C10619,P1037,2026-08-08,1,0.0,70.63,Debit Card,Delivered,1816.37,1116.6,1816.37,1116.6,699.77
O102364,C11910,P1053,2026-03-26,4,0.0,93.61,UPI,Returned,922.36,543.78,3689.44,2175.12,1514.32
O102365,C11525,P1008,2025-10-22,3,0.0,51.43,COD,Delivered,51750.03,32987.78,155250.09,98963.34,56286.75
O102366,C10231,P1023,2025-11-17,2,0.1,116.69,Credit Card,Delivered,54514.7,32908.14,98126.46,65816.28,32310.18
O102367,C11816,P1149,2025-12-16,3,0.0,80.89,Net Banking,Delivered,1265.06,835.13,3795.18,2505.39,1289.79
O102368,C10047,P1145,2025-11-05,1,0.2,58.79,COD,Delivered,2714.68,1805.11,2171.74,1805.11,366.63
O102369,C11417,P1040,2026-03-30,2,0.0,16.96,Credit Card,Delivered,3344.13,2454.65,6688.26,4909.3,1778.96
O102370,C11389,P1097,2026-08-16,3,0.1,127.53,UPI,Delivered,371.34,245.76,1002.62,737.28,265.34
O102371,C10886,P1120,2026-01-11,1,0.0,70.46,COD,Delivered,3318.56,2380.1,3318.56,2380.1,938.46
O102372,C10028,P1148,2026-05-09,3,0.15,136.12,UPI,Delivered,884.97,623.21,2256.67,1869.63,387.04
O102373,C11965,P1072,2025-12-09,4,0.0,113.53,Debit Card,Delivered,2376.29,1589.59,9505.16,6358.36,3146.8
O102374,C10416,P1069,2025-09-13,4,0.2,93.2,UPI,Delivered,717.29,416.98,2295.33,1667.92,627.41
O102375,C11973,P1049,2026-05-05,2,0.0,128.4,Credit Card,Delivered,4665.92,2735.27,9331.84,5470.54,3861.3
O102376,C11660,P1001,2025-09-06,1,0.0,47.03,UPI,Cancelled,38372.92,26874.96,38372.92,26874.96,11497.96
O102377,C11711,P1112,2026-08-15,4,0.05,148.79,Net Banking,Pending,3747.66,3014.85,14241.11,12059.4,2181.71
O102378,C11001,P1060,2026-08-03,2,0.05,26.61,UPI,Delivered,887.63,507.33,1686.5,1014.66,671.84
O102379,C10182,P1095,2025-10-31,2,0.0,130.88,COD,Cancelled,561.33,353.29,1122.66,706.58,416.08
O102380,C11116,P1042,2025-09-27,1,0.05,60.68,Debit Card,Delivered,1907.35,1363.61,1811.98,1363.61,448.37
O102381,C10761,P1142,2025-10-26,1,0.2,129.93,Net Banking,Delivered,1618.71,996.37,1294.97,996.37,298.6
O102382,C11506,P1089,2026-01-16,3,0.1,12.37,COD,Delivered,1514.99,1072.27,4090.47,3216.81,873.66
O102383,C10823,P1096,2025-11-09,1,0.05,15.21,COD,Pending,1066.34,728.57,1013.02,728.57,284.45
O102384,C11572,P1075,2026-01-11,3,0.2,97.84,Credit Card,Shipped,6257.58,4866.0,15018.19,14598.0,420.19
O102385,C11540,P1127,2026-02-23,1,0.0,55.26,Net Banking,Delivered,2406.08,1554.9,2406.08,1554.9,851.18
O102386,C11969,P1111,2026-06-05,1,0.0,85.5,UPI,Delivered,583.37,467.6,583.37,467.6,115.77
O102387,C11813,P1036,2026-01-25,1,0.15,126.57,Debit Card,Returned,4558.46,3300.66,3874.69,3300.66,574.03
O102388,C11322,P1120,2026-02-07,2,0.2,51.38,COD,Shipped,3318.56,2380.1,5309.7,4760.2,549.5
O102389,C11765,P1043,2026-07-24,2,0.15,84.03,UPI,Delivered,2304.37,1753.37,3917.43,3506.74,410.69
O102390,C11881,P1038,2025-11-12,1,0.0,85.7,Net Banking,Delivered,3530.81,2400.64,3530.81,2400.64,1130.17
O102391,C11296,P1041,2026-05-31,1,0.0,133.04,Net Banking,Delivered,1521.85,1173.08,1521.85,1173.08,348.77
O102392,C11672,P1053,2026-07-31,3,0.0,116.5,COD,Delivered,922.36,543.78,2767.08,1631.34,1135.74
O102393,C10859,P1029,2025-10-06,1,0.0,42.37,Net Banking,Delivered,564.96,451.92,564.96,451.92,113.04
O102394,C11065,P1027,2026-05-18,2,0.0,101.73,Net Banking,Delivered,5526.19,3231.39,11052.38,6462.78,4589.6
O102395,C11914,P1141,2026-08-11,2,0.15,78.08,Credit Card,Shipped,913.93,756.89,1553.68,1513.78,39.9
O102396,C11401,P1086,2026-03-03,4,0.0,7.71,COD,Delivered,316.01,223.96,1264.04,895.84,368.2
O102397,C11499,P1096,2026-07-07,2,0.0,7.08,Net Banking,Returned,1066.34,728.57,2132.68,1457.14,675.54
O102398,C11072,P1101,2026-04-06,4,0.0,91.93,Credit Card,Delivered,2706.0,1556.11,10824.0,6224.44,4599.56
O102399,C11536,P1105,2026-01-05,2,0.0,63.11,UPI,Delivered,5921.43,3427.44,11842.86,6854.88,4987.98
O102400,C11319,P1117,2026-06-20,3,0.05,86.78,Credit Card,Cancelled,4152.01,2619.57,11833.23,7858.71,3974.52
O102401,C11834,P1049,2026-04-14,1,0.0,0.63,UPI,Returned,4665.92,2735.27,4665.92,2735.27,1930.65
O102402,C11986,P1130,2025-09-09,2,0.15,30.03,UPI,Delivered,1664.71,1119.11,2830.01,2238.22,591.79
O102403,C11876,P1019,2026-05-09,2,0.0,59.94,Debit Card,Delivered,53480.6,38132.5,106961.2,76265.0,30696.2
O102404,C10832,P1078,2026-03-20,1,0.15,104.76,Credit Card,Delivered,1604.45,1009.9,1363.78,1009.9,353.88
O102405,C10198,P1049,2026-05-16,1,0.0,76.05,UPI,Delivered,4665.92,2735.27,4665.92,2735.27,1930.65
O102406,C10606,P1031,2026-06-01,2,0.0,109.03,Credit Card,Delivered,1495.17,843.81,2990.34,1687.62,1302.72
O102407,C11590,P1019,2025-11-16,2,0.0,147.46,UPI,Delivered,53480.6,38132.5,106961.2,76265.0,30696.2
O102408,C11948,P1031,2025-12-12,1,0.1,90.87,COD,Pending,1495.17,843.81,1345.65,843.81,501.84
O102409,C11355,P1104,2026-06-04,1,0.15,67.05,UPI,Delivered,3475.03,2469.25,2953.78,2469.25,484.53
O102410,C10615,P1088,2025-12-01,1,0.1,76.91,COD,Delivered,1116.94,867.28,1005.25,867.28,137.97
O102411,C10623,P1110,2025-09-01,3,0.0,105.32,Net Banking,Delivered,2315.13,1504.12,6945.39,4512.36,2433.03
O102412,C10980,P1011,2025-11-25,1,0.15,114.76,COD,Pending,18237.69,11700.82,15502.04,11700.82,3801.22
O102413,C11024,P1082,2025-09-04,3,0.0,12.63,Debit Card,Delivered,2274.24,1299.56,6822.72,3898.68,2924.04
O102414,C11435,P1122,2026-07-12,1,0.1,145.3,COD,Shipped,588.59,431.08,529.73,431.08,98.65
O102415,C11577,P1026,2026-03-06,2,0.2,149.81,COD,Delivered,5590.52,3241.08,8944.83,6482.16,2462.67
O102416,C11271,P1090,2025-11-08,1,0.0,50.33,COD,Pending,159.95,116.89,159.95,116.89,43.06
O102417,C10779,P1010,2025-10-07,1,0.15,62.83,COD,Shipped,9031.61,6794.04,7676.87,6794.04,882.83
O102418,C10178,P1122,2026-02-07,4,0.05,139.2,Debit Card,Delivered,588.59,431.08,2236.64,1724.32,512.32
O102419,C10170,P1063,2025-09-03,2,0.15,133.0,UPI,Delivered,6336.48,4060.59,10772.02,8121.18,2650.84
O102420,C11535,P1087,2026-02-25,1,0.15,35.96,Credit Card,Delivered,1693.9,1011.65,1439.82,1011.65,428.17
O102421,C10962,P1009,2026-08-13,1,0.0,126.73,Debit Card,Delivered,33080.16,21064.69,33080.16,21064.69,12015.47
O102422,C11592,P1116,2026-04-08,1,0.05,31.68,Credit Card,Delivered,1503.58,846.7,1428.4,846.7,581.7
O102423,C10195,P1003,2025-10-23,3,0.0,84.75,Credit Card,Delivered,31454.08,19066.44,94362.24,57199.32,37162.92
O102424,C11383,P1008,2026-04-23,4,0.2,117.64,Net Banking,Delivered,51750.03,32987.78,165600.1,131951.12,33648.98
O102425,C11029,P1047,2026-08-05,2,0.0,99.33,COD,Delivered,4008.04,3183.54,8016.08,6367.08,1649.0
O102426,C11158,P1100,2026-04-21,2,0.05,69.59,Net Banking,Delivered,664.62,470.32,1262.78,940.64,322.14
O102427,C10100,P1065,2026-05-31,2,0.0,73.5,Net Banking,Delivered,1517.88,1218.22,3035.76,2436.44,599.32
O102428,C11059,P1126,2026-04-01,3,0.0,105.29,Credit Card,Returned,1404.7,995.08,4214.1,2985.24,1228.86
O102429,C10601,P1042,2026-07-14,2,0.1,53.45,UPI,Delivered,1907.35,1363.61,3433.23,2727.22,706.01
O102430,C10679,P1110,2025-12-24,1,0.0,144.29,UPI,Delivered,2315.13,1504.12,2315.13,1504.12,811.01
O102431,C11984,P1020,2026-02-18,4,0.15,60.25,Credit Card,Delivered,40470.11,25854.79,137598.37,103419.16,34179.21
O102432,C10511,P1002,2026-03-14,2,0.15,79.16,COD,Shipped,64458.4,38857.64,109579.28,77715.28,31864.0
O102433,C11653,P1046,2026-01-26,4,0.0,5.14,COD,Delivered,4835.09,3320.63,19340.36,13282.52,6057.84
O102434,C10375,P1058,2025-09-10,1,0.05,30.49,Debit Card,Cancelled,1139.13,868.45,1082.17,868.45,213.72
O102435,C11196,P1127,2025-12-03,2,0.2,20.72,Credit Card,Delivered,2406.08,1554.9,3849.73,3109.8,739.93
O102436,C11656,P1030,2026-06-03,1,0.05,103.3,UPI,Delivered,2098.13,1548.88,1993.22,1548.88,444.34
O102437,C10271,P1145,2026-01-02,3,0.0,30.92,UPI,Delivered,2714.68,1805.11,8144.04,5415.33,2728.71
O102438,C10751,P1111,2026-02-18,3,0.1,68.18,UPI,Delivered,583.37,467.6,1575.1,1402.8,172.3
O102439,C11839,P1095,2026-07-29,3,0.0,41.91,Net Banking,Delivered,561.33,353.29,1683.99,1059.87,624.12
O102440,C10971,P1009,2026-03-12,2,0.15,77.66,Debit Card,Delivered,33080.16,21064.69,56236.27,42129.38,14106.89
O102441,C11438,P1109,2026-03-11,1,0.0,142.25,UPI,Delivered,4331.81,3435.6,4331.81,3435.6,896.21
O102442,C10539,P1092,2026-03-15,2,0.1,44.82,COD,Delivered,1913.34,1155.43,3444.01,2310.86,1133.15
O102443,C11883,P1063,2026-02-15,2,0.0,81.4,Credit Card,Delivered,6336.48,4060.59,12672.96,8121.18,4551.78
O102444,C10332,P1023,2025-12-02,2,0.05,37.11,Net Banking,Delivered,54514.7,32908.14,103577.93,65816.28,37761.65
O102445,C10403,P1115,2026-01-06,1,0.0,37.59,Net Banking,Delivered,5803.85,3277.3,5803.85,3277.3,2526.55
O102446,C10539,P1123,2026-07-31,2,0.15,100.11,UPI,Pending,877.39,667.5,1491.56,1335.0,156.56
O102447,C11345,P1048,2025-09-24,2,0.0,30.69,Net Banking,Delivered,714.29,437.46,1428.58,874.92,553.66
O102448,C11147,P1011,2025-10-10,1,0.0,88.02,Credit Card,Delivered,18237.69,11700.82,18237.69,11700.82,6536.87
O102449,C10616,P1035,2026-01-07,4,0.0,3.79,COD,Delivered,3107.6,2368.57,12430.4,9474.28,2956.12
O102450,C10123,P1131,2026-07-08,1,0.0,23.59,UPI,Delivered,355.98,201.63,355.98,201.63,154.35
O102451,C11364,P1069,2026-01-08,4,0.0,30.2,Net Banking,Delivered,717.29,416.98,2869.16,1667.92,1201.24
O102452,C10622,P1036,2025-11-15,3,0.1,83.43,Debit Card,Returned,4558.46,3300.66,12307.84,9901.98,2405.86
O102453,C11763,P1123,2026-03-26,1,0.1,14.55,Credit Card,Delivered,877.39,667.5,789.65,667.5,122.15
O102454,C10973,P1123,2026-04-23,1,0.0,12.36,COD,Delivered,877.39,667.5,877.39,667.5,209.89
O102455,C10354,P1100,2026-07-22,1,0.0,82.09,Net Banking,Delivered,664.62,470.32,664.62,470.32,194.3
O102456,C11109,P1019,2026-08-12,4,0.15,48.22,Credit Card,Delivered,53480.6,38132.5,181834.04,152530.0,29304.04
O102457,C11757,P1131,2026-08-16,3,0.2,53.66,Credit Card,Cancelled,355.98,201.63,854.35,604.89,249.46
O102458,C10140,P1123,2026-08-09,4,0.2,95.76,Net Banking,Pending,877.39,667.5,2807.65,2670.0,137.65
O102459,C10149,P1145,2026-03-29,3,0.2,96.46,Credit Card,Delivered,2714.68,1805.11,6515.23,5415.33,1099.9
O102460,C11543,P1106,2025-11-21,1,0.05,143.46,Debit Card,Returned,3820.64,2143.04,3629.61,2143.04,1486.57
O102461,C11696,P1068,2026-05-27,4,0.1,142.03,COD,Delivered,8864.37,5516.76,31911.73,22067.04,9844.69
O102462,C10885,P1011,2026-01-13,1,0.2,88.56,Debit Card,Shipped,18237.69,11700.82,14590.15,11700.82,2889.33
O102463,C10057,P1050,2026-04-22,1,0.0,11.53,Debit Card,Delivered,802.78,481.82,802.78,481.82,320.96
O102464,C11242,P1058,2025-10-18,2,0.0,146.54,Credit Card,Delivered,1139.13,868.45,2278.26,1736.9,541.36
O102465,C11945,P1131,2026-01-19,1,0.05,95.48,COD,Delivered,355.98,201.63,338.18,201.63,136.55
O102466,C11548,P1041,2026-04-30,2,0.1,31.01,Credit Card,Delivered,1521.85,1173.08,2739.33,2346.16,393.17
O102467,C10590,P1128,2026-07-27,2,0.2,85.56,UPI,Delivered,1654.17,1108.55,2646.67,2217.1,429.57
O102468,C10064,P1107,2026-04-06,2,0.0,108.46,UPI,Delivered,3347.45,2456.75,6694.9,4913.5,1781.4
O102469,C11443,P1038,2025-09-21,1,0.0,65.44,UPI,Delivered,3530.81,2400.64,3530.81,2400.64,1130.17
O102470,C10806,P1072,2026-03-25,1,0.0,121.11,COD,Delivered,2376.29,1589.59,2376.29,1589.59,786.7
O102471,C11879,P1088,2026-02-07,1,0.05,132.68,Debit Card,Cancelled,1116.94,867.28,1061.09,867.28,193.81
O102472,C11240,P1084,2026-07-28,1,0.0,45.77,Debit Card,Cancelled,771.46,641.72,771.46,641.72,129.74
O102473,C10963,P1131,2026-07-23,1,0.15,94.13,COD,Delivered,355.98,201.63,302.58,201.63,100.95
O102474,C11785,P1144,2026-07-22,3,0.0,76.65,Net Banking,Delivered,2601.04,1801.4,7803.12,5404.2,2398.92
O102475,C11610,P1147,2026-08-06,1,0.2,76.34,Credit Card,Delivered,834.22,686.19,667.38,686.19,-18.81
O102476,C10187,P1126,2026-03-18,1,0.0,122.38,Debit Card,Delivered,1404.7,995.08,1404.7,995.08,409.62
O102477,C11263,P1017,2025-09-29,1,0.0,95.86,Debit Card,Delivered,68434.16,40506.57,68434.16,40506.57,27927.59
O102478,C11914,P1070,2026-03-07,2,0.2,74.07,Debit Card,Delivered,2608.79,2169.26,4174.06,4338.52,-164.46
O102480,C11160,P1049,2025-12-28,1,0.0,106.12,Debit Card,Pending,4665.92,2735.27,4665.92,2735.27,1930.65
O102481,C10393,P1086,2025-11-06,1,0.0,143.09,Net Banking,Delivered,316.01,223.96,316.01,223.96,92.05
O102482,C10571,P1068,2026-08-16,1,0.05,78.59,Net Banking,Delivered,8864.37,5516.76,8421.15,5516.76,2904.39
O102483,C11350,P1049,2025-08-30,2,0.0,101.17,Net Banking,Returned,4665.92,2735.27,9331.84,5470.54,3861.3
O102484,C10286,P1076,2025-11-29,4,0.1,78.76,Credit Card,Delivered,625.33,474.81,2251.19,1899.24,351.95
O102485,C10741,P1139,2026-02-24,1,0.2,17.26,Net Banking,Delivered,451.27,274.75,361.02,274.75,86.27
O102486,C11635,P1119,2026-07-23,1,0.1,15.46,Net Banking,Delivered,5211.2,3497.26,4690.08,3497.26,1192.82
O102487,C10241,P1075,2026-04-15,1,0.0,54.5,Credit Card,Delivered,6257.58,4866.0,6257.58,4866.0,1391.58
O102488,C11618,P1087,2025-08-28,1,0.1,78.23,Credit Card,Returned,1693.9,1011.65,1524.51,1011.65,512.86
O102489,C11659,P1128,2026-02-14,2,0.1,21.03,Debit Card,Delivered,1654.17,1108.55,2977.51,2217.1,760.41
O102490,C10992,P1070,2026-04-25,2,0.0,93.8,Net Banking,Delivered,2608.79,2169.26,5217.58,4338.52,879.06
O102491,C10700,P1038,2026-06-17,2,0.2,36.86,Debit Card,Delivered,3530.81,2400.64,5649.3,4801.28,848.02
O102492,C10518,P1032,2026-03-12,2,0.15,11.35,COD,Shipped,1643.06,925.34,2793.2,1850.68,942.52
O102493,C10806,P1001,2025-08-24,2,0.1,98.17,UPI,Delivered,38372.92,26874.96,69071.26,53749.92,15321.34
O102494,C11914,P1066,2025-10-04,1,0.0,107.72,COD,Delivered,6204.32,3462.32,6204.32,3462.32,2742.0
O102495,C11128,P1150,2026-05-20,1,0.0,21.73,Debit Card,Delivered,2574.89,1872.1,2574.89,1872.1,702.79
O102496,C10862,P1051,2026-03-12,1,0.1,17.99,Debit Card,Delivered,3086.44,2233.31,2777.8,2233.31,544.49
O102497,C10876,P1126,2026-04-01,1,0.0,9.53,Net Banking,Delivered,1404.7,995.08,1404.7,995.08,409.62
O102498,C10896,P1100,2026-05-09,4,0.0,123.71,Debit Card,Delivered,664.62,470.32,2658.48,1881.28,777.2
O102499,C10371,P1032,2026-08-18,3,0.0,48.91,Debit Card,Shipped,1643.06,925.34,4929.18,2776.02,2153.16
O102500,C10112,P1011,2026-06-29,1,0.05,116.0,UPI,Delivered,18237.69,11700.82,17325.81,11700.82,5624.99
O102501,C11124,P1138,2026-08-21,1,0.15,14.62,Debit Card,Delivered,1859.8,1352.45,1580.83,1352.45,228.38
O102502,C10197,P1109,2026-05-13,1,0.2,95.6,Credit Card,Delivered,4331.81,3435.6,3465.45,3435.6,29.85
O102503,C11353,P1146,2026-08-02,2,0.0,27.2,UPI,Delivered,1033.25,584.92,2066.5,1169.84,896.66
O102504,C10692,P1071,2026-02-14,3,0.0,109.07,Debit Card,Delivered,5179.24,2939.06,15537.72,8817.18,6720.54
O102505,C10473,P1057,2026-03-10,2,0.0,29.29,Net Banking,Delivered,4847.14,3432.05,9694.28,6864.1,2830.18
O102506,C11540,P1069,2026-03-02,1,0.1,58.81,Net Banking,Delivered,717.29,416.98,645.56,416.98,228.58
O102507,C10485,P1039,2026-06-20,1,0.05,76.02,UPI,Delivered,3010.98,2323.83,2860.43,2323.83,536.6
O102508,C10649,P1057,2026-08-01,1,0.05,147.21,Credit Card,Shipped,4847.14,3432.05,4604.78,3432.05,1172.73
O102509,C11690,P1099,2025-11-02,1,0.1,104.24,Credit Card,Delivered,482.66,272.31,434.39,272.31,162.08
O102510,C10036,P1042,2026-08-01,4,0.1,35.16,UPI,Delivered,1907.35,1363.61,6866.46,5454.44,1412.02
O102511,C11258,P1070,2025-12-04,1,0.0,1.53,COD,Delivered,2608.79,2169.26,2608.79,2169.26,439.53
O102512,C10505,P1105,2026-01-28,2,0.0,89.3,Credit Card,Delivered,5921.43,3427.44,11842.86,6854.88,4987.98
O102513,C11249,P1043,2026-07-24,3,0.0,109.88,Credit Card,Returned,2304.37,1753.37,6913.11,5260.11,1653.0
O102514,C10573,P1028,2025-10-21,1,0.2,111.48,UPI,Delivered,5009.89,3386.66,4007.91,3386.66,621.25
O102515,C10632,P1112,2026-05-21,3,0.0,33.71,Net Banking,Cancelled,3747.66,3014.85,11242.98,9044.55,2198.43
O102516,C11740,P1099,2026-05-04,1,0.0,142.39,COD,Delivered,482.66,272.31,482.66,272.31,210.35
O102517,C10206,P1021,2026-01-31,2,0.2,145.3,COD,Delivered,15455.38,11592.94,24728.61,23185.88,1542.73
O102518,C10907,P1039,2026-06-05,2,0.0,48.25,COD,Cancelled,3010.98,2323.83,6021.96,4647.66,1374.3
O102519,C11538,P1098,2025-12-20,2,0.0,85.68,UPI,Delivered,298.55,229.91,597.1,459.82,137.28
O102520,C10557,P1053,2025-08-29,2,0.15,91.57,COD,Delivered,922.36,543.78,1568.01,1087.56,480.45
O102521,C11793,P1135,2026-06-06,1,0.15,21.9,Debit Card,Delivered,311.53,199.73,264.8,199.73,65.07
O102522,C11023,P1130,2026-05-13,4,0.2,15.14,Net Banking,Delivered,1664.71,1119.11,5327.07,4476.44,850.63
O102523,C10906,P1053,2026-07-14,4,0.15,64.3,Debit Card,Delivered,922.36,543.78,3136.02,2175.12,960.9
O102524,C10159,P1097,2026-02-19,1,0.05,30.03,Credit Card,Shipped,371.34,245.76,352.77,245.76,107.01
O102525,C10425,P1056,2025-09-10,2,0.0,120.14,Debit Card,Delivered,1431.57,1192.48,2863.14,2384.96,478.18
O102526,C10562,P1064,2026-06-27,1,0.0,101.01,Debit Card,Returned,4942.18,3929.49,4942.18,3929.49,1012.69
O102527,C10778,P1121,2025-08-28,3,0.05,63.84,UPI,Delivered,1135.94,710.5,3237.43,2131.5,1105.93
O102528,C11154,P1063,2026-06-17,2,0.0,139.68,UPI,Delivered,6336.48,4060.59,12672.96,8121.18,4551.78
O102529,C11639,P1006,2026-03-06,1,0.1,113.93,COD,Delivered,18739.53,10820.0,16865.58,10820.0,6045.58
O102530,C10737,P1098,2025-12-31,2,0.0,125.21,UPI,Delivered,298.55,229.91,597.1,459.82,137.28
O102531,C11484,P1115,2026-03-02,1,0.15,144.87,COD,Delivered,5803.85,3277.3,4933.27,3277.3,1655.97
O102532,C10523,P1090,2026-05-19,4,0.2,138.57,Credit Card,Delivered,159.95,116.89,511.84,467.56,44.28
O102533,C11867,P1067,2026-06-12,4,0.05,145.0,COD,Delivered,6227.25,3828.72,23663.55,15314.88,8348.67
O102534,C10449,P1150,2025-12-01,2,0.2,80.16,Net Banking,Delivered,2574.89,1872.1,4119.82,3744.2,375.62
O102535,C11660,P1051,2025-09-16,1,0.05,88.6,UPI,Pending,3086.44,2233.31,2932.12,2233.31,698.81
O102536,C10747,P1013,2025-09-29,1,0.1,60.6,Credit Card,Delivered,52895.62,37136.59,47606.06,37136.59,10469.47
O102537,C11876,P1041,2025-10-02,1,0.05,4.17,UPI,Delivered,1521.85,1173.08,1445.76,1173.08,272.68
O102538,C11133,P1013,2026-03-18,4,0.2,43.49,Debit Card,Delivered,52895.62,37136.59,169265.98,148546.36,20719.62
O102539,C11909,P1066,2026-03-29,1,0.2,128.53,COD,Delivered,6204.32,3462.32,4963.46,3462.32,1501.14
O102540,C10291,P1112,2025-08-23,3,0.2,14.3,Debit Card,Cancelled,3747.66,3014.85,8994.38,9044.55,-50.17
O102541,C10381,P1059,2025-08-23,1,0.0,27.86,COD,Delivered,2473.66,1991.45,2473.66,1991.45,482.21
O102542,C11067,P1018,2026-01-31,1,0.15,8.71,Credit Card,Cancelled,52552.08,30527.71,44669.27,30527.71,14141.56
O102543,C11272,P1014,2026-07-17,2,0.0,69.74,Net Banking,Delivered,27485.51,19010.32,54971.02,38020.64,16950.38
O102544,C11607,P1046,2026-01-08,1,0.0,22.97,Debit Card,Delivered,4835.09,3320.63,4835.09,3320.63,1514.46
O102546,C11655,P1051,2025-09-13,1,0.2,41.97,Net Banking,Delivered,3086.44,2233.31,2469.15,2233.31,235.84
O102547,C10138,P1026,2026-02-20,1,0.0,113.27,Debit Card,Shipped,5590.52,3241.08,5590.52,3241.08,2349.44
O102548,C10367,P1137,2025-10-06,2,0.2,118.46,UPI,Shipped,3020.08,1976.97,4832.13,3953.94,878.19
O102549,C11134,P1095,2026-01-25,2,0.1,60.63,Credit Card,Delivered,561.33,353.29,1010.39,706.58,303.81
O102550,C11910,P1048,2026-06-14,1,0.2,119.78,Credit Card,Shipped,714.29,437.46,571.43,437.46,133.97
O102551,C10667,P1044,2026-04-26,1,0.1,39.69,Debit Card,Delivered,1399.41,917.62,1259.47,917.62,341.85
O102552,C10043,P1129,2026-02-15,2,0.0,126.93,Net Banking,Returned,3364.24,2034.28,6728.48,4068.56,2659.92
O102553,C10807,P1035,2025-09-21,1,0.0,148.23,Credit Card,Delivered,3107.6,2368.57,3107.6,2368.57,739.03
O102554,C10320,P1034,2026-05-15,1,0.05,55.69,Credit Card,Cancelled,3445.82,2463.26,3273.53,2463.26,810.27
O102555,C11709,P1095,2025-12-11,2,0.2,36.04,Net Banking,Shipped,561.33,353.29,898.13,706.58,191.55
O102556,C10948,P1063,2026-06-11,1,0.0,91.08,COD,Delivered,6336.48,4060.59,6336.48,4060.59,2275.89
O102557,C10226,P1064,2026-05-18,4,0.1,56.51,Credit Card,Delivered,4942.18,3929.49,17791.85,15717.96,2073.89
O102558,C11546,P1011,2025-12-08,3,0.2,26.43,UPI,Pending,18237.69,11700.82,43770.46,35102.46,8668.0
O102559,C10279,P1001,2025-08-22,1,0.1,3.64,Debit Card,Delivered,38372.92,26874.96,34535.63,26874.96,7660.67
O102560,C11637,P1126,2026-03-24,2,0.0,93.33,COD,Delivered,1404.7,995.08,2809.4,1990.16,819.24
O102561,C11488,P1104,2025-11-29,2,0.0,57.56,Net Banking,Delivered,3475.03,2469.25,6950.06,4938.5,2011.56
O102562,C11326,P1134,2026-02-23,1,0.1,96.51,Debit Card,Shipped,299.83,242.36,269.85,242.36,27.49
O102563,C11183,P1104,2026-05-20,3,0.0,99.72,Debit Card,Delivered,3475.03,2469.25,10425.09,7407.75,3017.34
O102564,C10835,P1043,2026-06-07,4,0.2,125.7,Net Banking,Cancelled,2304.37,1753.37,7373.98,7013.48,360.5
O102565,C10259,P1010,2026-04-04,1,0.0,133.76,Credit Card,Delivered,9031.61,6794.04,9031.61,6794.04,2237.57
O102566,C10753,P1077,2026-08-06,1,0.0,3.03,UPI,Delivered,206.69,134.91,206.69,134.91,71.78
O102567,C10845,P1098,2026-07-15,2,0.1,112.43,COD,Delivered,298.55,229.91,537.39,459.82,77.57
O102568,C10049,P1081,2026-01-28,1,0.05,11.47,COD,Delivered,2172.75,1311.33,2064.11,1311.33,752.78
O102569,C10033,P1056,2026-05-17,1,0.05,5.65,COD,Shipped,1431.57,1192.48,1359.99,1192.48,167.51
O102570,C11537,P1038,2026-07-10,1,0.15,43.79,COD,Cancelled,3530.81,2400.64,3001.19,2400.64,600.55
O102571,C11619,P1036,2026-07-29,2,0.0,37.51,Debit Card,Delivered,4558.46,3300.66,9116.92,6601.32,2515.6
O102572,C10292,P1005,2026-03-03,4,0.1,104.02,Credit Card,Returned,47571.0,27164.82,171255.6,108659.28,62596.32
O102573,C10518,P1125,2026-01-14,1,0.2,111.66,COD,Delivered,2435.61,1942.11,1948.49,1942.11,6.38
O102574,C10953,P1096,2026-01-04,1,0.15,81.69,Credit Card,Delivered,1066.34,728.57,906.39,728.57,177.82
O102575,C10852,P1014,2026-02-04,3,0.0,17.73,Credit Card,Pending,27485.51,19010.32,82456.53,57030.96,25425.57
O102576,C11838,P1026,2025-09-29,1,0.1,104.0,Debit Card,Delivered,5590.52,3241.08,5031.47,3241.08,1790.39
O102577,C10718,P1120,2025-12-15,3,0.0,77.52,COD,Returned,3318.56,2380.1,9955.68,7140.3,2815.38
O102578,C11787,P1111,2025-10-26,1,0.1,33.55,UPI,Delivered,583.37,467.6,525.03,467.6,57.43
O102579,C10727,P1132,2025-10-02,2,0.0,32.17,Net Banking,Delivered,1045.48,772.39,2090.96,1544.78,546.18
O102580,C11913,P1123,2026-04-11,2,0.0,32.45,UPI,Delivered,877.39,667.5,1754.78,1335.0,419.78
O102581,C10397,P1080,2026-04-25,4,0.1,18.13,Net Banking,Delivered,287.38,222.33,1034.57,889.32,145.25
O102582,C10208,P1038,2025-11-15,1,0.0,6.74,Net Banking,Delivered,3530.81,2400.64,3530.81,2400.64,1130.17
O102583,C10051,P1131,2026-03-08,1,0.0,2.65,Credit Card,Delivered,355.98,201.63,355.98,201.63,154.35
O102584,C10761,P1007,2026-03-31,1,0.0,8.73,COD,Delivered,7227.26,4548.11,7227.26,4548.11,2679.15
O102585,C11636,P1118,2025-10-25,1,0.0,91.13,Debit Card,Delivered,4978.89,3068.71,4978.89,3068.71,1910.18
O102586,C10584,P1095,2025-09-07,1,0.1,109.7,UPI,Shipped,561.33,353.29,505.2,353.29,151.91
O102587,C11200,P1032,2025-11-23,1,0.0,103.54,COD,Shipped,1643.06,925.34,1643.06,925.34,717.72
O102588,C10888,P1132,2026-07-04,1,0.0,66.12,UPI,Delivered,1045.48,772.39,1045.48,772.39,273.09
O102589,C11123,P1145,2025-12-18,3,0.15,57.23,Net Banking,Delivered,2714.68,1805.11,6922.43,5415.33,1507.1
O102590,C11983,P1040,2025-12-12,2,0.1,8.32,COD,Delivered,3344.13,2454.65,6019.43,4909.3,1110.13
O102591,C11463,P1113,2025-12-22,4,0.0,4.0,Debit Card,Delivered,3031.82,2160.62,12127.28,8642.48,3484.8
O102592,C11561,P1051,2025-10-23,3,0.0,59.93,UPI,Delivered,3086.44,2233.31,9259.32,6699.93,2559.39
O102593,C10565,P1101,2025-09-24,4,0.15,136.81,Credit Card,Delivered,2706.0,1556.11,9200.4,6224.44,2975.96
O102594,C10621,P1004,2026-06-17,2,0.05,67.31,Credit Card,Delivered,60509.53,40979.28,114968.11,81958.56,33009.55
O102595,C11166,P1050,2025-10-26,1,0.05,136.43,COD,Shipped,802.78,481.82,762.64,481.82,280.82
O102596,C11809,P1039,2025-09-06,1,0.05,68.26,COD,Delivered,3010.98,2323.83,2860.43,2323.83,536.6
O102597,C10523,P1054,2026-04-29,2,0.0,33.67,UPI,Pending,5995.19,3653.27,11990.38,7306.54,4683.84
O102598,C10335,P1010,2026-06-07,2,0.1,106.62,Debit Card,Shipped,9031.61,6794.04,16256.9,13588.08,2668.82
O102599,C11612,P1017,2025-08-30,3,0.0,25.56,Credit Card,Delivered,68434.16,40506.57,205302.48,121519.71,83782.77
O102600,C10340,P1127,2025-08-24,1,0.05,127.58,UPI,Delivered,2406.08,1554.9,2285.78,1554.9,730.88
O102601,C10942,P1088,2026-02-23,4,0.05,31.82,Net Banking,Shipped,1116.94,867.28,4244.37,3469.12,775.25
O102602,C10763,P1121,2026-03-26,4,0.0,95.92,Debit Card,Delivered,1135.94,710.5,4543.76,2842.0,1701.76
O102603,C11123,P1085,2026-02-26,1,0.05,125.22,Debit Card,Delivered,229.52,181.34,218.04,181.34,36.7
O102604,C11368,P1134,2026-03-11,2,0.0,56.77,Debit Card,Shipped,299.83,242.36,599.66,484.72,114.94
O102605,C11594,P1063,2025-08-25,1,0.15,104.73,Credit Card,Shipped,6336.48,4060.59,5386.01,4060.59,1325.42
O102606,C10889,P1124,2025-11-21,2,0.0,23.74,Debit Card,Delivered,4401.73,2791.05,8803.46,5582.1,3221.36
O102607,C11043,P1077,2026-02-09,1,0.05,98.87,COD,Pending,206.69,134.91,196.36,134.91,61.45
O102608,C10829,P1014,2025-09-24,1,0.1,77.78,Net Banking,Delivered,27485.51,19010.32,24736.96,19010.32,5726.64
O102609,C11768,P1066,2025-10-21,2,0.0,75.09,UPI,Cancelled,6204.32,3462.32,12408.64,6924.64,5484.0
O102610,C11137,P1058,2025-10-16,1,0.0,138.88,Credit Card,Returned,1139.13,868.45,1139.13,868.45,270.68
O102611,C10510,P1119,2026-05-07,1,0.2,0.09,Credit Card,Returned,5211.2,3497.26,4168.96,3497.26,671.7
O102612,C11429,P1139,2026-01-23,1,0.15,24.93,Net Banking,Delivered,451.27,274.75,383.58,274.75,108.83
O102613,C11521,P1103,2025-09-23,4,0.15,123.12,COD,Delivered,1864.92,1469.71,6340.73,5878.84,461.89
O102614,C10613,P1021,2025-09-06,1,0.1,37.46,Credit Card,Delivered,15455.38,11592.94,13909.84,11592.94,2316.9
O102615,C10986,P1017,2026-05-09,1,0.0,124.26,Debit Card,Returned,68434.16,40506.57,68434.16,40506.57,27927.59
O102616,C10117,P1112,2025-12-29,2,0.2,26.29,COD,Shipped,3747.66,3014.85,5996.26,6029.7,-33.44
O102617,C10316,P1107,2025-12-01,1,0.2,18.4,COD,Pending,3347.45,2456.75,2677.96,2456.75,221.21
O102618,C10684,P1095,2025-11-15,4,0.1,51.88,UPI,Delivered,561.33,353.29,2020.79,1413.16,607.63
O102619,C10997,P1126,2025-12-28,1,0.1,112.25,COD,Delivered,1404.7,995.08,1264.23,995.08,269.15
O102620,C10831,P1111,2026-07-03,2,0.15,5.88,Credit Card,Delivered,583.37,467.6,991.73,935.2,56.53
O102621,C11251,P1043,2025-08-28,4,0.0,75.57,Debit Card,Delivered,2304.37,1753.37,9217.48,7013.48,2204.0
O102622,C10670,P1097,2026-03-19,1,0.0,134.65,UPI,Delivered,371.34,245.76,371.34,245.76,125.58
O102623,C10169,P1003,2025-12-24,2,0.2,98.33,Credit Card,Delivered,31454.08,19066.44,50326.53,38132.88,12193.65
O102624,C11009,P1024,2026-06-19,4,0.15,103.94,Credit Card,Pending,18028.57,13625.43,61297.14,54501.72,6795.42
O102625,C10005,P1121,2025-12-19,4,0.0,30.32,Credit Card,Delivered,1135.94,710.5,4543.76,2842.0,1701.76
O102626,C10597,P1094,2025-11-11,2,0.1,75.21,Debit Card,Delivered,1847.54,1150.18,3325.57,2300.36,1025.21
O102627,C10180,P1011,2026-04-05,2,0.0,82.11,Credit Card,Returned,18237.69,11700.82,36475.38,23401.64,13073.74
O102628,C10677,P1026,2026-05-07,4,0.15,47.83,UPI,Pending,5590.52,3241.08,19007.77,12964.32,6043.45
O102629,C10169,P1011,2026-06-23,4,0.0,95.1,Net Banking,Delivered,18237.69,11700.82,72950.76,46803.28,26147.48
O102630,C11890,P1050,2025-09-29,4,0.2,37.9,Credit Card,Returned,802.78,481.82,2568.9,1927.28,641.62
O102631,C11688,P1126,2026-08-20,1,0.05,84.64,UPI,Delivered,1404.7,995.08,1334.47,995.08,339.39
O102632,C10597,P1135,2025-12-10,1,0.0,16.19,UPI,Cancelled,311.53,199.73,311.53,199.73,111.8
O102633,C10583,P1036,2026-06-04,4,0.05,80.11,UPI,Delivered,4558.46,3300.66,17322.15,13202.64,4119.51
O102634,C11746,P1067,2025-11-03,2,0.1,6.11,Credit Card,Delivered,6227.25,3828.72,11209.05,7657.44,3551.61
O102635,C11434,P1132,2025-09-26,1,0.0,99.68,UPI,Delivered,1045.48,772.39,1045.48,772.39,273.09
O102636,C10459,P1073,2026-08-11,2,0.0,119.13,UPI,Delivered,1405.49,1138.4,2810.98,2276.8,534.18
O102637,C10694,P1042,2026-02-06,2,0.15,102.11,COD,Shipped,1907.35,1363.61,3242.5,2727.22,515.28
O102638,C10735,P1131,2025-09-17,1,0.05,30.74,Debit Card,Delivered,355.98,201.63,338.18,201.63,136.55
O102639,C11446,P1103,2025-11-19,4,0.0,42.68,COD,Shipped,1864.92,1469.71,7459.68,5878.84,1580.84
O102640,C10482,P1080,2025-12-05,1,0.0,115.12,Debit Card,Delivered,287.38,222.33,287.38,222.33,65.05
O102641,C10945,P1039,2026-01-06,2,0.1,34.4,Credit Card,Delivered,3010.98,2323.83,5419.76,4647.66,772.1
O102642,C10121,P1031,2026-07-17,2,0.15,85.96,Credit Card,Delivered,1495.17,843.81,2541.79,1687.62,854.17
O102643,C10920,P1033,2026-01-14,1,0.0,122.84,Credit Card,Shipped,4333.28,2734.68,4333.28,2734.68,1598.6
O102644,C10579,P1086,2025-09-02,2,0.0,94.76,Debit Card,Delivered,316.01,223.96,632.02,447.92,184.1
O102645,C11472,P1124,2025-11-02,2,0.2,149.15,COD,Delivered,4401.73,2791.05,7042.77,5582.1,1460.67
O102646,C11905,P1142,2025-08-22,1,0.15,72.97,Net Banking,Delivered,1618.71,996.37,1375.9,996.37,379.53
O102647,C11453,P1054,2025-12-11,2,0.1,111.69,COD,Delivered,5995.19,3653.27,10791.34,7306.54,3484.8
O102648,C10746,P1041,2026-02-11,1,0.0,66.95,COD,Delivered,1521.85,1173.08,1521.85,1173.08,348.77
O102649,C10136,P1013,2025-10-03,1,0.0,67.57,UPI,Cancelled,52895.62,37136.59,52895.62,37136.59,15759.03
O102650,C11646,P1065,2026-02-05,2,0.0,146.47,COD,Delivered,1517.88,1218.22,3035.76,2436.44,599.32
O102651,C11020,P1119,2026-04-04,1,0.05,56.02,COD,Shipped,5211.2,3497.26,4950.64,3497.26,1453.38
O102652,C11767,P1083,2025-08-24,2,0.1,26.95,COD,Delivered,1658.92,944.21,2986.06,1888.42,1097.64
O102653,C10670,P1109,2025-10-30,2,0.2,14.11,Debit Card,Pending,4331.81,3435.6,6930.9,6871.2,59.7
O102654,C11540,P1146,2026-05-12,4,0.2,50.51,Credit Card,Delivered,1033.25,584.92,3306.4,2339.68,966.72
O102655,C11605,P1043,2026-04-20,2,0.2,106.42,Debit Card,Delivered,2304.37,1753.37,3686.99,3506.74,180.25
O102656,C10998,P1086,2025-09-30,1,0.15,15.79,Credit Card,Delivered,316.01,223.96,268.61,223.96,44.65
O102657,C10288,P1062,2026-06-06,1,0.0,1.79,Net Banking,Delivered,6951.68,5407.58,6951.68,5407.58,1544.1
O102658,C11961,P1072,2025-12-01,1,0.2,89.76,Credit Card,Shipped,2376.29,1589.59,1901.03,1589.59,311.44
O102659,C10856,P1010,2026-08-17,2,0.15,124.8,UPI,Delivered,9031.61,6794.04,15353.74,13588.08,1765.66
O102660,C11457,P1088,2026-08-06,2,0.15,50.93,Net Banking,Delivered,1116.94,867.28,1898.8,1734.56,164.24
O102661,C10006,P1027,2026-03-13,1,0.0,52.0,COD,Shipped,5526.19,3231.39,5526.19,3231.39,2294.8
O102662,C11986,P1129,2025-12-05,2,0.0,21.0,Credit Card,Delivered,3364.24,2034.28,6728.48,4068.56,2659.92
O102663,C10681,P1130,2026-01-09,1,0.2,46.4,Debit Card,Delivered,1664.71,1119.11,1331.77,1119.11,212.66
O102664,C11822,P1136,2026-01-31,3,0.0,56.01,Net Banking,Delivered,509.62,289.55,1528.86,868.65,660.21
O102665,C11254,P1051,2025-12-29,2,0.0,106.69,COD,Shipped,3086.44,2233.31,6172.88,4466.62,1706.26
O102666,C11498,P1011,2026-05-11,2,0.0,5.5,COD,Pending,18237.69,11700.82,36475.38,23401.64,13073.74
O102667,C11211,P1141,2026-05-04,1,0.0,59.37,Debit Card,Delivered,913.93,756.89,913.93,756.89,157.04
O102668,C11548,P1117,2025-10-17,1,0.2,27.16,UPI,Delivered,4152.01,2619.57,3321.61,2619.57,702.04
O102669,C10037,P1105,2026-03-09,1,0.05,76.38,Net Banking,Delivered,5921.43,3427.44,5625.36,3427.44,2197.92
O102670,C11622,P1017,2026-05-13,1,0.0,24.25,COD,Cancelled,68434.16,40506.57,68434.16,40506.57,27927.59
O102671,C10855,P1119,2025-12-26,4,0.2,95.26,Net Banking,Delivered,5211.2,3497.26,16675.84,13989.04,2686.8
O102672,C11891,P1081,2025-09-27,2,0.15,39.82,Net Banking,Delivered,2172.75,1311.33,3693.68,2622.66,1071.02
O102673,C10543,P1077,2026-03-02,3,0.1,42.71,UPI,Shipped,206.69,134.91,558.06,404.73,153.33
O102674,C11369,P1149,2025-10-22,3,0.0,149.47,Debit Card,Delivered,1265.06,835.13,3795.18,2505.39,1289.79
O102675,C10009,P1136,2026-03-24,1,0.0,138.85,Credit Card,Delivered,509.62,289.55,509.62,289.55,220.07
O102676,C11950,P1116,2025-10-07,1,0.0,131.89,Credit Card,Delivered,1503.58,846.7,1503.58,846.7,656.88
O102677,C10881,P1013,2025-11-05,2,0.05,112.7,UPI,Shipped,52895.62,37136.59,100501.68,74273.18,26228.5
O102678,C10561,P1138,2026-03-20,4,0.15,16.58,Net Banking,Returned,1859.8,1352.45,6323.32,5409.8,913.52
O102679,C10034,P1129,2026-04-18,4,0.05,134.49,Debit Card,Shipped,3364.24,2034.28,12784.11,8137.12,4646.99
O102680,C11359,P1014,2026-07-31,4,0.1,78.42,COD,Pending,27485.51,19010.32,98947.84,76041.28,22906.56
O102681,C10438,P1137,2025-12-15,2,0.2,74.92,Net Banking,Delivered,3020.08,1976.97,4832.13,3953.94,878.19
O102682,C10238,P1061,2025-08-26,1,0.1,98.81,COD,Delivered,3373.53,1885.35,3036.18,1885.35,1150.83
O102683,C10673,P1046,2025-09-28,1,0.1,95.45,Net Banking,Delivered,4835.09,3320.63,4351.58,3320.63,1030.95
O102684,C10030,P1110,2026-02-09,1,0.0,144.32,UPI,Delivered,2315.13,1504.12,2315.13,1504.12,811.01
O102685,C10503,P1123,2025-09-03,2,0.05,3.49,UPI,Delivered,877.39,667.5,1667.04,1335.0,332.04
O102686,C11907,P1067,2025-08-21,1,0.1,61.9,Credit Card,Delivered,6227.25,3828.72,5604.53,3828.72,1775.81
O102687,C11376,P1066,2026-06-13,3,0.05,2.07,COD,Delivered,6204.32,3462.32,17682.31,10386.96,7295.35
O102688,C10874,P1053,2025-10-23,4,0.0,110.41,Credit Card,Delivered,922.36,543.78,3689.44,2175.12,1514.32
O102689,C11567,P1074,2026-02-10,4,0.15,72.61,Debit Card,Pending,1038.89,634.94,3532.23,2539.76,992.47
O102690,C11417,P1141,2026-07-10,4,0.15,10.55,UPI,Delivered,913.93,756.89,3107.36,3027.56,79.8
O102691,C10319,P1032,2025-12-02,2,0.1,59.46,UPI,Pending,1643.06,925.34,2957.51,1850.68,1106.83
O102692,C10136,P1070,2026-07-25,1,0.2,33.1,Credit Card,Delivered,2608.79,2169.26,2087.03,2169.26,-82.23
O102693,C10925,P1087,2025-12-08,1,0.1,136.09,UPI,Delivered,1693.9,1011.65,1524.51,1011.65,512.86
O102694,C11711,P1137,2026-03-01,2,0.0,120.02,COD,Delivered,3020.08,1976.97,6040.16,3953.94,2086.22
O102695,C10986,P1072,2026-03-02,1,0.1,83.55,UPI,Delivered,2376.29,1589.59,2138.66,1589.59,549.07
O102696,C10189,P1091,2026-05-20,2,0.0,107.71,Credit Card,Delivered,722.91,529.78,1445.82,1059.56,386.26
O102697,C10388,P1140,2026-04-03,2,0.0,33.82,Debit Card,Shipped,436.07,348.48,872.14,696.96,175.18
O102698,C11866,P1023,2026-02-25,2,0.0,143.59,UPI,Delivered,54514.7,32908.14,109029.4,65816.28,43213.12
O102699,C10701,P1042,2025-10-07,2,0.05,104.55,Net Banking,Shipped,1907.35,1363.61,3623.97,2727.22,896.75
O102700,C11096,P1050,2026-06-13,4,0.15,24.37,COD,Pending,802.78,481.82,2729.45,1927.28,802.17
O102701,C11551,P1090,2025-10-22,2,0.1,15.51,UPI,Delivered,159.95,116.89,287.91,233.78,54.13
O102702,C10798,P1111,2026-04-22,1,0.0,95.1,UPI,Shipped,583.37,467.6,583.37,467.6,115.77
O102703,C11589,P1104,2025-10-02,4,0.0,5.43,Credit Card,Delivered,3475.03,2469.25,13900.12,9877.0,4023.12
O102704,C11272,P1124,2026-04-19,4,0.2,20.93,Net Banking,Shipped,4401.73,2791.05,14085.54,11164.2,2921.34
O102705,C10138,P1059,2026-01-11,1,0.05,115.65,COD,Delivered,2473.66,1991.45,2349.98,1991.45,358.53
O102706,C10938,P1100,2026-08-12,1,0.2,120.99,Debit Card,Delivered,664.62,470.32,531.7,470.32,61.38
O102707,C10408,P1011,2026-06-15,2,0.0,49.03,UPI,Delivered,18237.69,11700.82,36475.38,23401.64,13073.74
O102708,C10008,P1147,2025-12-03,1,0.2,129.09,Debit Card,Delivered,834.22,686.19,667.38,686.19,-18.81
O102709,C11362,P1096,2025-12-03,1,0.0,44.65,Debit Card,Delivered,1066.34,728.57,1066.34,728.57,337.77
O102710,C11716,P1002,2026-01-04,3,0.0,129.1,Debit Card,Cancelled,64458.4,38857.64,193375.2,116572.92,76802.28
O102711,C10175,P1035,2026-01-27,1,0.0,141.43,UPI,Delivered,3107.6,2368.57,3107.6,2368.57,739.03
O102712,C11150,P1030,2026-01-27,1,0.05,67.57,Net Banking,Delivered,2098.13,1548.88,1993.22,1548.88,444.34
O102713,C11013,P1142,2026-01-30,1,0.0,33.67,Net Banking,Shipped,1618.71,996.37,1618.71,996.37,622.34
O102714,C10698,P1031,2025-09-17,1,0.0,19.0,Net Banking,Shipped,1495.17,843.81,1495.17,843.81,651.36
O102715,C11611,P1082,2026-01-06,1,0.0,1.65,Credit Card,Delivered,2274.24,1299.56,2274.24,1299.56,974.68
O102716,C11684,P1109,2025-12-09,1,0.2,18.57,Debit Card,Delivered,4331.81,3435.6,3465.45,3435.6,29.85
O102717,C10219,P1015,2025-12-02,1,0.2,15.99,Debit Card,Delivered,13194.79,8050.63,10555.83,8050.63,2505.2
O102718,C10281,P1067,2026-07-08,2,0.05,126.72,COD,Pending,6227.25,3828.72,11831.78,7657.44,4174.34
O102719,C10575,P1088,2025-12-16,2,0.0,110.33,COD,Pending,1116.94,867.28,2233.88,1734.56,499.32
O102720,C11998,P1136,2025-11-05,2,0.1,54.33,Debit Card,Delivered,509.62,289.55,917.32,579.1,338.22
O102721,C10632,P1077,2026-08-05,1,0.2,123.81,COD,Delivered,206.69,134.91,165.35,134.91,30.44
O102722,C10584,P1084,2025-08-23,2,0.0,20.67,Credit Card,Delivered,771.46,641.72,1542.92,1283.44,259.48
O102723,C11781,P1036,2026-04-23,2,0.0,1.27,Net Banking,Delivered,4558.46,3300.66,9116.92,6601.32,2515.6
O102724,C11745,P1026,2026-07-24,1,0.0,62.56,Debit Card,Delivered,5590.52,3241.08,5590.52,3241.08,2349.44
O102725,C11997,P1068,2026-05-12,2,0.0,134.63,Debit Card,Delivered,8864.37,5516.76,17728.74,11033.52,6695.22
O102726,C10254,P1047,2026-02-11,1,0.0,51.02,Net Banking,Delivered,4008.04,3183.54,4008.04,3183.54,824.5
O102727,C11640,P1021,2026-01-30,1,0.0,73.15,Credit Card,Delivered,15455.38,11592.94,15455.38,11592.94,3862.44
O102728,C10638,P1141,2025-12-23,1,0.15,47.68,Net Banking,Returned,913.93,756.89,776.84,756.89,19.95
O102729,C10164,P1141,2026-07-18,3,0.0,84.11,Net Banking,Cancelled,913.93,756.89,2741.79,2270.67,471.12
O102730,C11119,P1077,2025-10-13,1,0.0,80.88,Net Banking,Delivered,206.69,134.91,206.69,134.91,71.78
O102731,C10206,P1104,2025-08-21,1,0.15,135.93,UPI,Delivered,3475.03,2469.25,2953.78,2469.25,484.53
O102732,C11799,P1108,2026-08-04,2,0.15,133.92,UPI,Delivered,2697.81,2207.0,4586.28,4414.0,172.28
O102733,C10552,P1014,2025-10-14,1,0.0,47.69,Credit Card,Delivered,27485.51,19010.32,27485.51,19010.32,8475.19
O102734,C11944,P1002,2026-02-21,3,0.2,28.42,UPI,Returned,64458.4,38857.64,154700.16,116572.92,38127.24
O102735,C10088,P1121,2025-11-17,1,0.15,13.33,Debit Card,Delivered,1135.94,710.5,965.55,710.5,255.05
O102736,C10219,P1068,2026-04-29,2,0.15,40.22,Credit Card,Delivered,8864.37,5516.76,15069.43,11033.52,4035.91
O102737,C11150,P1064,2026-03-25,2,0.1,91.44,UPI,Delivered,4942.18,3929.49,8895.92,7858.98,1036.94
O102738,C10380,P1146,2026-07-06,3,0.0,7.37,UPI,Delivered,1033.25,584.92,3099.75,1754.76,1344.99
O102739,C10035,P1121,2026-01-05,1,0.15,86.97,Credit Card,Shipped,1135.94,710.5,965.55,710.5,255.05
O102740,C10260,P1044,2025-09-22,4,0.0,36.47,Net Banking,Delivered,1399.41,917.62,5597.64,3670.48,1927.16
O102741,C10836,P1002,2026-03-05,1,0.0,17.82,Net Banking,Cancelled,64458.4,38857.64,64458.4,38857.64,25600.76
O102742,C11182,P1049,2026-08-03,2,0.0,70.72,COD,Delivered,4665.92,2735.27,9331.84,5470.54,3861.3
O102743,C10122,P1111,2026-06-05,1,0.0,14.86,Credit Card,Delivered,583.37,467.6,583.37,467.6,115.77
O102744,C10796,P1050,2026-07-24,2,0.1,94.33,Net Banking,Delivered,802.78,481.82,1445.0,963.64,481.36
O102745,C10279,P1104,2025-09-08,3,0.15,115.41,Net Banking,Delivered,3475.03,2469.25,8861.33,7407.75,1453.58
O102746,C11185,P1074,2026-04-16,1,0.0,73.31,Debit Card,Delivered,1038.89,634.94,1038.89,634.94,403.95
O102747,C11754,P1032,2026-04-11,2,0.0,76.73,COD,Delivered,1643.06,925.34,3286.12,1850.68,1435.44
O102748,C11240,P1128,2026-03-17,1,0.0,38.72,UPI,Pending,1654.17,1108.55,1654.17,1108.55,545.62
O102749,C10831,P1049,2025-09-10,1,0.15,62.6,Debit Card,Delivered,4665.92,2735.27,3966.03,2735.27,1230.76
O102750,C11181,P1048,2025-08-24,4,0.0,84.75,Net Banking,Delivered,714.29,437.46,2857.16,1749.84,1107.32
O102751,C11375,P1064,2025-10-25,2,0.0,104.03,Credit Card,Delivered,4942.18,3929.49,9884.36,7858.98,2025.38
O102752,C10473,P1064,2026-03-14,2,0.0,8.92,UPI,Shipped,4942.18,3929.49,9884.36,7858.98,2025.38
O102753,C11401,P1102,2025-09-06,2,0.0,107.66,Credit Card,Pending,4370.98,2495.57,8741.96,4991.14,3750.82
O102754,C10567,P1029,2026-06-10,2,0.1,106.11,Net Banking,Delivered,564.96,451.92,1016.93,903.84,113.09
O102755,C10431,P1029,2026-05-20,3,0.05,110.7,UPI,Delivered,564.96,451.92,1610.14,1355.76,254.38
O102756,C10700,P1053,2026-05-13,2,0.0,9.49,COD,Delivered,922.36,543.78,1844.72,1087.56,757.16
O102757,C11484,P1032,2025-09-27,1,0.05,114.39,Debit Card,Delivered,1643.06,925.34,1560.91,925.34,635.57
O102758,C10842,P1097,2026-03-02,1,0.0,41.27,Net Banking,Delivered,371.34,245.76,371.34,245.76,125.58
O102759,C10909,P1052,2026-07-10,3,0.1,123.13,Credit Card,Delivered,2039.08,1134.33,5505.52,3402.99,2102.53
O102760,C10724,P1049,2025-11-20,1,0.0,53.92,Credit Card,Delivered,4665.92,2735.27,4665.92,2735.27,1930.65
O102761,C11944,P1071,2026-05-07,1,0.2,0.5,COD,Delivered,5179.24,2939.06,4143.39,2939.06,1204.33
O102762,C10007,P1111,2025-12-08,1,0.0,50.65,COD,Delivered,583.37,467.6,583.37,467.6,115.77
O102763,C11601,P1016,2025-11-03,1,0.05,7.11,COD,Delivered,23119.64,19111.02,21963.66,19111.02,2852.64
O102764,C10418,P1106,2026-06-04,3,0.0,5.63,UPI,Returned,3820.64,2143.04,11461.92,6429.12,5032.8
O102765,C10289,P1073,2026-04-07,4,0.0,147.32,Debit Card,Delivered,1405.49,1138.4,5621.96,4553.6,1068.36
O102766,C11576,P1004,2026-06-06,3,0.2,47.37,COD,Shipped,60509.53,40979.28,145222.87,122937.84,22285.03
O102767,C11085,P1017,2026-01-20,2,0.0,133.23,Net Banking,Delivered,68434.16,40506.57,136868.32,81013.14,55855.18
O102768,C10621,P1058,2025-12-11,1,0.0,56.38,COD,Delivered,1139.13,868.45,1139.13,868.45,270.68
O102769,C11770,P1071,2026-06-01,4,0.1,144.96,COD,Pending,5179.24,2939.06,18645.26,11756.24,6889.02
O102770,C10553,P1042,2026-06-23,1,0.0,36.5,COD,Delivered,1907.35,1363.61,1907.35,1363.61,543.74
O102771,C11854,P1035,2026-06-23,1,0.15,70.97,UPI,Shipped,3107.6,2368.57,2641.46,2368.57,272.89
O102772,C11322,P1125,2026-01-23,1,0.0,118.57,COD,Delivered,2435.61,1942.11,2435.61,1942.11,493.5
O102773,C11943,P1142,2026-03-23,1,0.15,127.77,Net Banking,Delivered,1618.71,996.37,1375.9,996.37,379.53
O102774,C10297,P1029,2026-05-02,3,0.1,53.12,Debit Card,Shipped,564.96,451.92,1525.39,1355.76,169.63
O102775,C11070,P1066,2026-01-28,1,0.0,111.63,UPI,Delivered,6204.32,3462.32,6204.32,3462.32,2742.0
O102776,C11349,P1133,2025-10-09,1,0.05,6.95,Debit Card,Shipped,3423.67,2098.85,3252.49,2098.85,1153.64
O102777,C10042,P1017,2026-06-21,4,0.1,126.63,Net Banking,Pending,68434.16,40506.57,246362.98,162026.28,84336.7
O102778,C10220,P1062,2026-04-23,3,0.05,143.32,Debit Card,Delivered,6951.68,5407.58,19812.29,16222.74,3589.55
O102779,C10501,P1143,2026-03-29,1,0.0,133.55,Net Banking,Delivered,2676.13,1712.63,2676.13,1712.63,963.5
O102780,C11894,P1136,2025-10-27,1,0.2,74.85,Credit Card,Delivered,509.62,289.55,407.7,289.55,118.15
O102781,C11083,P1001,2026-03-02,1,0.0,113.12,Credit Card,Pending,38372.92,26874.96,38372.92,26874.96,11497.96
O102782,C10671,P1142,2025-12-10,2,0.15,52.15,COD,Delivered,1618.71,996.37,2751.81,1992.74,759.07
O102783,C10003,P1124,2026-06-16,1,0.05,110.92,Credit Card,Delivered,4401.73,2791.05,4181.64,2791.05,1390.59
O102784,C11501,P1079,2026-04-21,4,0.0,87.46,COD,Delivered,926.66,604.47,3706.64,2417.88,1288.76
O102785,C11648,P1070,2026-07-04,4,0.15,85.95,Net Banking,Delivered,2608.79,2169.26,8869.89,8677.04,192.85
O102786,C10824,P1145,2025-11-18,1,0.1,82.37,Net Banking,Delivered,2714.68,1805.11,2443.21,1805.11,638.1
O102787,C10779,P1121,2025-12-29,4,0.05,76.18,Net Banking,Delivered,1135.94,710.5,4316.57,2842.0,1474.57
O102788,C10502,P1084,2026-03-30,1,0.0,105.48,UPI,Cancelled,771.46,641.72,771.46,641.72,129.74
O102789,C10731,P1121,2025-10-26,1,0.0,73.28,Credit Card,Delivered,1135.94,710.5,1135.94,710.5,425.44
O102790,C11010,P1059,2025-08-30,2,0.1,149.86,COD,Pending,2473.66,1991.45,4452.59,3982.9,469.69
O102791,C10034,P1020,2025-11-20,2,0.0,51.96,UPI,Delivered,40470.11,25854.79,80940.22,51709.58,29230.64
O102792,C10281,P1060,2026-06-27,1,0.05,146.14,COD,Cancelled,887.63,507.33,843.25,507.33,335.92
O102793,C10420,P1120,2025-10-25,1,0.2,78.9,COD,Delivered,3318.56,2380.1,2654.85,2380.1,274.75
O102794,C11513,P1019,2026-06-12,4,0.0,87.06,UPI,Delivered,53480.6,38132.5,213922.4,152530.0,61392.4
O102795,C11999,P1141,2025-12-27,1,0.05,35.38,COD,Delivered,913.93,756.89,868.23,756.89,111.34
O102796,C10453,P1055,2025-08-22,1,0.0,55.64,Credit Card,Delivered,6934.45,4043.27,6934.45,4043.27,2891.18
O102797,C10075,P1066,2025-10-28,4,0.15,126.78,UPI,Returned,6204.32,3462.32,21094.69,13849.28,7245.41
O102798,C10838,P1031,2026-01-09,2,0.05,1.14,Debit Card,Delivered,1495.17,843.81,2840.82,1687.62,1153.2
O102799,C11823,P1116,2026-02-10,1,0.1,90.63,Credit Card,Delivered,1503.58,846.7,1353.22,846.7,506.52
O102800,C11892,P1061,2026-07-27,2,0.2,46.52,Net Banking,Delivered,3373.53,1885.35,5397.65,3770.7,1626.95
O102801,C11650,P1065,2025-11-27,3,0.05,146.35,Net Banking,Delivered,1517.88,1218.22,4325.96,3654.66,671.3
O102802,C11289,P1062,2026-05-30,3,0.0,142.84,UPI,Delivered,6951.68,5407.58,20855.04,16222.74,4632.3
O102803,C10568,P1139,2025-09-05,1,0.2,81.71,Credit Card,Delivered,451.27,274.75,361.02,274.75,86.27
O102804,C11426,P1002,2026-06-23,1,0.05,53.91,COD,Shipped,64458.4,38857.64,61235.48,38857.64,22377.84
O102805,C10444,P1106,2025-12-11,3,0.05,73.84,Debit Card,Delivered,3820.64,2143.04,10888.82,6429.12,4459.7
O102806,C11032,P1150,2025-11-25,1,0.05,111.38,Credit Card,Returned,2574.89,1872.1,2446.15,1872.1,574.05
O102807,C10569,P1001,2025-11-13,2,0.05,72.79,COD,Delivered,38372.92,26874.96,72908.55,53749.92,19158.63
O102808,C11915,P1092,2026-04-26,1,0.1,101.12,COD,Delivered,1913.34,1155.43,1722.01,1155.43,566.58
O102809,C10337,P1007,2026-07-15,2,0.05,81.11,UPI,Pending,7227.26,4548.11,13731.79,9096.22,4635.57
O102810,C11171,P1006,2026-06-18,3,0.0,101.95,Debit Card,Delivered,18739.53,10820.0,56218.59,32460.0,23758.59
O102811,C11685,P1041,2026-03-02,1,0.15,118.82,Credit Card,Shipped,1521.85,1173.08,1293.57,1173.08,120.49
O102812,C11501,P1046,2025-11-09,1,0.05,74.71,Credit Card,Cancelled,4835.09,3320.63,4593.34,3320.63,1272.71
O102813,C10405,P1034,2025-09-11,4,0.1,2.93,Debit Card,Delivered,3445.82,2463.26,12404.95,9853.04,2551.91
O102814,C11356,P1116,2025-11-15,2,0.0,36.68,Credit Card,Delivered,1503.58,846.7,3007.16,1693.4,1313.76
O102815,C10065,P1031,2025-12-06,3,0.2,84.82,Credit Card,Delivered,1495.17,843.81,3588.41,2531.43,1056.98
O102816,C11550,P1077,2026-05-31,1,0.0,78.26,COD,Delivered,206.69,134.91,206.69,134.91,71.78
O102817,C10130,P1041,2026-03-15,1,0.05,92.14,COD,Delivered,1521.85,1173.08,1445.76,1173.08,272.68
O102818,C10351,P1096,2026-04-27,3,0.0,122.55,UPI,Delivered,1066.34,728.57,3199.02,2185.71,1013.31
O102819,C11402,P1108,2026-01-21,3,0.0,95.31,UPI,Delivered,2697.81,2207.0,8093.43,6621.0,1472.43
O102820,C10323,P1055,2025-12-11,3,0.1,21.48,UPI,Delivered,6934.45,4043.27,18723.02,12129.81,6593.21
O102821,C10223,P1112,2026-07-28,1,0.05,140.03,Credit Card,Delivered,3747.66,3014.85,3560.28,3014.85,545.43
O102822,C10341,P1069,2026-04-28,2,0.1,85.17,Net Banking,Delivered,717.29,416.98,1291.12,833.96,457.16
O102823,C11811,P1136,2026-04-24,2,0.1,8.13,Net Banking,Returned,509.62,289.55,917.32,579.1,338.22
O102824,C11879,P1150,2026-01-29,1,0.0,135.04,Debit Card,Returned,2574.89,1872.1,2574.89,1872.1,702.79
O102825,C10323,P1137,2026-05-04,3,0.1,22.92,Net Banking,Delivered,3020.08,1976.97,8154.22,5930.91,2223.31
O102826,C10920,P1109,2026-07-26,2,0.05,87.71,Credit Card,Delivered,4331.81,3435.6,8230.44,6871.2,1359.24
O102827,C11628,P1114,2025-08-26,1,0.0,117.3,Debit Card,Delivered,1562.14,1189.51,1562.14,1189.51,372.63
O102828,C11242,P1055,2025-11-02,2,0.1,97.08,UPI,Delivered,6934.45,4043.27,12482.01,8086.54,4395.47
O102829,C10606,P1097,2026-02-12,1,0.15,3.46,Net Banking,Delivered,371.34,245.76,315.64,245.76,69.88
O102830,C10187,P1149,2026-02-22,1,0.0,77.74,UPI,Shipped,1265.06,835.13,1265.06,835.13,429.93
O102831,C10260,P1014,2025-12-15,1,0.1,70.72,Credit Card,Shipped,27485.51,19010.32,24736.96,19010.32,5726.64
O102832,C11093,P1029,2026-08-09,2,0.0,2.68,Net Banking,Delivered,564.96,451.92,1129.92,903.84,226.08
O102833,C11863,P1149,2025-12-24,3,0.2,28.17,Credit Card,Delivered,1265.06,835.13,3036.14,2505.39,530.75
O102834,C10369,P1138,2025-10-22,1,0.0,39.61,Credit Card,Shipped,1859.8,1352.45,1859.8,1352.45,507.35
O102835,C10493,P1013,2026-08-12,2,0.05,16.72,Net Banking,Cancelled,52895.62,37136.59,100501.68,74273.18,26228.5
O102836,C11114,P1019,2026-02-14,2,0.15,63.88,Credit Card,Delivered,53480.6,38132.5,90917.02,76265.0,14652.02
O102837,C10172,P1087,2026-07-20,2,0.0,93.96,Net Banking,Delivered,1693.9,1011.65,3387.8,2023.3,1364.5
O102838,C10532,P1067,2025-08-22,2,0.0,74.16,Debit Card,Delivered,6227.25,3828.72,12454.5,7657.44,4797.06
O102839,C11696,P1046,2026-05-25,1,0.05,34.63,UPI,Delivered,4835.09,3320.63,4593.34,3320.63,1272.71
O102840,C11742,P1053,2026-08-20,1,0.2,137.69,Credit Card,Shipped,922.36,543.78,737.89,543.78,194.11
O102841,C10452,P1023,2026-08-02,1,0.0,57.16,Net Banking,Delivered,54514.7,32908.14,54514.7,32908.14,21606.56
O102842,C10906,P1019,2025-12-10,1,0.2,92.82,COD,Shipped,53480.6,38132.5,42784.48,38132.5,4651.98
O102843,C11120,P1021,2026-08-02,2,0.1,127.18,Debit Card,Delivered,15455.38,11592.94,27819.68,23185.88,4633.8
O102844,C11396,P1071,2025-09-03,4,0.0,7.05,Debit Card,Delivered,5179.24,2939.06,20716.96,11756.24,8960.72
O102845,C11568,P1003,2026-07-22,1,0.05,134.29,UPI,Shipped,31454.08,19066.44,29881.38,19066.44,10814.94
O102846,C11415,P1007,2026-02-11,1,0.15,29.64,UPI,Delivered,7227.26,4548.11,6143.17,4548.11,1595.06
O102847,C10338,P1150,2025-09-28,1,0.05,79.06,UPI,Delivered,2574.89,1872.1,2446.15,1872.1,574.05
O102848,C10390,P1124,2026-06-02,1,0.0,59.41,UPI,Delivered,4401.73,2791.05,4401.73,2791.05,1610.68
O102849,C11832,P1138,2026-05-27,2,0.2,99.27,Debit Card,Delivered,1859.8,1352.45,2975.68,2704.9,270.78
O102850,C11292,P1007,2026-08-12,1,0.0,105.75,Credit Card,Pending,7227.26,4548.11,7227.26,4548.11,2679.15
O102851,C10641,P1098,2026-05-21,1,0.05,57.58,UPI,Shipped,298.55,229.91,283.62,229.91,53.71
O102852,C11033,P1075,2026-07-02,4,0.0,70.19,Debit Card,Delivered,6257.58,4866.0,25030.32,19464.0,5566.32
O102853,C10175,P1140,2026-04-29,1,0.15,85.99,Credit Card,Delivered,436.07,348.48,370.66,348.48,22.18
O102854,C11181,P1139,2025-11-15,1,0.15,125.24,COD,Delivered,451.27,274.75,383.58,274.75,108.83
O102855,C11070,P1020,2025-11-29,1,0.2,72.6,Credit Card,Delivered,40470.11,25854.79,32376.09,25854.79,6521.3
O102856,C11564,P1074,2025-09-14,2,0.05,29.55,Net Banking,Delivered,1038.89,634.94,1973.89,1269.88,704.01
O102857,C10087,P1081,2026-07-13,4,0.0,7.76,COD,Delivered,2172.75,1311.33,8691.0,5245.32,3445.68
O102858,C11039,P1112,2026-08-12,1,0.15,96.86,COD,Delivered,3747.66,3014.85,3185.51,3014.85,170.66
O102859,C11228,P1013,2026-06-13,1,0.2,19.3,UPI,Delivered,52895.62,37136.59,42316.5,37136.59,5179.91
O102860,C11815,P1063,2026-04-10,1,0.0,149.02,COD,Delivered,6336.48,4060.59,6336.48,4060.59,2275.89
O102861,C10700,P1023,2025-11-16,2,0.2,67.51,Debit Card,Shipped,54514.7,32908.14,87223.52,65816.28,21407.24
O102862,C10564,P1136,2025-11-21,1,0.2,65.81,Credit Card,Delivered,509.62,289.55,407.7,289.55,118.15
O102863,C11154,P1032,2026-06-14,4,0.15,51.62,Credit Card,Delivered,1643.06,925.34,5586.4,3701.36,1885.04
O102864,C11634,P1069,2026-07-04,1,0.1,99.07,Net Banking,Delivered,717.29,416.98,645.56,416.98,228.58
O102865,C10659,P1095,2026-03-28,3,0.0,7.84,UPI,Delivered,561.33,353.29,1683.99,1059.87,624.12
O102866,C11683,P1044,2026-01-01,4,0.0,92.48,Net Banking,Delivered,1399.41,917.62,5597.64,3670.48,1927.16
O102867,C10086,P1142,2026-06-27,3,0.05,87.55,UPI,Delivered,1618.71,996.37,4613.32,2989.11,1624.21
O102868,C10109,P1105,2026-05-24,4,0.0,2.59,Credit Card,Delivered,5921.43,3427.44,23685.72,13709.76,9975.96
O102869,C11234,P1143,2026-03-04,3,0.0,117.41,COD,Delivered,2676.13,1712.63,8028.39,5137.89,2890.5
O102870,C11611,P1005,2026-03-10,1,0.0,61.11,Net Banking,Shipped,47571.0,27164.82,47571.0,27164.82,20406.18
O102871,C11952,P1135,2026-02-15,4,0.05,9.23,Credit Card,Delivered,311.53,199.73,1183.81,798.92,384.89
O102872,C10125,P1069,2025-10-22,1,0.1,89.18,UPI,Returned,717.29,416.98,645.56,416.98,228.58
O102873,C11773,P1101,2026-02-02,4,0.0,112.41,Debit Card,Cancelled,2706.0,1556.11,10824.0,6224.44,4599.56
O102874,C10255,P1143,2026-07-18,1,0.0,72.06,Net Banking,Shipped,2676.13,1712.63,2676.13,1712.63,963.5
O102875,C10536,P1067,2025-12-12,4,0.0,144.32,Credit Card,Delivered,6227.25,3828.72,24909.0,15314.88,9594.12
O102876,C10971,P1128,2026-01-26,4,0.1,16.42,Credit Card,Delivered,1654.17,1108.55,5955.01,4434.2,1520.81
O102877,C10775,P1049,2026-05-01,2,0.0,9.81,Net Banking,Delivered,4665.92,2735.27,9331.84,5470.54,3861.3
O102878,C10819,P1069,2026-05-02,3,0.0,107.56,Credit Card,Delivered,717.29,416.98,2151.87,1250.94,900.93
O102879,C10135,P1037,2025-11-19,1,0.2,103.49,COD,Delivered,1816.37,1116.6,1453.1,1116.6,336.5
O102880,C10605,P1044,2025-12-26,1,0.15,77.78,Net Banking,Delivered,1399.41,917.62,1189.5,917.62,271.88
O102881,C11372,P1079,2026-01-15,4,0.05,71.02,COD,Delivered,926.66,604.47,3521.31,2417.88,1103.43
O102882,C10043,P1063,2026-07-25,3,0.0,115.94,COD,Shipped,6336.48,4060.59,19009.44,12181.77,6827.67
O102883,C10268,P1095,2026-04-25,1,0.15,88.07,Net Banking,Delivered,561.33,353.29,477.13,353.29,123.84
O102884,C10214,P1080,2026-06-25,1,0.0,83.46,Debit Card,Delivered,287.38,222.33,287.38,222.33,65.05
O102885,C11789,P1011,2026-03-09,2,0.1,32.15,COD,Delivered,18237.69,11700.82,32827.84,23401.64,9426.2
O102886,C11294,P1100,2026-07-25,1,0.2,4.7,Credit Card,Delivered,664.62,470.32,531.7,470.32,61.38
O102887,C11537,P1096,2025-10-18,3,0.1,59.11,Debit Card,Cancelled,1066.34,728.57,2879.12,2185.71,693.41
O102888,C10087,P1048,2026-07-23,2,0.0,120.7,COD,Shipped,714.29,437.46,1428.58,874.92,553.66
O102889,C11477,P1095,2025-10-12,3,0.05,77.79,Debit Card,Delivered,561.33,353.29,1599.79,1059.87,539.92
O102890,C10383,P1076,2025-12-22,1,0.15,28.81,Credit Card,Pending,625.33,474.81,531.53,474.81,56.72
O102891,C11867,P1006,2026-04-25,2,0.0,26.16,UPI,Delivered,18739.53,10820.0,37479.06,21640.0,15839.06
O102892,C10631,P1106,2026-01-25,3,0.15,48.7,Debit Card,Cancelled,3820.64,2143.04,9742.63,6429.12,3313.51
O102893,C11051,P1148,2025-11-26,4,0.05,77.18,Net Banking,Delivered,884.97,623.21,3362.89,2492.84,870.05
O102894,C11881,P1006,2026-03-17,2,0.0,60.1,Credit Card,Shipped,18739.53,10820.0,37479.06,21640.0,15839.06
O102895,C10755,P1062,2026-04-18,3,0.05,116.05,Net Banking,Delivered,6951.68,5407.58,19812.29,16222.74,3589.55
O102896,C11063,P1046,2026-04-25,1,0.0,39.22,Debit Card,Delivered,4835.09,3320.63,4835.09,3320.63,1514.46
O102897,C11992,P1035,2026-05-18,1,0.0,62.29,COD,Delivered,3107.6,2368.57,3107.6,2368.57,739.03
O102898,C11428,P1016,2026-06-01,1,0.05,70.4,Debit Card,Delivered,23119.64,19111.02,21963.66,19111.02,2852.64
O102899,C11407,P1015,2025-10-23,2,0.0,91.31,Debit Card,Delivered,13194.79,8050.63,26389.58,16101.26,10288.32
O102900,C11877,P1056,2026-04-28,1,0.2,20.84,Credit Card,Pending,1431.57,1192.48,1145.26,1192.48,-47.22
O102901,C11688,P1091,2026-08-06,2,0.1,121.19,Credit Card,Cancelled,722.91,529.78,1301.24,1059.56,241.68
O102902,C10528,P1081,2025-09-13,2,0.1,64.26,UPI,Delivered,2172.75,1311.33,3910.95,2622.66,1288.29
O102903,C10455,P1037,2026-01-07,3,0.0,34.17,UPI,Delivered,1816.37,1116.6,5449.11,3349.8,2099.31
O102904,C11457,P1117,2026-02-03,1,0.05,10.62,Net Banking,Delivered,4152.01,2619.57,3944.41,2619.57,1324.84
O102905,C11800,P1032,2025-11-21,4,0.0,114.05,Net Banking,Delivered,1643.06,925.34,6572.24,3701.36,2870.88
O102906,C11999,P1051,2026-05-15,1,0.2,118.74,Credit Card,Delivered,3086.44,2233.31,2469.15,2233.31,235.84
O102907,C11293,P1051,2026-06-21,2,0.1,56.0,COD,Delivered,3086.44,2233.31,5555.59,4466.62,1088.97
O102908,C10830,P1083,2025-10-03,4,0.2,142.36,Credit Card,Delivered,1658.92,944.21,5308.54,3776.84,1531.7
O102909,C10833,P1009,2026-08-13,3,0.1,29.17,UPI,Pending,33080.16,21064.69,89316.43,63194.07,26122.36
O102910,C11881,P1130,2025-11-03,1,0.2,21.29,COD,Shipped,1664.71,1119.11,1331.77,1119.11,212.66
O102911,C10671,P1100,2026-02-24,2,0.0,45.3,UPI,Delivered,664.62,470.32,1329.24,940.64,388.6
O102912,C11026,P1105,2026-01-06,1,0.1,143.94,Net Banking,Shipped,5921.43,3427.44,5329.29,3427.44,1901.85
O102913,C11075,P1003,2025-08-24,3,0.2,66.11,UPI,Returned,31454.08,19066.44,75489.79,57199.32,18290.47
O102914,C10428,P1007,2026-02-14,2,0.2,86.72,UPI,Delivered,7227.26,4548.11,11563.62,9096.22,2467.4
O102915,C10686,P1107,2026-08-17,2,0.0,35.57,UPI,Delivered,3347.45,2456.75,6694.9,4913.5,1781.4
O102916,C11716,P1135,2026-04-27,3,0.0,128.27,UPI,Delivered,311.53,199.73,934.59,599.19,335.4
O102917,C10773,P1086,2026-04-04,2,0.1,44.71,COD,Delivered,316.01,223.96,568.82,447.92,120.9
O102918,C11019,P1068,2025-10-20,3,0.2,95.16,Debit Card,Cancelled,8864.37,5516.76,21274.49,16550.28,4724.21
O102919,C11221,P1031,2025-09-05,2,0.05,145.35,COD,Returned,1495.17,843.81,2840.82,1687.62,1153.2
O102920,C11807,P1055,2025-09-16,1,0.2,82.17,COD,Delivered,6934.45,4043.27,5547.56,4043.27,1504.29
O102921,C11623,P1089,2026-07-16,1,0.15,125.01,Credit Card,Returned,1514.99,1072.27,1287.74,1072.27,215.47
O102922,C10157,P1080,2026-05-03,4,0.15,146.56,Net Banking,Delivered,287.38,222.33,977.09,889.32,87.77
O102923,C10253,P1135,2026-03-12,2,0.0,74.69,Net Banking,Delivered,311.53,199.73,623.06,399.46,223.6
O102924,C11105,P1075,2025-12-16,2,0.15,39.8,Credit Card,Delivered,6257.58,4866.0,10637.89,9732.0,905.89
O102925,C11086,P1123,2025-08-24,1,0.05,66.66,Debit Card,Cancelled,877.39,667.5,833.52,667.5,166.02
O102926,C11202,P1036,2026-05-13,1,0.15,21.55,COD,Delivered,4558.46,3300.66,3874.69,3300.66,574.03
O102927,C11670,P1041,2026-04-01,1,0.2,104.68,Credit Card,Delivered,1521.85,1173.08,1217.48,1173.08,44.4
O102928,C11036,P1038,2025-11-27,1,0.15,68.4,UPI,Delivered,3530.81,2400.64,3001.19,2400.64,600.55
O102929,C10564,P1086,2025-10-18,2,0.1,105.27,Debit Card,Delivered,316.01,223.96,568.82,447.92,120.9
O102930,C10189,P1066,2025-10-08,2,0.2,116.69,UPI,Delivered,6204.32,3462.32,9926.91,6924.64,3002.27
O102931,C11756,P1076,2026-01-23,1,0.2,44.24,Credit Card,Delivered,625.33,474.81,500.26,474.81,25.45
O102932,C10835,P1011,2026-04-06,4,0.0,26.97,Debit Card,Delivered,18237.69,11700.82,72950.76,46803.28,26147.48
O102933,C11594,P1087,2026-04-17,1,0.15,119.34,Credit Card,Delivered,1693.9,1011.65,1439.82,1011.65,428.17
O102934,C10810,P1110,2025-10-31,4,0.0,113.56,COD,Pending,2315.13,1504.12,9260.52,6016.48,3244.04
O102935,C11524,P1012,2026-02-01,4,0.0,72.81,Net Banking,Delivered,25370.06,18838.89,101480.24,75355.56,26124.68
O102936,C10239,P1033,2026-03-19,1,0.15,14.56,COD,Shipped,4333.28,2734.68,3683.29,2734.68,948.61
O102937,C10037,P1011,2026-02-19,1,0.1,124.66,Credit Card,Cancelled,18237.69,11700.82,16413.92,11700.82,4713.1
O102938,C10114,P1134,2026-02-19,2,0.15,127.24,Credit Card,Delivered,299.83,242.36,509.71,484.72,24.99
O102939,C10815,P1023,2026-08-05,2,0.05,124.18,UPI,Delivered,54514.7,32908.14,103577.93,65816.28,37761.65
O102940,C11403,P1117,2026-03-03,2,0.2,72.07,UPI,Delivered,4152.01,2619.57,6643.22,5239.14,1404.08
O102941,C11527,P1055,2025-12-07,4,0.15,76.57,UPI,Pending,6934.45,4043.27,23577.13,16173.08,7404.05
O102942,C11573,P1056,2026-07-07,1,0.0,33.67,Debit Card,Returned,1431.57,1192.48,1431.57,1192.48,239.09
O102943,C10729,P1014,2025-09-20,3,0.1,70.47,COD,Delivered,27485.51,19010.32,74210.88,57030.96,17179.92
O102944,C10376,P1112,2025-09-30,1,0.1,131.75,Net Banking,Delivered,3747.66,3014.85,3372.89,3014.85,358.04
O102945,C11283,P1125,2025-10-02,3,0.0,61.15,COD,Shipped,2435.61,1942.11,7306.83,5826.33,1480.5
O102946,C11320,P1037,2026-05-27,1,0.0,100.45,Net Banking,Delivered,1816.37,1116.6,1816.37,1116.6,699.77
O102947,C11075,P1068,2026-05-13,1,0.0,147.1,Debit Card,Shipped,8864.37,5516.76,8864.37,5516.76,3347.61
O102948,C10083,P1030,2026-03-14,3,0.05,96.83,Credit Card,Delivered,2098.13,1548.88,5979.67,4646.64,1333.03
O102949,C11136,P1002,2026-02-02,2,0.0,65.25,Net Banking,Pending,64458.4,38857.64,128916.8,77715.28,51201.52
O102950,C11598,P1050,2026-06-20,2,0.05,26.4,Debit Card,Delivered,802.78,481.82,1525.28,963.64,561.64
O102951,C10977,P1141,2025-12-23,2,0.1,76.14,Net Banking,Delivered,913.93,756.89,1645.07,1513.78,131.29
O102952,C10095,P1055,2025-12-07,2,0.15,2.64,Credit Card,Delivered,6934.45,4043.27,11788.57,8086.54,3702.03
O102953,C11259,P1032,2026-01-09,2,0.0,41.91,UPI,Delivered,1643.06,925.34,3286.12,1850.68,1435.44
O102954,C10759,P1116,2025-10-23,2,0.0,25.42,UPI,Delivered,1503.58,846.7,3007.16,1693.4,1313.76
O102955,C10098,P1130,2026-01-29,4,0.1,107.98,Debit Card,Pending,1664.71,1119.11,5992.96,4476.44,1516.52
O102956,C11190,P1017,2026-08-21,1,0.1,116.55,Debit Card,Delivered,68434.16,40506.57,61590.74,40506.57,21084.17
O102957,C10373,P1005,2025-10-05,4,0.05,5.29,COD,Pending,47571.0,27164.82,180769.8,108659.28,72110.52
O102958,C11194,P1043,2026-02-27,1,0.1,147.69,COD,Shipped,2304.37,1753.37,2073.93,1753.37,320.56
O102959,C11447,P1147,2026-03-05,1,0.05,54.19,Net Banking,Pending,834.22,686.19,792.51,686.19,106.32
O102960,C10862,P1147,2026-02-06,4,0.0,108.21,COD,Cancelled,834.22,686.19,3336.88,2744.76,592.12
O102961,C11346,P1076,2026-04-21,1,0.1,118.45,Net Banking,Delivered,625.33,474.81,562.8,474.81,87.99
O102962,C11556,P1117,2026-07-31,2,0.0,122.78,UPI,Returned,4152.01,2619.57,8304.02,5239.14,3064.88
O102963,C10606,P1038,2026-06-26,3,0.2,74.52,Net Banking,Shipped,3530.81,2400.64,8473.94,7201.92,1272.02
O102964,C11187,P1099,2026-02-26,1,0.15,63.72,Net Banking,Delivered,482.66,272.31,410.26,272.31,137.95
O102965,C10677,P1145,2026-01-10,1,0.0,39.78,UPI,Delivered,2714.68,1805.11,2714.68,1805.11,909.57
O102966,C11582,P1129,2025-12-13,4,0.1,26.83,Debit Card,Delivered,3364.24,2034.28,12111.26,8137.12,3974.14
O102967,C11623,P1050,2026-06-24,2,0.05,125.95,Credit Card,Returned,802.78,481.82,1525.28,963.64,561.64
O102968,C10222,P1048,2026-02-07,3,0.05,139.47,Credit Card,Delivered,714.29,437.46,2035.73,1312.38,723.35
O102969,C10290,P1111,2025-12-18,4,0.1,102.92,COD,Delivered,583.37,467.6,2100.13,1870.4,229.73
O102970,C11968,P1015,2025-10-27,1,0.0,123.5,COD,Delivered,13194.79,8050.63,13194.79,8050.63,5144.16
O102971,C10048,P1143,2025-09-06,2,0.0,37.37,COD,Delivered,2676.13,1712.63,5352.26,3425.26,1927.0
O102972,C11312,P1031,2025-12-06,2,0.05,120.11,COD,Shipped,1495.17,843.81,2840.82,1687.62,1153.2
O102973,C11992,P1008,2025-10-16,3,0.0,45.34,COD,Delivered,51750.03,32987.78,155250.09,98963.34,56286.75
O102974,C10443,P1080,2025-09-02,1,0.0,87.84,Net Banking,Pending,287.38,222.33,287.38,222.33,65.05
O102975,C11484,P1059,2026-05-14,1,0.0,132.84,Net Banking,Delivered,2473.66,1991.45,2473.66,1991.45,482.21
O102976,C10668,P1093,2025-12-21,1,0.05,111.62,Credit Card,Returned,1288.82,1004.22,1224.38,1004.22,220.16
O102977,C11066,P1036,2025-11-04,2,0.15,93.29,Net Banking,Shipped,4558.46,3300.66,7749.38,6601.32,1148.06
O102978,C11713,P1073,2026-02-07,2,0.0,37.47,UPI,Returned,1405.49,1138.4,2810.98,2276.8,534.18
O102979,C11967,P1105,2026-07-27,4,0.05,110.66,UPI,Pending,5921.43,3427.44,22501.43,13709.76,8791.67
O102980,C11848,P1145,2026-07-05,1,0.0,4.53,Net Banking,Delivered,2714.68,1805.11,2714.68,1805.11,909.57
O102981,C10062,P1141,2026-06-22,1,0.0,122.44,Credit Card,Delivered,913.93,756.89,913.93,756.89,157.04
O102982,C11563,P1092,2026-07-30,4,0.05,145.32,Net Banking,Delivered,1913.34,1155.43,7270.69,4621.72,2648.97
O102983,C10890,P1069,2025-10-12,1,0.0,27.48,UPI,Shipped,717.29,416.98,717.29,416.98,300.31
O102984,C10784,P1147,2026-03-13,1,0.0,141.02,COD,Delivered,834.22,686.19,834.22,686.19,148.03
O102985,C11291,P1019,2026-01-12,4,0.0,37.43,Credit Card,Delivered,53480.6,38132.5,213922.4,152530.0,61392.4
O102986,C10987,P1110,2025-09-27,1,0.1,9.2,UPI,Delivered,2315.13,1504.12,2083.62,1504.12,579.5
O102987,C11405,P1038,2026-01-16,2,0.05,43.65,Credit Card,Shipped,3530.81,2400.64,6708.54,4801.28,1907.26
O102988,C10643,P1147,2026-03-22,1,0.0,34.36,Debit Card,Pending,834.22,686.19,834.22,686.19,148.03
O102989,C11537,P1031,2026-04-09,4,0.1,87.79,Debit Card,Cancelled,1495.17,843.81,5382.61,3375.24,2007.37
O102990,C11592,P1069,2026-01-10,3,0.0,105.4,COD,Delivered,717.29,416.98,2151.87,1250.94,900.93
O102991,C10493,P1080,2026-04-20,1,0.1,111.64,Net Banking,Delivered,287.38,222.33,258.64,222.33,36.31
O102992,C11842,P1011,2025-09-16,1,0.15,39.75,UPI,Cancelled,18237.69,11700.82,15502.04,11700.82,3801.22
O102993,C10337,P1123,2026-05-05,1,0.2,15.65,Credit Card,Delivered,877.39,667.5,701.91,667.5,34.41
O102994,C11368,P1132,2026-08-06,1,0.0,64.51,COD,Delivered,1045.48,772.39,1045.48,772.39,273.09
O102995,C11859,P1100,2026-05-20,1,0.0,103.59,UPI,Pending,664.62,470.32,664.62,470.32,194.3
O102996,C10240,P1100,2026-04-15,1,0.05,91.68,Net Banking,Delivered,664.62,470.32,631.39,470.32,161.07
O102997,C10167,P1050,2026-07-28,2,0.0,6.31,Net Banking,Delivered,802.78,481.82,1605.56,963.64,641.92
O102998,C11986,P1007,2026-05-26,1,0.0,102.66,UPI,Pending,7227.26,4548.11,7227.26,4548.11,2679.15
O102999,C10769,P1136,2026-04-01,1,0.0,51.75,UPI,Delivered,509.62,289.55,509.62,289.55,220.07
O103000,C10572,P1021,2025-09-18,1,0.1,18.3,Debit Card,Delivered,15455.38,11592.94,13909.84,11592.94,2316.9
O103001,C10150,P1083,2026-08-01,3,0.0,95.3,UPI,Delivered,1658.92,944.21,4976.76,2832.63,2144.13
O103002,C11585,P1046,2026-05-31,1,0.0,120.79,Net Banking,Delivered,4835.09,3320.63,4835.09,3320.63,1514.46
O103003,C11193,P1114,2025-08-25,1,0.1,106.0,COD,Delivered,1562.14,1189.51,1405.93,1189.51,216.42
O103004,C10104,P1095,2026-07-18,1,0.0,119.89,Credit Card,Delivered,561.33,353.29,561.33,353.29,208.04
O103005,C10554,P1005,2026-01-30,2,0.0,63.08,COD,Delivered,47571.0,27164.82,95142.0,54329.64,40812.36
O103006,C11227,P1073,2026-02-02,1,0.1,108.69,COD,Delivered,1405.49,1138.4,1264.94,1138.4,126.54
O103007,C11463,P1115,2026-02-26,4,0.0,94.62,Credit Card,Shipped,5803.85,3277.3,23215.4,13109.2,10106.2
O103008,C11563,P1106,2025-11-28,1,0.1,101.22,Credit Card,Delivered,3820.64,2143.04,3438.58,2143.04,1295.54
O103009,C10706,P1005,2025-10-09,2,0.05,114.36,Net Banking,Shipped,47571.0,27164.82,90384.9,54329.64,36055.26
O103010,C11528,P1126,2026-01-11,3,0.0,31.21,COD,Returned,1404.7,995.08,4214.1,2985.24,1228.86
O103011,C11891,P1013,2026-01-15,2,0.1,4.98,Credit Card,Delivered,52895.62,37136.59,95212.12,74273.18,20938.94
O103012,C11910,P1018,2025-11-26,1,0.0,104.25,Debit Card,Delivered,52552.08,30527.71,52552.08,30527.71,22024.37
O103013,C11919,P1135,2026-05-31,4,0.05,22.06,Net Banking,Delivered,311.53,199.73,1183.81,798.92,384.89
O103014,C11988,P1050,2026-02-03,2,0.15,39.22,Credit Card,Delivered,802.78,481.82,1364.73,963.64,401.09
O103015,C10476,P1023,2026-04-05,4,0.0,34.89,Credit Card,Pending,54514.7,32908.14,218058.8,131632.56,86426.24
O103016,C10644,P1092,2026-03-15,3,0.05,50.31,Credit Card,Delivered,1913.34,1155.43,5453.02,3466.29,1986.73
O103017,C11876,P1103,2025-10-04,3,0.2,128.55,UPI,Delivered,1864.92,1469.71,4475.81,4409.13,66.68
O103018,C11899,P1021,2025-09-28,4,0.15,129.2,COD,Delivered,15455.38,11592.94,52548.29,46371.76,6176.53
O103019,C11740,P1043,2026-01-04,4,0.2,78.15,UPI,Delivered,2304.37,1753.37,7373.98,7013.48,360.5
O103020,C10335,P1001,2025-11-13,3,0.15,56.61,COD,Delivered,38372.92,26874.96,97850.95,80624.88,17226.07
O103021,C11537,P1109,2026-05-29,1,0.15,36.29,Credit Card,Cancelled,4331.81,3435.6,3682.04,3435.6,246.44
O103022,C11372,P1082,2025-12-05,3,0.2,69.58,Credit Card,Delivered,2274.24,1299.56,5458.18,3898.68,1559.5
O103023,C11119,P1147,2025-11-02,2,0.15,44.88,Debit Card,Delivered,834.22,686.19,1418.17,1372.38,45.79
O103024,C10390,P1056,2026-08-08,1,0.15,3.41,COD,Delivered,1431.57,1192.48,1216.83,1192.48,24.35
O103025,C11368,P1140,2026-08-02,1,0.2,46.86,Debit Card,Delivered,436.07,348.48,348.86,348.48,0.38
O103026,C11214,P1013,2025-10-19,2,0.0,71.55,Credit Card,Cancelled,52895.62,37136.59,105791.24,74273.18,31518.06
O103027,C10662,P1013,2026-08-11,1,0.0,101.63,Credit Card,Cancelled,52895.62,37136.59,52895.62,37136.59,15759.03
O103028,C10603,P1131,2025-09-14,2,0.0,121.42,UPI,Pending,355.98,201.63,711.96,403.26,308.7
O103029,C10194,P1111,2026-08-01,4,0.0,89.39,Debit Card,Delivered,583.37,467.6,2333.48,1870.4,463.08
O103030,C10109,P1061,2026-05-07,1,0.1,97.83,COD,Delivered,3373.53,1885.35,3036.18,1885.35,1150.83
O103031,C10513,P1027,2026-07-24,4,0.0,64.01,COD,Delivered,5526.19,3231.39,22104.76,12925.56,9179.2
O103032,C10222,P1037,2026-08-08,2,0.1,120.42,COD,Shipped,1816.37,1116.6,3269.47,2233.2,1036.27
O103033,C11024,P1132,2025-09-27,1,0.0,97.93,Credit Card,Returned,1045.48,772.39,1045.48,772.39,273.09
O103034,C10154,P1004,2026-03-01,1,0.15,55.32,Credit Card,Delivered,60509.53,40979.28,51433.1,40979.28,10453.82
O103035,C11799,P1126,2026-05-30,1,0.1,83.67,Net Banking,Delivered,1404.7,995.08,1264.23,995.08,269.15
O103036,C10374,P1027,2025-10-26,2,0.2,134.4,Credit Card,Delivered,5526.19,3231.39,8841.9,6462.78,2379.12
O103037,C11906,P1108,2026-06-15,1,0.0,118.32,Credit Card,Delivered,2697.81,2207.0,2697.81,2207.0,490.81
O103038,C10697,P1126,2025-11-23,2,0.15,75.8,Net Banking,Delivered,1404.7,995.08,2387.99,1990.16,397.83
O103039,C11553,P1110,2026-07-06,1,0.2,117.77,Credit Card,Cancelled,2315.13,1504.12,1852.1,1504.12,347.98
O103040,C11105,P1063,2025-10-05,2,0.1,56.53,UPI,Cancelled,6336.48,4060.59,11405.66,8121.18,3284.48
O103041,C10363,P1140,2025-10-20,4,0.0,139.39,Debit Card,Delivered,436.07,348.48,1744.28,1393.92,350.36
O103042,C10694,P1059,2026-04-19,4,0.05,68.19,Net Banking,Shipped,2473.66,1991.45,9399.91,7965.8,1434.11
O103043,C11966,P1006,2026-01-23,4,0.0,144.12,COD,Shipped,18739.53,10820.0,74958.12,43280.0,31678.12
O103044,C11206,P1140,2026-08-07,2,0.15,69.36,COD,Delivered,436.07,348.48,741.32,696.96,44.36
O103045,C11899,P1031,2025-11-23,1,0.0,140.74,COD,Delivered,1495.17,843.81,1495.17,843.81,651.36
O103046,C10126,P1104,2026-01-08,2,0.0,113.51,COD,Delivered,3475.03,2469.25,6950.06,4938.5,2011.56
O103047,C10830,P1133,2025-08-21,4,0.2,142.15,Credit Card,Cancelled,3423.67,2098.85,10955.74,8395.4,2560.34
O103048,C10032,P1094,2026-08-11,2,0.05,73.78,UPI,Delivered,1847.54,1150.18,3510.33,2300.36,1209.97
O103049,C10295,P1022,2025-12-31,4,0.0,28.13,Credit Card,Delivered,8340.38,5227.15,33361.52,20908.6,12452.92
O103050,C11289,P1090,2025-11-08,4,0.2,103.38,Debit Card,Delivered,159.95,116.89,511.84,467.56,44.28
O103051,C10177,P1101,2026-06-08,2,0.1,76.99,Debit Card,Delivered,2706.0,1556.11,4870.8,3112.22,1758.58
O103052,C10687,P1139,2025-10-08,2,0.2,90.43,COD,Returned,451.27,274.75,722.03,549.5,172.53
O103053,C11407,P1068,2026-01-15,1,0.0,132.92,COD,Delivered,8864.37,5516.76,8864.37,5516.76,3347.61
O103054,C11501,P1019,2026-03-10,3,0.2,60.01,Net Banking,Delivered,53480.6,38132.5,128353.44,114397.5,13955.94
O103055,C11920,P1045,2026-01-24,2,0.05,67.66,UPI,Pending,1149.36,712.41,2183.78,1424.82,758.96
O103056,C10285,P1084,2025-12-01,4,0.0,79.72,Net Banking,Delivered,771.46,641.72,3085.84,2566.88,518.96
O103057,C10936,P1011,2026-07-19,2,0.0,40.82,Net Banking,Delivered,18237.69,11700.82,36475.38,23401.64,13073.74
O103058,C11583,P1069,2025-12-22,1,0.0,20.93,Credit Card,Delivered,717.29,416.98,717.29,416.98,300.31
O103059,C11248,P1139,2026-01-02,2,0.2,17.7,Debit Card,Shipped,451.27,274.75,722.03,549.5,172.53
O103060,C11778,P1005,2025-11-10,2,0.2,38.99,Credit Card,Delivered,47571.0,27164.82,76113.6,54329.64,21783.96
O103061,C11882,P1010,2026-01-14,4,0.05,107.26,Debit Card,Shipped,9031.61,6794.04,34320.12,27176.16,7143.96
O103062,C11949,P1059,2026-03-31,2,0.05,27.12,Net Banking,Delivered,2473.66,1991.45,4699.95,3982.9,717.05
O103063,C11473,P1065,2026-01-19,3,0.0,52.45,Net Banking,Pending,1517.88,1218.22,4553.64,3654.66,898.98
O103064,C11328,P1034,2026-06-20,1,0.15,81.46,Debit Card,Returned,3445.82,2463.26,2928.95,2463.26,465.69
O103065,C10692,P1132,2025-10-19,4,0.0,6.15,Net Banking,Delivered,1045.48,772.39,4181.92,3089.56,1092.36
O103066,C11326,P1022,2026-06-10,3,0.2,145.28,Debit Card,Delivered,8340.38,5227.15,20016.91,15681.45,4335.46
O103067,C11283,P1140,2026-06-09,3,0.0,121.11,Net Banking,Delivered,436.07,348.48,1308.21,1045.44,262.77
O103068,C11660,P1010,2025-10-03,2,0.1,50.82,COD,Delivered,9031.61,6794.04,16256.9,13588.08,2668.82
O103069,C11892,P1046,2025-09-03,4,0.1,127.94,Credit Card,Returned,4835.09,3320.63,17406.32,13282.52,4123.8
O103070,C10823,P1115,2026-03-15,3,0.1,43.28,COD,Delivered,5803.85,3277.3,15670.4,9831.9,5838.5
O103071,C11105,P1048,2026-05-08,4,0.0,77.51,UPI,Returned,714.29,437.46,2857.16,1749.84,1107.32
O103072,C10926,P1071,2026-03-17,4,0.0,20.45,COD,Shipped,5179.24,2939.06,20716.96,11756.24,8960.72
O103073,C11974,P1017,2026-06-27,2,0.1,140.19,COD,Delivered,68434.16,40506.57,123181.49,81013.14,42168.35
O103074,C11090,P1127,2026-01-25,2,0.2,115.15,COD,Delivered,2406.08,1554.9,3849.73,3109.8,739.93
O103075,C11756,P1148,2026-03-11,1,0.1,3.06,COD,Delivered,884.97,623.21,796.47,623.21,173.26
O103076,C11472,P1040,2026-05-10,4,0.15,74.04,Credit Card,Delivered,3344.13,2454.65,11370.04,9818.6,1551.44
O103077,C11182,P1051,2025-10-05,4,0.0,39.48,COD,Pending,3086.44,2233.31,12345.76,8933.24,3412.52
O103078,C10079,P1137,2026-01-06,2,0.2,79.6,Debit Card,Delivered,3020.08,1976.97,4832.13,3953.94,878.19
O103079,C10002,P1103,2025-10-07,4,0.0,77.77,Credit Card,Delivered,1864.92,1469.71,7459.68,5878.84,1580.84
O103080,C11623,P1061,2026-07-20,2,0.05,82.93,Debit Card,Delivered,3373.53,1885.35,6409.71,3770.7,2639.01
O103081,C10552,P1008,2026-01-15,3,0.05,49.25,Debit Card,Shipped,51750.03,32987.78,147487.59,98963.34,48524.25
O103082,C10800,P1098,2026-08-09,1,0.15,42.81,Net Banking,Delivered,298.55,229.91,253.77,229.91,23.86
O103083,C10936,P1146,2026-07-20,2,0.05,132.97,UPI,Delivered,1033.25,584.92,1963.18,1169.84,793.34
O103084,C10256,P1043,2026-06-11,2,0.05,55.46,Debit Card,Returned,2304.37,1753.37,4378.3,3506.74,871.56
O103085,C10361,P1088,2026-05-06,1,0.1,54.74,Debit Card,Delivered,1116.94,867.28,1005.25,867.28,137.97
O103086,C10374,P1135,2025-10-08,1,0.2,62.82,COD,Delivered,311.53,199.73,249.22,199.73,49.49
O103087,C10808,P1051,2026-01-15,1,0.2,32.34,Credit Card,Delivered,3086.44,2233.31,2469.15,2233.31,235.84
O103088,C11670,P1076,2026-05-18,1,0.0,140.39,Credit Card,Delivered,625.33,474.81,625.33,474.81,150.52
O103089,C11299,P1035,2026-02-13,1,0.0,86.51,Net Banking,Shipped,3107.6,2368.57,3107.6,2368.57,739.03
O103090,C11735,P1069,2026-01-19,1,0.0,42.15,COD,Cancelled,717.29,416.98,717.29,416.98,300.31
O103091,C10456,P1050,2026-01-01,1,0.0,134.78,Net Banking,Pending,802.78,481.82,802.78,481.82,320.96
O103092,C11892,P1147,2025-12-25,4,0.05,62.67,UPI,Delivered,834.22,686.19,3170.04,2744.76,425.28
O103093,C10337,P1067,2026-03-31,1,0.15,17.59,UPI,Delivered,6227.25,3828.72,5293.16,3828.72,1464.44
O103094,C11876,P1084,2026-08-08,1,0.2,49.07,Credit Card,Delivered,771.46,641.72,617.17,641.72,-24.55
O103095,C10692,P1124,2026-04-04,4,0.0,12.43,Credit Card,Returned,4401.73,2791.05,17606.92,11164.2,6442.72
O103096,C10704,P1100,2025-12-14,3,0.05,34.18,Credit Card,Pending,664.62,470.32,1894.17,1410.96,483.21
O103097,C10352,P1104,2026-04-26,3,0.0,102.97,Net Banking,Delivered,3475.03,2469.25,10425.09,7407.75,3017.34
O103098,C11423,P1057,2026-04-18,2,0.0,106.29,Debit Card,Delivered,4847.14,3432.05,9694.28,6864.1,2830.18
O103099,C11601,P1095,2025-09-30,1,0.2,109.77,UPI,Delivered,561.33,353.29,449.06,353.29,95.77
O103100,C11925,P1130,2026-08-21,2,0.1,130.07,UPI,Delivered,1664.71,1119.11,2996.48,2238.22,758.26
O103101,C10802,P1095,2026-01-30,2,0.1,35.6,Debit Card,Delivered,561.33,353.29,1010.39,706.58,303.81
O103102,C11323,P1126,2026-03-11,4,0.1,56.2,Net Banking,Delivered,1404.7,995.08,5056.92,3980.32,1076.6
O103103,C10792,P1144,2026-02-12,1,0.2,7.78,Debit Card,Delivered,2601.04,1801.4,2080.83,1801.4,279.43
O103104,C10657,P1125,2026-06-15,2,0.1,23.51,Debit Card,Cancelled,2435.61,1942.11,4384.1,3884.22,499.88
O103105,C10460,P1002,2026-07-23,2,0.15,14.16,Credit Card,Delivered,64458.4,38857.64,109579.28,77715.28,31864.0
O103106,C11277,P1031,2026-07-01,4,0.1,91.89,Net Banking,Cancelled,1495.17,843.81,5382.61,3375.24,2007.37
O103107,C10153,P1029,2026-07-19,4,0.0,119.97,COD,Delivered,564.96,451.92,2259.84,1807.68,452.16
O103108,C10338,P1013,2025-10-23,1,0.05,64.3,Credit Card,Delivered,52895.62,37136.59,50250.84,37136.59,13114.25
O103109,C11444,P1086,2025-09-12,1,0.0,77.99,Net Banking,Delivered,316.01,223.96,316.01,223.96,92.05
O103110,C11625,P1010,2026-01-09,2,0.0,63.76,UPI,Cancelled,9031.61,6794.04,18063.22,13588.08,4475.14
O103111,C10431,P1101,2025-12-04,2,0.0,24.87,Debit Card,Delivered,2706.0,1556.11,5412.0,3112.22,2299.78
O103112,C10602,P1117,2026-02-19,4,0.0,66.44,UPI,Delivered,4152.01,2619.57,16608.04,10478.28,6129.76
O103113,C10672,P1052,2026-08-09,2,0.1,82.56,UPI,Delivered,2039.08,1134.33,3670.34,2268.66,1401.68
O103114,C10356,P1094,2026-07-16,1,0.1,11.58,Net Banking,Returned,1847.54,1150.18,1662.79,1150.18,512.61
O103115,C11675,P1108,2025-10-17,4,0.05,53.14,COD,Shipped,2697.81,2207.0,10251.68,8828.0,1423.68
O103116,C11947,P1135,2025-12-14,1,0.0,12.7,UPI,Delivered,311.53,199.73,311.53,199.73,111.8
O103118,C11966,P1069,2025-11-17,2,0.0,146.23,Credit Card,Delivered,717.29,416.98,1434.58,833.96,600.62
O103119,C11318,P1028,2025-12-27,3,0.0,129.26,Debit Card,Pending,5009.89,3386.66,15029.67,10159.98,4869.69
O103120,C11623,P1023,2026-07-27,2,0.2,71.86,UPI,Shipped,54514.7,32908.14,87223.52,65816.28,21407.24
O103121,C10364,P1117,2025-09-12,1,0.15,43.87,COD,Delivered,4152.01,2619.57,3529.21,2619.57,909.64
O103122,C11942,P1032,2025-12-18,1,0.15,3.85,Net Banking,Delivered,1643.06,925.34,1396.6,925.34,471.26
O103123,C11150,P1016,2026-05-13,1,0.0,18.52,Net Banking,Shipped,23119.64,19111.02,23119.64,19111.02,4008.62
O103124,C10270,P1123,2026-04-27,3,0.0,16.38,UPI,Delivered,877.39,667.5,2632.17,2002.5,629.67
O103125,C10266,P1061,2026-02-24,2,0.1,21.95,Net Banking,Delivered,3373.53,1885.35,6072.35,3770.7,2301.65
O103126,C11755,P1090,2025-10-10,1,0.0,112.64,COD,Delivered,159.95,116.89,159.95,116.89,43.06
O103127,C10281,P1085,2026-06-16,1,0.0,135.88,Net Banking,Shipped,229.52,181.34,229.52,181.34,48.18
O103128,C11658,P1110,2025-09-02,1,0.2,27.72,COD,Delivered,2315.13,1504.12,1852.1,1504.12,347.98
O103129,C10665,P1150,2025-12-13,1,0.15,107.93,Net Banking,Delivered,2574.89,1872.1,2188.66,1872.1,316.56
O103130,C11545,P1116,2025-10-29,1,0.0,139.72,Net Banking,Delivered,1503.58,846.7,1503.58,846.7,656.88
O103131,C10612,P1043,2026-03-12,3,0.15,1.34,Credit Card,Delivered,2304.37,1753.37,5876.14,5260.11,616.03
O103132,C10692,P1131,2026-03-24,1,0.2,109.16,Debit Card,Pending,355.98,201.63,284.78,201.63,83.15
O103133,C11830,P1072,2026-01-21,3,0.1,106.28,Net Banking,Delivered,2376.29,1589.59,6415.98,4768.77,1647.21
O103134,C11501,P1109,2025-09-16,4,0.15,143.5,Debit Card,Shipped,4331.81,3435.6,14728.15,13742.4,985.75
O103135,C10650,P1074,2026-07-14,2,0.0,63.81,Credit Card,Delivered,1038.89,634.94,2077.78,1269.88,807.9
O103136,C10624,P1031,2026-02-22,3,0.1,138.12,UPI,Shipped,1495.17,843.81,4036.96,2531.43,1505.53
O103137,C10877,P1086,2026-06-26,2,0.0,2.64,UPI,Delivered,316.01,223.96,632.02,447.92,184.1
O103138,C11743,P1002,2025-11-12,2,0.1,129.69,UPI,Delivered,64458.4,38857.64,116025.12,77715.28,38309.84
O103139,C11642,P1079,2026-02-28,1,0.0,141.01,Debit Card,Delivered,926.66,604.47,926.66,604.47,322.19
O103140,C11201,P1060,2026-01-13,1,0.05,33.1,UPI,Pending,887.63,507.33,843.25,507.33,335.92
O103141,C10269,P1030,2026-03-16,1,0.0,17.59,Debit Card,Cancelled,2098.13,1548.88,2098.13,1548.88,549.25
O103142,C10142,P1054,2026-01-17,3,0.1,88.82,UPI,Delivered,5995.19,3653.27,16187.01,10959.81,5227.2
O103143,C10985,P1009,2025-12-10,2,0.0,2.5,Net Banking,Delivered,33080.16,21064.69,66160.32,42129.38,24030.94
O103144,C11297,P1109,2026-04-01,1,0.0,24.84,Net Banking,Shipped,4331.81,3435.6,4331.81,3435.6,896.21
O103145,C11397,P1026,2025-11-18,1,0.2,18.02,Debit Card,Delivered,5590.52,3241.08,4472.42,3241.08,1231.34
O103146,C11744,P1134,2026-05-17,3,0.1,26.76,Net Banking,Delivered,299.83,242.36,809.54,727.08,82.46
O103147,C10791,P1126,2025-12-30,1,0.0,76.26,Credit Card,Delivered,1404.7,995.08,1404.7,995.08,409.62
O103148,C11742,P1057,2025-10-19,4,0.1,121.79,COD,Delivered,4847.14,3432.05,17449.7,13728.2,3721.5
O103149,C11306,P1113,2026-08-11,1,0.0,116.08,Debit Card,Delivered,3031.82,2160.62,3031.82,2160.62,871.2
O103150,C10307,P1002,2026-04-03,3,0.0,11.96,Credit Card,Delivered,64458.4,38857.64,193375.2,116572.92,76802.28
O103151,C11056,P1043,2025-12-13,1,0.2,133.08,Debit Card,Delivered,2304.37,1753.37,1843.5,1753.37,90.13
O103152,C11945,P1018,2025-09-23,4,0.0,78.5,Net Banking,Delivered,52552.08,30527.71,210208.32,122110.84,88097.48
O103153,C11667,P1045,2026-06-17,3,0.05,97.37,Net Banking,Shipped,1149.36,712.41,3275.68,2137.23,1138.45
O103154,C10217,P1035,2026-01-03,3,0.0,72.14,Credit Card,Cancelled,3107.6,2368.57,9322.8,7105.71,2217.09
O103155,C10259,P1052,2025-10-13,1,0.0,44.0,Net Banking,Delivered,2039.08,1134.33,2039.08,1134.33,904.75
O103156,C11723,P1002,2025-11-19,3,0.15,101.12,Debit Card,Delivered,64458.4,38857.64,164368.92,116572.92,47796.0
O103157,C10121,P1097,2026-02-02,3,0.0,149.09,UPI,Returned,371.34,245.76,1114.02,737.28,376.74
O103158,C11065,P1063,2025-09-12,2,0.0,123.86,COD,Delivered,6336.48,4060.59,12672.96,8121.18,4551.78
O103159,C10328,P1053,2026-03-07,3,0.0,65.83,Net Banking,Delivered,922.36,543.78,2767.08,1631.34,1135.74
O103160,C10050,P1137,2026-03-25,1,0.15,110.98,Credit Card,Shipped,3020.08,1976.97,2567.07,1976.97,590.1
O103161,C10828,P1133,2026-04-15,1,0.0,11.78,UPI,Delivered,3423.67,2098.85,3423.67,2098.85,1324.82
O103162,C10363,P1047,2026-06-07,2,0.05,96.76,Debit Card,Delivered,4008.04,3183.54,7615.28,6367.08,1248.2
O103163,C10658,P1067,2026-07-21,3,0.0,35.53,Debit Card,Delivered,6227.25,3828.72,18681.75,11486.16,7195.59
O103164,C10545,P1124,2026-02-06,3,0.05,37.53,Credit Card,Delivered,4401.73,2791.05,12544.93,8373.15,4171.78
O103165,C11767,P1147,2026-07-23,2,0.1,117.08,UPI,Delivered,834.22,686.19,1501.6,1372.38,129.22
O103166,C11267,P1024,2026-02-06,1,0.0,30.0,Net Banking,Shipped,18028.57,13625.43,18028.57,13625.43,4403.14
O103167,C11751,P1117,2026-04-27,2,0.15,34.4,COD,Returned,4152.01,2619.57,7058.42,5239.14,1819.28
O103168,C11135,P1062,2025-09-08,4,0.0,73.14,UPI,Delivered,6951.68,5407.58,27806.72,21630.32,6176.4
O103169,C11126,P1047,2025-09-10,1,0.15,131.76,COD,Pending,4008.04,3183.54,3406.83,3183.54,223.29
O103170,C11322,P1121,2026-03-14,2,0.05,43.03,Credit Card,Delivered,1135.94,710.5,2158.29,1421.0,737.29
O103171,C11408,P1056,2026-05-13,1,0.0,84.18,Credit Card,Delivered,1431.57,1192.48,1431.57,1192.48,239.09
O103172,C11469,P1056,2025-10-10,2,0.1,7.45,Net Banking,Delivered,1431.57,1192.48,2576.83,2384.96,191.87
O103173,C11980,P1048,2026-01-13,1,0.0,47.97,UPI,Delivered,714.29,437.46,714.29,437.46,276.83
O103174,C10354,P1040,2025-12-15,1,0.2,30.57,Net Banking,Pending,3344.13,2454.65,2675.3,2454.65,220.65
O103175,C11863,P1055,2025-12-26,1,0.2,20.17,COD,Returned,6934.45,4043.27,5547.56,4043.27,1504.29
O103176,C11957,P1026,2025-12-28,2,0.0,61.12,COD,Shipped,5590.52,3241.08,11181.04,6482.16,4698.88
O103177,C11347,P1150,2026-07-02,1,0.15,90.65,UPI,Delivered,2574.89,1872.1,2188.66,1872.1,316.56
O103178,C10484,P1142,2025-09-23,2,0.05,11.56,Net Banking,Delivered,1618.71,996.37,3075.55,1992.74,1082.81
O103179,C11837,P1043,2026-05-02,4,0.15,144.21,Debit Card,Delivered,2304.37,1753.37,7834.86,7013.48,821.38
O103180,C11439,P1063,2025-12-03,3,0.2,65.11,Net Banking,Cancelled,6336.48,4060.59,15207.55,12181.77,3025.78
O103181,C11107,P1053,2025-10-07,1,0.0,54.19,Debit Card,Delivered,922.36,543.78,922.36,543.78,378.58
O103182,C10631,P1069,2026-06-22,3,0.0,82.74,COD,Delivered,717.29,416.98,2151.87,1250.94,900.93
O103183,C11485,P1119,2026-08-16,2,0.05,109.39,COD,Delivered,5211.2,3497.26,9901.28,6994.52,2906.76
O103184,C11656,P1101,2026-06-28,2,0.2,110.21,Debit Card,Delivered,2706.0,1556.11,4329.6,3112.22,1217.38
O103185,C10041,P1147,2025-12-06,2,0.0,148.13,Debit Card,Delivered,834.22,686.19,1668.44,1372.38,296.06
O103186,C10520,P1148,2026-02-20,2,0.2,127.33,COD,Delivered,884.97,623.21,1415.95,1246.42,169.53
O103187,C11485,P1030,2025-10-21,3,0.0,38.96,Credit Card,Returned,2098.13,1548.88,6294.39,4646.64,1647.75
O103189,C11170,P1045,2025-10-27,1,0.2,87.92,COD,Delivered,1149.36,712.41,919.49,712.41,207.08
O103190,C10114,P1085,2026-01-15,4,0.05,26.37,Credit Card,Delivered,229.52,181.34,872.18,725.36,146.82
O103191,C11221,P1120,2026-07-08,1,0.2,52.31,Net Banking,Returned,3318.56,2380.1,2654.85,2380.1,274.75
O103192,C11473,P1029,2025-11-10,1,0.0,103.87,Credit Card,Delivered,564.96,451.92,564.96,451.92,113.04
O103193,C11834,P1084,2026-06-15,1,0.1,50.24,Credit Card,Delivered,771.46,641.72,694.31,641.72,52.59
O103194,C11144,P1133,2025-12-27,4,0.05,128.97,Credit Card,Delivered,3423.67,2098.85,13009.95,8395.4,4614.55
O103195,C10058,P1026,2026-04-18,1,0.0,103.8,Credit Card,Shipped,5590.52,3241.08,5590.52,3241.08,2349.44
O103196,C10814,P1014,2025-12-23,2,0.0,124.5,Net Banking,Delivered,27485.51,19010.32,54971.02,38020.64,16950.38
O103197,C10078,P1012,2026-07-18,4,0.2,143.48,Debit Card,Shipped,25370.06,18838.89,81184.19,75355.56,5828.63
O103198,C11002,P1120,2026-03-31,2,0.0,62.25,Net Banking,Delivered,3318.56,2380.1,6637.12,4760.2,1876.92
O103199,C11769,P1146,2025-10-20,1,0.05,36.68,COD,Delivered,1033.25,584.92,981.59,584.92,396.67
O103200,C10432,P1096,2025-09-02,2,0.05,76.15,Net Banking,Delivered,1066.34,728.57,2026.05,1457.14,568.91
O103201,C10485,P1137,2026-08-19,1,0.05,27.18,COD,Returned,3020.08,1976.97,2869.08,1976.97,892.11
O103202,C11636,P1011,2026-04-02,1,0.0,29.36,Credit Card,Delivered,18237.69,11700.82,18237.69,11700.82,6536.87
O103203,C10619,P1061,2025-11-28,2,0.15,110.42,COD,Delivered,3373.53,1885.35,5735.0,3770.7,1964.3
O103204,C11669,P1147,2026-02-26,1,0.0,63.8,Net Banking,Delivered,834.22,686.19,834.22,686.19,148.03
O103205,C10943,P1018,2025-12-13,4,0.0,62.76,Debit Card,Cancelled,52552.08,30527.71,210208.32,122110.84,88097.48
O103206,C10334,P1054,2025-09-09,3,0.0,22.0,Net Banking,Returned,5995.19,3653.27,17985.57,10959.81,7025.76
O103207,C11777,P1024,2025-09-05,2,0.15,77.81,UPI,Shipped,18028.57,13625.43,30648.57,27250.86,3397.71
O103208,C11317,P1148,2025-10-17,2,0.2,30.06,Credit Card,Shipped,884.97,623.21,1415.95,1246.42,169.53
O103209,C11495,P1090,2026-06-04,1,0.2,69.04,UPI,Delivered,159.95,116.89,127.96,116.89,11.07
O103210,C10408,P1123,2026-06-19,2,0.2,45.92,Debit Card,Delivered,877.39,667.5,1403.82,1335.0,68.82
O103211,C11506,P1131,2026-02-09,2,0.1,25.75,Credit Card,Delivered,355.98,201.63,640.76,403.26,237.5
O103212,C11687,P1051,2026-07-24,1,0.15,94.73,UPI,Delivered,3086.44,2233.31,2623.47,2233.31,390.16
O103213,C10963,P1022,2026-03-15,3,0.0,65.11,Credit Card,Delivered,8340.38,5227.15,25021.14,15681.45,9339.69
O103214,C11024,P1024,2025-10-22,3,0.0,144.01,Net Banking,Pending,18028.57,13625.43,54085.71,40876.29,13209.42
O103215,C10298,P1102,2026-06-25,1,0.15,134.72,UPI,Delivered,4370.98,2495.57,3715.33,2495.57,1219.76
O103216,C11499,P1039,2025-09-13,1,0.0,89.55,UPI,Delivered,3010.98,2323.83,3010.98,2323.83,687.15
O103217,C10242,P1118,2025-09-10,1,0.0,28.87,COD,Delivered,4978.89,3068.71,4978.89,3068.71,1910.18
O103218,C11353,P1036,2026-04-15,2,0.05,80.02,UPI,Delivered,4558.46,3300.66,8661.07,6601.32,2059.75
O103219,C11580,P1023,2025-12-18,1,0.15,21.03,UPI,Delivered,54514.7,32908.14,46337.5,32908.14,13429.36
O103220,C10825,P1027,2025-11-21,2,0.1,25.24,Credit Card,Returned,5526.19,3231.39,9947.14,6462.78,3484.36
O103221,C10086,P1031,2026-02-02,1,0.15,68.16,Net Banking,Shipped,1495.17,843.81,1270.89,843.81,427.08
O103222,C10915,P1035,2025-12-22,3,0.1,64.19,Debit Card,Delivered,3107.6,2368.57,8390.52,7105.71,1284.81
O103223,C11896,P1136,2026-06-16,4,0.05,125.77,COD,Returned,509.62,289.55,1936.56,1158.2,778.36
O103224,C10406,P1055,2026-04-26,1,0.15,22.29,UPI,Delivered,6934.45,4043.27,5894.28,4043.27,1851.01
O103225,C10395,P1111,2026-01-04,4,0.2,85.91,COD,Delivered,583.37,467.6,1866.78,1870.4,-3.62
O103226,C11099,P1004,2026-06-04,3,0.0,25.9,Credit Card,Delivered,60509.53,40979.28,181528.59,122937.84,58590.75
O103227,C11796,P1078,2026-07-30,2,0.2,101.38,Net Banking,Delivered,1604.45,1009.9,2567.12,2019.8,547.32
O103228,C11566,P1073,2026-01-20,2,0.0,76.93,Credit Card,Delivered,1405.49,1138.4,2810.98,2276.8,534.18
O103229,C10583,P1006,2025-09-17,1,0.0,11.35,Net Banking,Delivered,18739.53,10820.0,18739.53,10820.0,7919.53
O103230,C11281,P1135,2025-10-16,1,0.15,83.31,Credit Card,Returned,311.53,199.73,264.8,199.73,65.07
O103231,C11761,P1003,2025-09-26,4,0.0,115.31,Net Banking,Delivered,31454.08,19066.44,125816.32,76265.76,49550.56
O103232,C10276,P1039,2026-05-22,2,0.05,122.32,Net Banking,Delivered,3010.98,2323.83,5720.86,4647.66,1073.2
O103233,C10264,P1005,2026-01-07,4,0.2,15.84,Net Banking,Delivered,47571.0,27164.82,152227.2,108659.28,43567.92
O103234,C11735,P1094,2026-05-12,2,0.1,18.06,Debit Card,Shipped,1847.54,1150.18,3325.57,2300.36,1025.21
O103235,C11720,P1017,2026-06-12,1,0.0,125.22,UPI,Shipped,68434.16,40506.57,68434.16,40506.57,27927.59
O103236,C10440,P1146,2026-05-01,4,0.0,11.12,Net Banking,Delivered,1033.25,584.92,4133.0,2339.68,1793.32
O103237,C11596,P1150,2026-05-07,4,0.1,5.26,COD,Cancelled,2574.89,1872.1,9269.6,7488.4,1781.2
O103238,C11590,P1025,2025-10-08,2,0.15,127.16,Credit Card,Pending,29530.29,19324.99,50201.49,38649.98,11551.51
O103239,C10243,P1037,2025-11-21,2,0.1,50.53,Debit Card,Delivered,1816.37,1116.6,3269.47,2233.2,1036.27
O103240,C11916,P1092,2026-03-06,2,0.0,113.28,Net Banking,Delivered,1913.34,1155.43,3826.68,2310.86,1515.82
O103241,C10751,P1100,2026-07-10,3,0.0,41.07,Debit Card,Shipped,664.62,470.32,1993.86,1410.96,582.9
O103242,C10267,P1055,2025-12-16,2,0.0,7.59,UPI,Delivered,6934.45,4043.27,13868.9,8086.54,5782.36
O103243,C10154,P1040,2026-01-18,1,0.05,118.26,UPI,Delivered,3344.13,2454.65,3176.92,2454.65,722.27
O103244,C10987,P1014,2025-08-30,3,0.0,103.52,COD,Delivered,27485.51,19010.32,82456.53,57030.96,25425.57
O103245,C11258,P1042,2026-02-06,2,0.0,144.06,COD,Delivered,1907.35,1363.61,3814.7,2727.22,1087.48
O103246,C11014,P1072,2026-06-23,3,0.0,13.25,UPI,Delivered,2376.29,1589.59,7128.87,4768.77,2360.1
O103247,C11269,P1016,2026-04-05,3,0.0,33.44,COD,Delivered,23119.64,19111.02,69358.92,57333.06,12025.86
O103248,C11975,P1022,2025-08-28,2,0.0,134.72,COD,Delivered,8340.38,5227.15,16680.76,10454.3,6226.46
O103249,C11210,P1006,2026-04-24,1,0.0,63.6,COD,Delivered,18739.53,10820.0,18739.53,10820.0,7919.53
O103250,C10260,P1073,2026-02-17,4,0.1,43.46,Net Banking,Delivered,1405.49,1138.4,5059.76,4553.6,506.16
O103251,C11846,P1028,2026-04-27,4,0.0,64.84,Debit Card,Delivered,5009.89,3386.66,20039.56,13546.64,6492.92
O103252,C11952,P1041,2026-05-16,3,0.0,122.38,UPI,Delivered,1521.85,1173.08,4565.55,3519.24,1046.31
O103253,C11455,P1074,2025-12-12,3,0.0,51.21,UPI,Delivered,1038.89,634.94,3116.67,1904.82,1211.85
O103254,C10256,P1005,2026-01-14,3,0.0,12.26,Net Banking,Delivered,47571.0,27164.82,142713.0,81494.46,61218.54
O103255,C11854,P1104,2025-11-22,1,0.0,22.93,COD,Delivered,3475.03,2469.25,3475.03,2469.25,1005.78
O103256,C11574,P1116,2025-08-29,4,0.15,119.72,Debit Card,Delivered,1503.58,846.7,5112.17,3386.8,1725.37
O103257,C11612,P1079,2026-05-31,3,0.05,93.61,Net Banking,Delivered,926.66,604.47,2640.98,1813.41,827.57
O103258,C10907,P1090,2026-04-06,1,0.0,104.84,Debit Card,Delivered,159.95,116.89,159.95,116.89,43.06
O103259,C11728,P1045,2026-05-06,1,0.15,143.21,Credit Card,Delivered,1149.36,712.41,976.96,712.41,264.55
O103260,C11724,P1028,2026-02-27,4,0.2,34.98,Credit Card,Cancelled,5009.89,3386.66,16031.65,13546.64,2485.01
O103261,C10515,P1119,2025-08-25,3,0.2,4.01,COD,Delivered,5211.2,3497.26,12506.88,10491.78,2015.1
O103262,C10091,P1143,2025-09-28,3,0.0,25.54,UPI,Shipped,2676.13,1712.63,8028.39,5137.89,2890.5
O103263,C11633,P1132,2026-01-14,2,0.15,2.39,UPI,Delivered,1045.48,772.39,1777.32,1544.78,232.54
O103264,C10055,P1106,2025-12-31,2,0.2,80.01,Net Banking,Delivered,3820.64,2143.04,6113.02,4286.08,1826.94
O103265,C10921,P1103,2026-01-30,1,0.15,78.0,Debit Card,Shipped,1864.92,1469.71,1585.18,1469.71,115.47
O103266,C10185,P1126,2026-02-26,4,0.05,91.94,Credit Card,Delivered,1404.7,995.08,5337.86,3980.32,1357.54
O103267,C10088,P1140,2026-06-10,4,0.0,73.05,UPI,Delivered,436.07,348.48,1744.28,1393.92,350.36
O103268,C11664,P1094,2025-12-09,2,0.0,128.97,COD,Delivered,1847.54,1150.18,3695.08,2300.36,1394.72
O103269,C11214,P1008,2026-03-28,1,0.15,149.63,UPI,Pending,51750.03,32987.78,43987.53,32987.78,10999.75
O103270,C11443,P1016,2025-11-28,4,0.1,18.46,COD,Delivered,23119.64,19111.02,83230.7,76444.08,6786.62
O103271,C11042,P1011,2026-08-08,1,0.1,147.91,COD,Delivered,18237.69,11700.82,16413.92,11700.82,4713.1
O103272,C10505,P1014,2025-12-28,2,0.05,34.52,COD,Delivered,27485.51,19010.32,52222.47,38020.64,14201.83
O103273,C10681,P1021,2026-03-12,2,0.0,8.24,UPI,Shipped,15455.38,11592.94,30910.76,23185.88,7724.88
O103274,C10590,P1093,2026-01-16,4,0.2,2.35,Net Banking,Pending,1288.82,1004.22,4124.22,4016.88,107.34
O103275,C11008,P1077,2026-02-26,4,0.0,11.37,Credit Card,Shipped,206.69,134.91,826.76,539.64,287.12
O103276,C10359,P1030,2026-06-06,1,0.15,115.64,Credit Card,Delivered,2098.13,1548.88,1783.41,1548.88,234.53
O103277,C11158,P1112,2026-03-01,2,0.05,7.45,Credit Card,Delivered,3747.66,3014.85,7120.55,6029.7,1090.85
O103278,C11761,P1136,2026-03-20,1,0.0,109.09,Debit Card,Delivered,509.62,289.55,509.62,289.55,220.07
O103279,C11441,P1110,2025-09-09,1,0.0,74.83,Net Banking,Delivered,2315.13,1504.12,2315.13,1504.12,811.01
O103280,C10061,P1053,2025-11-17,1,0.0,118.48,UPI,Delivered,922.36,543.78,922.36,543.78,378.58
O103281,C10684,P1051,2026-04-12,3,0.2,7.44,Credit Card,Delivered,3086.44,2233.31,7407.46,6699.93,707.53
O103282,C10321,P1113,2026-06-25,1,0.0,127.04,Debit Card,Cancelled,3031.82,2160.62,3031.82,2160.62,871.2
O103283,C11822,P1101,2026-04-12,1,0.15,88.39,COD,Cancelled,2706.0,1556.11,2300.1,1556.11,743.99
O103284,C10162,P1091,2026-05-02,2,0.0,41.46,Net Banking,Delivered,722.91,529.78,1445.82,1059.56,386.26
O103285,C10493,P1036,2025-11-23,2,0.0,129.02,COD,Delivered,4558.46,3300.66,9116.92,6601.32,2515.6
O103286,C10118,P1069,2025-10-08,2,0.1,16.73,COD,Delivered,717.29,416.98,1291.12,833.96,457.16
O103287,C10206,P1080,2026-07-30,2,0.1,30.61,Debit Card,Delivered,287.38,222.33,517.28,444.66,72.62
O103288,C10052,P1018,2026-01-25,1,0.2,107.95,UPI,Delivered,52552.08,30527.71,42041.66,30527.71,11513.95
O103289,C11206,P1125,2026-07-27,2,0.0,81.58,COD,Delivered,2435.61,1942.11,4871.22,3884.22,987.0
O103290,C10517,P1010,2026-06-27,1,0.05,28.42,UPI,Shipped,9031.61,6794.04,8580.03,6794.04,1785.99
O103291,C10538,P1150,2026-01-15,1,0.1,68.4,Credit Card,Delivered,2574.89,1872.1,2317.4,1872.1,445.3
O103292,C11929,P1142,2026-01-26,2,0.15,66.31,UPI,Cancelled,1618.71,996.37,2751.81,1992.74,759.07
O103293,C11153,P1070,2026-05-22,2,0.0,149.0,Net Banking,Delivered,2608.79,2169.26,5217.58,4338.52,879.06
O103294,C10511,P1017,2026-06-21,2,0.0,135.29,Debit Card,Shipped,68434.16,40506.57,136868.32,81013.14,55855.18
O103295,C10087,P1066,2026-02-28,3,0.15,50.12,Net Banking,Delivered,6204.32,3462.32,15821.02,10386.96,5434.06
O103296,C10078,P1077,2025-09-14,4,0.0,99.66,Net Banking,Cancelled,206.69,134.91,826.76,539.64,287.12
O103297,C11904,P1102,2026-03-11,2,0.0,114.53,Net Banking,Delivered,4370.98,2495.57,8741.96,4991.14,3750.82
O103298,C11010,P1058,2026-02-18,4,0.0,57.41,UPI,Delivered,1139.13,868.45,4556.52,3473.8,1082.72
O103299,C11209,P1113,2026-07-29,4,0.0,116.45,UPI,Shipped,3031.82,2160.62,12127.28,8642.48,3484.8
O103300,C10783,P1143,2026-08-11,2,0.0,16.9,Debit Card,Delivered,2676.13,1712.63,5352.26,3425.26,1927.0
O103301,C11860,P1098,2026-06-13,1,0.15,35.5,UPI,Delivered,298.55,229.91,253.77,229.91,23.86
O103302,C10994,P1074,2026-01-22,1,0.2,100.61,UPI,Delivered,1038.89,634.94,831.11,634.94,196.17
O103303,C11170,P1069,2026-04-08,1,0.2,57.1,Credit Card,Delivered,717.29,416.98,573.83,416.98,156.85
O103304,C10357,P1083,2025-11-29,1,0.05,107.07,COD,Delivered,1658.92,944.21,1575.97,944.21,631.76
O103305,C11510,P1132,2026-05-28,1,0.0,19.13,Net Banking,Delivered,1045.48,772.39,1045.48,772.39,273.09
O103306,C11194,P1146,2026-06-27,4,0.0,149.04,UPI,Pending,1033.25,584.92,4133.0,2339.68,1793.32
O103307,C10914,P1004,2026-04-11,1,0.15,95.76,UPI,Delivered,60509.53,40979.28,51433.1,40979.28,10453.82
O103308,C11866,P1068,2025-09-27,1,0.0,13.78,Credit Card,Returned,8864.37,5516.76,8864.37,5516.76,3347.61
O103309,C11737,P1036,2026-01-02,1,0.1,78.41,UPI,Delivered,4558.46,3300.66,4102.61,3300.66,801.95
O103310,C10105,P1132,2025-09-18,1,0.0,116.63,COD,Shipped,1045.48,772.39,1045.48,772.39,273.09
O103311,C11108,P1044,2025-09-19,4,0.05,50.55,UPI,Delivered,1399.41,917.62,5317.76,3670.48,1647.28
O103312,C10113,P1041,2025-10-13,1,0.0,43.0,UPI,Delivered,1521.85,1173.08,1521.85,1173.08,348.77
O103313,C11353,P1067,2026-03-25,1,0.2,51.82,UPI,Cancelled,6227.25,3828.72,4981.8,3828.72,1153.08
O103314,C11848,P1140,2026-06-04,2,0.05,101.08,UPI,Delivered,436.07,348.48,828.53,696.96,131.57
O103315,C11402,P1147,2025-08-30,3,0.0,31.38,Net Banking,Delivered,834.22,686.19,2502.66,2058.57,444.09
O103316,C11813,P1150,2025-12-09,4,0.2,48.02,COD,Returned,2574.89,1872.1,8239.65,7488.4,751.25
O103317,C11838,P1029,2026-01-03,2,0.1,77.1,UPI,Pending,564.96,451.92,1016.93,903.84,113.09
O103318,C11972,P1006,2026-04-26,1,0.0,21.22,Net Banking,Delivered,18739.53,10820.0,18739.53,10820.0,7919.53
O103319,C11204,P1075,2025-09-01,2,0.15,116.01,Net Banking,Delivered,6257.58,4866.0,10637.89,9732.0,905.89
O103320,C11681,P1019,2026-02-24,1,0.1,136.81,Net Banking,Returned,53480.6,38132.5,48132.54,38132.5,10000.04
O103321,C11832,P1067,2025-12-02,4,0.0,11.48,Debit Card,Delivered,6227.25,3828.72,24909.0,15314.88,9594.12
O103322,C10330,P1031,2026-05-14,1,0.0,91.32,COD,Pending,1495.17,843.81,1495.17,843.81,651.36
O103323,C11810,P1092,2025-10-10,2,0.0,87.44,Net Banking,Delivered,1913.34,1155.43,3826.68,2310.86,1515.82
O103324,C11899,P1060,2025-10-26,1,0.0,50.84,Net Banking,Pending,887.63,507.33,887.63,507.33,380.3
O103325,C11992,P1130,2026-01-15,3,0.1,79.11,Debit Card,Delivered,1664.71,1119.11,4494.72,3357.33,1137.39
O103326,C10024,P1139,2026-01-22,4,0.05,84.45,Credit Card,Delivered,451.27,274.75,1714.83,1099.0,615.83
O103327,C10053,P1067,2026-05-31,1,0.0,50.19,Net Banking,Delivered,6227.25,3828.72,6227.25,3828.72,2398.53
O103328,C10972,P1082,2026-03-28,2,0.1,21.85,COD,Delivered,2274.24,1299.56,4093.63,2599.12,1494.51
O103329,C11698,P1047,2026-01-12,4,0.2,62.59,Credit Card,Delivered,4008.04,3183.54,12825.73,12734.16,91.57
O103330,C10175,P1077,2026-05-30,1,0.0,58.17,Net Banking,Delivered,206.69,134.91,206.69,134.91,71.78
O103331,C11566,P1022,2025-10-21,3,0.15,105.31,Credit Card,Delivered,8340.38,5227.15,21267.97,15681.45,5586.52
O103332,C11024,P1070,2026-04-17,2,0.2,68.44,Credit Card,Delivered,2608.79,2169.26,4174.06,4338.52,-164.46
O103333,C10868,P1144,2026-03-15,2,0.05,95.71,Net Banking,Delivered,2601.04,1801.4,4941.98,3602.8,1339.18
O103334,C11488,P1101,2026-01-29,1,0.05,116.5,Net Banking,Pending,2706.0,1556.11,2570.7,1556.11,1014.59
O103335,C11373,P1123,2026-02-11,1,0.05,44.47,UPI,Delivered,877.39,667.5,833.52,667.5,166.02
O103336,C11206,P1091,2025-11-07,1,0.2,76.06,Credit Card,Delivered,722.91,529.78,578.33,529.78,48.55
O103337,C10530,P1023,2026-06-20,1,0.2,67.77,Net Banking,Delivered,54514.7,32908.14,43611.76,32908.14,10703.62
O103338,C10727,P1110,2026-01-15,1,0.2,144.35,UPI,Delivered,2315.13,1504.12,1852.1,1504.12,347.98
O103339,C11131,P1064,2025-10-05,3,0.0,29.85,Credit Card,Delivered,4942.18,3929.49,14826.54,11788.47,3038.07
O103340,C11381,P1142,2026-06-25,1,0.0,89.41,Net Banking,Delivered,1618.71,996.37,1618.71,996.37,622.34
O103341,C11481,P1097,2026-01-18,2,0.1,111.94,Debit Card,Delivered,371.34,245.76,668.41,491.52,176.89
O103342,C11907,P1118,2025-11-03,1,0.0,39.45,Net Banking,Shipped,4978.89,3068.71,4978.89,3068.71,1910.18
O103343,C11649,P1102,2025-10-29,1,0.05,109.81,Credit Card,Delivered,4370.98,2495.57,4152.43,2495.57,1656.86
O103344,C10093,P1108,2026-06-26,4,0.05,122.96,Debit Card,Cancelled,2697.81,2207.0,10251.68,8828.0,1423.68
O103345,C10771,P1099,2025-12-09,3,0.2,117.22,Net Banking,Delivered,482.66,272.31,1158.38,816.93,341.45
O103346,C10543,P1110,2026-01-10,3,0.0,75.48,UPI,Delivered,2315.13,1504.12,6945.39,4512.36,2433.03
O103347,C11048,P1080,2025-09-05,1,0.15,78.05,Credit Card,Delivered,287.38,222.33,244.27,222.33,21.94
O103348,C10024,P1040,2026-01-24,2,0.0,69.39,Net Banking,Delivered,3344.13,2454.65,6688.26,4909.3,1778.96
O103349,C10791,P1037,2026-06-02,2,0.0,8.15,Credit Card,Pending,1816.37,1116.6,3632.74,2233.2,1399.54
O103350,C10729,P1149,2026-04-02,4,0.0,52.7,Credit Card,Cancelled,1265.06,835.13,5060.24,3340.52,1719.72
O103351,C10833,P1071,2026-05-15,3,0.15,46.44,Net Banking,Delivered,5179.24,2939.06,13207.06,8817.18,4389.88
O103352,C10001,P1129,2026-07-05,2,0.15,86.61,Net Banking,Pending,3364.24,2034.28,5719.21,4068.56,1650.65
O103353,C11595,P1057,2026-03-03,4,0.0,82.18,Debit Card,Delivered,4847.14,3432.05,19388.56,13728.2,5660.36
O103354,C11091,P1129,2025-09-24,2,0.1,46.15,Credit Card,Delivered,3364.24,2034.28,6055.63,4068.56,1987.07
O103355,C11803,P1112,2026-01-20,1,0.15,68.04,Credit Card,Pending,3747.66,3014.85,3185.51,3014.85,170.66
O103356,C10810,P1123,2025-09-09,4,0.1,105.03,Credit Card,Pending,877.39,667.5,3158.6,2670.0,488.6
O103357,C11542,P1135,2025-10-02,1,0.05,56.57,COD,Delivered,311.53,199.73,295.95,199.73,96.22
O103358,C10140,P1109,2026-07-01,1,0.2,17.72,UPI,Delivered,4331.81,3435.6,3465.45,3435.6,29.85
O103359,C10130,P1023,2025-11-11,3,0.2,123.4,Debit Card,Delivered,54514.7,32908.14,130835.28,98724.42,32110.86
O103360,C11700,P1029,2026-07-19,1,0.15,54.2,Net Banking,Returned,564.96,451.92,480.22,451.92,28.3
O103361,C11485,P1064,2025-10-30,2,0.0,63.67,Debit Card,Delivered,4942.18,3929.49,9884.36,7858.98,2025.38
O103362,C11229,P1042,2026-03-21,3,0.2,43.57,Credit Card,Delivered,1907.35,1363.61,4577.64,4090.83,486.81
O103363,C10222,P1060,2026-06-22,1,0.0,43.35,Credit Card,Delivered,887.63,507.33,887.63,507.33,380.3
O103364,C10835,P1001,2026-07-17,1,0.0,46.5,Debit Card,Delivered,38372.92,26874.96,38372.92,26874.96,11497.96
O103365,C10510,P1012,2026-04-06,3,0.0,17.17,Debit Card,Delivered,25370.06,18838.89,76110.18,56516.67,19593.51
O103366,C11047,P1025,2026-07-01,3,0.1,85.09,COD,Delivered,29530.29,19324.99,79731.78,57974.97,21756.81
O103367,C11700,P1006,2026-01-20,2,0.15,143.92,Credit Card,Delivered,18739.53,10820.0,31857.2,21640.0,10217.2
O103368,C11959,P1072,2026-04-23,1,0.0,44.97,Debit Card,Delivered,2376.29,1589.59,2376.29,1589.59,786.7
O103369,C10537,P1032,2025-11-06,2,0.15,71.06,Net Banking,Delivered,1643.06,925.34,2793.2,1850.68,942.52
O103370,C10652,P1009,2026-01-25,2,0.0,22.24,Credit Card,Delivered,33080.16,21064.69,66160.32,42129.38,24030.94
O103371,C10561,P1008,2025-10-20,4,0.05,88.52,Net Banking,Delivered,51750.03,32987.78,196650.11,131951.12,64698.99
O103372,C11731,P1017,2025-09-14,1,0.15,1.78,COD,Shipped,68434.16,40506.57,58169.04,40506.57,17662.47
O103373,C10992,P1017,2026-04-04,1,0.15,76.02,Net Banking,Delivered,68434.16,40506.57,58169.04,40506.57,17662.47
O103374,C10530,P1138,2026-01-06,2,0.0,97.35,Net Banking,Shipped,1859.8,1352.45,3719.6,2704.9,1014.7
O103375,C11292,P1011,2026-02-15,1,0.05,0.24,Net Banking,Delivered,18237.69,11700.82,17325.81,11700.82,5624.99
O103376,C11859,P1001,2025-08-30,2,0.0,54.25,COD,Delivered,38372.92,26874.96,76745.84,53749.92,22995.92
O103377,C11129,P1038,2025-08-30,4,0.15,79.51,UPI,Delivered,3530.81,2400.64,12004.75,9602.56,2402.19
O103378,C10907,P1070,2025-09-06,4,0.1,104.89,COD,Delivered,2608.79,2169.26,9391.64,8677.04,714.6
O103379,C10215,P1058,2026-01-24,2,0.0,94.78,Debit Card,Delivered,1139.13,868.45,2278.26,1736.9,541.36
O103380,C11883,P1101,2025-08-23,2,0.0,115.93,COD,Pending,2706.0,1556.11,5412.0,3112.22,2299.78
O103381,C11119,P1109,2025-10-15,1,0.05,93.82,Net Banking,Delivered,4331.81,3435.6,4115.22,3435.6,679.62
O103382,C11265,P1064,2026-05-10,4,0.1,26.39,Net Banking,Delivered,4942.18,3929.49,17791.85,15717.96,2073.89
O103383,C11267,P1141,2025-09-10,2,0.2,73.41,COD,Delivered,913.93,756.89,1462.29,1513.78,-51.49
O103384,C11038,P1098,2026-05-17,1,0.0,24.98,Net Banking,Delivered,298.55,229.91,298.55,229.91,68.64
O103385,C11828,P1024,2026-02-13,1,0.05,61.41,Debit Card,Delivered,18028.57,13625.43,17127.14,13625.43,3501.71
O103386,C10535,P1081,2026-05-27,3,0.1,111.01,UPI,Delivered,2172.75,1311.33,5866.43,3933.99,1932.44
O103387,C11257,P1035,2026-03-10,2,0.0,91.62,Net Banking,Delivered,3107.6,2368.57,6215.2,4737.14,1478.06
O103388,C10120,P1123,2026-04-24,1,0.05,29.67,Debit Card,Delivered,877.39,667.5,833.52,667.5,166.02
O103389,C11903,P1098,2026-06-05,3,0.05,69.97,UPI,Delivered,298.55,229.91,850.87,689.73,161.14
O103390,C10145,P1122,2026-08-08,4,0.2,149.7,UPI,Delivered,588.59,431.08,1883.49,1724.32,159.17
O103391,C11492,P1016,2025-08-22,2,0.2,96.57,Credit Card,Cancelled,23119.64,19111.02,36991.42,38222.04,-1230.62
O103392,C11102,P1143,2026-05-13,1,0.0,7.06,COD,Delivered,2676.13,1712.63,2676.13,1712.63,963.5
O103393,C10644,P1064,2026-08-08,2,0.0,48.77,COD,Pending,4942.18,3929.49,9884.36,7858.98,2025.38
O103394,C11327,P1033,2026-06-05,1,0.15,98.22,UPI,Delivered,4333.28,2734.68,3683.29,2734.68,948.61
O103395,C10533,P1084,2025-09-16,2,0.1,70.51,Debit Card,Delivered,771.46,641.72,1388.63,1283.44,105.19
O103396,C10777,P1125,2025-12-03,2,0.0,36.99,UPI,Delivered,2435.61,1942.11,4871.22,3884.22,987.0
O103397,C11217,P1147,2026-04-07,1,0.0,31.58,Debit Card,Shipped,834.22,686.19,834.22,686.19,148.03
O103398,C10612,P1136,2025-10-06,4,0.1,66.18,Net Banking,Delivered,509.62,289.55,1834.63,1158.2,676.43
O103399,C10097,P1076,2026-02-12,1,0.1,78.77,COD,Pending,625.33,474.81,562.8,474.81,87.99
O103400,C11398,P1071,2026-07-02,4,0.2,95.24,Net Banking,Delivered,5179.24,2939.06,16573.57,11756.24,4817.33
O103401,C10884,P1128,2026-05-31,1,0.1,128.62,COD,Delivered,1654.17,1108.55,1488.75,1108.55,380.2
O103402,C11617,P1112,2026-07-21,4,0.1,80.22,Debit Card,Delivered,3747.66,3014.85,13491.58,12059.4,1432.18
O103403,C11680,P1080,2026-01-17,2,0.05,115.38,Debit Card,Delivered,287.38,222.33,546.02,444.66,101.36
O103404,C10746,P1126,2026-02-13,1,0.05,26.4,COD,Delivered,1404.7,995.08,1334.47,995.08,339.39
O103405,C11828,P1008,2026-01-02,1,0.15,37.72,Net Banking,Delivered,51750.03,32987.78,43987.53,32987.78,10999.75
O103406,C11952,P1079,2025-10-06,1,0.0,133.86,Debit Card,Pending,926.66,604.47,926.66,604.47,322.19
O103407,C10394,P1130,2025-10-29,1,0.05,33.45,Net Banking,Delivered,1664.71,1119.11,1581.47,1119.11,462.36
O103408,C10268,P1063,2025-12-15,1,0.05,92.56,Debit Card,Delivered,6336.48,4060.59,6019.66,4060.59,1959.07
O103409,C10829,P1098,2026-06-09,2,0.05,149.31,Credit Card,Cancelled,298.55,229.91,567.25,459.82,107.43
O103410,C10378,P1108,2026-08-04,1,0.15,120.79,Debit Card,Delivered,2697.81,2207.0,2293.14,2207.0,86.14
O103411,C10111,P1028,2026-05-22,1,0.15,52.72,COD,Delivered,5009.89,3386.66,4258.41,3386.66,871.75
O103412,C11237,P1089,2026-03-21,3,0.15,25.77,Credit Card,Returned,1514.99,1072.27,3863.22,3216.81,646.41
O103413,C10019,P1109,2026-07-03,1,0.2,91.34,Credit Card,Cancelled,4331.81,3435.6,3465.45,3435.6,29.85
O103414,C10243,P1045,2025-09-04,2,0.1,0.5,Credit Card,Delivered,1149.36,712.41,2068.85,1424.82,644.03
O103415,C11973,P1116,2026-04-04,2,0.05,118.86,COD,Pending,1503.58,846.7,2856.8,1693.4,1163.4
O103416,C10980,P1122,2026-01-05,1,0.0,7.28,Debit Card,Delivered,588.59,431.08,588.59,431.08,157.51
O103417,C11565,P1081,2026-05-07,2,0.05,124.66,Net Banking,Delivered,2172.75,1311.33,4128.23,2622.66,1505.57
O103418,C10057,P1027,2026-03-25,2,0.1,142.41,UPI,Delivered,5526.19,3231.39,9947.14,6462.78,3484.36
O103419,C11453,P1026,2026-05-26,1,0.2,146.65,UPI,Delivered,5590.52,3241.08,4472.42,3241.08,1231.34
O103420,C11992,P1129,2026-01-13,3,0.0,119.39,Debit Card,Delivered,3364.24,2034.28,10092.72,6102.84,3989.88
O103421,C11059,P1100,2025-10-05,1,0.0,23.01,UPI,Delivered,664.62,470.32,664.62,470.32,194.3
O103422,C11853,P1138,2026-02-15,1,0.1,119.73,UPI,Delivered,1859.8,1352.45,1673.82,1352.45,321.37
O103423,C11206,P1133,2026-08-14,1,0.1,51.39,COD,Delivered,3423.67,2098.85,3081.3,2098.85,982.45
O103424,C11013,P1144,2025-10-19,2,0.0,57.48,Credit Card,Delivered,2601.04,1801.4,5202.08,3602.8,1599.28
O103425,C10163,P1045,2026-06-15,4,0.05,63.49,Net Banking,Delivered,1149.36,712.41,4367.57,2849.64,1517.93
O103426,C11929,P1092,2025-09-27,1,0.05,42.05,COD,Returned,1913.34,1155.43,1817.67,1155.43,662.24
O103427,C11838,P1004,2026-08-18,1,0.05,92.68,Debit Card,Delivered,60509.53,40979.28,57484.05,40979.28,16504.77
O103428,C11472,P1105,2026-05-09,4,0.15,60.76,Debit Card,Cancelled,5921.43,3427.44,20132.86,13709.76,6423.1
O103429,C11308,P1109,2025-08-21,2,0.0,127.7,UPI,Delivered,4331.81,3435.6,8663.62,6871.2,1792.42
O103430,C10228,P1043,2026-07-14,1,0.2,40.35,UPI,Delivered,2304.37,1753.37,1843.5,1753.37,90.13
O103431,C10515,P1059,2025-12-27,4,0.15,119.22,COD,Delivered,2473.66,1991.45,8410.44,7965.8,444.64
O103432,C10881,P1089,2026-06-15,2,0.1,147.49,Net Banking,Shipped,1514.99,1072.27,2726.98,2144.54,582.44
O103433,C11775,P1137,2026-03-19,2,0.1,104.82,UPI,Delivered,3020.08,1976.97,5436.14,3953.94,1482.2
O103434,C10718,P1044,2026-05-19,4,0.15,112.72,Debit Card,Pending,1399.41,917.62,4757.99,3670.48,1087.51
O103435,C11942,P1132,2026-07-10,1,0.2,58.84,Credit Card,Delivered,1045.48,772.39,836.38,772.39,63.99
O103436,C10253,P1143,2025-12-26,2,0.15,107.44,Credit Card,Delivered,2676.13,1712.63,4549.42,3425.26,1124.16
O103437,C11800,P1065,2025-09-18,3,0.0,89.41,Debit Card,Shipped,1517.88,1218.22,4553.64,3654.66,898.98
O103438,C11946,P1069,2026-06-05,2,0.0,95.32,UPI,Delivered,717.29,416.98,1434.58,833.96,600.62
O103439,C11935,P1110,2026-06-23,4,0.0,134.34,Debit Card,Delivered,2315.13,1504.12,9260.52,6016.48,3244.04
O103440,C10753,P1074,2026-04-13,4,0.2,53.88,COD,Delivered,1038.89,634.94,3324.45,2539.76,784.69
O103441,C10299,P1051,2026-05-25,3,0.0,68.25,UPI,Delivered,3086.44,2233.31,9259.32,6699.93,2559.39
O103442,C11935,P1050,2026-03-06,1,0.0,36.89,Credit Card,Returned,802.78,481.82,802.78,481.82,320.96
O103443,C10917,P1074,2025-12-08,1,0.0,21.31,Net Banking,Delivered,1038.89,634.94,1038.89,634.94,403.95
O103444,C11509,P1126,2026-04-09,3,0.05,78.5,Net Banking,Shipped,1404.7,995.08,4003.4,2985.24,1018.16
O103445,C10174,P1116,2026-02-22,2,0.15,66.48,COD,Returned,1503.58,846.7,2556.09,1693.4,862.69
O103446,C10816,P1053,2026-06-29,1,0.0,148.83,Credit Card,Delivered,922.36,543.78,922.36,543.78,378.58
O103447,C11322,P1043,2025-11-24,3,0.15,113.45,COD,Delivered,2304.37,1753.37,5876.14,5260.11,616.03
O103448,C10393,P1143,2026-04-19,1,0.0,114.89,Net Banking,Delivered,2676.13,1712.63,2676.13,1712.63,963.5
O103449,C10348,P1019,2026-01-26,1,0.0,26.7,COD,Delivered,53480.6,38132.5,53480.6,38132.5,15348.1
O103450,C10026,P1139,2026-02-15,1,0.15,36.89,UPI,Shipped,451.27,274.75,383.58,274.75,108.83
O103451,C10138,P1100,2026-02-17,1,0.0,108.09,Credit Card,Cancelled,664.62,470.32,664.62,470.32,194.3
O103452,C10523,P1085,2025-09-29,4,0.0,77.74,Credit Card,Delivered,229.52,181.34,918.08,725.36,192.72
O103453,C11247,P1059,2025-11-01,1,0.15,33.97,Debit Card,Delivered,2473.66,1991.45,2102.61,1991.45,111.16
O103454,C11031,P1038,2026-05-31,2,0.2,48.2,Debit Card,Delivered,3530.81,2400.64,5649.3,4801.28,848.02
O103455,C10470,P1085,2025-09-19,1,0.2,11.09,Credit Card,Returned,229.52,181.34,183.62,181.34,2.28
O103456,C10025,P1010,2025-11-16,4,0.05,37.54,UPI,Delivered,9031.61,6794.04,34320.12,27176.16,7143.96
O103457,C11465,P1102,2026-04-12,4,0.1,35.01,COD,Delivered,4370.98,2495.57,15735.53,9982.28,5753.25
O103458,C10587,P1132,2026-02-26,2,0.05,29.4,UPI,Cancelled,1045.48,772.39,1986.41,1544.78,441.63
O103459,C10708,P1045,2026-01-26,1,0.05,16.25,Debit Card,Delivered,1149.36,712.41,1091.89,712.41,379.48
O103460,C11878,P1093,2025-12-09,2,0.0,140.71,Debit Card,Delivered,1288.82,1004.22,2577.64,2008.44,569.2
O103461,C10110,P1137,2026-07-20,2,0.15,38.53,Credit Card,Shipped,3020.08,1976.97,5134.14,3953.94,1180.2
O103462,C11801,P1093,2026-07-24,2,0.15,54.34,UPI,Delivered,1288.82,1004.22,2190.99,2008.44,182.55
O103463,C11269,P1056,2025-10-21,1,0.0,8.95,COD,Delivered,1431.57,1192.48,1431.57,1192.48,239.09
O103464,C11132,P1028,2026-06-11,4,0.0,122.9,UPI,Delivered,5009.89,3386.66,20039.56,13546.64,6492.92
O103465,C11334,P1083,2026-01-05,2,0.2,53.05,Credit Card,Delivered,1658.92,944.21,2654.27,1888.42,765.85
O103466,C10253,P1038,2026-02-26,4,0.0,148.65,Net Banking,Delivered,3530.81,2400.64,14123.24,9602.56,4520.68
O103467,C11029,P1132,2026-02-14,1,0.0,35.39,Debit Card,Cancelled,1045.48,772.39,1045.48,772.39,273.09
O103468,C11506,P1099,2025-11-22,1,0.2,114.55,Net Banking,Delivered,482.66,272.31,386.13,272.31,113.82
O103469,C10872,P1136,2025-09-18,2,0.1,7.92,Net Banking,Shipped,509.62,289.55,917.32,579.1,338.22
O103470,C11813,P1016,2026-08-05,3,0.2,9.06,Debit Card,Pending,23119.64,19111.02,55487.14,57333.06,-1845.92
O103471,C10645,P1124,2026-02-20,1,0.05,149.85,Net Banking,Delivered,4401.73,2791.05,4181.64,2791.05,1390.59
O103473,C10921,P1036,2026-07-28,1,0.2,67.43,Debit Card,Delivered,4558.46,3300.66,3646.77,3300.66,346.11
O103474,C10075,P1023,2025-11-30,2,0.0,3.2,Net Banking,Delivered,54514.7,32908.14,109029.4,65816.28,43213.12
O103475,C11974,P1098,2026-04-21,2,0.05,135.65,Debit Card,Delivered,298.55,229.91,567.25,459.82,107.43
O103476,C10271,P1053,2026-04-02,1,0.05,51.71,Net Banking,Delivered,922.36,543.78,876.24,543.78,332.46
O103477,C11214,P1116,2026-08-12,2,0.1,93.83,Credit Card,Delivered,1503.58,846.7,2706.44,1693.4,1013.04
O103478,C10488,P1146,2025-10-31,1,0.15,23.02,UPI,Delivered,1033.25,584.92,878.26,584.92,293.34
O103479,C10231,P1141,2025-12-23,1,0.15,75.83,COD,Delivered,913.93,756.89,776.84,756.89,19.95
O103480,C11885,P1041,2026-07-04,1,0.05,108.36,Net Banking,Delivered,1521.85,1173.08,1445.76,1173.08,272.68
O103481,C10354,P1133,2026-08-10,2,0.0,120.59,Net Banking,Returned,3423.67,2098.85,6847.34,4197.7,2649.64
O103482,C11458,P1148,2025-09-15,2,0.2,7.99,Net Banking,Returned,884.97,623.21,1415.95,1246.42,169.53
O103483,C10344,P1038,2026-04-09,1,0.0,90.67,UPI,Delivered,3530.81,2400.64,3530.81,2400.64,1130.17
O103484,C10240,P1004,2026-05-04,3,0.0,80.89,Credit Card,Delivered,60509.53,40979.28,181528.59,122937.84,58590.75
O103485,C11821,P1001,2026-03-21,2,0.0,21.03,UPI,Delivered,38372.92,26874.96,76745.84,53749.92,22995.92
O103486,C11070,P1099,2026-02-21,1,0.0,65.83,COD,Delivered,482.66,272.31,482.66,272.31,210.35
O103487,C10235,P1012,2026-07-30,4,0.15,53.73,UPI,Delivered,25370.06,18838.89,86258.2,75355.56,10902.64
O103488,C11294,P1143,2026-03-13,3,0.2,58.29,COD,Delivered,2676.13,1712.63,6422.71,5137.89,1284.82
O103489,C10250,P1003,2026-02-15,2,0.0,110.61,Net Banking,Delivered,31454.08,19066.44,62908.16,38132.88,24775.28
O103490,C10606,P1049,2025-10-02,1,0.1,119.14,Debit Card,Delivered,4665.92,2735.27,4199.33,2735.27,1464.06
O103491,C10191,P1074,2025-10-02,1,0.0,25.25,UPI,Returned,1038.89,634.94,1038.89,634.94,403.95
O103492,C10482,P1142,2026-01-27,2,0.2,12.91,Debit Card,Returned,1618.71,996.37,2589.94,1992.74,597.2
O103493,C11331,P1063,2026-08-04,2,0.2,23.66,UPI,Delivered,6336.48,4060.59,10138.37,8121.18,2017.19
O103494,C11547,P1013,2026-05-06,2,0.0,6.47,COD,Delivered,52895.62,37136.59,105791.24,74273.18,31518.06
O103495,C11604,P1141,2025-08-27,2,0.2,64.48,Credit Card,Delivered,913.93,756.89,1462.29,1513.78,-51.49
O103496,C10634,P1105,2026-08-20,1,0.2,18.93,Net Banking,Delivered,5921.43,3427.44,4737.14,3427.44,1309.7
O103497,C11386,P1026,2026-02-23,1,0.05,131.5,UPI,Delivered,5590.52,3241.08,5310.99,3241.08,2069.91
O103498,C11502,P1005,2026-07-17,1,0.0,101.79,COD,Cancelled,47571.0,27164.82,47571.0,27164.82,20406.18
O103499,C10828,P1047,2026-07-01,4,0.0,94.27,UPI,Delivered,4008.04,3183.54,16032.16,12734.16,3298.0
O103500,C11671,P1072,2026-05-28,2,0.0,10.95,Debit Card,Pending,2376.29,1589.59,4752.58,3179.18,1573.4
O103501,C11205,P1098,2026-05-07,2,0.0,35.71,COD,Cancelled,298.55,229.91,597.1,459.82,137.28
O103502,C10679,P1006,2026-02-20,2,0.0,58.81,UPI,Delivered,18739.53,10820.0,37479.06,21640.0,15839.06
O103503,C11992,P1100,2025-12-27,2,0.0,58.09,COD,Delivered,664.62,470.32,1329.24,940.64,388.6
O103504,C10152,P1004,2026-01-10,2,0.0,129.84,COD,Returned,60509.53,40979.28,121019.06,81958.56,39060.5
O103505,C10613,P1023,2026-02-06,2,0.15,63.58,UPI,Delivered,54514.7,32908.14,92674.99,65816.28,26858.71
O103506,C11827,P1058,2025-10-13,4,0.0,90.09,Debit Card,Delivered,1139.13,868.45,4556.52,3473.8,1082.72
O103507,C10916,P1139,2025-10-29,2,0.2,104.69,Debit Card,Delivered,451.27,274.75,722.03,549.5,172.53
O103508,C11258,P1069,2026-04-14,1,0.0,45.74,Net Banking,Delivered,717.29,416.98,717.29,416.98,300.31
O103509,C11071,P1004,2025-08-22,1,0.15,64.41,Debit Card,Shipped,60509.53,40979.28,51433.1,40979.28,10453.82
O103510,C11557,P1050,2026-02-03,2,0.15,25.07,COD,Delivered,802.78,481.82,1364.73,963.64,401.09
O103511,C10415,P1076,2026-08-07,2,0.2,57.29,Net Banking,Delivered,625.33,474.81,1000.53,949.62,50.91
O103512,C11095,P1146,2025-12-11,1,0.15,10.73,Net Banking,Delivered,1033.25,584.92,878.26,584.92,293.34
O103513,C10327,P1100,2026-03-24,1,0.1,107.36,Net Banking,Delivered,664.62,470.32,598.16,470.32,127.84
O103514,C10032,P1136,2026-01-11,1,0.0,142.11,Credit Card,Delivered,509.62,289.55,509.62,289.55,220.07
O103515,C11143,P1143,2026-01-30,4,0.0,44.96,Net Banking,Returned,2676.13,1712.63,10704.52,6850.52,3854.0
O103516,C11159,P1031,2026-06-16,1,0.1,12.47,COD,Delivered,1495.17,843.81,1345.65,843.81,501.84
O103517,C11397,P1125,2026-04-12,4,0.0,26.47,Net Banking,Delivered,2435.61,1942.11,9742.44,7768.44,1974.0
O103518,C10063,P1095,2026-02-25,2,0.0,120.11,Net Banking,Delivered,561.33,353.29,1122.66,706.58,416.08
O103519,C10744,P1117,2025-11-03,4,0.0,72.05,UPI,Delivered,4152.01,2619.57,16608.04,10478.28,6129.76
O103520,C11837,P1097,2026-02-27,1,0.15,123.93,UPI,Delivered,371.34,245.76,315.64,245.76,69.88
O103521,C10485,P1033,2026-04-30,3,0.0,96.29,UPI,Pending,4333.28,2734.68,12999.84,8204.04,4795.8
O103522,C10272,P1111,2026-01-08,4,0.2,22.76,Debit Card,Delivered,583.37,467.6,1866.78,1870.4,-3.62
O103523,C11974,P1134,2026-08-02,1,0.1,61.33,Net Banking,Delivered,299.83,242.36,269.85,242.36,27.49
O103524,C11788,P1048,2025-09-10,3,0.15,29.55,COD,Delivered,714.29,437.46,1821.44,1312.38,509.06
O103525,C10162,P1142,2025-11-02,2,0.05,134.65,UPI,Shipped,1618.71,996.37,3075.55,1992.74,1082.81
O103526,C11838,P1147,2025-09-03,1,0.15,78.66,Debit Card,Returned,834.22,686.19,709.09,686.19,22.9
O103527,C11927,P1019,2026-04-12,2,0.1,126.78,COD,Delivered,53480.6,38132.5,96265.08,76265.0,20000.08
O103528,C11046,P1081,2025-09-28,1,0.15,18.0,UPI,Delivered,2172.75,1311.33,1846.84,1311.33,535.51
O103529,C10936,P1075,2025-10-04,4,0.0,94.28,UPI,Delivered,6257.58,4866.0,25030.32,19464.0,5566.32
O103531,C10379,P1020,2025-11-13,1,0.05,69.94,UPI,Delivered,40470.11,25854.79,38446.6,25854.79,12591.81
O103532,C11633,P1142,2025-09-19,3,0.2,41.48,Credit Card,Delivered,1618.71,996.37,3884.9,2989.11,895.79
O103533,C11247,P1104,2025-12-19,2,0.0,126.32,Credit Card,Delivered,3475.03,2469.25,6950.06,4938.5,2011.56
O103534,C10363,P1042,2026-02-26,1,0.0,83.24,Credit Card,Delivered,1907.35,1363.61,1907.35,1363.61,543.74
O103535,C10978,P1086,2025-10-27,4,0.2,65.91,Net Banking,Delivered,316.01,223.96,1011.23,895.84,115.39
O103536,C10921,P1014,2025-12-20,1,0.2,49.87,Debit Card,Shipped,27485.51,19010.32,21988.41,19010.32,2978.09
O103537,C10751,P1069,2026-03-09,1,0.0,121.43,Credit Card,Delivered,717.29,416.98,717.29,416.98,300.31
O103538,C11134,P1089,2025-12-10,2,0.2,94.66,Debit Card,Delivered,1514.99,1072.27,2423.98,2144.54,279.44
O103539,C11707,P1012,2026-03-14,2,0.2,1.87,Debit Card,Delivered,25370.06,18838.89,40592.1,37677.78,2914.32
O103540,C11036,P1033,2026-01-10,2,0.0,22.12,UPI,Cancelled,4333.28,2734.68,8666.56,5469.36,3197.2
O103541,C10290,P1033,2025-11-30,1,0.05,20.45,Debit Card,Delivered,4333.28,2734.68,4116.62,2734.68,1381.94
O103542,C10001,P1148,2026-04-17,2,0.0,57.39,UPI,Returned,884.97,623.21,1769.94,1246.42,523.52
O103543,C10102,P1017,2026-01-18,1,0.0,21.92,COD,Delivered,68434.16,40506.57,68434.16,40506.57,27927.59
O103544,C11443,P1088,2025-10-13,2,0.0,80.53,COD,Delivered,1116.94,867.28,2233.88,1734.56,499.32
O103545,C10109,P1118,2026-04-09,3,0.05,112.71,Credit Card,Delivered,4978.89,3068.71,14189.84,9206.13,4983.71
O103546,C10279,P1072,2026-06-29,1,0.1,136.14,COD,Pending,2376.29,1589.59,2138.66,1589.59,549.07
O103547,C11031,P1042,2025-11-28,2,0.0,61.74,Net Banking,Delivered,1907.35,1363.61,3814.7,2727.22,1087.48
O103548,C11818,P1072,2026-04-09,1,0.0,49.76,UPI,Delivered,2376.29,1589.59,2376.29,1589.59,786.7
O103549,C10995,P1134,2026-01-09,1,0.15,8.31,Net Banking,Delivered,299.83,242.36,254.86,242.36,12.5
O103550,C11411,P1068,2026-06-08,1,0.1,129.67,COD,Delivered,8864.37,5516.76,7977.93,5516.76,2461.17
O103551,C10280,P1108,2026-01-16,2,0.0,64.26,UPI,Delivered,2697.81,2207.0,5395.62,4414.0,981.62
O103552,C11913,P1139,2025-09-15,2,0.0,147.83,Debit Card,Delivered,451.27,274.75,902.54,549.5,353.04
O103553,C10135,P1016,2026-06-15,2,0.0,77.37,Debit Card,Pending,23119.64,19111.02,46239.28,38222.04,8017.24
O103554,C11314,P1016,2026-05-12,1,0.1,108.39,UPI,Delivered,23119.64,19111.02,20807.68,19111.02,1696.66
O103555,C10762,P1001,2026-03-29,1,0.05,1.95,Net Banking,Delivered,38372.92,26874.96,36454.27,26874.96,9579.31
O103556,C10950,P1028,2025-11-10,3,0.05,131.37,UPI,Delivered,5009.89,3386.66,14278.19,10159.98,4118.21
O103557,C10876,P1021,2026-04-14,2,0.0,138.89,UPI,Shipped,15455.38,11592.94,30910.76,23185.88,7724.88
O103558,C10466,P1113,2026-02-20,2,0.0,11.19,UPI,Cancelled,3031.82,2160.62,6063.64,4321.24,1742.4
O103559,C10279,P1052,2025-12-13,4,0.15,102.45,UPI,Delivered,2039.08,1134.33,6932.87,4537.32,2395.55
O103560,C10146,P1111,2026-07-17,2,0.0,145.46,Net Banking,Delivered,583.37,467.6,1166.74,935.2,231.54
O103561,C10031,P1002,2025-09-30,3,0.05,33.44,COD,Delivered,64458.4,38857.64,183706.44,116572.92,67133.52
O103562,C11435,P1023,2026-04-24,1,0.05,123.39,Net Banking,Delivered,54514.7,32908.14,51788.97,32908.14,18880.83
O103563,C10640,P1144,2025-11-29,4,0.0,78.42,Debit Card,Delivered,2601.04,1801.4,10404.16,7205.6,3198.56
O103564,C10465,P1037,2026-03-14,2,0.1,79.24,Net Banking,Delivered,1816.37,1116.6,3269.47,2233.2,1036.27
O103565,C10847,P1143,2026-04-16,1,0.05,18.91,Net Banking,Delivered,2676.13,1712.63,2542.32,1712.63,829.69
O103566,C11757,P1106,2025-09-21,4,0.15,3.7,Debit Card,Delivered,3820.64,2143.04,12990.18,8572.16,4418.02
O103567,C10527,P1072,2025-11-08,1,0.0,105.6,COD,Shipped,2376.29,1589.59,2376.29,1589.59,786.7
O103568,C10847,P1023,2026-07-18,3,0.0,46.81,Net Banking,Shipped,54514.7,32908.14,163544.1,98724.42,64819.68
O103569,C11055,P1037,2026-04-30,3,0.1,70.32,COD,Delivered,1816.37,1116.6,4904.2,3349.8,1554.4
O103570,C10637,P1138,2026-01-20,2,0.05,30.32,UPI,Delivered,1859.8,1352.45,3533.62,2704.9,828.72
O103571,C11579,P1019,2026-01-09,3,0.2,76.09,UPI,Delivered,53480.6,38132.5,128353.44,114397.5,13955.94
O103572,C10093,P1040,2025-09-27,2,0.0,6.98,Debit Card,Shipped,3344.13,2454.65,6688.26,4909.3,1778.96
O103573,C11360,P1104,2025-09-09,1,0.15,26.42,Credit Card,Delivered,3475.03,2469.25,2953.78,2469.25,484.53
O103574,C10141,P1120,2026-07-05,4,0.0,20.71,Debit Card,Delivered,3318.56,2380.1,13274.24,9520.4,3753.84
O103575,C11806,P1093,2025-12-28,3,0.0,141.55,COD,Delivered,1288.82,1004.22,3866.46,3012.66,853.8
O103576,C11565,P1062,2026-01-31,2,0.1,79.71,Debit Card,Cancelled,6951.68,5407.58,12513.02,10815.16,1697.86
O103577,C10311,P1108,2026-07-10,2,0.15,142.6,Net Banking,Delivered,2697.81,2207.0,4586.28,4414.0,172.28
O103578,C11766,P1070,2025-09-04,2,0.2,41.42,Net Banking,Delivered,2608.79,2169.26,4174.06,4338.52,-164.46
O103579,C11527,P1110,2026-03-30,2,0.0,82.12,COD,Delivered,2315.13,1504.12,4630.26,3008.24,1622.02
O103580,C11123,P1057,2025-11-02,1,0.15,140.97,Debit Card,Returned,4847.14,3432.05,4120.07,3432.05,688.02
O103581,C11907,P1139,2026-04-25,1,0.0,107.46,Net Banking,Delivered,451.27,274.75,451.27,274.75,176.52
O103582,C10622,P1046,2026-05-01,2,0.0,94.35,Debit Card,Shipped,4835.09,3320.63,9670.18,6641.26,3028.92
O103583,C10784,P1077,2025-10-19,2,0.0,149.99,COD,Returned,206.69,134.91,413.38,269.82,143.56
O103584,C11107,P1013,2026-05-27,4,0.0,30.35,Debit Card,Delivered,52895.62,37136.59,211582.48,148546.36,63036.12
O103585,C10913,P1114,2026-02-01,1,0.05,68.14,Debit Card,Delivered,1562.14,1189.51,1484.03,1189.51,294.52
O103586,C10806,P1093,2025-10-16,4,0.2,67.31,COD,Delivered,1288.82,1004.22,4124.22,4016.88,107.34
O103587,C10722,P1021,2026-05-10,2,0.0,47.95,Debit Card,Pending,15455.38,11592.94,30910.76,23185.88,7724.88
O103588,C10327,P1053,2026-01-05,1,0.15,98.33,Net Banking,Delivered,922.36,543.78,784.01,543.78,240.23
O103589,C11689,P1003,2026-04-10,1,0.0,74.78,Net Banking,Delivered,31454.08,19066.44,31454.08,19066.44,12387.64
O103590,C11919,P1086,2026-07-21,1,0.0,72.48,Debit Card,Delivered,316.01,223.96,316.01,223.96,92.05
O103591,C11011,P1080,2026-03-11,2,0.15,126.57,UPI,Delivered,287.38,222.33,488.55,444.66,43.89
O103592,C11229,P1027,2026-01-02,3,0.05,70.16,Credit Card,Delivered,5526.19,3231.39,15749.64,9694.17,6055.47
O103593,C10171,P1026,2026-04-04,4,0.05,62.16,COD,Shipped,5590.52,3241.08,21243.98,12964.32,8279.66
O103594,C11928,P1100,2026-02-06,1,0.0,54.37,UPI,Delivered,664.62,470.32,664.62,470.32,194.3
O103595,C11407,P1005,2026-06-28,1,0.2,88.17,Credit Card,Delivered,47571.0,27164.82,38056.8,27164.82,10891.98
O103596,C10605,P1114,2025-10-26,3,0.0,33.55,COD,Delivered,1562.14,1189.51,4686.42,3568.53,1117.89
O103597,C11440,P1046,2026-05-17,2,0.1,95.95,Credit Card,Delivered,4835.09,3320.63,8703.16,6641.26,2061.9
O103598,C10832,P1095,2025-11-27,1,0.1,45.19,Credit Card,Delivered,561.33,353.29,505.2,353.29,151.91
O103599,C11884,P1069,2025-09-27,1,0.0,13.93,UPI,Delivered,717.29,416.98,717.29,416.98,300.31
O103600,C10002,P1022,2026-02-16,4,0.05,108.93,Credit Card,Delivered,8340.38,5227.15,31693.44,20908.6,10784.84
O103601,C11846,P1081,2025-09-27,2,0.2,141.88,Net Banking,Delivered,2172.75,1311.33,3476.4,2622.66,853.74
O103602,C11971,P1016,2026-02-01,2,0.0,132.0,UPI,Delivered,23119.64,19111.02,46239.28,38222.04,8017.24
O103603,C10856,P1013,2026-03-21,3,0.05,22.93,UPI,Delivered,52895.62,37136.59,150752.52,111409.77,39342.75
O103604,C10691,P1055,2026-01-21,2,0.0,138.27,Credit Card,Returned,6934.45,4043.27,13868.9,8086.54,5782.36
O103605,C10711,P1067,2026-08-21,1,0.15,75.49,COD,Delivered,6227.25,3828.72,5293.16,3828.72,1464.44
O103606,C11265,P1087,2026-07-06,1,0.05,92.93,UPI,Delivered,1693.9,1011.65,1609.21,1011.65,597.56
O103607,C10090,P1127,2026-01-10,1,0.1,140.77,UPI,Shipped,2406.08,1554.9,2165.47,1554.9,610.57
O103608,C11443,P1049,2026-01-24,1,0.0,138.24,Credit Card,Delivered,4665.92,2735.27,4665.92,2735.27,1930.65
O103609,C11128,P1013,2025-12-09,4,0.0,79.71,Debit Card,Delivered,52895.62,37136.59,211582.48,148546.36,63036.12
O103610,C11209,P1094,2025-09-08,1,0.0,93.26,UPI,Returned,1847.54,1150.18,1847.54,1150.18,697.36
O103611,C11365,P1017,2026-03-30,4,0.0,138.73,UPI,Delivered,68434.16,40506.57,273736.64,162026.28,111710.36
O103612,C10805,P1074,2026-07-15,3,0.0,81.35,Net Banking,Delivered,1038.89,634.94,3116.67,1904.82,1211.85
O103613,C10623,P1004,2026-02-21,1,0.0,28.67,Credit Card,Delivered,60509.53,40979.28,60509.53,40979.28,19530.25
O103614,C11186,P1031,2026-07-16,3,0.0,1.82,UPI,Delivered,1495.17,843.81,4485.51,2531.43,1954.08
O103615,C10259,P1009,2026-04-15,1,0.0,11.62,Credit Card,Delivered,33080.16,21064.69,33080.16,21064.69,12015.47
O103616,C11038,P1073,2025-10-29,2,0.2,117.0,UPI,Delivered,1405.49,1138.4,2248.78,2276.8,-28.02
O103617,C10615,P1025,2026-03-07,1,0.0,63.32,Credit Card,Pending,29530.29,19324.99,29530.29,19324.99,10205.3
O103618,C10690,P1045,2026-06-03,1,0.15,48.45,Net Banking,Delivered,1149.36,712.41,976.96,712.41,264.55
O103619,C11557,P1063,2025-12-13,2,0.05,28.15,Debit Card,Delivered,6336.48,4060.59,12039.31,8121.18,3918.13
O103620,C10698,P1038,2026-01-07,1,0.1,112.62,UPI,Delivered,3530.81,2400.64,3177.73,2400.64,777.09
O103621,C10145,P1009,2026-02-26,3,0.1,77.81,UPI,Delivered,33080.16,21064.69,89316.43,63194.07,26122.36
O103622,C10998,P1146,2025-12-29,1,0.15,8.17,Net Banking,Delivered,1033.25,584.92,878.26,584.92,293.34
O103623,C10040,P1102,2026-02-16,1,0.0,33.52,Net Banking,Delivered,4370.98,2495.57,4370.98,2495.57,1875.41
O103624,C11872,P1141,2026-01-05,2,0.0,14.06,UPI,Delivered,913.93,756.89,1827.86,1513.78,314.08
O103625,C10793,P1113,2026-05-11,2,0.1,118.78,COD,Delivered,3031.82,2160.62,5457.28,4321.24,1136.04
O103626,C11594,P1062,2026-04-23,1,0.1,59.46,COD,Delivered,6951.68,5407.58,6256.51,5407.58,848.93
O103627,C11423,P1033,2026-05-04,4,0.2,79.15,Credit Card,Delivered,4333.28,2734.68,13866.5,10938.72,2927.78
O103628,C11168,P1074,2026-05-13,4,0.0,97.35,Debit Card,Delivered,1038.89,634.94,4155.56,2539.76,1615.8
O103629,C11973,P1096,2026-04-03,2,0.15,117.17,Credit Card,Delivered,1066.34,728.57,1812.78,1457.14,355.64
O103630,C10805,P1126,2026-04-28,3,0.2,142.36,COD,Delivered,1404.7,995.08,3371.28,2985.24,386.04
O103631,C11737,P1041,2025-09-05,2,0.2,136.71,Debit Card,Delivered,1521.85,1173.08,2434.96,2346.16,88.8
O103632,C10447,P1042,2026-08-09,4,0.0,95.64,Debit Card,Cancelled,1907.35,1363.61,7629.4,5454.44,2174.96
O103633,C10150,P1127,2026-03-18,1,0.2,44.63,Credit Card,Pending,2406.08,1554.9,1924.86,1554.9,369.96
O103634,C10642,P1066,2025-12-07,4,0.05,1.63,Credit Card,Returned,6204.32,3462.32,23576.42,13849.28,9727.14
O103635,C10377,P1074,2026-08-14,1,0.15,97.58,UPI,Delivered,1038.89,634.94,883.06,634.94,248.12
O103636,C10522,P1048,2025-08-31,1,0.2,149.67,Net Banking,Delivered,714.29,437.46,571.43,437.46,133.97
O103637,C10383,P1147,2026-03-28,2,0.0,127.97,Credit Card,Delivered,834.22,686.19,1668.44,1372.38,296.06
O103638,C10454,P1079,2025-11-24,1,0.0,146.14,Debit Card,Cancelled,926.66,604.47,926.66,604.47,322.19
O103639,C10143,P1004,2026-08-11,3,0.0,14.5,UPI,Delivered,60509.53,40979.28,181528.59,122937.84,58590.75
O103640,C11318,P1108,2026-02-21,3,0.0,81.68,UPI,Delivered,2697.81,2207.0,8093.43,6621.0,1472.43
O103641,C10012,P1139,2026-07-11,1,0.15,96.35,Net Banking,Returned,451.27,274.75,383.58,274.75,108.83
O103642,C11046,P1065,2026-06-25,2,0.05,33.9,Credit Card,Delivered,1517.88,1218.22,2883.97,2436.44,447.53
O103643,C11816,P1030,2025-10-03,2,0.15,100.05,UPI,Delivered,2098.13,1548.88,3566.82,3097.76,469.06
O103644,C10910,P1057,2025-10-19,2,0.1,121.51,Credit Card,Delivered,4847.14,3432.05,8724.85,6864.1,1860.75
O103645,C10014,P1073,2026-07-07,2,0.05,125.46,Debit Card,Pending,1405.49,1138.4,2670.43,2276.8,393.63
O103646,C11892,P1117,2025-11-30,2,0.1,106.01,Debit Card,Shipped,4152.01,2619.57,7473.62,5239.14,2234.48
O103647,C11153,P1143,2026-05-08,2,0.2,34.17,Net Banking,Delivered,2676.13,1712.63,4281.81,3425.26,856.55
O103648,C11756,P1145,2026-07-07,4,0.0,119.43,Credit Card,Delivered,2714.68,1805.11,10858.72,7220.44,3638.28
O103649,C11216,P1109,2026-03-29,1,0.0,52.89,Debit Card,Delivered,4331.81,3435.6,4331.81,3435.6,896.21
O103650,C10096,P1060,2026-06-12,4,0.0,11.87,Credit Card,Delivered,887.63,507.33,3550.52,2029.32,1521.2
O103651,C11647,P1046,2026-04-10,3,0.1,43.21,UPI,Returned,4835.09,3320.63,13054.74,9961.89,3092.85
O103652,C10290,P1118,2026-06-01,1,0.0,37.09,Debit Card,Delivered,4978.89,3068.71,4978.89,3068.71,1910.18
O103653,C10383,P1020,2026-05-24,1,0.0,32.33,Debit Card,Delivered,40470.11,25854.79,40470.11,25854.79,14615.32
O103654,C10949,P1007,2026-05-16,2,0.0,4.84,Net Banking,Delivered,7227.26,4548.11,14454.52,9096.22,5358.3
O103655,C11859,P1114,2026-03-24,2,0.0,98.02,UPI,Delivered,1562.14,1189.51,3124.28,2379.02,745.26
O103656,C10706,P1042,2026-04-30,1,0.05,144.91,Credit Card,Delivered,1907.35,1363.61,1811.98,1363.61,448.37
O103657,C11128,P1002,2025-12-30,2,0.05,96.9,Credit Card,Delivered,64458.4,38857.64,122470.96,77715.28,44755.68
O103658,C11435,P1044,2026-07-01,3,0.0,121.51,UPI,Delivered,1399.41,917.62,4198.23,2752.86,1445.37
O103659,C11246,P1044,2026-05-09,2,0.2,27.03,UPI,Delivered,1399.41,917.62,2239.06,1835.24,403.82
O103660,C11865,P1135,2026-04-17,2,0.05,132.09,UPI,Delivered,311.53,199.73,591.91,399.46,192.45
O103661,C11864,P1126,2026-06-25,1,0.05,38.63,UPI,Delivered,1404.7,995.08,1334.47,995.08,339.39
O103662,C11159,P1025,2025-08-21,2,0.05,123.19,COD,Delivered,29530.29,19324.99,56107.55,38649.98,17457.57
O103663,C10230,P1129,2026-06-01,2,0.0,68.33,COD,Delivered,3364.24,2034.28,6728.48,4068.56,2659.92
O103664,C10761,P1086,2026-07-23,1,0.0,34.71,Net Banking,Delivered,316.01,223.96,316.01,223.96,92.05
O103665,C11496,P1081,2026-03-21,1,0.2,12.05,Net Banking,Shipped,2172.75,1311.33,1738.2,1311.33,426.87
O103666,C11414,P1121,2026-05-17,1,0.0,132.88,Credit Card,Delivered,1135.94,710.5,1135.94,710.5,425.44
O103667,C10193,P1098,2025-10-03,2,0.0,105.64,Net Banking,Delivered,298.55,229.91,597.1,459.82,137.28
O103668,C11452,P1013,2025-09-07,4,0.05,128.18,Debit Card,Returned,52895.62,37136.59,201003.36,148546.36,52457.0
O103669,C10981,P1137,2025-11-19,2,0.2,30.86,Net Banking,Cancelled,3020.08,1976.97,4832.13,3953.94,878.19
O103670,C10138,P1141,2025-08-22,2,0.0,105.33,COD,Delivered,913.93,756.89,1827.86,1513.78,314.08
O103671,C10317,P1131,2026-02-13,2,0.05,76.93,Net Banking,Delivered,355.98,201.63,676.36,403.26,273.1
O103672,C10354,P1131,2026-05-21,1,0.0,15.55,Debit Card,Delivered,355.98,201.63,355.98,201.63,154.35
O103673,C11807,P1080,2025-11-12,1,0.2,82.72,UPI,Delivered,287.38,222.33,229.9,222.33,7.57
O103674,C11053,P1036,2026-01-14,2,0.2,35.96,Credit Card,Shipped,4558.46,3300.66,7293.54,6601.32,692.22
O103675,C10977,P1042,2025-12-02,2,0.0,107.06,UPI,Delivered,1907.35,1363.61,3814.7,2727.22,1087.48
O103676,C11129,P1055,2025-10-15,2,0.0,98.39,Net Banking,Delivered,6934.45,4043.27,13868.9,8086.54,5782.36
O103677,C10262,P1059,2026-05-11,1,0.2,83.84,Credit Card,Delivered,2473.66,1991.45,1978.93,1991.45,-12.52
O103678,C10319,P1016,2025-10-25,1,0.0,70.7,Debit Card,Delivered,23119.64,19111.02,23119.64,19111.02,4008.62
O103679,C10571,P1125,2026-04-25,1,0.05,43.6,Debit Card,Delivered,2435.61,1942.11,2313.83,1942.11,371.72
O103680,C11498,P1034,2026-08-04,1,0.05,128.15,Net Banking,Shipped,3445.82,2463.26,3273.53,2463.26,810.27
O103681,C10136,P1108,2025-12-05,2,0.0,82.87,Debit Card,Delivered,2697.81,2207.0,5395.62,4414.0,981.62
O103682,C11456,P1051,2025-12-17,1,0.0,81.85,UPI,Delivered,3086.44,2233.31,3086.44,2233.31,853.13
O103683,C11507,P1004,2025-12-19,2,0.0,127.19,Credit Card,Delivered,60509.53,40979.28,121019.06,81958.56,39060.5
O103684,C10426,P1013,2026-05-25,1,0.0,12.23,Debit Card,Returned,52895.62,37136.59,52895.62,37136.59,15759.03
O103685,C11426,P1039,2026-04-23,1,0.0,56.52,Credit Card,Cancelled,3010.98,2323.83,3010.98,2323.83,687.15
O103686,C10268,P1113,2026-03-04,4,0.1,75.85,COD,Delivered,3031.82,2160.62,10914.55,8642.48,2272.07
O103687,C11906,P1033,2026-02-08,4,0.2,12.37,UPI,Delivered,4333.28,2734.68,13866.5,10938.72,2927.78
O103688,C11471,P1050,2026-01-17,1,0.0,90.88,UPI,Returned,802.78,481.82,802.78,481.82,320.96
O103689,C11556,P1034,2026-02-09,1,0.05,50.94,Net Banking,Delivered,3445.82,2463.26,3273.53,2463.26,810.27
O103690,C10688,P1013,2025-11-27,4,0.15,141.02,COD,Delivered,52895.62,37136.59,179845.11,148546.36,31298.75
O103691,C10404,P1001,2026-04-19,1,0.05,63.1,UPI,Delivered,38372.92,26874.96,36454.27,26874.96,9579.31
O103692,C11625,P1060,2025-10-31,3,0.0,148.5,COD,Delivered,887.63,507.33,2662.89,1521.99,1140.9
O103693,C10729,P1102,2026-08-17,2,0.0,137.07,Net Banking,Delivered,4370.98,2495.57,8741.96,4991.14,3750.82
O103694,C11101,P1058,2026-04-26,4,0.1,37.41,Credit Card,Shipped,1139.13,868.45,4100.87,3473.8,627.07
O103695,C11401,P1006,2026-05-10,2,0.05,63.35,Credit Card,Pending,18739.53,10820.0,35605.11,21640.0,13965.11
O103696,C10184,P1107,2026-01-15,1,0.2,41.79,UPI,Delivered,3347.45,2456.75,2677.96,2456.75,221.21
O103697,C10775,P1011,2025-09-15,2,0.2,26.78,Credit Card,Delivered,18237.69,11700.82,29180.3,23401.64,5778.66
O103698,C11958,P1136,2025-10-18,1,0.1,112.65,Credit Card,Delivered,509.62,289.55,458.66,289.55,169.11
O103699,C11609,P1008,2026-01-14,2,0.0,8.94,Debit Card,Delivered,51750.03,32987.78,103500.06,65975.56,37524.5
O103700,C11978,P1139,2025-12-19,1,0.05,75.64,Debit Card,Delivered,451.27,274.75,428.71,274.75,153.96
O103701,C10793,P1101,2026-06-08,3,0.0,130.69,Credit Card,Delivered,2706.0,1556.11,8118.0,4668.33,3449.67
O103702,C10167,P1052,2026-04-12,1,0.15,54.88,UPI,Delivered,2039.08,1134.33,1733.22,1134.33,598.89
O103703,C10029,P1129,2026-07-05,2,0.15,143.53,UPI,Delivered,3364.24,2034.28,5719.21,4068.56,1650.65
O103704,C11142,P1095,2026-05-21,4,0.0,97.24,COD,Cancelled,561.33,353.29,2245.32,1413.16,832.16
O103705,C11859,P1101,2026-06-30,1,0.0,136.8,COD,Pending,2706.0,1556.11,2706.0,1556.11,1149.89
O103706,C11797,P1011,2026-05-18,1,0.2,23.56,COD,Delivered,18237.69,11700.82,14590.15,11700.82,2889.33
O103707,C10807,P1040,2025-08-23,1,0.2,94.65,UPI,Delivered,3344.13,2454.65,2675.3,2454.65,220.65
O103708,C11647,P1101,2026-05-24,1,0.2,47.07,Debit Card,Delivered,2706.0,1556.11,2164.8,1556.11,608.69
O103709,C10621,P1149,2025-11-02,3,0.05,29.32,Debit Card,Shipped,1265.06,835.13,3605.42,2505.39,1100.03
O103710,C11605,P1066,2026-04-28,4,0.0,105.41,Debit Card,Delivered,6204.32,3462.32,24817.28,13849.28,10968.0
O103711,C10904,P1111,2026-06-19,1,0.2,83.56,COD,Pending,583.37,467.6,466.7,467.6,-0.9
O103712,C11403,P1079,2026-06-07,3,0.05,41.33,Net Banking,Shipped,926.66,604.47,2640.98,1813.41,827.57
O103713,C11469,P1058,2026-02-25,4,0.1,116.71,Net Banking,Delivered,1139.13,868.45,4100.87,3473.8,627.07
O103714,C10018,P1078,2026-05-12,1,0.15,87.6,Net Banking,Delivered,1604.45,1009.9,1363.78,1009.9,353.88
O103715,C10930,P1049,2025-12-09,4,0.15,78.01,Credit Card,Cancelled,4665.92,2735.27,15864.13,10941.08,4923.05
O103716,C10790,P1035,2026-03-22,3,0.0,42.26,COD,Returned,3107.6,2368.57,9322.8,7105.71,2217.09
O103717,C10241,P1023,2025-10-11,3,0.1,109.31,Debit Card,Pending,54514.7,32908.14,147189.69,98724.42,48465.27
O103718,C10524,P1056,2025-12-21,3,0.2,65.9,COD,Delivered,1431.57,1192.48,3435.77,3577.44,-141.67
O103719,C11884,P1088,2025-11-13,1,0.1,1.43,Net Banking,Delivered,1116.94,867.28,1005.25,867.28,137.97
O103720,C10546,P1039,2026-04-21,2,0.15,78.85,UPI,Delivered,3010.98,2323.83,5118.67,4647.66,471.01
O103721,C11742,P1132,2025-08-26,2,0.1,77.46,UPI,Delivered,1045.48,772.39,1881.86,1544.78,337.08
O103722,C11010,P1026,2026-03-17,2,0.0,42.23,Net Banking,Returned,5590.52,3241.08,11181.04,6482.16,4698.88
O103723,C10303,P1062,2026-02-16,1,0.1,20.31,Debit Card,Returned,6951.68,5407.58,6256.51,5407.58,848.93
O103724,C11457,P1022,2026-07-14,2,0.0,28.85,Net Banking,Delivered,8340.38,5227.15,16680.76,10454.3,6226.46
O103725,C10779,P1068,2026-08-21,1,0.0,114.12,Credit Card,Delivered,8864.37,5516.76,8864.37,5516.76,3347.61
O103726,C10694,P1062,2025-10-08,1,0.0,99.79,Credit Card,Shipped,6951.68,5407.58,6951.68,5407.58,1544.1
O103727,C11972,P1073,2025-10-01,1,0.0,30.0,COD,Pending,1405.49,1138.4,1405.49,1138.4,267.09
O103728,C10383,P1094,2026-02-09,1,0.15,142.24,UPI,Delivered,1847.54,1150.18,1570.41,1150.18,420.23
O103729,C10484,P1058,2026-01-12,1,0.0,48.79,Credit Card,Delivered,1139.13,868.45,1139.13,868.45,270.68
O103730,C10415,P1009,2026-08-04,2,0.05,105.24,Credit Card,Delivered,33080.16,21064.69,62852.3,42129.38,20722.92
O103731,C11447,P1094,2025-10-03,1,0.1,10.17,Net Banking,Delivered,1847.54,1150.18,1662.79,1150.18,512.61
O103732,C10058,P1096,2026-01-30,2,0.1,62.49,Debit Card,Delivered,1066.34,728.57,1919.41,1457.14,462.27
O103733,C10957,P1100,2025-12-24,4,0.15,138.54,Net Banking,Delivered,664.62,470.32,2259.71,1881.28,378.43
O103734,C11023,P1085,2025-11-29,1,0.0,91.04,COD,Delivered,229.52,181.34,229.52,181.34,48.18
O103735,C11459,P1069,2026-08-19,1,0.0,14.09,Debit Card,Pending,717.29,416.98,717.29,416.98,300.31
O103736,C10739,P1062,2025-10-26,1,0.1,34.98,COD,Delivered,6951.68,5407.58,6256.51,5407.58,848.93
O103737,C10968,P1070,2026-02-28,2,0.1,47.39,COD,Delivered,2608.79,2169.26,4695.82,4338.52,357.3
O103738,C11492,P1129,2026-08-14,4,0.0,21.42,COD,Pending,3364.24,2034.28,13456.96,8137.12,5319.84
O103739,C10131,P1111,2025-10-01,1,0.0,111.7,Credit Card,Returned,583.37,467.6,583.37,467.6,115.77
O103740,C10260,P1021,2026-02-06,1,0.0,21.88,Credit Card,Delivered,15455.38,11592.94,15455.38,11592.94,3862.44
O103741,C10758,P1006,2026-05-21,2,0.0,86.28,Net Banking,Delivered,18739.53,10820.0,37479.06,21640.0,15839.06
O103742,C10017,P1147,2025-12-09,1,0.2,43.7,Debit Card,Returned,834.22,686.19,667.38,686.19,-18.81
O103743,C11919,P1079,2026-05-01,2,0.0,103.76,Net Banking,Delivered,926.66,604.47,1853.32,1208.94,644.38
O103744,C10700,P1048,2026-06-12,1,0.15,115.89,COD,Delivered,714.29,437.46,607.15,437.46,169.69
O103745,C10662,P1096,2026-07-24,2,0.0,107.83,Net Banking,Delivered,1066.34,728.57,2132.68,1457.14,675.54
O103746,C10619,P1115,2026-03-05,1,0.1,100.51,Credit Card,Delivered,5803.85,3277.3,5223.47,3277.3,1946.17
O103747,C11890,P1062,2026-01-21,1,0.0,35.43,UPI,Delivered,6951.68,5407.58,6951.68,5407.58,1544.1
O103748,C10566,P1035,2026-06-20,1,0.0,51.77,Credit Card,Delivered,3107.6,2368.57,3107.6,2368.57,739.03
O103749,C11470,P1031,2025-11-17,1,0.0,34.65,Debit Card,Delivered,1495.17,843.81,1495.17,843.81,651.36
O103750,C10251,P1074,2026-04-20,4,0.1,76.98,UPI,Pending,1038.89,634.94,3740.0,2539.76,1200.24
O103751,C11954,P1068,2026-04-18,1,0.15,78.26,Net Banking,Delivered,8864.37,5516.76,7534.71,5516.76,2017.95
O103752,C10508,P1041,2025-11-23,4,0.15,59.74,COD,Shipped,1521.85,1173.08,5174.29,4692.32,481.97
O103753,C10617,P1082,2026-03-27,1,0.15,14.27,Debit Card,Delivered,2274.24,1299.56,1933.1,1299.56,633.54
O103754,C11659,P1015,2025-12-06,2,0.0,145.97,COD,Delivered,13194.79,8050.63,26389.58,16101.26,10288.32
O103755,C10451,P1118,2025-09-30,1,0.2,130.64,Credit Card,Delivered,4978.89,3068.71,3983.11,3068.71,914.4
O103756,C11859,P1005,2025-10-05,1,0.1,65.41,UPI,Delivered,47571.0,27164.82,42813.9,27164.82,15649.08
O103757,C11406,P1032,2026-07-27,2,0.0,14.91,COD,Pending,1643.06,925.34,3286.12,1850.68,1435.44
O103758,C11684,P1092,2026-07-29,1,0.0,129.05,Credit Card,Delivered,1913.34,1155.43,1913.34,1155.43,757.91
O103759,C10247,P1021,2025-09-04,3,0.2,47.09,Debit Card,Shipped,15455.38,11592.94,37092.91,34778.82,2314.09
O103760,C10915,P1024,2026-08-19,1,0.2,51.55,Net Banking,Delivered,18028.57,13625.43,14422.86,13625.43,797.43
O103761,C10321,P1054,2026-05-16,3,0.15,25.62,Debit Card,Shipped,5995.19,3653.27,15287.73,10959.81,4327.92
O103762,C11348,P1072,2026-07-10,1,0.0,87.14,Credit Card,Delivered,2376.29,1589.59,2376.29,1589.59,786.7
O103763,C11856,P1130,2026-06-30,3,0.15,127.63,COD,Delivered,1664.71,1119.11,4245.01,3357.33,887.68
O103764,C11729,P1128,2025-09-18,4,0.0,60.93,UPI,Delivered,1654.17,1108.55,6616.68,4434.2,2182.48
O103765,C10398,P1042,2025-10-18,1,0.0,19.62,UPI,Delivered,1907.35,1363.61,1907.35,1363.61,543.74
O103766,C10842,P1088,2026-07-20,2,0.1,22.22,Credit Card,Delivered,1116.94,867.28,2010.49,1734.56,275.93
O103767,C10911,P1119,2026-02-19,4,0.0,35.07,COD,Delivered,5211.2,3497.26,20844.8,13989.04,6855.76
O103768,C10881,P1103,2026-06-09,4,0.0,57.23,Debit Card,Delivered,1864.92,1469.71,7459.68,5878.84,1580.84
O103769,C10400,P1120,2026-04-02,1,0.05,84.68,UPI,Delivered,3318.56,2380.1,3152.63,2380.1,772.53
O103770,C11866,P1016,2026-06-16,3,0.0,107.92,UPI,Returned,23119.64,19111.02,69358.92,57333.06,12025.86
O103771,C11289,P1092,2026-07-10,2,0.05,16.12,Credit Card,Shipped,1913.34,1155.43,3635.35,2310.86,1324.49
O103772,C11910,P1138,2025-10-06,2,0.0,90.43,UPI,Delivered,1859.8,1352.45,3719.6,2704.9,1014.7
O103773,C11918,P1095,2026-01-13,1,0.05,40.44,Debit Card,Delivered,561.33,353.29,533.26,353.29,179.97
O103774,C11349,P1012,2026-03-10,1,0.1,4.24,UPI,Delivered,25370.06,18838.89,22833.05,18838.89,3994.16
O103775,C10312,P1124,2025-11-26,2,0.15,49.58,Credit Card,Shipped,4401.73,2791.05,7482.94,5582.1,1900.84
O103776,C10135,P1080,2025-09-09,1,0.0,70.36,Credit Card,Delivered,287.38,222.33,287.38,222.33,65.05
O103777,C11357,P1050,2026-04-07,3,0.05,110.28,UPI,Delivered,802.78,481.82,2287.92,1445.46,842.46
O103778,C11238,P1078,2025-09-26,2,0.1,75.69,Credit Card,Pending,1604.45,1009.9,2888.01,2019.8,868.21
O103779,C11418,P1032,2026-08-19,2,0.1,106.55,Credit Card,Shipped,1643.06,925.34,2957.51,1850.68,1106.83
O103780,C11084,P1023,2025-12-21,4,0.15,116.73,COD,Pending,54514.7,32908.14,185349.98,131632.56,53717.42
O103781,C11861,P1009,2025-09-02,1,0.0,22.21,Credit Card,Delivered,33080.16,21064.69,33080.16,21064.69,12015.47
O103782,C10775,P1089,2026-04-17,1,0.05,0.39,Debit Card,Delivered,1514.99,1072.27,1439.24,1072.27,366.97
O103783,C11062,P1101,2026-07-08,1,0.0,131.15,Credit Card,Returned,2706.0,1556.11,2706.0,1556.11,1149.89
O103784,C10055,P1048,2026-04-09,1,0.0,83.78,Net Banking,Shipped,714.29,437.46,714.29,437.46,276.83
O103785,C11753,P1125,2025-11-24,2,0.0,98.27,Credit Card,Delivered,2435.61,1942.11,4871.22,3884.22,987.0
O103786,C11473,P1096,2026-07-28,2,0.0,22.01,Net Banking,Delivered,1066.34,728.57,2132.68,1457.14,675.54
O103787,C11830,P1055,2026-03-06,2,0.0,139.25,Credit Card,Delivered,6934.45,4043.27,13868.9,8086.54,5782.36
O103788,C10309,P1114,2025-11-07,1,0.2,142.3,Credit Card,Delivered,1562.14,1189.51,1249.71,1189.51,60.2
O103789,C10390,P1134,2026-06-21,1,0.05,99.45,Net Banking,Delivered,299.83,242.36,284.84,242.36,42.48
O103790,C10003,P1074,2026-05-10,2,0.0,39.83,Debit Card,Cancelled,1038.89,634.94,2077.78,1269.88,807.9
O103791,C11416,P1057,2026-07-06,1,0.05,142.96,Debit Card,Delivered,4847.14,3432.05,4604.78,3432.05,1172.73
O103792,C10465,P1109,2026-01-03,3,0.15,44.01,COD,Delivered,4331.81,3435.6,11046.12,10306.8,739.32
O103793,C10717,P1009,2026-07-23,2,0.0,41.62,COD,Delivered,33080.16,21064.69,66160.32,42129.38,24030.94
O103794,C11859,P1013,2025-10-30,2,0.0,96.39,Net Banking,Pending,52895.62,37136.59,105791.24,74273.18,31518.06
O103795,C10094,P1131,2026-03-01,2,0.2,130.73,Credit Card,Delivered,355.98,201.63,569.57,403.26,166.31
O103796,C11020,P1031,2026-06-23,4,0.0,111.46,Net Banking,Shipped,1495.17,843.81,5980.68,3375.24,2605.44
O103797,C11700,P1052,2026-02-25,1,0.05,77.33,COD,Delivered,2039.08,1134.33,1937.13,1134.33,802.8
O103798,C10029,P1126,2026-01-04,1,0.0,23.51,UPI,Delivered,1404.7,995.08,1404.7,995.08,409.62
O103799,C10205,P1091,2026-07-07,1,0.1,140.11,Net Banking,Delivered,722.91,529.78,650.62,529.78,120.84
O103800,C11972,P1143,2025-10-06,2,0.0,75.18,Net Banking,Delivered,2676.13,1712.63,5352.26,3425.26,1927.0
O103801,C10375,P1023,2025-11-15,4,0.2,61.72,COD,Delivered,54514.7,32908.14,174447.04,131632.56,42814.48
O103802,C11725,P1112,2026-03-16,2,0.2,33.37,Debit Card,Delivered,3747.66,3014.85,5996.26,6029.7,-33.44
O103803,C10529,P1104,2026-02-23,1,0.05,64.1,COD,Delivered,3475.03,2469.25,3301.28,2469.25,832.03
O103804,C10907,P1068,2026-03-04,2,0.15,6.3,Credit Card,Delivered,8864.37,5516.76,15069.43,11033.52,4035.91
O103805,C11987,P1056,2026-05-19,2,0.1,145.79,Credit Card,Delivered,1431.57,1192.48,2576.83,2384.96,191.87
O103806,C10331,P1131,2026-05-08,4,0.0,36.94,UPI,Delivered,355.98,201.63,1423.92,806.52,617.4
O103807,C11545,P1075,2026-08-09,4,0.0,5.71,Debit Card,Pending,6257.58,4866.0,25030.32,19464.0,5566.32
O103808,C10709,P1144,2026-04-08,1,0.0,117.82,Net Banking,Delivered,2601.04,1801.4,2601.04,1801.4,799.64
O103809,C11671,P1048,2025-10-27,2,0.0,131.98,Credit Card,Shipped,714.29,437.46,1428.58,874.92,553.66
O103810,C10725,P1104,2026-03-15,3,0.0,24.06,UPI,Delivered,3475.03,2469.25,10425.09,7407.75,3017.34
O103811,C11682,P1087,2025-10-06,2,0.1,39.79,Credit Card,Delivered,1693.9,1011.65,3049.02,2023.3,1025.72
O103812,C10101,P1100,2026-07-09,3,0.1,22.86,Credit Card,Cancelled,664.62,470.32,1794.47,1410.96,383.51
O103813,C11302,P1123,2026-02-14,1,0.05,17.69,Credit Card,Delivered,877.39,667.5,833.52,667.5,166.02
O103814,C11327,P1030,2026-07-16,3,0.0,116.24,Net Banking,Delivered,2098.13,1548.88,6294.39,4646.64,1647.75
O103815,C10813,P1126,2026-01-15,1,0.0,119.98,Debit Card,Delivered,1404.7,995.08,1404.7,995.08,409.62
O103816,C10484,P1002,2026-01-13,1,0.0,97.55,COD,Delivered,64458.4,38857.64,64458.4,38857.64,25600.76
O103817,C10470,P1144,2026-05-14,1,0.05,103.12,Debit Card,Shipped,2601.04,1801.4,2470.99,1801.4,669.59
O103818,C11338,P1144,2025-09-28,1,0.0,129.99,Debit Card,Delivered,2601.04,1801.4,2601.04,1801.4,799.64
O103819,C11820,P1019,2026-03-30,4,0.0,48.35,Credit Card,Shipped,53480.6,38132.5,213922.4,152530.0,61392.4
O103820,C10358,P1103,2026-06-27,1,0.0,133.92,UPI,Delivered,1864.92,1469.71,1864.92,1469.71,395.21
O103821,C10588,P1103,2026-03-18,2,0.15,124.07,Credit Card,Delivered,1864.92,1469.71,3170.36,2939.42,230.94
O103822,C11475,P1122,2026-05-07,1,0.0,17.86,Debit Card,Delivered,588.59,431.08,588.59,431.08,157.51
O103823,C10643,P1071,2025-11-01,2,0.15,40.53,COD,Delivered,5179.24,2939.06,8804.71,5878.12,2926.59
O103824,C10653,P1065,2026-03-25,1,0.1,118.55,Net Banking,Delivered,1517.88,1218.22,1366.09,1218.22,147.87
O103825,C10357,P1018,2026-01-17,1,0.0,108.75,Debit Card,Delivered,52552.08,30527.71,52552.08,30527.71,22024.37
O103826,C11476,P1069,2025-11-17,2,0.15,143.14,UPI,Delivered,717.29,416.98,1219.39,833.96,385.43
O103827,C11570,P1088,2026-06-03,1,0.0,114.76,Debit Card,Delivered,1116.94,867.28,1116.94,867.28,249.66
O103828,C10035,P1146,2026-07-12,2,0.1,46.96,UPI,Delivered,1033.25,584.92,1859.85,1169.84,690.01
O103829,C10770,P1055,2026-03-12,1,0.0,42.87,Net Banking,Delivered,6934.45,4043.27,6934.45,4043.27,2891.18
O103830,C11121,P1128,2026-02-22,4,0.0,139.07,Debit Card,Shipped,1654.17,1108.55,6616.68,4434.2,2182.48
O103831,C10124,P1123,2026-04-24,1,0.0,75.57,UPI,Shipped,877.39,667.5,877.39,667.5,209.89
O103832,C10038,P1065,2026-07-28,2,0.15,42.54,Credit Card,Delivered,1517.88,1218.22,2580.4,2436.44,143.96
O103833,C10325,P1004,2026-02-20,2,0.2,138.62,UPI,Delivered,60509.53,40979.28,96815.25,81958.56,14856.69
O103834,C11336,P1128,2026-03-12,2,0.0,30.69,UPI,Delivered,1654.17,1108.55,3308.34,2217.1,1091.24
O103835,C11356,P1023,2026-05-11,4,0.05,95.2,Credit Card,Delivered,54514.7,32908.14,207155.86,131632.56,75523.3
O103836,C11927,P1052,2025-09-25,2,0.0,11.55,Net Banking,Delivered,2039.08,1134.33,4078.16,2268.66,1809.5
O103837,C11468,P1111,2026-04-01,2,0.05,85.95,Net Banking,Delivered,583.37,467.6,1108.4,935.2,173.2
O103838,C11090,P1146,2026-03-10,1,0.05,111.35,COD,Delivered,1033.25,584.92,981.59,584.92,396.67
O103839,C11160,P1134,2025-10-16,4,0.0,48.52,COD,Delivered,299.83,242.36,1199.32,969.44,229.88
O103840,C10338,P1110,2025-11-29,1,0.0,114.49,COD,Returned,2315.13,1504.12,2315.13,1504.12,811.01
O103841,C10474,P1021,2026-06-19,1,0.0,66.88,Net Banking,Pending,15455.38,11592.94,15455.38,11592.94,3862.44
O103842,C10380,P1034,2026-04-25,1,0.1,124.35,COD,Delivered,3445.82,2463.26,3101.24,2463.26,637.98
O103843,C11383,P1008,2025-11-27,2,0.1,40.05,COD,Pending,51750.03,32987.78,93150.05,65975.56,27174.49
O103844,C11425,P1148,2026-02-10,3,0.05,39.36,Net Banking,Delivered,884.97,623.21,2522.16,1869.63,652.53
O103845,C10974,P1140,2026-01-28,3,0.2,19.37,COD,Delivered,436.07,348.48,1046.57,1045.44,1.13
O103846,C11722,P1054,2026-01-10,2,0.0,80.19,Net Banking,Returned,5995.19,3653.27,11990.38,7306.54,4683.84
O103847,C11431,P1080,2025-11-10,4,0.15,39.66,Credit Card,Delivered,287.38,222.33,977.09,889.32,87.77
O103848,C10188,P1098,2025-12-09,1,0.0,145.16,Debit Card,Delivered,298.55,229.91,298.55,229.91,68.64
O103849,C10064,P1132,2026-05-21,3,0.0,92.06,Net Banking,Delivered,1045.48,772.39,3136.44,2317.17,819.27
O103850,C10373,P1060,2025-10-14,1,0.15,115.2,UPI,Delivered,887.63,507.33,754.49,507.33,247.16
O103851,C10325,P1031,2026-07-10,2,0.1,87.54,Net Banking,Delivered,1495.17,843.81,2691.31,1687.62,1003.69
O103852,C11725,P1007,2026-05-15,1,0.0,8.41,Debit Card,Delivered,7227.26,4548.11,7227.26,4548.11,2679.15
O103853,C10775,P1070,2026-05-03,1,0.1,59.25,Debit Card,Delivered,2608.79,2169.26,2347.91,2169.26,178.65
O103854,C10935,P1073,2025-09-12,1,0.15,126.64,COD,Delivered,1405.49,1138.4,1194.67,1138.4,56.27
O103855,C10103,P1001,2026-06-10,1,0.2,100.48,Credit Card,Delivered,38372.92,26874.96,30698.34,26874.96,3823.38
O103856,C11150,P1119,2025-09-15,3,0.05,22.4,COD,Delivered,5211.2,3497.26,14851.92,10491.78,4360.14
O103857,C11116,P1112,2025-10-03,3,0.05,11.72,COD,Delivered,3747.66,3014.85,10680.83,9044.55,1636.28
O103858,C11173,P1115,2025-11-08,1,0.15,91.22,Net Banking,Delivered,5803.85,3277.3,4933.27,3277.3,1655.97
O103859,C10634,P1023,2026-08-20,1,0.0,136.71,COD,Shipped,54514.7,32908.14,54514.7,32908.14,21606.56
O103860,C10790,P1089,2026-05-01,3,0.0,94.15,COD,Delivered,1514.99,1072.27,4544.97,3216.81,1328.16
O103861,C10070,P1066,2026-05-18,1,0.15,63.6,Debit Card,Delivered,6204.32,3462.32,5273.67,3462.32,1811.35
O103862,C10833,P1063,2026-02-10,2,0.0,28.55,Debit Card,Delivered,6336.48,4060.59,12672.96,8121.18,4551.78
O103863,C10452,P1121,2025-10-21,3,0.0,133.08,Credit Card,Delivered,1135.94,710.5,3407.82,2131.5,1276.32
O103864,C11514,P1099,2026-01-06,1,0.0,125.96,Debit Card,Delivered,482.66,272.31,482.66,272.31,210.35
O103865,C11263,P1048,2026-04-23,2,0.0,105.6,COD,Delivered,714.29,437.46,1428.58,874.92,553.66
O103866,C10226,P1145,2026-01-09,4,0.15,72.4,Debit Card,Delivered,2714.68,1805.11,9229.91,7220.44,2009.47
O103867,C11426,P1098,2026-08-06,1,0.15,87.77,Credit Card,Delivered,298.55,229.91,253.77,229.91,23.86
O103868,C10102,P1095,2026-03-20,1,0.0,113.65,Net Banking,Delivered,561.33,353.29,561.33,353.29,208.04
O103869,C10017,P1046,2026-04-02,1,0.15,90.8,Debit Card,Delivered,4835.09,3320.63,4109.83,3320.63,789.2
O103870,C10331,P1136,2026-02-02,4,0.2,39.1,Credit Card,Delivered,509.62,289.55,1630.78,1158.2,472.58
O103871,C11382,P1053,2026-06-22,1,0.15,103.42,COD,Delivered,922.36,543.78,784.01,543.78,240.23
O103872,C10161,P1081,2025-10-24,2,0.05,58.29,Net Banking,Delivered,2172.75,1311.33,4128.23,2622.66,1505.57
O103873,C11075,P1144,2026-01-13,1,0.0,66.48,Net Banking,Shipped,2601.04,1801.4,2601.04,1801.4,799.64
O103874,C11253,P1101,2026-07-13,3,0.1,16.88,Debit Card,Returned,2706.0,1556.11,7306.2,4668.33,2637.87
O103875,C10848,P1112,2026-03-06,1,0.1,55.1,Credit Card,Delivered,3747.66,3014.85,3372.89,3014.85,358.04
O103876,C10677,P1068,2025-09-14,1,0.05,36.69,Debit Card,Shipped,8864.37,5516.76,8421.15,5516.76,2904.39
O103877,C10630,P1066,2026-07-12,1,0.0,52.66,UPI,Shipped,6204.32,3462.32,6204.32,3462.32,2742.0
O103878,C10626,P1032,2025-08-23,3,0.0,19.26,COD,Delivered,1643.06,925.34,4929.18,2776.02,2153.16
O103879,C11236,P1063,2026-04-16,1,0.15,139.69,Net Banking,Delivered,6336.48,4060.59,5386.01,4060.59,1325.42
O103880,C11446,P1067,2026-05-02,3,0.1,14.43,Debit Card,Delivered,6227.25,3828.72,16813.58,11486.16,5327.42
O103881,C10584,P1058,2026-04-14,4,0.0,70.24,Net Banking,Returned,1139.13,868.45,4556.52,3473.8,1082.72
O103882,C11797,P1105,2026-08-13,1,0.0,108.11,Debit Card,Delivered,5921.43,3427.44,5921.43,3427.44,2493.99
O103883,C11555,P1144,2026-01-14,4,0.0,93.63,Credit Card,Delivered,2601.04,1801.4,10404.16,7205.6,3198.56
O103884,C10098,P1085,2026-06-02,1,0.1,146.69,Net Banking,Delivered,229.52,181.34,206.57,181.34,25.23
O103885,C11240,P1123,2025-12-25,1,0.0,124.62,Credit Card,Pending,877.39,667.5,877.39,667.5,209.89
O103886,C11371,P1137,2025-10-14,1,0.0,57.49,Net Banking,Delivered,3020.08,1976.97,3020.08,1976.97,1043.11
O103887,C11913,P1070,2026-03-29,1,0.05,3.86,UPI,Delivered,2608.79,2169.26,2478.35,2169.26,309.09
O103888,C10213,P1003,2025-11-18,1,0.05,60.19,Net Banking,Delivered,31454.08,19066.44,29881.38,19066.44,10814.94
O103889,C10126,P1045,2025-09-15,2,0.0,141.22,UPI,Cancelled,1149.36,712.41,2298.72,1424.82,873.9
O103890,C11560,P1012,2025-12-10,1,0.1,144.18,COD,Delivered,25370.06,18838.89,22833.05,18838.89,3994.16
O103891,C11842,P1133,2026-08-02,1,0.0,117.19,Debit Card,Delivered,3423.67,2098.85,3423.67,2098.85,1324.82
O103892,C11291,P1106,2025-08-21,3,0.15,8.81,Debit Card,Delivered,3820.64,2143.04,9742.63,6429.12,3313.51
O103893,C11640,P1150,2025-10-22,2,0.0,21.86,Credit Card,Cancelled,2574.89,1872.1,5149.78,3744.2,1405.58
O103894,C10258,P1010,2026-04-19,3,0.05,36.48,Credit Card,Delivered,9031.61,6794.04,25740.09,20382.12,5357.97
O103895,C10619,P1072,2025-11-12,1,0.1,73.75,Net Banking,Delivered,2376.29,1589.59,2138.66,1589.59,549.07
O103896,C10624,P1098,2026-07-04,3,0.15,108.43,UPI,Delivered,298.55,229.91,761.3,689.73,71.57
O103897,C11252,P1058,2026-07-23,4,0.2,64.13,Net Banking,Delivered,1139.13,868.45,3645.22,3473.8,171.42
O103898,C10057,P1037,2026-01-28,4,0.0,93.77,Debit Card,Delivered,1816.37,1116.6,7265.48,4466.4,2799.08
O103899,C11595,P1030,2025-09-12,2,0.0,53.48,Credit Card,Shipped,2098.13,1548.88,4196.26,3097.76,1098.5
O103900,C10946,P1086,2026-05-14,1,0.0,129.37,COD,Cancelled,316.01,223.96,316.01,223.96,92.05
O103901,C11083,P1101,2025-12-05,3,0.05,103.55,Credit Card,Delivered,2706.0,1556.11,7712.1,4668.33,3043.77
O103902,C10691,P1121,2025-12-27,4,0.05,114.15,UPI,Delivered,1135.94,710.5,4316.57,2842.0,1474.57
O103903,C10882,P1021,2026-03-01,1,0.05,8.67,Net Banking,Delivered,15455.38,11592.94,14682.61,11592.94,3089.67
O103904,C11935,P1018,2026-03-05,2,0.0,117.26,Debit Card,Delivered,52552.08,30527.71,105104.16,61055.42,44048.74
O103905,C11132,P1077,2025-11-07,1,0.2,25.15,Credit Card,Delivered,206.69,134.91,165.35,134.91,30.44
O103906,C10671,P1102,2025-09-02,4,0.0,107.69,COD,Delivered,4370.98,2495.57,17483.92,9982.28,7501.64
O103907,C10149,P1058,2025-10-13,1,0.05,128.71,Net Banking,Delivered,1139.13,868.45,1082.17,868.45,213.72
O103908,C10099,P1053,2026-05-20,2,0.0,120.06,Debit Card,Returned,922.36,543.78,1844.72,1087.56,757.16
O103909,C10391,P1105,2026-04-21,1,0.15,14.63,Credit Card,Returned,5921.43,3427.44,5033.22,3427.44,1605.78
O103910,C11518,P1035,2026-01-19,4,0.0,9.68,UPI,Cancelled,3107.6,2368.57,12430.4,9474.28,2956.12
O103911,C10400,P1080,2026-02-21,1,0.05,81.55,COD,Delivered,287.38,222.33,273.01,222.33,50.68
O103912,C10543,P1105,2026-06-22,1,0.2,80.7,Credit Card,Delivered,5921.43,3427.44,4737.14,3427.44,1309.7
O103913,C10039,P1078,2026-07-15,2,0.15,81.09,Credit Card,Delivered,1604.45,1009.9,2727.57,2019.8,707.77
O103914,C11463,P1149,2025-10-27,1,0.0,139.72,COD,Delivered,1265.06,835.13,1265.06,835.13,429.93
O103915,C11420,P1102,2026-06-18,4,0.2,93.02,Net Banking,Cancelled,4370.98,2495.57,13987.14,9982.28,4004.86
O103916,C10067,P1142,2025-11-01,4,0.1,84.38,Debit Card,Delivered,1618.71,996.37,5827.36,3985.48,1841.88
O103917,C11838,P1037,2026-05-26,1,0.05,119.86,Net Banking,Cancelled,1816.37,1116.6,1725.55,1116.6,608.95
O103918,C10782,P1150,2026-04-17,1,0.0,77.18,UPI,Delivered,2574.89,1872.1,2574.89,1872.1,702.79
O103919,C11649,P1023,2025-10-26,1,0.1,16.43,COD,Delivered,54514.7,32908.14,49063.23,32908.14,16155.09
O103920,C10586,P1017,2026-07-27,1,0.0,44.77,COD,Delivered,68434.16,40506.57,68434.16,40506.57,27927.59
O103921,C10077,P1078,2026-04-13,3,0.0,1.05,Credit Card,Cancelled,1604.45,1009.9,4813.35,3029.7,1783.65
O103922,C10120,P1040,2026-05-04,3,0.0,112.52,Credit Card,Delivered,3344.13,2454.65,10032.39,7363.95,2668.44
O103923,C11621,P1094,2026-06-26,1,0.1,144.59,UPI,Delivered,1847.54,1150.18,1662.79,1150.18,512.61
O103924,C11670,P1144,2025-08-30,1,0.0,76.57,Net Banking,Pending,2601.04,1801.4,2601.04,1801.4,799.64
O103925,C10865,P1101,2026-02-03,1,0.0,116.51,Debit Card,Delivered,2706.0,1556.11,2706.0,1556.11,1149.89
O103926,C11540,P1087,2026-05-17,2,0.0,98.77,Credit Card,Delivered,1693.9,1011.65,3387.8,2023.3,1364.5
O103927,C10274,P1134,2025-12-03,4,0.0,62.23,Credit Card,Delivered,299.83,242.36,1199.32,969.44,229.88
O103928,C10479,P1003,2026-06-15,2,0.05,133.03,Credit Card,Delivered,31454.08,19066.44,59762.75,38132.88,21629.87
O103929,C10677,P1103,2026-05-05,1,0.0,30.87,Net Banking,Pending,1864.92,1469.71,1864.92,1469.71,395.21
O103930,C10442,P1053,2025-08-29,1,0.15,22.98,UPI,Delivered,922.36,543.78,784.01,543.78,240.23
O103931,C10450,P1051,2025-09-19,1,0.0,27.64,Debit Card,Delivered,3086.44,2233.31,3086.44,2233.31,853.13
O103932,C10904,P1018,2026-04-08,2,0.0,70.04,UPI,Delivered,52552.08,30527.71,105104.16,61055.42,44048.74
O103933,C10877,P1117,2026-05-03,1,0.15,24.52,Debit Card,Returned,4152.01,2619.57,3529.21,2619.57,909.64
O103934,C10022,P1113,2026-08-19,1,0.15,70.51,COD,Delivered,3031.82,2160.62,2577.05,2160.62,416.43
O103935,C10980,P1089,2026-03-05,1,0.0,75.04,Debit Card,Delivered,1514.99,1072.27,1514.99,1072.27,442.72
O103936,C11533,P1015,2025-10-03,4,0.0,35.19,Credit Card,Delivered,13194.79,8050.63,52779.16,32202.52,20576.64
O103937,C10759,P1054,2026-08-15,4,0.1,139.32,UPI,Delivered,5995.19,3653.27,21582.68,14613.08,6969.6
O103938,C11851,P1045,2026-02-06,1,0.0,27.52,Credit Card,Shipped,1149.36,712.41,1149.36,712.41,436.95
O103939,C11139,P1067,2025-09-29,2,0.0,27.74,COD,Delivered,6227.25,3828.72,12454.5,7657.44,4797.06
O103940,C10060,P1056,2025-11-27,3,0.0,11.44,Debit Card,Delivered,1431.57,1192.48,4294.71,3577.44,717.27
O103941,C11948,P1034,2026-05-15,3,0.15,146.76,UPI,Delivered,3445.82,2463.26,8786.84,7389.78,1397.06
O103942,C10607,P1118,2025-12-02,3,0.0,53.17,UPI,Pending,4978.89,3068.71,14936.67,9206.13,5730.54
O103943,C11638,P1149,2026-04-21,1,0.15,130.6,UPI,Delivered,1265.06,835.13,1075.3,835.13,240.17
O103944,C11470,P1042,2026-02-20,2,0.15,1.49,Credit Card,Delivered,1907.35,1363.61,3242.5,2727.22,515.28
O103945,C10272,P1075,2025-12-11,1,0.2,0.03,UPI,Returned,6257.58,4866.0,5006.06,4866.0,140.06
O103946,C10120,P1113,2026-06-20,2,0.05,38.92,COD,Returned,3031.82,2160.62,5760.46,4321.24,1439.22
O103947,C10531,P1140,2026-06-14,1,0.0,58.76,COD,Shipped,436.07,348.48,436.07,348.48,87.59
O103948,C11963,P1027,2026-01-21,2,0.2,80.47,COD,Delivered,5526.19,3231.39,8841.9,6462.78,2379.12
O103949,C11416,P1127,2026-05-07,4,0.0,52.67,Debit Card,Cancelled,2406.08,1554.9,9624.32,6219.6,3404.72
O103950,C10848,P1028,2026-05-13,3,0.05,58.48,Net Banking,Shipped,5009.89,3386.66,14278.19,10159.98,4118.21
O103951,C11231,P1047,2025-10-24,3,0.0,140.46,Debit Card,Delivered,4008.04,3183.54,12024.12,9550.62,2473.5
O103952,C10737,P1139,2025-10-28,2,0.1,91.76,Credit Card,Delivered,451.27,274.75,812.29,549.5,262.79
O103953,C11886,P1113,2026-03-31,2,0.1,100.15,Credit Card,Shipped,3031.82,2160.62,5457.28,4321.24,1136.04
O103954,C10961,P1038,2026-03-11,1,0.1,32.12,Debit Card,Delivered,3530.81,2400.64,3177.73,2400.64,777.09
O103955,C11907,P1017,2026-06-19,2,0.0,95.55,Credit Card,Delivered,68434.16,40506.57,136868.32,81013.14,55855.18
O103956,C11227,P1011,2025-12-28,4,0.05,26.95,Net Banking,Shipped,18237.69,11700.82,69303.22,46803.28,22499.94
O103957,C10703,P1099,2025-09-23,3,0.15,82.72,COD,Shipped,482.66,272.31,1230.78,816.93,413.85
O103958,C10578,P1066,2026-02-04,3,0.1,97.93,Net Banking,Shipped,6204.32,3462.32,16751.66,10386.96,6364.7
O103959,C10302,P1064,2025-12-15,3,0.2,16.56,COD,Delivered,4942.18,3929.49,11861.23,11788.47,72.76
O103960,C10385,P1116,2025-11-04,1,0.1,35.4,Net Banking,Shipped,1503.58,846.7,1353.22,846.7,506.52
O103961,C10157,P1048,2026-01-08,1,0.1,46.92,UPI,Delivered,714.29,437.46,642.86,437.46,205.4
O103962,C10177,P1013,2025-10-08,4,0.2,23.59,UPI,Delivered,52895.62,37136.59,169265.98,148546.36,20719.62
O103963,C11979,P1132,2026-05-15,1,0.1,144.5,UPI,Delivered,1045.48,772.39,940.93,772.39,168.54
O103964,C10710,P1142,2026-07-23,1,0.0,132.07,COD,Shipped,1618.71,996.37,1618.71,996.37,622.34
O103965,C11522,P1013,2026-03-11,1,0.0,1.95,UPI,Delivered,52895.62,37136.59,52895.62,37136.59,15759.03
O103966,C10102,P1125,2026-05-26,2,0.0,37.1,Debit Card,Delivered,2435.61,1942.11,4871.22,3884.22,987.0
O103967,C11635,P1058,2026-07-29,2,0.0,69.74,Net Banking,Delivered,1139.13,868.45,2278.26,1736.9,541.36
O103968,C10213,P1065,2025-08-26,2,0.1,7.01,Debit Card,Delivered,1517.88,1218.22,2732.18,2436.44,295.74
O103969,C10652,P1029,2026-04-24,4,0.0,24.79,COD,Delivered,564.96,451.92,2259.84,1807.68,452.16
O103970,C10360,P1037,2025-12-31,4,0.0,50.84,COD,Pending,1816.37,1116.6,7265.48,4466.4,2799.08
O103971,C11533,P1066,2026-04-22,1,0.0,94.94,Credit Card,Delivered,6204.32,3462.32,6204.32,3462.32,2742.0
O103972,C10931,P1047,2026-02-23,3,0.05,64.05,Credit Card,Delivered,4008.04,3183.54,11422.91,9550.62,1872.29
O103973,C11756,P1075,2026-08-17,3,0.1,93.42,Credit Card,Delivered,6257.58,4866.0,16895.47,14598.0,2297.47
O103974,C10770,P1046,2025-12-09,2,0.2,33.23,COD,Delivered,4835.09,3320.63,7736.14,6641.26,1094.88
O103975,C11404,P1067,2025-11-10,2,0.2,79.47,Net Banking,Cancelled,6227.25,3828.72,9963.6,7657.44,2306.16
O103976,C10784,P1050,2026-08-02,3,0.2,46.51,Credit Card,Shipped,802.78,481.82,1926.67,1445.46,481.21
O103977,C10004,P1139,2025-12-21,2,0.0,0.56,Credit Card,Delivered,451.27,274.75,902.54,549.5,353.04
O103978,C10594,P1076,2025-12-12,2,0.2,36.01,Debit Card,Delivered,625.33,474.81,1000.53,949.62,50.91
O103979,C11854,P1005,2025-11-25,4,0.1,135.59,Debit Card,Delivered,47571.0,27164.82,171255.6,108659.28,62596.32
O103980,C11063,P1128,2026-04-17,1,0.2,85.17,Net Banking,Delivered,1654.17,1108.55,1323.34,1108.55,214.79
O103981,C11890,P1085,2026-07-04,4,0.1,78.57,UPI,Delivered,229.52,181.34,826.27,725.36,100.91
O103982,C10043,P1043,2026-05-28,1,0.1,29.14,UPI,Cancelled,2304.37,1753.37,2073.93,1753.37,320.56
O103983,C11258,P1097,2025-11-29,1,0.2,65.25,Net Banking,Delivered,371.34,245.76,297.07,245.76,51.31
O103984,C10147,P1081,2025-11-22,1,0.0,77.11,Credit Card,Shipped,2172.75,1311.33,2172.75,1311.33,861.42
O103985,C10918,P1128,2026-02-01,2,0.15,134.06,Debit Card,Delivered,1654.17,1108.55,2812.09,2217.1,594.99
O103986,C11851,P1047,2026-04-18,4,0.2,133.6,COD,Delivered,4008.04,3183.54,12825.73,12734.16,91.57
O103987,C11348,P1054,2025-10-30,2,0.1,141.52,Credit Card,Pending,5995.19,3653.27,10791.34,7306.54,3484.8
O103988,C11225,P1082,2025-11-04,4,0.0,22.71,COD,Delivered,2274.24,1299.56,9096.96,5198.24,3898.72
O103989,C10379,P1116,2026-03-16,1,0.15,102.22,COD,Delivered,1503.58,846.7,1278.04,846.7,431.34
O103990,C11628,P1044,2026-03-18,2,0.0,116.7,Credit Card,Returned,1399.41,917.62,2798.82,1835.24,963.58
O103991,C11162,P1040,2026-02-16,1,0.0,48.31,UPI,Delivered,3344.13,2454.65,3344.13,2454.65,889.48
O103992,C11815,P1103,2025-12-07,4,0.0,114.06,Debit Card,Delivered,1864.92,1469.71,7459.68,5878.84,1580.84
O103993,C10291,P1035,2026-04-02,1,0.0,3.35,UPI,Delivered,3107.6,2368.57,3107.6,2368.57,739.03
O103994,C11173,P1041,2025-10-31,1,0.15,147.56,Credit Card,Delivered,1521.85,1173.08,1293.57,1173.08,120.49
O103995,C10240,P1019,2025-11-09,2,0.0,136.21,Debit Card,Returned,53480.6,38132.5,106961.2,76265.0,30696.2
O103996,C11956,P1106,2026-03-24,1,0.0,9.97,Credit Card,Delivered,3820.64,2143.04,3820.64,2143.04,1677.6
O103997,C11212,P1082,2026-06-09,2,0.1,67.66,Debit Card,Shipped,2274.24,1299.56,4093.63,2599.12,1494.51
O103998,C11436,P1149,2025-11-24,1,0.05,47.82,COD,Delivered,1265.06,835.13,1201.81,835.13,366.68
O103999,C10501,P1119,2025-10-11,2,0.05,16.96,Credit Card,Delivered,5211.2,3497.26,9901.28,6994.52,2906.76
O104000,C10353,P1076,2026-01-07,4,0.2,105.19,Credit Card,Delivered,625.33,474.81,2001.06,1899.24,101.82
O104001,C10773,P1020,2025-11-05,1,0.2,14.48,Debit Card,Delivered,40470.11,25854.79,32376.09,25854.79,6521.3
O104002,C11277,P1132,2025-10-02,1,0.0,8.86,UPI,Delivered,1045.48,772.39,1045.48,772.39,273.09
O104003,C11129,P1087,2026-05-25,1,0.2,124.23,UPI,Delivered,1693.9,1011.65,1355.12,1011.65,343.47
O104004,C11483,P1028,2026-06-27,1,0.15,92.21,Credit Card,Delivered,5009.89,3386.66,4258.41,3386.66,871.75
O104005,C11558,P1011,2026-07-23,3,0.0,133.4,UPI,Delivered,18237.69,11700.82,54713.07,35102.46,19610.61
O104006,C11095,P1058,2026-05-18,3,0.15,110.47,Credit Card,Delivered,1139.13,868.45,2904.78,2605.35,299.43
O104007,C11316,P1022,2025-10-08,3,0.0,31.95,Credit Card,Cancelled,8340.38,5227.15,25021.14,15681.45,9339.69
O104008,C10194,P1045,2026-03-12,1,0.0,62.86,UPI,Delivered,1149.36,712.41,1149.36,712.41,436.95
O104009,C10607,P1131,2026-01-15,1,0.1,3.58,UPI,Delivered,355.98,201.63,320.38,201.63,118.75
O104010,C11103,P1040,2025-10-21,1,0.0,145.5,COD,Delivered,3344.13,2454.65,3344.13,2454.65,889.48
O104011,C11098,P1128,2026-03-01,1,0.15,60.52,COD,Delivered,1654.17,1108.55,1406.04,1108.55,297.49
O104012,C10018,P1027,2025-11-17,1,0.0,101.08,Net Banking,Delivered,5526.19,3231.39,5526.19,3231.39,2294.8
O104013,C10670,P1068,2026-03-20,2,0.1,76.7,Net Banking,Delivered,8864.37,5516.76,15955.87,11033.52,4922.35
O104014,C10798,P1080,2025-08-31,2,0.0,101.6,Debit Card,Shipped,287.38,222.33,574.76,444.66,130.1
O104015,C11715,P1001,2026-01-02,4,0.1,30.86,UPI,Shipped,38372.92,26874.96,138142.51,107499.84,30642.67
O104016,C10364,P1146,2026-07-19,4,0.15,118.96,Net Banking,Returned,1033.25,584.92,3513.05,2339.68,1173.37
O104017,C11020,P1114,2026-01-25,4,0.0,67.63,Net Banking,Delivered,1562.14,1189.51,6248.56,4758.04,1490.52
O104018,C11704,P1081,2025-11-24,2,0.0,3.65,Net Banking,Delivered,2172.75,1311.33,4345.5,2622.66,1722.84
O104019,C11509,P1100,2025-12-20,2,0.0,37.22,COD,Delivered,664.62,470.32,1329.24,940.64,388.6
O104020,C11783,P1103,2026-01-25,4,0.15,74.35,Debit Card,Shipped,1864.92,1469.71,6340.73,5878.84,461.89
O104021,C10244,P1112,2025-12-24,4,0.15,130.38,Credit Card,Delivered,3747.66,3014.85,12742.04,12059.4,682.64
O104022,C11349,P1047,2026-06-07,2,0.15,15.89,UPI,Delivered,4008.04,3183.54,6813.67,6367.08,446.59
O104023,C11465,P1112,2025-09-26,1,0.1,20.73,Credit Card,Delivered,3747.66,3014.85,3372.89,3014.85,358.04
O104024,C10396,P1047,2026-07-21,2,0.0,91.49,UPI,Delivered,4008.04,3183.54,8016.08,6367.08,1649.0
O104025,C10131,P1012,2026-07-18,1,0.0,69.94,Debit Card,Delivered,25370.06,18838.89,25370.06,18838.89,6531.17
O104026,C10519,P1137,2025-11-11,1,0.0,101.49,Credit Card,Shipped,3020.08,1976.97,3020.08,1976.97,1043.11
O104027,C10231,P1073,2026-02-08,1,0.0,26.14,COD,Returned,1405.49,1138.4,1405.49,1138.4,267.09
O104029,C11767,P1115,2026-01-11,1,0.2,35.28,Credit Card,Cancelled,5803.85,3277.3,4643.08,3277.3,1365.78
O104030,C10833,P1072,2026-06-11,1,0.15,40.96,Net Banking,Delivered,2376.29,1589.59,2019.85,1589.59,430.26
O104031,C10198,P1042,2026-04-12,1,0.2,132.14,Net Banking,Delivered,1907.35,1363.61,1525.88,1363.61,162.27
O104032,C10228,P1141,2025-12-08,4,0.0,36.56,UPI,Delivered,913.93,756.89,3655.72,3027.56,628.16
O104033,C11793,P1111,2025-11-28,2,0.1,118.53,COD,Delivered,583.37,467.6,1050.07,935.2,114.87
O104034,C11511,P1044,2026-01-09,1,0.2,78.99,UPI,Delivered,1399.41,917.62,1119.53,917.62,201.91
O104035,C10713,P1051,2026-01-22,2,0.0,146.0,Credit Card,Delivered,3086.44,2233.31,6172.88,4466.62,1706.26
O104036,C10397,P1140,2025-12-24,1,0.05,26.7,COD,Delivered,436.07,348.48,414.27,348.48,65.79
O104037,C10198,P1001,2026-01-10,4,0.05,65.36,Debit Card,Delivered,38372.92,26874.96,145817.1,107499.84,38317.26
O104038,C10669,P1046,2026-08-07,4,0.0,102.07,Debit Card,Delivered,4835.09,3320.63,19340.36,13282.52,6057.84
O104039,C11085,P1061,2026-03-24,3,0.0,49.62,Net Banking,Delivered,3373.53,1885.35,10120.59,5656.05,4464.54
O104040,C11916,P1091,2026-02-19,4,0.0,48.99,Net Banking,Delivered,722.91,529.78,2891.64,2119.12,772.52
O104041,C11895,P1107,2026-04-25,1,0.0,15.74,Net Banking,Delivered,3347.45,2456.75,3347.45,2456.75,890.7
O104042,C11595,P1145,2026-06-01,1,0.0,125.24,Net Banking,Delivered,2714.68,1805.11,2714.68,1805.11,909.57
O104043,C10924,P1102,2025-10-03,1,0.0,142.24,Net Banking,Delivered,4370.98,2495.57,4370.98,2495.57,1875.41
O104044,C10336,P1118,2025-12-06,4,0.0,132.73,COD,Returned,4978.89,3068.71,19915.56,12274.84,7640.72
O104045,C11757,P1059,2026-01-19,1,0.0,94.76,Credit Card,Cancelled,2473.66,1991.45,2473.66,1991.45,482.21
O104046,C11822,P1053,2026-01-19,1,0.0,80.19,Net Banking,Delivered,922.36,543.78,922.36,543.78,378.58
O104047,C10790,P1053,2025-12-16,1,0.15,20.18,Credit Card,Shipped,922.36,543.78,784.01,543.78,240.23
O104048,C10835,P1022,2026-03-17,1,0.15,87.57,Net Banking,Delivered,8340.38,5227.15,7089.32,5227.15,1862.17
O104049,C10234,P1139,2025-09-04,2,0.0,74.97,COD,Delivered,451.27,274.75,902.54,549.5,353.04
O104050,C10932,P1027,2025-09-10,1,0.05,39.85,Credit Card,Delivered,5526.19,3231.39,5249.88,3231.39,2018.49
O104051,C10625,P1028,2025-12-03,2,0.0,31.3,UPI,Pending,5009.89,3386.66,10019.78,6773.32,3246.46
O104052,C10389,P1040,2025-09-18,1,0.15,22.08,Net Banking,Shipped,3344.13,2454.65,2842.51,2454.65,387.86
O104053,C10412,P1058,2026-06-28,1,0.1,109.33,Net Banking,Delivered,1139.13,868.45,1025.22,868.45,156.77
O104054,C11379,P1139,2026-04-16,2,0.0,18.99,Net Banking,Shipped,451.27,274.75,902.54,549.5,353.04
O104055,C10459,P1090,2025-11-21,2,0.0,68.07,Credit Card,Delivered,159.95,116.89,319.9,233.78,86.12
O104056,C11229,P1017,2026-03-25,1,0.1,113.4,Net Banking,Delivered,68434.16,40506.57,61590.74,40506.57,21084.17
O104057,C11451,P1006,2025-10-20,4,0.0,24.47,COD,Pending,18739.53,10820.0,74958.12,43280.0,31678.12
O104058,C10988,P1127,2025-12-27,3,0.0,22.22,COD,Delivered,2406.08,1554.9,7218.24,4664.7,2553.54
O104059,C10089,P1109,2026-07-03,1,0.1,52.06,Debit Card,Cancelled,4331.81,3435.6,3898.63,3435.6,463.03
O104060,C10343,P1002,2026-07-06,4,0.0,78.39,Net Banking,Delivered,64458.4,38857.64,257833.6,155430.56,102403.04
O104061,C11754,P1069,2025-08-30,4,0.2,116.68,Credit Card,Shipped,717.29,416.98,2295.33,1667.92,627.41
O104062,C11273,P1033,2025-10-28,2,0.15,60.2,COD,Delivered,4333.28,2734.68,7366.58,5469.36,1897.22
O104063,C11959,P1105,2025-11-21,2,0.1,39.35,UPI,Delivered,5921.43,3427.44,10658.57,6854.88,3803.69
O104064,C11031,P1029,2026-01-26,2,0.0,14.29,Debit Card,Pending,564.96,451.92,1129.92,903.84,226.08
O104065,C10859,P1149,2026-07-09,2,0.2,46.11,Net Banking,Delivered,1265.06,835.13,2024.1,1670.26,353.84
O104066,C11109,P1077,2026-06-20,2,0.05,34.82,Debit Card,Delivered,206.69,134.91,392.71,269.82,122.89
O104067,C10365,P1005,2025-08-30,1,0.0,20.12,Credit Card,Delivered,47571.0,27164.82,47571.0,27164.82,20406.18
O104068,C10772,P1095,2026-04-20,1,0.15,40.76,COD,Delivered,561.33,353.29,477.13,353.29,123.84
O104069,C11565,P1044,2025-12-03,3,0.05,55.33,Net Banking,Cancelled,1399.41,917.62,3988.32,2752.86,1235.46
O104070,C11178,P1025,2026-01-02,1,0.15,76.54,Credit Card,Delivered,29530.29,19324.99,25100.75,19324.99,5775.76
O104071,C10419,P1079,2026-04-21,1,0.0,51.02,Net Banking,Delivered,926.66,604.47,926.66,604.47,322.19
O104072,C11159,P1042,2026-06-28,2,0.0,62.4,Debit Card,Delivered,1907.35,1363.61,3814.7,2727.22,1087.48
O104073,C11234,P1070,2026-08-10,2,0.1,125.34,COD,Delivered,2608.79,2169.26,4695.82,4338.52,357.3
O104074,C10019,P1114,2026-04-01,1,0.05,33.56,Debit Card,Returned,1562.14,1189.51,1484.03,1189.51,294.52
O104075,C11187,P1006,2026-08-12,1,0.15,110.39,COD,Delivered,18739.53,10820.0,15928.6,10820.0,5108.6
O104076,C10974,P1037,2025-09-26,2,0.0,90.87,Net Banking,Delivered,1816.37,1116.6,3632.74,2233.2,1399.54
O104077,C11209,P1078,2026-07-02,2,0.0,11.19,UPI,Shipped,1604.45,1009.9,3208.9,2019.8,1189.1
O104078,C11176,P1102,2026-06-04,1,0.0,136.43,COD,Delivered,4370.98,2495.57,4370.98,2495.57,1875.41
O104079,C10008,P1142,2025-09-28,2,0.0,112.15,Net Banking,Delivered,1618.71,996.37,3237.42,1992.74,1244.68
O104080,C11405,P1128,2026-02-04,1,0.2,39.45,Debit Card,Delivered,1654.17,1108.55,1323.34,1108.55,214.79
O104081,C11405,P1147,2026-07-11,4,0.0,146.65,Debit Card,Delivered,834.22,686.19,3336.88,2744.76,592.12
O104082,C10155,P1131,2025-09-29,2,0.0,39.94,Credit Card,Shipped,355.98,201.63,711.96,403.26,308.7
O104083,C11643,P1130,2026-04-28,1,0.1,147.63,Debit Card,Delivered,1664.71,1119.11,1498.24,1119.11,379.13
O104084,C10947,P1063,2026-06-11,4,0.0,48.84,Debit Card,Cancelled,6336.48,4060.59,25345.92,16242.36,9103.56
O104085,C11063,P1088,2025-11-23,1,0.2,118.12,Credit Card,Delivered,1116.94,867.28,893.55,867.28,26.27
O104086,C11191,P1138,2025-10-16,1,0.0,145.17,Net Banking,Delivered,1859.8,1352.45,1859.8,1352.45,507.35
O104087,C10780,P1075,2026-06-24,4,0.2,79.43,Net Banking,Delivered,6257.58,4866.0,20024.26,19464.0,560.26
O104088,C10544,P1075,2025-10-03,1,0.2,127.89,Debit Card,Delivered,6257.58,4866.0,5006.06,4866.0,140.06
O104089,C11239,P1043,2025-11-23,3,0.0,10.26,Net Banking,Shipped,2304.37,1753.37,6913.11,5260.11,1653.0
O104090,C11794,P1003,2025-08-29,1,0.15,56.47,Debit Card,Pending,31454.08,19066.44,26735.97,19066.44,7669.53
O104091,C10243,P1009,2025-12-05,2,0.2,63.33,Credit Card,Delivered,33080.16,21064.69,52928.26,42129.38,10798.88
O104092,C11969,P1118,2026-05-18,1,0.0,58.0,UPI,Delivered,4978.89,3068.71,4978.89,3068.71,1910.18
O104093,C10594,P1142,2026-08-18,4,0.0,9.4,Net Banking,Returned,1618.71,996.37,6474.84,3985.48,2489.36
O104094,C10038,P1140,2025-12-20,1,0.2,102.1,Credit Card,Delivered,436.07,348.48,348.86,348.48,0.38
O104095,C11708,P1065,2026-01-11,2,0.2,61.67,Debit Card,Delivered,1517.88,1218.22,2428.61,2436.44,-7.83
O104096,C11578,P1057,2026-06-20,1,0.2,128.64,UPI,Delivered,4847.14,3432.05,3877.71,3432.05,445.66
O104097,C11106,P1147,2026-02-11,1,0.0,41.36,Net Banking,Delivered,834.22,686.19,834.22,686.19,148.03
O104098,C11364,P1011,2026-01-03,4,0.1,95.9,Debit Card,Delivered,18237.69,11700.82,65655.68,46803.28,18852.4
O104099,C11366,P1139,2026-05-06,2,0.2,70.84,Net Banking,Delivered,451.27,274.75,722.03,549.5,172.53
O104100,C11219,P1122,2026-08-09,1,0.15,98.71,Debit Card,Cancelled,588.59,431.08,500.3,431.08,69.22
O104101,C11523,P1028,2025-11-02,2,0.15,98.62,Net Banking,Delivered,5009.89,3386.66,8516.81,6773.32,1743.49
O104102,C11773,P1061,2025-09-05,2,0.1,18.73,UPI,Delivered,3373.53,1885.35,6072.35,3770.7,2301.65
O104103,C11967,P1115,2026-03-17,3,0.15,48.62,Debit Card,Returned,5803.85,3277.3,14799.82,9831.9,4967.92
O104104,C10097,P1001,2026-02-07,2,0.15,51.51,Credit Card,Delivered,38372.92,26874.96,65233.96,53749.92,11484.04
O104105,C10707,P1100,2026-03-12,2,0.2,7.92,COD,Delivered,664.62,470.32,1063.39,940.64,122.75
O104106,C11820,P1092,2026-04-04,4,0.0,33.42,Credit Card,Delivered,1913.34,1155.43,7653.36,4621.72,3031.64
O104107,C11983,P1092,2025-09-28,1,0.15,1.71,COD,Delivered,1913.34,1155.43,1626.34,1155.43,470.91
O104108,C11143,P1067,2026-04-17,2,0.2,59.31,Net Banking,Delivered,6227.25,3828.72,9963.6,7657.44,2306.16
O104109,C10898,P1139,2026-03-28,1,0.2,73.0,Debit Card,Delivered,451.27,274.75,361.02,274.75,86.27
O104110,C11167,P1014,2026-07-23,1,0.1,104.38,Net Banking,Shipped,27485.51,19010.32,24736.96,19010.32,5726.64
O104111,C11872,P1005,2026-08-15,4,0.0,12.25,UPI,Delivered,47571.0,27164.82,190284.0,108659.28,81624.72
O104112,C10332,P1107,2025-10-07,1,0.2,1.33,UPI,Delivered,3347.45,2456.75,2677.96,2456.75,221.21
O104113,C11293,P1053,2026-08-12,2,0.0,82.88,COD,Delivered,922.36,543.78,1844.72,1087.56,757.16
O104114,C11409,P1032,2026-04-01,4,0.15,148.87,UPI,Delivered,1643.06,925.34,5586.4,3701.36,1885.04
O104115,C11882,P1076,2026-08-08,1,0.0,107.52,Debit Card,Pending,625.33,474.81,625.33,474.81,150.52
O104116,C10517,P1034,2026-04-02,2,0.0,133.93,Net Banking,Delivered,3445.82,2463.26,6891.64,4926.52,1965.12
O104117,C10089,P1101,2026-03-03,2,0.2,128.16,COD,Delivered,2706.0,1556.11,4329.6,3112.22,1217.38
O104118,C10703,P1109,2025-10-20,1,0.2,14.93,Net Banking,Returned,4331.81,3435.6,3465.45,3435.6,29.85
O104119,C10821,P1096,2026-02-04,3,0.05,1.01,Credit Card,Delivered,1066.34,728.57,3039.07,2185.71,853.36
O104120,C10080,P1097,2025-11-07,1,0.0,128.24,Credit Card,Shipped,371.34,245.76,371.34,245.76,125.58
O104121,C10259,P1030,2026-02-23,1,0.0,110.86,Debit Card,Returned,2098.13,1548.88,2098.13,1548.88,549.25
O104122,C11252,P1112,2025-10-07,1,0.0,22.27,COD,Delivered,3747.66,3014.85,3747.66,3014.85,732.81
O104123,C11910,P1109,2025-09-11,1,0.0,93.49,Credit Card,Delivered,4331.81,3435.6,4331.81,3435.6,896.21
O104124,C11752,P1047,2026-06-07,3,0.15,14.67,UPI,Delivered,4008.04,3183.54,10220.5,9550.62,669.88
O104125,C10680,P1061,2026-08-20,2,0.05,39.87,Credit Card,Returned,3373.53,1885.35,6409.71,3770.7,2639.01
O104126,C11327,P1076,2026-06-08,1,0.0,57.27,COD,Shipped,625.33,474.81,625.33,474.81,150.52
O104127,C10530,P1128,2026-06-02,1,0.1,143.09,Debit Card,Delivered,1654.17,1108.55,1488.75,1108.55,380.2
O104128,C10797,P1078,2025-10-27,1,0.05,91.21,Net Banking,Delivered,1604.45,1009.9,1524.23,1009.9,514.33
O104129,C11609,P1084,2026-01-14,1,0.2,83.3,Debit Card,Delivered,771.46,641.72,617.17,641.72,-24.55
O104130,C11231,P1112,2026-04-01,4,0.2,61.85,Debit Card,Delivered,3747.66,3014.85,11992.51,12059.4,-66.89
O104131,C11737,P1060,2026-08-17,3,0.05,86.84,Net Banking,Delivered,887.63,507.33,2529.75,1521.99,1007.76
O104132,C10013,P1126,2025-12-10,2,0.2,93.76,UPI,Pending,1404.7,995.08,2247.52,1990.16,257.36
O104133,C10589,P1086,2025-09-05,2,0.05,138.81,Debit Card,Delivered,316.01,223.96,600.42,447.92,152.5
O104134,C10341,P1015,2026-07-07,2,0.0,29.38,UPI,Shipped,13194.79,8050.63,26389.58,16101.26,10288.32
O104135,C10808,P1033,2025-12-09,2,0.2,73.52,Credit Card,Pending,4333.28,2734.68,6933.25,5469.36,1463.89
O104136,C11906,P1018,2026-08-20,2,0.0,80.59,COD,Delivered,52552.08,30527.71,105104.16,61055.42,44048.74
O104137,C11595,P1037,2026-06-19,1,0.0,22.34,COD,Delivered,1816.37,1116.6,1816.37,1116.6,699.77
O104138,C10872,P1070,2025-10-24,1,0.0,108.33,Net Banking,Delivered,2608.79,2169.26,2608.79,2169.26,439.53
O104139,C11499,P1064,2025-10-17,1,0.2,76.84,Net Banking,Delivered,4942.18,3929.49,3953.74,3929.49,24.25
O104140,C10658,P1083,2025-10-21,3,0.0,58.95,Net Banking,Delivered,1658.92,944.21,4976.76,2832.63,2144.13
O104141,C10371,P1150,2025-10-06,1,0.2,103.25,Debit Card,Delivered,2574.89,1872.1,2059.91,1872.1,187.81
O104142,C11724,P1089,2025-08-22,1,0.0,32.87,Credit Card,Delivered,1514.99,1072.27,1514.99,1072.27,442.72
O104143,C10641,P1026,2026-08-13,1,0.0,24.03,COD,Delivered,5590.52,3241.08,5590.52,3241.08,2349.44
O104144,C11029,P1084,2025-12-20,2,0.0,36.49,COD,Delivered,771.46,641.72,1542.92,1283.44,259.48
O104145,C10173,P1115,2025-09-25,1,0.0,45.84,UPI,Delivered,5803.85,3277.3,5803.85,3277.3,2526.55
O104146,C11877,P1014,2026-07-05,2,0.0,78.23,Net Banking,Cancelled,27485.51,19010.32,54971.02,38020.64,16950.38
O104147,C10097,P1093,2026-06-06,1,0.0,9.24,Debit Card,Delivered,1288.82,1004.22,1288.82,1004.22,284.6
O104148,C10530,P1115,2026-05-30,2,0.05,141.57,COD,Delivered,5803.85,3277.3,11027.32,6554.6,4472.72
O104149,C10966,P1059,2026-03-06,1,0.15,90.07,Debit Card,Delivered,2473.66,1991.45,2102.61,1991.45,111.16
O104150,C10731,P1037,2025-11-02,1,0.2,57.88,Debit Card,Delivered,1816.37,1116.6,1453.1,1116.6,336.5
O104151,C11084,P1076,2025-10-29,2,0.0,96.21,UPI,Cancelled,625.33,474.81,1250.66,949.62,301.04
O104152,C11729,P1119,2025-10-15,4,0.0,91.99,UPI,Delivered,5211.2,3497.26,20844.8,13989.04,6855.76
O104153,C10615,P1147,2025-10-12,1,0.1,35.61,COD,Delivered,834.22,686.19,750.8,686.19,64.61
O104154,C10593,P1053,2026-03-01,1,0.1,112.15,UPI,Delivered,922.36,543.78,830.12,543.78,286.34
O104155,C11001,P1131,2025-09-26,3,0.0,68.9,Net Banking,Delivered,355.98,201.63,1067.94,604.89,463.05
O104156,C10400,P1032,2026-08-19,3,0.1,2.76,Net Banking,Delivered,1643.06,925.34,4436.26,2776.02,1660.24
O104157,C10171,P1018,2025-09-20,4,0.15,63.2,Credit Card,Delivered,52552.08,30527.71,178677.07,122110.84,56566.23
O104158,C11320,P1134,2026-04-03,1,0.05,113.7,Net Banking,Pending,299.83,242.36,284.84,242.36,42.48
O104159,C10875,P1010,2026-01-08,3,0.0,76.59,Net Banking,Delivered,9031.61,6794.04,27094.83,20382.12,6712.71
O104160,C11096,P1045,2026-06-12,1,0.0,141.83,Net Banking,Delivered,1149.36,712.41,1149.36,712.41,436.95
O104161,C11627,P1045,2025-08-30,2,0.2,89.75,COD,Delivered,1149.36,712.41,1838.98,1424.82,414.16
O104162,C10403,P1003,2026-03-07,2,0.1,106.96,Debit Card,Cancelled,31454.08,19066.44,56617.34,38132.88,18484.46
O104163,C10891,P1048,2026-06-27,2,0.15,128.96,Debit Card,Delivered,714.29,437.46,1214.29,874.92,339.37
O104164,C10642,P1047,2026-07-07,2,0.05,25.28,UPI,Delivered,4008.04,3183.54,7615.28,6367.08,1248.2
O104165,C10627,P1105,2026-05-03,2,0.2,78.51,Debit Card,Cancelled,5921.43,3427.44,9474.29,6854.88,2619.41
O104166,C10436,P1084,2026-04-05,2,0.2,13.95,Credit Card,Delivered,771.46,641.72,1234.34,1283.44,-49.1
O104167,C11651,P1132,2026-03-03,1,0.0,140.91,UPI,Delivered,1045.48,772.39,1045.48,772.39,273.09
O104168,C11157,P1028,2026-07-03,1,0.0,28.9,Debit Card,Delivered,5009.89,3386.66,5009.89,3386.66,1623.23
O104169,C10980,P1049,2025-09-09,1,0.1,77.94,Debit Card,Delivered,4665.92,2735.27,4199.33,2735.27,1464.06
O104170,C10782,P1128,2026-02-03,4,0.0,46.89,UPI,Shipped,1654.17,1108.55,6616.68,4434.2,2182.48
O104171,C10907,P1097,2025-12-06,2,0.0,99.32,Credit Card,Delivered,371.34,245.76,742.68,491.52,251.16
O104172,C10815,P1017,2026-04-05,1,0.0,50.47,Debit Card,Delivered,68434.16,40506.57,68434.16,40506.57,27927.59
O104173,C11667,P1102,2026-05-03,1,0.2,59.29,Credit Card,Delivered,4370.98,2495.57,3496.78,2495.57,1001.21
O104174,C11179,P1066,2026-08-04,1,0.1,78.43,COD,Delivered,6204.32,3462.32,5583.89,3462.32,2121.57
O104175,C10881,P1068,2026-05-18,4,0.15,65.12,Debit Card,Delivered,8864.37,5516.76,30138.86,22067.04,8071.82
O104176,C11204,P1148,2026-01-03,2,0.15,24.14,Net Banking,Shipped,884.97,623.21,1504.45,1246.42,258.03
O104177,C11413,P1010,2025-12-14,2,0.0,147.87,UPI,Delivered,9031.61,6794.04,18063.22,13588.08,4475.14
O104178,C11220,P1142,2026-01-14,2,0.15,1.58,Debit Card,Delivered,1618.71,996.37,2751.81,1992.74,759.07
O104179,C11183,P1005,2025-11-25,3,0.05,84.14,Net Banking,Returned,47571.0,27164.82,135577.35,81494.46,54082.89
O104180,C11706,P1088,2026-05-05,2,0.0,22.4,Credit Card,Delivered,1116.94,867.28,2233.88,1734.56,499.32
O104181,C10175,P1139,2025-12-07,2,0.2,129.24,Net Banking,Delivered,451.27,274.75,722.03,549.5,172.53
O104182,C11070,P1075,2026-01-29,2,0.0,95.63,Debit Card,Delivered,6257.58,4866.0,12515.16,9732.0,2783.16
O104183,C10604,P1100,2025-12-04,1,0.1,7.25,Debit Card,Shipped,664.62,470.32,598.16,470.32,127.84
O104184,C11054,P1133,2026-04-10,3,0.0,25.9,Debit Card,Delivered,3423.67,2098.85,10271.01,6296.55,3974.46
O104185,C11924,P1118,2025-12-14,2,0.0,115.73,Net Banking,Delivered,4978.89,3068.71,9957.78,6137.42,3820.36
O104186,C10350,P1144,2025-12-14,1,0.0,83.43,Debit Card,Cancelled,2601.04,1801.4,2601.04,1801.4,799.64
O104187,C11823,P1126,2026-05-01,2,0.0,5.4,Debit Card,Delivered,1404.7,995.08,2809.4,1990.16,819.24
O104188,C11170,P1090,2025-08-29,2,0.0,91.36,Net Banking,Delivered,159.95,116.89,319.9,233.78,86.12
O104189,C11062,P1029,2026-01-03,4,0.0,105.47,Net Banking,Delivered,564.96,451.92,2259.84,1807.68,452.16
O104190,C10294,P1019,2025-09-23,4,0.1,100.42,COD,Shipped,53480.6,38132.5,192530.16,152530.0,40000.16
O104191,C10948,P1138,2026-06-09,2,0.15,75.27,Net Banking,Delivered,1859.8,1352.45,3161.66,2704.9,456.76
O104192,C11357,P1019,2026-08-09,2,0.15,39.38,Credit Card,Delivered,53480.6,38132.5,90917.02,76265.0,14652.02
O104193,C11107,P1049,2025-08-24,3,0.0,136.51,Net Banking,Returned,4665.92,2735.27,13997.76,8205.81,5791.95
O104194,C10926,P1021,2026-08-20,2,0.0,126.92,COD,Delivered,15455.38,11592.94,30910.76,23185.88,7724.88
O104195,C10673,P1149,2025-10-03,1,0.15,51.32,Net Banking,Delivered,1265.06,835.13,1075.3,835.13,240.17
O104196,C11978,P1068,2026-04-26,2,0.1,61.84,Debit Card,Shipped,8864.37,5516.76,15955.87,11033.52,4922.35
O104197,C11618,P1069,2025-09-19,1,0.2,6.36,Credit Card,Delivered,717.29,416.98,573.83,416.98,156.85
O104198,C11558,P1041,2025-11-13,4,0.0,126.01,Net Banking,Pending,1521.85,1173.08,6087.4,4692.32,1395.08
O104199,C11072,P1027,2025-12-27,3,0.0,121.08,UPI,Delivered,5526.19,3231.39,16578.57,9694.17,6884.4
O104200,C10446,P1008,2026-06-05,3,0.0,75.9,Credit Card,Delivered,51750.03,32987.78,155250.09,98963.34,56286.75
O104201,C10700,P1112,2025-10-07,2,0.2,89.72,Net Banking,Delivered,3747.66,3014.85,5996.26,6029.7,-33.44
O104202,C10168,P1148,2025-10-01,1,0.15,91.65,Credit Card,Delivered,884.97,623.21,752.22,623.21,129.01
O104203,C11007,P1138,2026-02-22,3,0.0,114.21,UPI,Delivered,1859.8,1352.45,5579.4,4057.35,1522.05
O104204,C11877,P1087,2025-10-03,4,0.0,131.52,Net Banking,Delivered,1693.9,1011.65,6775.6,4046.6,2729.0
O104205,C11682,P1006,2025-12-13,1,0.15,73.09,Net Banking,Delivered,18739.53,10820.0,15928.6,10820.0,5108.6
O104206,C11775,P1147,2026-02-17,2,0.0,54.26,Credit Card,Cancelled,834.22,686.19,1668.44,1372.38,296.06
O104207,C10912,P1120,2026-02-28,1,0.0,136.95,Net Banking,Delivered,3318.56,2380.1,3318.56,2380.1,938.46
O104208,C10647,P1038,2026-03-17,4,0.0,76.21,Net Banking,Cancelled,3530.81,2400.64,14123.24,9602.56,4520.68
O104209,C11894,P1109,2025-11-03,4,0.0,124.69,Net Banking,Delivered,4331.81,3435.6,17327.24,13742.4,3584.84
O104210,C11686,P1096,2026-02-02,1,0.05,66.04,UPI,Delivered,1066.34,728.57,1013.02,728.57,284.45
O104211,C11346,P1081,2025-10-27,1,0.1,91.72,Net Banking,Delivered,2172.75,1311.33,1955.48,1311.33,644.15
O104212,C10043,P1119,2025-10-05,1,0.15,20.31,UPI,Shipped,5211.2,3497.26,4429.52,3497.26,932.26
O104213,C11370,P1082,2026-06-16,4,0.0,63.79,Credit Card,Delivered,2274.24,1299.56,9096.96,5198.24,3898.72
O104214,C10809,P1006,2025-12-30,2,0.2,134.44,UPI,Delivered,18739.53,10820.0,29983.25,21640.0,8343.25
O104215,C10494,P1150,2025-12-27,2,0.0,25.79,UPI,Delivered,2574.89,1872.1,5149.78,3744.2,1405.58
O104216,C11964,P1137,2025-11-30,4,0.0,117.09,Credit Card,Cancelled,3020.08,1976.97,12080.32,7907.88,4172.44
O104217,C10972,P1079,2025-09-22,1,0.0,29.28,Credit Card,Delivered,926.66,604.47,926.66,604.47,322.19
O104218,C10646,P1090,2026-05-02,1,0.05,52.82,UPI,Delivered,159.95,116.89,151.95,116.89,35.06
O104219,C10874,P1011,2026-02-28,2,0.0,148.64,Net Banking,Delivered,18237.69,11700.82,36475.38,23401.64,13073.74
O104220,C11088,P1084,2026-03-17,2,0.2,104.38,Net Banking,Shipped,771.46,641.72,1234.34,1283.44,-49.1
O104221,C11753,P1129,2026-07-17,1,0.05,133.89,UPI,Delivered,3364.24,2034.28,3196.03,2034.28,1161.75
O104222,C10672,P1016,2026-07-23,1,0.2,71.85,Credit Card,Delivered,23119.64,19111.02,18495.71,19111.02,-615.31
O104223,C11464,P1119,2025-11-07,1,0.0,58.28,Credit Card,Delivered,5211.2,3497.26,5211.2,3497.26,1713.94
O104224,C11856,P1088,2026-05-24,2,0.0,58.62,Net Banking,Delivered,1116.94,867.28,2233.88,1734.56,499.32
O104225,C10777,P1103,2026-02-09,2,0.1,103.49,Credit Card,Returned,1864.92,1469.71,3356.86,2939.42,417.44
O104226,C10162,P1056,2025-12-21,2,0.1,76.33,Debit Card,Delivered,1431.57,1192.48,2576.83,2384.96,191.87
O104227,C11228,P1103,2026-08-03,1,0.0,61.75,Net Banking,Delivered,1864.92,1469.71,1864.92,1469.71,395.21
O104228,C10724,P1062,2026-07-29,2,0.05,68.4,Net Banking,Delivered,6951.68,5407.58,13208.19,10815.16,2393.03
O104229,C10015,P1086,2026-05-26,1,0.0,2.09,Net Banking,Delivered,316.01,223.96,316.01,223.96,92.05
O104230,C11790,P1111,2026-04-24,1,0.2,15.37,UPI,Delivered,583.37,467.6,466.7,467.6,-0.9
O104231,C11958,P1075,2026-07-30,4,0.05,9.94,COD,Delivered,6257.58,4866.0,23778.8,19464.0,4314.8
O104232,C10177,P1086,2026-04-07,1,0.05,49.7,COD,Cancelled,316.01,223.96,300.21,223.96,76.25
O104233,C10491,P1150,2025-08-21,4,0.1,76.05,COD,Delivered,2574.89,1872.1,9269.6,7488.4,1781.2
O104234,C10732,P1089,2026-05-24,2,0.05,149.38,UPI,Delivered,1514.99,1072.27,2878.48,2144.54,733.94
O104235,C10595,P1064,2026-06-01,2,0.0,59.69,COD,Pending,4942.18,3929.49,9884.36,7858.98,2025.38
O104236,C11257,P1011,2026-02-25,2,0.0,105.81,Credit Card,Cancelled,18237.69,11700.82,36475.38,23401.64,13073.74
O104237,C11866,P1062,2025-12-13,2,0.1,83.03,COD,Delivered,6951.68,5407.58,12513.02,10815.16,1697.86
O104238,C10936,P1008,2026-06-27,1,0.1,71.6,Credit Card,Delivered,51750.03,32987.78,46575.03,32987.78,13587.25
O104239,C10864,P1097,2026-03-15,3,0.05,127.79,COD,Delivered,371.34,245.76,1058.32,737.28,321.04
O104240,C11873,P1064,2026-01-19,2,0.0,103.89,Debit Card,Delivered,4942.18,3929.49,9884.36,7858.98,2025.38
O104241,C10169,P1097,2026-07-21,4,0.15,51.39,Debit Card,Delivered,371.34,245.76,1262.56,983.04,279.52
O104242,C11674,P1106,2026-05-29,2,0.1,31.05,UPI,Delivered,3820.64,2143.04,6877.15,4286.08,2591.07
O104243,C10215,P1119,2025-08-26,1,0.0,121.2,Debit Card,Delivered,5211.2,3497.26,5211.2,3497.26,1713.94
O104244,C10420,P1086,2026-06-06,2,0.0,142.17,Net Banking,Cancelled,316.01,223.96,632.02,447.92,184.1
O104245,C11301,P1077,2026-06-28,2,0.0,118.23,COD,Cancelled,206.69,134.91,413.38,269.82,143.56
O104246,C10088,P1096,2026-07-18,4,0.2,125.01,UPI,Delivered,1066.34,728.57,3412.29,2914.28,498.01
O104247,C11371,P1144,2026-06-21,4,0.0,34.09,Net Banking,Delivered,2601.04,1801.4,10404.16,7205.6,3198.56
O104248,C11005,P1055,2026-04-08,1,0.0,112.78,UPI,Delivered,6934.45,4043.27,6934.45,4043.27,2891.18
O104249,C10997,P1108,2026-07-29,1,0.0,30.79,Credit Card,Delivered,2697.81,2207.0,2697.81,2207.0,490.81
O104250,C11913,P1131,2026-07-27,2,0.2,72.56,UPI,Delivered,355.98,201.63,569.57,403.26,166.31
O104251,C10531,P1070,2026-04-02,3,0.05,63.32,COD,Delivered,2608.79,2169.26,7435.05,6507.78,927.27
O104252,C11547,P1149,2026-08-06,2,0.1,34.01,Credit Card,Delivered,1265.06,835.13,2277.11,1670.26,606.85
O104253,C11627,P1055,2025-11-16,3,0.15,44.29,UPI,Delivered,6934.45,4043.27,17682.85,12129.81,5553.04
O104254,C11178,P1012,2026-06-17,1,0.0,64.68,COD,Delivered,25370.06,18838.89,25370.06,18838.89,6531.17
O104255,C10533,P1001,2026-07-11,1,0.2,39.16,Net Banking,Delivered,38372.92,26874.96,30698.34,26874.96,3823.38
O104256,C11036,P1138,2026-06-16,2,0.2,145.77,Debit Card,Returned,1859.8,1352.45,2975.68,2704.9,270.78
O104257,C11043,P1117,2025-12-13,4,0.2,40.11,Debit Card,Cancelled,4152.01,2619.57,13286.43,10478.28,2808.15
O104258,C11546,P1090,2026-03-28,1,0.15,105.24,UPI,Cancelled,159.95,116.89,135.96,116.89,19.07
O104259,C10486,P1085,2025-11-26,4,0.15,8.82,Net Banking,Shipped,229.52,181.34,780.37,725.36,55.01
O104260,C10930,P1035,2026-01-06,1,0.2,125.74,COD,Delivered,3107.6,2368.57,2486.08,2368.57,117.51
O104261,C10545,P1051,2026-04-13,1,0.0,0.1,UPI,Delivered,3086.44,2233.31,3086.44,2233.31,853.13
O104262,C10871,P1142,2026-05-13,1,0.05,54.43,Net Banking,Pending,1618.71,996.37,1537.77,996.37,541.4
O104263,C11616,P1028,2026-08-21,1,0.15,41.23,COD,Cancelled,5009.89,3386.66,4258.41,3386.66,871.75
O104264,C11681,P1070,2025-11-18,3,0.05,37.22,UPI,Delivered,2608.79,2169.26,7435.05,6507.78,927.27
O104265,C11940,P1054,2025-12-27,2,0.0,106.67,Net Banking,Delivered,5995.19,3653.27,11990.38,7306.54,4683.84
O104266,C11071,P1017,2026-03-20,1,0.1,36.3,Net Banking,Delivered,68434.16,40506.57,61590.74,40506.57,21084.17
O104267,C11124,P1121,2025-11-14,1,0.15,130.85,COD,Delivered,1135.94,710.5,965.55,710.5,255.05
O104268,C10736,P1132,2026-06-21,2,0.2,143.96,Credit Card,Shipped,1045.48,772.39,1672.77,1544.78,127.99
O104269,C10440,P1104,2026-01-11,2,0.0,67.2,Debit Card,Shipped,3475.03,2469.25,6950.06,4938.5,2011.56
O104270,C10921,P1004,2026-07-14,2,0.15,143.3,Debit Card,Delivered,60509.53,40979.28,102866.2,81958.56,20907.64
O104271,C11470,P1003,2026-05-08,3,0.1,56.66,Net Banking,Delivered,31454.08,19066.44,84926.02,57199.32,27726.7
O104272,C11871,P1029,2026-01-20,2,0.0,55.06,Debit Card,Delivered,564.96,451.92,1129.92,903.84,226.08
O104273,C11692,P1108,2025-11-23,3,0.15,37.48,UPI,Delivered,2697.81,2207.0,6879.42,6621.0,258.42
O104274,C10262,P1102,2026-05-04,1,0.1,56.91,Credit Card,Delivered,4370.98,2495.57,3933.88,2495.57,1438.31
O104275,C11613,P1043,2025-12-19,2,0.2,78.24,UPI,Returned,2304.37,1753.37,3686.99,3506.74,180.25
O104276,C10139,P1044,2026-01-03,4,0.15,109.67,Credit Card,Returned,1399.41,917.62,4757.99,3670.48,1087.51
O104278,C10275,P1002,2026-01-11,1,0.0,71.61,Debit Card,Shipped,64458.4,38857.64,64458.4,38857.64,25600.76
O104279,C10136,P1006,2026-05-19,2,0.1,136.8,UPI,Delivered,18739.53,10820.0,33731.15,21640.0,12091.15
O104280,C11014,P1070,2026-04-29,3,0.0,126.79,UPI,Delivered,2608.79,2169.26,7826.37,6507.78,1318.59
O104281,C10327,P1070,2026-01-04,1,0.0,124.21,Debit Card,Pending,2608.79,2169.26,2608.79,2169.26,439.53
O104282,C10492,P1142,2026-03-10,3,0.15,129.43,UPI,Delivered,1618.71,996.37,4127.71,2989.11,1138.6
O104283,C10989,P1080,2026-08-15,3,0.0,148.94,UPI,Pending,287.38,222.33,862.14,666.99,195.15
O104284,C11892,P1037,2025-11-30,3,0.2,64.53,Credit Card,Shipped,1816.37,1116.6,4359.29,3349.8,1009.49
O104285,C11115,P1120,2025-10-13,1,0.15,125.42,UPI,Delivered,3318.56,2380.1,2820.78,2380.1,440.68
O104286,C11507,P1143,2025-12-10,2,0.2,124.75,COD,Delivered,2676.13,1712.63,4281.81,3425.26,856.55
O104287,C10799,P1066,2025-10-06,1,0.0,77.64,Net Banking,Delivered,6204.32,3462.32,6204.32,3462.32,2742.0
O104288,C10376,P1046,2025-09-10,1,0.0,18.45,Debit Card,Delivered,4835.09,3320.63,4835.09,3320.63,1514.46
O104289,C11016,P1077,2026-07-21,1,0.0,30.87,Credit Card,Delivered,206.69,134.91,206.69,134.91,71.78
O104290,C10029,P1068,2025-10-16,1,0.15,57.26,Credit Card,Delivered,8864.37,5516.76,7534.71,5516.76,2017.95
O104291,C10205,P1028,2026-03-15,2,0.0,144.02,Net Banking,Cancelled,5009.89,3386.66,10019.78,6773.32,3246.46
O104292,C10106,P1010,2026-03-28,2,0.15,96.86,Credit Card,Delivered,9031.61,6794.04,15353.74,13588.08,1765.66
O104293,C11077,P1111,2026-03-13,3,0.05,103.54,UPI,Delivered,583.37,467.6,1662.6,1402.8,259.8
O104294,C10441,P1013,2026-05-11,3,0.05,85.03,COD,Delivered,52895.62,37136.59,150752.52,111409.77,39342.75
O104295,C11119,P1103,2026-06-02,2,0.0,40.62,COD,Delivered,1864.92,1469.71,3729.84,2939.42,790.42
O104296,C10348,P1015,2026-01-12,2,0.0,64.28,Credit Card,Shipped,13194.79,8050.63,26389.58,16101.26,10288.32
O104297,C10066,P1086,2026-01-08,2,0.1,16.19,Credit Card,Delivered,316.01,223.96,568.82,447.92,120.9
O104298,C11644,P1107,2026-02-19,2,0.0,56.43,Credit Card,Delivered,3347.45,2456.75,6694.9,4913.5,1781.4
O104299,C10739,P1051,2026-06-29,2,0.0,1.19,COD,Pending,3086.44,2233.31,6172.88,4466.62,1706.26
O104300,C11195,P1008,2025-12-20,1,0.0,74.55,UPI,Delivered,51750.03,32987.78,51750.03,32987.78,18762.25
O104301,C10975,P1081,2025-12-06,1,0.0,86.13,UPI,Delivered,2172.75,1311.33,2172.75,1311.33,861.42
O104302,C11014,P1063,2026-02-18,1,0.2,98.34,Credit Card,Delivered,6336.48,4060.59,5069.18,4060.59,1008.59
O104303,C11635,P1145,2026-03-12,1,0.1,119.02,UPI,Delivered,2714.68,1805.11,2443.21,1805.11,638.1
O104304,C10945,P1056,2026-01-07,1,0.0,138.75,Net Banking,Delivered,1431.57,1192.48,1431.57,1192.48,239.09
O104305,C10389,P1009,2026-02-25,2,0.2,36.25,COD,Delivered,33080.16,21064.69,52928.26,42129.38,10798.88
O104306,C10192,P1028,2025-09-23,2,0.2,148.72,Credit Card,Delivered,5009.89,3386.66,8015.82,6773.32,1242.5
O104307,C10780,P1145,2026-02-21,4,0.0,115.32,UPI,Shipped,2714.68,1805.11,10858.72,7220.44,3638.28
O104308,C10968,P1020,2025-12-16,2,0.0,57.68,COD,Delivered,40470.11,25854.79,80940.22,51709.58,29230.64
O104309,C10381,P1031,2025-10-16,2,0.15,65.88,UPI,Shipped,1495.17,843.81,2541.79,1687.62,854.17
O104310,C10520,P1081,2026-08-10,2,0.05,33.03,Debit Card,Shipped,2172.75,1311.33,4128.23,2622.66,1505.57
O104311,C11623,P1029,2025-09-30,1,0.0,128.79,COD,Delivered,564.96,451.92,564.96,451.92,113.04
O104312,C10343,P1141,2025-09-13,2,0.0,102.53,UPI,Delivered,913.93,756.89,1827.86,1513.78,314.08
O104313,C10013,P1117,2025-12-09,1,0.2,42.23,Debit Card,Delivered,4152.01,2619.57,3321.61,2619.57,702.04
O104314,C10834,P1014,2026-02-11,1,0.0,82.02,Credit Card,Cancelled,27485.51,19010.32,27485.51,19010.32,8475.19
O104315,C11556,P1078,2025-12-17,2,0.05,49.83,Debit Card,Cancelled,1604.45,1009.9,3048.46,2019.8,1028.66
O104316,C11907,P1034,2026-07-31,1,0.1,135.26,Credit Card,Delivered,3445.82,2463.26,3101.24,2463.26,637.98
O104317,C10191,P1102,2026-01-16,1,0.0,143.63,UPI,Delivered,4370.98,2495.57,4370.98,2495.57,1875.41
O104318,C10371,P1055,2026-07-03,1,0.15,85.48,Net Banking,Delivered,6934.45,4043.27,5894.28,4043.27,1851.01
O104319,C10169,P1037,2025-11-03,3,0.1,89.59,UPI,Delivered,1816.37,1116.6,4904.2,3349.8,1554.4
O104320,C10625,P1115,2026-02-13,2,0.2,37.67,COD,Returned,5803.85,3277.3,9286.16,6554.6,2731.56
O104321,C10770,P1006,2026-06-28,3,0.0,26.53,Credit Card,Delivered,18739.53,10820.0,56218.59,32460.0,23758.59
O104322,C10862,P1091,2026-02-22,4,0.1,118.86,Debit Card,Delivered,722.91,529.78,2602.48,2119.12,483.36
O104323,C11891,P1034,2026-01-15,2,0.15,54.88,COD,Delivered,3445.82,2463.26,5857.89,4926.52,931.37
O104324,C11335,P1120,2026-06-23,1,0.2,97.25,Net Banking,Shipped,3318.56,2380.1,2654.85,2380.1,274.75
O104325,C11475,P1143,2025-09-11,3,0.05,66.92,UPI,Pending,2676.13,1712.63,7626.97,5137.89,2489.08
O104326,C11387,P1035,2025-11-28,1,0.2,7.63,Debit Card,Pending,3107.6,2368.57,2486.08,2368.57,117.51
O104327,C11695,P1092,2026-07-29,1,0.15,111.57,Net Banking,Delivered,1913.34,1155.43,1626.34,1155.43,470.91
O104328,C10230,P1098,2026-06-02,2,0.15,110.91,UPI,Delivered,298.55,229.91,507.54,459.82,47.72
O104329,C10218,P1148,2026-08-14,4,0.0,93.64,UPI,Delivered,884.97,623.21,3539.88,2492.84,1047.04
O104330,C11905,P1138,2026-02-19,2,0.15,105.25,Net Banking,Returned,1859.8,1352.45,3161.66,2704.9,456.76
O104331,C10187,P1044,2026-07-16,1,0.1,82.89,COD,Delivered,1399.41,917.62,1259.47,917.62,341.85
O104332,C10829,P1074,2026-01-02,2,0.15,81.54,Net Banking,Shipped,1038.89,634.94,1766.11,1269.88,496.23
O104333,C11813,P1106,2026-05-30,3,0.0,39.77,Debit Card,Delivered,3820.64,2143.04,11461.92,6429.12,5032.8
O104334,C10877,P1132,2026-06-23,3,0.1,83.57,COD,Delivered,1045.48,772.39,2822.8,2317.17,505.63
O104335,C10950,P1098,2026-08-10,1,0.0,82.29,UPI,Returned,298.55,229.91,298.55,229.91,68.64
O104336,C11025,P1135,2026-02-16,3,0.15,69.15,Debit Card,Delivered,311.53,199.73,794.4,599.19,195.21
O104337,C10531,P1007,2026-02-04,1,0.0,125.69,Net Banking,Shipped,7227.26,4548.11,7227.26,4548.11,2679.15
O104338,C10898,P1143,2026-02-15,1,0.05,47.83,UPI,Pending,2676.13,1712.63,2542.32,1712.63,829.69
O104339,C10225,P1147,2025-10-18,4,0.05,49.03,UPI,Delivered,834.22,686.19,3170.04,2744.76,425.28
O104340,C11270,P1146,2025-10-16,1,0.05,110.7,Credit Card,Delivered,1033.25,584.92,981.59,584.92,396.67
O104341,C10616,P1012,2026-07-22,3,0.0,118.81,UPI,Delivered,25370.06,18838.89,76110.18,56516.67,19593.51
O104342,C11510,P1136,2025-09-11,1,0.15,134.2,Credit Card,Delivered,509.62,289.55,433.18,289.55,143.63
O104343,C11971,P1033,2026-02-22,4,0.0,28.53,Credit Card,Shipped,4333.28,2734.68,17333.12,10938.72,6394.4
O104344,C10472,P1072,2026-06-01,1,0.0,140.45,Net Banking,Delivered,2376.29,1589.59,2376.29,1589.59,786.7
O104345,C10896,P1070,2025-11-06,2,0.05,137.36,COD,Pending,2608.79,2169.26,4956.7,4338.52,618.18
O104346,C10081,P1130,2026-03-06,4,0.2,109.12,Credit Card,Delivered,1664.71,1119.11,5327.07,4476.44,850.63
O104347,C11176,P1136,2025-10-28,4,0.0,113.63,COD,Delivered,509.62,289.55,2038.48,1158.2,880.28
O104348,C10885,P1048,2025-10-01,1,0.2,7.35,Credit Card,Delivered,714.29,437.46,571.43,437.46,133.97
O104349,C10020,P1044,2026-08-05,1,0.0,78.01,UPI,Pending,1399.41,917.62,1399.41,917.62,481.79
O104350,C10409,P1126,2026-06-07,4,0.0,40.19,Credit Card,Cancelled,1404.7,995.08,5618.8,3980.32,1638.48
O104351,C10736,P1085,2026-04-05,1,0.0,131.65,UPI,Cancelled,229.52,181.34,229.52,181.34,48.18
O104352,C11560,P1056,2025-12-16,1,0.1,110.24,UPI,Delivered,1431.57,1192.48,1288.41,1192.48,95.93
O104353,C10038,P1141,2026-08-14,1,0.0,47.67,Net Banking,Delivered,913.93,756.89,913.93,756.89,157.04
O104354,C11625,P1075,2026-01-24,1,0.15,143.08,COD,Delivered,6257.58,4866.0,5318.94,4866.0,452.94
O104355,C11216,P1029,2025-09-03,1,0.1,2.15,Net Banking,Delivered,564.96,451.92,508.46,451.92,56.54
O104356,C11058,P1134,2026-08-12,3,0.0,116.24,Net Banking,Shipped,299.83,242.36,899.49,727.08,172.41
O104357,C11164,P1024,2025-10-30,1,0.15,32.77,UPI,Delivered,18028.57,13625.43,15324.28,13625.43,1698.85
O104358,C10832,P1001,2026-07-24,1,0.15,30.26,UPI,Delivered,38372.92,26874.96,32616.98,26874.96,5742.02
O104359,C11753,P1024,2025-12-03,1,0.05,141.74,COD,Delivered,18028.57,13625.43,17127.14,13625.43,3501.71
O104360,C11519,P1039,2026-01-31,2,0.1,95.25,Credit Card,Delivered,3010.98,2323.83,5419.76,4647.66,772.1
O104361,C11013,P1052,2026-08-05,1,0.0,10.04,COD,Shipped,2039.08,1134.33,2039.08,1134.33,904.75
O104362,C11192,P1137,2025-09-10,2,0.15,35.53,Net Banking,Shipped,3020.08,1976.97,5134.14,3953.94,1180.2
O104363,C11516,P1012,2026-05-03,1,0.0,87.59,COD,Delivered,25370.06,18838.89,25370.06,18838.89,6531.17
O104364,C11629,P1087,2026-04-01,1,0.0,0.65,Debit Card,Delivered,1693.9,1011.65,1693.9,1011.65,682.25
O104365,C11726,P1022,2025-09-04,2,0.0,35.29,Net Banking,Delivered,8340.38,5227.15,16680.76,10454.3,6226.46
O104366,C10529,P1100,2026-05-18,4,0.1,2.27,Credit Card,Delivered,664.62,470.32,2392.63,1881.28,511.35
O104367,C10048,P1132,2025-09-05,4,0.15,0.37,Debit Card,Delivered,1045.48,772.39,3554.63,3089.56,465.07
O104368,C10511,P1112,2026-08-03,3,0.05,62.07,UPI,Returned,3747.66,3014.85,10680.83,9044.55,1636.28
O104369,C11481,P1063,2026-05-11,3,0.2,91.7,COD,Delivered,6336.48,4060.59,15207.55,12181.77,3025.78
O104370,C10197,P1134,2026-03-06,2,0.0,11.56,UPI,Delivered,299.83,242.36,599.66,484.72,114.94
O104371,C11357,P1143,2026-01-15,2,0.2,124.85,Debit Card,Delivered,2676.13,1712.63,4281.81,3425.26,856.55
O104372,C10676,P1129,2026-04-05,1,0.15,94.66,Credit Card,Shipped,3364.24,2034.28,2859.6,2034.28,825.32
O104373,C11972,P1080,2025-11-02,2,0.1,120.19,Credit Card,Pending,287.38,222.33,517.28,444.66,72.62
O104374,C10388,P1067,2026-07-21,2,0.2,149.38,UPI,Delivered,6227.25,3828.72,9963.6,7657.44,2306.16
O104375,C10417,P1083,2025-11-03,1,0.2,103.21,Credit Card,Delivered,1658.92,944.21,1327.14,944.21,382.93
O104376,C10842,P1008,2026-05-10,2,0.0,95.48,COD,Delivered,51750.03,32987.78,103500.06,65975.56,37524.5
O104377,C11933,P1148,2026-04-22,1,0.2,27.02,Net Banking,Delivered,884.97,623.21,707.98,623.21,84.77
O104378,C10581,P1149,2026-02-01,2,0.15,104.69,Debit Card,Cancelled,1265.06,835.13,2150.6,1670.26,480.34
O104379,C10885,P1114,2026-08-21,2,0.2,83.53,Credit Card,Delivered,1562.14,1189.51,2499.42,2379.02,120.4
O104380,C10196,P1015,2025-10-17,1,0.0,50.91,Net Banking,Delivered,13194.79,8050.63,13194.79,8050.63,5144.16
O104381,C11805,P1005,2025-11-03,1,0.0,62.33,Credit Card,Delivered,47571.0,27164.82,47571.0,27164.82,20406.18
O104382,C11105,P1024,2026-07-10,1,0.1,131.22,Net Banking,Delivered,18028.57,13625.43,16225.71,13625.43,2600.28
O104383,C10283,P1057,2026-01-21,1,0.0,20.47,Net Banking,Delivered,4847.14,3432.05,4847.14,3432.05,1415.09
O104384,C11890,P1074,2026-07-10,1,0.0,14.21,UPI,Delivered,1038.89,634.94,1038.89,634.94,403.95
O104385,C11825,P1101,2025-10-04,2,0.05,98.54,Credit Card,Delivered,2706.0,1556.11,5141.4,3112.22,2029.18
O104386,C10710,P1129,2026-08-06,1,0.1,41.72,UPI,Delivered,3364.24,2034.28,3027.82,2034.28,993.54
O104387,C11411,P1084,2026-01-03,4,0.05,40.05,Credit Card,Delivered,771.46,641.72,2931.55,2566.88,364.67
O104388,C11618,P1092,2026-02-09,1,0.2,63.47,Credit Card,Delivered,1913.34,1155.43,1530.67,1155.43,375.24
O104389,C10328,P1057,2026-08-02,1,0.1,26.74,Debit Card,Pending,4847.14,3432.05,4362.43,3432.05,930.38
O104390,C10036,P1003,2025-09-02,1,0.15,72.4,Debit Card,Delivered,31454.08,19066.44,26735.97,19066.44,7669.53
O104391,C11270,P1025,2026-07-23,4,0.05,92.39,Net Banking,Pending,29530.29,19324.99,112215.1,77299.96,34915.14
O104392,C11130,P1085,2025-09-20,1,0.15,93.18,UPI,Delivered,229.52,181.34,195.09,181.34,13.75
O104393,C11407,P1108,2026-04-06,2,0.0,103.43,UPI,Delivered,2697.81,2207.0,5395.62,4414.0,981.62
O104394,C11611,P1084,2026-03-20,3,0.2,50.45,Debit Card,Delivered,771.46,641.72,1851.5,1925.16,-73.66
O104395,C10588,P1102,2026-08-10,2,0.15,47.13,UPI,Returned,4370.98,2495.57,7430.67,4991.14,2439.53
O104396,C10125,P1119,2026-04-10,1,0.0,144.93,Net Banking,Delivered,5211.2,3497.26,5211.2,3497.26,1713.94
O104397,C10114,P1068,2026-08-09,1,0.05,92.8,COD,Delivered,8864.37,5516.76,8421.15,5516.76,2904.39
O104398,C10111,P1022,2025-11-14,4,0.0,5.11,Credit Card,Delivered,8340.38,5227.15,33361.52,20908.6,12452.92
O104399,C11070,P1037,2026-06-25,1,0.05,64.38,COD,Delivered,1816.37,1116.6,1725.55,1116.6,608.95
O104400,C10184,P1045,2025-10-05,2,0.15,51.3,Credit Card,Pending,1149.36,712.41,1953.91,1424.82,529.09
O104401,C10261,P1146,2026-07-24,1,0.0,45.32,COD,Delivered,1033.25,584.92,1033.25,584.92,448.33
O104402,C10184,P1033,2026-03-28,2,0.05,57.95,UPI,Delivered,4333.28,2734.68,8233.23,5469.36,2763.87
O104403,C10542,P1137,2026-01-24,1,0.2,1.67,Debit Card,Delivered,3020.08,1976.97,2416.06,1976.97,439.09
O104404,C11507,P1110,2026-01-10,1,0.2,146.6,COD,Shipped,2315.13,1504.12,1852.1,1504.12,347.98
O104405,C10460,P1067,2025-09-10,4,0.0,112.63,Debit Card,Delivered,6227.25,3828.72,24909.0,15314.88,9594.12
O104406,C10095,P1079,2025-08-23,2,0.1,14.13,Credit Card,Returned,926.66,604.47,1667.99,1208.94,459.05
O104407,C10901,P1108,2025-09-20,4,0.1,21.79,Credit Card,Cancelled,2697.81,2207.0,9712.12,8828.0,884.12
O104408,C10615,P1099,2026-06-01,2,0.2,18.93,UPI,Delivered,482.66,272.31,772.26,544.62,227.64
O104409,C10181,P1086,2025-12-25,2,0.1,22.53,Credit Card,Delivered,316.01,223.96,568.82,447.92,120.9
O104410,C11023,P1053,2025-10-18,1,0.2,85.82,Debit Card,Delivered,922.36,543.78,737.89,543.78,194.11
O104411,C10305,P1067,2026-01-27,1,0.05,131.29,Credit Card,Delivered,6227.25,3828.72,5915.89,3828.72,2087.17
O104412,C11969,P1108,2026-06-01,1,0.2,139.95,UPI,Delivered,2697.81,2207.0,2158.25,2207.0,-48.75
O104413,C10840,P1137,2026-04-16,4,0.2,51.37,Credit Card,Delivered,3020.08,1976.97,9664.26,7907.88,1756.38
O104414,C10651,P1026,2026-04-11,3,0.2,18.37,Credit Card,Cancelled,5590.52,3241.08,13417.25,9723.24,3694.01
O104415,C11369,P1047,2025-11-07,1,0.05,42.55,COD,Delivered,4008.04,3183.54,3807.64,3183.54,624.1
O104416,C10008,P1131,2026-01-26,1,0.1,135.8,COD,Cancelled,355.98,201.63,320.38,201.63,118.75
O104417,C11441,P1100,2025-09-19,2,0.2,63.47,Debit Card,Returned,664.62,470.32,1063.39,940.64,122.75
O104418,C11604,P1103,2026-03-11,3,0.1,15.1,Credit Card,Cancelled,1864.92,1469.71,5035.28,4409.13,626.15
O104419,C10566,P1020,2026-08-11,1,0.0,80.23,Net Banking,Cancelled,40470.11,25854.79,40470.11,25854.79,14615.32
O104420,C11811,P1105,2026-04-12,1,0.0,50.1,Net Banking,Delivered,5921.43,3427.44,5921.43,3427.44,2493.99
O104421,C11754,P1070,2026-06-29,1,0.1,63.22,Net Banking,Delivered,2608.79,2169.26,2347.91,2169.26,178.65
O104422,C10957,P1021,2026-04-27,2,0.05,134.02,Credit Card,Delivered,15455.38,11592.94,29365.22,23185.88,6179.34
O104423,C11309,P1054,2026-04-24,3,0.2,98.57,Debit Card,Delivered,5995.19,3653.27,14388.46,10959.81,3428.65
O104424,C10846,P1028,2025-11-09,2,0.0,29.11,Net Banking,Delivered,5009.89,3386.66,10019.78,6773.32,3246.46
O104425,C11159,P1124,2026-01-17,2,0.0,42.03,Debit Card,Pending,4401.73,2791.05,8803.46,5582.1,3221.36
O104426,C10258,P1061,2025-10-06,3,0.2,110.75,Debit Card,Cancelled,3373.53,1885.35,8096.47,5656.05,2440.42
O104427,C11663,P1054,2025-11-11,4,0.0,46.89,Debit Card,Delivered,5995.19,3653.27,23980.76,14613.08,9367.68
O104428,C11487,P1108,2026-07-09,3,0.1,56.8,COD,Delivered,2697.81,2207.0,7284.09,6621.0,663.09
O104429,C11941,P1029,2025-11-14,2,0.0,0.2,Credit Card,Delivered,564.96,451.92,1129.92,903.84,226.08
O104430,C11620,P1111,2025-12-26,1,0.0,115.65,Debit Card,Delivered,583.37,467.6,583.37,467.6,115.77
O104431,C11539,P1092,2026-08-18,1,0.2,128.67,Credit Card,Delivered,1913.34,1155.43,1530.67,1155.43,375.24
O104432,C11178,P1045,2026-03-28,1,0.15,62.02,UPI,Pending,1149.36,712.41,976.96,712.41,264.55
O104433,C11352,P1071,2026-02-17,1,0.0,84.96,Debit Card,Delivered,5179.24,2939.06,5179.24,2939.06,2240.18
O104434,C10181,P1032,2026-07-24,2,0.0,141.31,UPI,Delivered,1643.06,925.34,3286.12,1850.68,1435.44
O104435,C11255,P1127,2026-08-18,1,0.15,16.3,Credit Card,Delivered,2406.08,1554.9,2045.17,1554.9,490.27
O104436,C10165,P1136,2026-01-29,2,0.0,59.79,Credit Card,Delivered,509.62,289.55,1019.24,579.1,440.14
O104437,C10006,P1110,2025-11-25,2,0.2,103.44,Credit Card,Delivered,2315.13,1504.12,3704.21,3008.24,695.97
O104438,C10691,P1074,2025-12-23,2,0.15,131.64,Net Banking,Cancelled,1038.89,634.94,1766.11,1269.88,496.23
O104439,C11030,P1046,2026-01-15,1,0.2,22.07,UPI,Delivered,4835.09,3320.63,3868.07,3320.63,547.44
O104440,C10568,P1108,2026-05-31,3,0.1,55.75,Net Banking,Delivered,2697.81,2207.0,7284.09,6621.0,663.09
O104441,C10830,P1104,2026-07-26,2,0.0,96.75,Debit Card,Cancelled,3475.03,2469.25,6950.06,4938.5,2011.56
O104442,C10038,P1089,2025-11-07,1,0.0,25.46,UPI,Shipped,1514.99,1072.27,1514.99,1072.27,442.72
O104443,C10090,P1047,2025-11-09,2,0.2,105.57,UPI,Delivered,4008.04,3183.54,6412.86,6367.08,45.78
O104444,C11799,P1095,2025-12-22,2,0.1,93.25,Debit Card,Delivered,561.33,353.29,1010.39,706.58,303.81
O104445,C11536,P1072,2025-08-22,3,0.15,136.71,UPI,Shipped,2376.29,1589.59,6059.54,4768.77,1290.77
O104446,C10382,P1064,2026-06-07,2,0.0,85.73,UPI,Delivered,4942.18,3929.49,9884.36,7858.98,2025.38
O104447,C10823,P1014,2026-01-15,3,0.05,39.54,Debit Card,Delivered,27485.51,19010.32,78333.7,57030.96,21302.74
O104448,C11948,P1136,2025-11-08,1,0.0,85.85,COD,Delivered,509.62,289.55,509.62,289.55,220.07
O104449,C11938,P1062,2025-12-15,1,0.2,91.54,COD,Delivered,6951.68,5407.58,5561.34,5407.58,153.76
O104450,C11462,P1130,2026-04-21,4,0.1,37.85,COD,Delivered,1664.71,1119.11,5992.96,4476.44,1516.52
O104451,C10120,P1052,2025-09-06,3,0.2,19.6,Credit Card,Delivered,2039.08,1134.33,4893.79,3402.99,1490.8
O104452,C11432,P1052,2026-04-21,2,0.0,45.14,UPI,Delivered,2039.08,1134.33,4078.16,2268.66,1809.5
O104453,C11128,P1013,2026-07-03,4,0.0,2.98,UPI,Delivered,52895.62,37136.59,211582.48,148546.36,63036.12
O104454,C10566,P1009,2025-12-18,2,0.0,4.83,UPI,Delivered,33080.16,21064.69,66160.32,42129.38,24030.94
O104455,C11883,P1122,2025-10-11,1,0.0,67.57,UPI,Delivered,588.59,431.08,588.59,431.08,157.51
O104456,C11537,P1128,2026-06-08,2,0.15,7.13,UPI,Delivered,1654.17,1108.55,2812.09,2217.1,594.99
O104457,C10956,P1143,2026-04-28,2,0.15,101.21,COD,Delivered,2676.13,1712.63,4549.42,3425.26,1124.16
O104458,C11535,P1027,2026-06-05,1,0.15,41.08,COD,Returned,5526.19,3231.39,4697.26,3231.39,1465.87
O104459,C10319,P1091,2025-11-14,2,0.0,25.27,Net Banking,Pending,722.91,529.78,1445.82,1059.56,386.26
O104460,C10105,P1130,2026-04-25,1,0.15,46.72,Debit Card,Delivered,1664.71,1119.11,1415.0,1119.11,295.89
O104461,C11328,P1073,2026-06-08,1,0.2,105.75,COD,Cancelled,1405.49,1138.4,1124.39,1138.4,-14.01
O104462,C10674,P1094,2026-05-28,2,0.2,133.81,UPI,Delivered,1847.54,1150.18,2956.06,2300.36,655.7
O104463,C10158,P1053,2026-07-05,1,0.05,149.87,COD,Delivered,922.36,543.78,876.24,543.78,332.46
O104464,C10692,P1136,2026-04-12,1,0.0,70.93,Credit Card,Delivered,509.62,289.55,509.62,289.55,220.07
O104465,C10047,P1121,2025-09-08,4,0.0,139.24,Credit Card,Delivered,1135.94,710.5,4543.76,2842.0,1701.76
O104466,C11385,P1114,2025-09-27,1,0.05,133.96,Net Banking,Shipped,1562.14,1189.51,1484.03,1189.51,294.52
O104467,C10966,P1036,2025-10-22,2,0.15,115.95,COD,Delivered,4558.46,3300.66,7749.38,6601.32,1148.06
O104468,C10116,P1059,2026-04-23,2,0.0,94.17,COD,Delivered,2473.66,1991.45,4947.32,3982.9,964.42
O104469,C10851,P1028,2026-06-28,4,0.0,145.25,COD,Delivered,5009.89,3386.66,20039.56,13546.64,6492.92
O104470,C11414,P1132,2026-08-05,1,0.1,94.99,UPI,Shipped,1045.48,772.39,940.93,772.39,168.54
O104471,C10963,P1040,2026-08-18,2,0.0,91.82,Credit Card,Returned,3344.13,2454.65,6688.26,4909.3,1778.96
O104472,C11387,P1099,2026-03-31,1,0.0,13.33,Debit Card,Delivered,482.66,272.31,482.66,272.31,210.35
O104473,C11587,P1031,2025-12-19,2,0.2,45.21,Net Banking,Delivered,1495.17,843.81,2392.27,1687.62,704.65
O104474,C10694,P1059,2025-12-14,2,0.0,120.16,UPI,Delivered,2473.66,1991.45,4947.32,3982.9,964.42
O104475,C10859,P1144,2025-09-19,4,0.05,141.81,UPI,Returned,2601.04,1801.4,9883.95,7205.6,2678.35
O104476,C10015,P1047,2026-04-07,2,0.2,32.69,Debit Card,Delivered,4008.04,3183.54,6412.86,6367.08,45.78
O104477,C11380,P1141,2026-04-13,1,0.0,14.43,Debit Card,Shipped,913.93,756.89,913.93,756.89,157.04
O104478,C10954,P1129,2025-11-06,3,0.1,42.4,UPI,Delivered,3364.24,2034.28,9083.45,6102.84,2980.61
O104479,C11334,P1066,2026-07-27,4,0.0,53.94,Debit Card,Delivered,6204.32,3462.32,24817.28,13849.28,10968.0
O104480,C11573,P1035,2026-04-02,2,0.2,142.98,Credit Card,Cancelled,3107.6,2368.57,4972.16,4737.14,235.02
O104481,C11975,P1048,2026-06-17,3,0.15,146.59,Credit Card,Pending,714.29,437.46,1821.44,1312.38,509.06
O104482,C10249,P1101,2026-06-06,4,0.1,132.0,Net Banking,Delivered,2706.0,1556.11,9741.6,6224.44,3517.16
O104483,C10788,P1098,2025-10-15,1,0.2,75.38,Net Banking,Delivered,298.55,229.91,238.84,229.91,8.93
O104484,C10934,P1067,2026-03-11,2,0.0,13.04,COD,Delivered,6227.25,3828.72,12454.5,7657.44,4797.06
O104485,C10041,P1100,2026-01-26,1,0.15,8.03,COD,Delivered,664.62,470.32,564.93,470.32,94.61
O104486,C10731,P1017,2025-12-06,1,0.0,121.91,COD,Delivered,68434.16,40506.57,68434.16,40506.57,27927.59
O104487,C10243,P1063,2026-03-08,2,0.1,4.73,Net Banking,Cancelled,6336.48,4060.59,11405.66,8121.18,3284.48
O104488,C11873,P1094,2026-04-24,2,0.15,21.93,Credit Card,Delivered,1847.54,1150.18,3140.82,2300.36,840.46
O104489,C10113,P1030,2026-04-21,1,0.05,139.5,COD,Returned,2098.13,1548.88,1993.22,1548.88,444.34
O104490,C11687,P1038,2026-02-26,2,0.2,117.4,COD,Delivered,3530.81,2400.64,5649.3,4801.28,848.02
O104491,C10984,P1003,2026-01-20,3,0.0,99.84,Credit Card,Delivered,31454.08,19066.44,94362.24,57199.32,37162.92
O104492,C10096,P1134,2026-03-02,1,0.0,40.38,Debit Card,Returned,299.83,242.36,299.83,242.36,57.47
O104493,C10321,P1073,2026-08-07,4,0.0,48.45,Credit Card,Delivered,1405.49,1138.4,5621.96,4553.6,1068.36
O104494,C11424,P1029,2026-08-14,4,0.0,34.43,Net Banking,Delivered,564.96,451.92,2259.84,1807.68,452.16
O104495,C10455,P1148,2025-10-13,2,0.0,97.27,Credit Card,Delivered,884.97,623.21,1769.94,1246.42,523.52
O104496,C11752,P1075,2025-11-10,4,0.0,15.55,Net Banking,Delivered,6257.58,4866.0,25030.32,19464.0,5566.32
O104497,C10049,P1003,2026-08-18,1,0.15,48.49,Debit Card,Returned,31454.08,19066.44,26735.97,19066.44,7669.53
O104498,C11513,P1109,2026-06-01,1,0.05,98.49,Net Banking,Shipped,4331.81,3435.6,4115.22,3435.6,679.62
O104499,C10153,P1004,2026-02-06,3,0.05,109.65,Debit Card,Cancelled,60509.53,40979.28,172452.16,122937.84,49514.32
O104500,C10096,P1038,2025-12-11,1,0.0,96.67,UPI,Delivered,3530.81,2400.64,3530.81,2400.64,1130.17
O104501,C10146,P1097,2025-10-07,2,0.1,147.31,COD,Delivered,371.34,245.76,668.41,491.52,176.89
O104502,C11564,P1141,2026-07-26,2,0.15,137.32,COD,Delivered,913.93,756.89,1553.68,1513.78,39.9
O104503,C10828,P1063,2025-11-23,1,0.0,29.76,Credit Card,Delivered,6336.48,4060.59,6336.48,4060.59,2275.89
O104504,C11917,P1085,2026-04-17,4,0.0,78.42,Credit Card,Delivered,229.52,181.34,918.08,725.36,192.72
O104505,C10186,P1024,2026-03-25,3,0.2,130.42,UPI,Delivered,18028.57,13625.43,43268.57,40876.29,2392.28
O104506,C11680,P1031,2026-05-12,1,0.05,138.95,Debit Card,Returned,1495.17,843.81,1420.41,843.81,576.6
O104507,C10862,P1067,2026-08-09,4,0.15,34.43,Credit Card,Delivered,6227.25,3828.72,21172.65,15314.88,5857.77
O104508,C11680,P1150,2026-06-27,1,0.05,110.44,COD,Cancelled,2574.89,1872.1,2446.15,1872.1,574.05
O104509,C10251,P1082,2026-05-17,4,0.15,49.07,COD,Delivered,2274.24,1299.56,7732.42,5198.24,2534.18
O104510,C10691,P1083,2025-08-25,2,0.0,43.28,UPI,Delivered,1658.92,944.21,3317.84,1888.42,1429.42
O104511,C11578,P1020,2026-01-28,3,0.0,53.92,COD,Returned,40470.11,25854.79,121410.33,77564.37,43845.96
O104512,C10675,P1026,2025-09-06,2,0.1,61.01,Credit Card,Delivered,5590.52,3241.08,10062.94,6482.16,3580.78
O104513,C10763,P1145,2026-02-21,1,0.0,78.39,COD,Delivered,2714.68,1805.11,2714.68,1805.11,909.57
O104514,C10700,P1093,2026-04-01,1,0.2,112.28,Debit Card,Delivered,1288.82,1004.22,1031.06,1004.22,26.84
O104515,C11750,P1012,2026-07-15,4,0.0,114.24,Net Banking,Delivered,25370.06,18838.89,101480.24,75355.56,26124.68
O104516,C10466,P1099,2025-10-28,3,0.05,106.88,UPI,Delivered,482.66,272.31,1375.58,816.93,558.65
O104517,C11612,P1075,2026-04-22,2,0.1,6.86,COD,Shipped,6257.58,4866.0,11263.64,9732.0,1531.64
O104518,C11726,P1095,2025-11-06,3,0.15,122.22,Debit Card,Delivered,561.33,353.29,1431.39,1059.87,371.52
O104519,C10948,P1120,2026-07-21,1,0.05,110.66,Credit Card,Delivered,3318.56,2380.1,3152.63,2380.1,772.53
O104520,C10133,P1114,2026-04-14,2,0.05,47.58,UPI,Delivered,1562.14,1189.51,2968.07,2379.02,589.05
O104521,C10417,P1016,2026-01-26,4,0.2,108.03,Net Banking,Delivered,23119.64,19111.02,73982.85,76444.08,-2461.23
O104522,C10741,P1099,2026-04-13,2,0.1,108.19,Debit Card,Shipped,482.66,272.31,868.79,544.62,324.17
O104523,C10985,P1137,2025-11-08,1,0.0,42.87,Credit Card,Delivered,3020.08,1976.97,3020.08,1976.97,1043.11
O104524,C11481,P1016,2026-07-24,1,0.15,134.01,Credit Card,Delivered,23119.64,19111.02,19651.69,19111.02,540.67
O104525,C10652,P1079,2026-08-17,2,0.0,16.36,Credit Card,Delivered,926.66,604.47,1853.32,1208.94,644.38
O104526,C11590,P1048,2026-03-27,3,0.05,91.75,COD,Delivered,714.29,437.46,2035.73,1312.38,723.35
O104527,C10150,P1078,2026-07-02,1,0.0,149.02,Net Banking,Cancelled,1604.45,1009.9,1604.45,1009.9,594.55
O104528,C11446,P1118,2025-09-30,4,0.0,52.46,Credit Card,Delivered,4978.89,3068.71,19915.56,12274.84,7640.72
O104529,C10332,P1145,2026-06-16,1,0.05,70.96,Credit Card,Delivered,2714.68,1805.11,2578.95,1805.11,773.84
O104530,C11579,P1101,2026-04-14,2,0.15,76.87,Net Banking,Delivered,2706.0,1556.11,4600.2,3112.22,1487.98
O104531,C10303,P1116,2025-10-16,1,0.1,8.28,Credit Card,Delivered,1503.58,846.7,1353.22,846.7,506.52
O104532,C11708,P1077,2026-02-13,4,0.15,17.05,UPI,Delivered,206.69,134.91,702.75,539.64,163.11
O104533,C10878,P1065,2025-08-26,1,0.0,29.28,Credit Card,Delivered,1517.88,1218.22,1517.88,1218.22,299.66
O104534,C11337,P1097,2026-02-05,1,0.05,69.1,Credit Card,Delivered,371.34,245.76,352.77,245.76,107.01
O104535,C11937,P1018,2026-03-25,4,0.0,86.51,Credit Card,Pending,52552.08,30527.71,210208.32,122110.84,88097.48
O104536,C10427,P1141,2025-09-22,2,0.15,19.14,COD,Delivered,913.93,756.89,1553.68,1513.78,39.9
O104537,C11417,P1036,2026-07-01,2,0.1,118.13,Debit Card,Delivered,4558.46,3300.66,8205.23,6601.32,1603.91
O104538,C10447,P1136,2026-07-03,2,0.2,108.09,COD,Shipped,509.62,289.55,815.39,579.1,236.29
O104539,C11712,P1122,2026-02-19,1,0.0,33.8,Net Banking,Delivered,588.59,431.08,588.59,431.08,157.51
O104540,C11835,P1008,2026-07-23,4,0.1,114.85,Debit Card,Delivered,51750.03,32987.78,186300.11,131951.12,54348.99
O104541,C11918,P1134,2025-10-19,4,0.05,12.75,COD,Delivered,299.83,242.36,1139.35,969.44,169.91
O104542,C10479,P1046,2026-07-22,3,0.15,30.62,UPI,Delivered,4835.09,3320.63,12329.48,9961.89,2367.59
O104543,C11598,P1095,2026-07-03,3,0.0,27.2,Credit Card,Delivered,561.33,353.29,1683.99,1059.87,624.12
O104544,C10711,P1007,2026-05-04,2,0.15,69.27,Net Banking,Pending,7227.26,4548.11,12286.34,9096.22,3190.12
O104545,C11237,P1038,2025-10-12,2,0.1,98.49,COD,Delivered,3530.81,2400.64,6355.46,4801.28,1554.18
O104546,C10857,P1022,2026-08-11,2,0.1,2.51,Debit Card,Delivered,8340.38,5227.15,15012.68,10454.3,4558.38
O104547,C10921,P1110,2026-03-30,1,0.1,50.0,Debit Card,Shipped,2315.13,1504.12,2083.62,1504.12,579.5
O104548,C10644,P1050,2025-08-30,2,0.0,79.55,Debit Card,Delivered,802.78,481.82,1605.56,963.64,641.92
O104549,C10119,P1122,2026-04-14,2,0.2,90.25,Net Banking,Delivered,588.59,431.08,941.74,862.16,79.58
O104550,C10949,P1128,2025-10-25,1,0.2,27.75,Debit Card,Delivered,1654.17,1108.55,1323.34,1108.55,214.79
O104551,C10326,P1112,2025-10-23,2,0.15,79.67,UPI,Delivered,3747.66,3014.85,6371.02,6029.7,341.32
O104552,C11767,P1008,2025-09-06,4,0.15,5.11,Credit Card,Cancelled,51750.03,32987.78,175950.1,131951.12,43998.98
O104553,C11080,P1067,2026-05-27,1,0.05,33.82,Credit Card,Cancelled,6227.25,3828.72,5915.89,3828.72,2087.17
O104554,C10977,P1054,2026-07-08,1,0.15,91.84,COD,Shipped,5995.19,3653.27,5095.91,3653.27,1442.64
O104555,C10267,P1117,2025-09-09,1,0.15,79.81,Credit Card,Delivered,4152.01,2619.57,3529.21,2619.57,909.64
O104556,C11447,P1046,2026-05-19,1,0.0,142.41,Credit Card,Pending,4835.09,3320.63,4835.09,3320.63,1514.46
O104557,C10302,P1124,2025-09-06,2,0.0,32.66,UPI,Delivered,4401.73,2791.05,8803.46,5582.1,3221.36
O104558,C10154,P1119,2026-05-20,4,0.0,111.2,Debit Card,Delivered,5211.2,3497.26,20844.8,13989.04,6855.76
O104559,C11004,P1110,2025-10-19,2,0.0,111.94,Net Banking,Delivered,2315.13,1504.12,4630.26,3008.24,1622.02
O104560,C11008,P1028,2025-11-29,3,0.05,52.29,COD,Delivered,5009.89,3386.66,14278.19,10159.98,4118.21
O104561,C11597,P1076,2026-03-15,3,0.05,76.09,Credit Card,Delivered,625.33,474.81,1782.19,1424.43,357.76
O104562,C11113,P1096,2026-04-03,3,0.15,81.72,UPI,Delivered,1066.34,728.57,2719.17,2185.71,533.46
O104563,C11715,P1142,2026-04-04,4,0.15,53.73,COD,Delivered,1618.71,996.37,5503.61,3985.48,1518.13
O104564,C10477,P1009,2026-06-16,1,0.05,143.6,Debit Card,Delivered,33080.16,21064.69,31426.15,21064.69,10361.46
O104565,C10213,P1109,2026-07-07,4,0.1,41.15,Net Banking,Delivered,4331.81,3435.6,15594.52,13742.4,1852.12
O104566,C11198,P1046,2025-10-29,2,0.0,131.98,Credit Card,Delivered,4835.09,3320.63,9670.18,6641.26,3028.92
O104567,C10370,P1106,2025-12-21,4,0.05,41.36,Net Banking,Shipped,3820.64,2143.04,14518.43,8572.16,5946.27
O104568,C10029,P1025,2026-06-10,4,0.2,4.93,Debit Card,Delivered,29530.29,19324.99,94496.93,77299.96,17196.97
O104569,C10815,P1069,2025-09-11,1,0.2,80.29,COD,Cancelled,717.29,416.98,573.83,416.98,156.85
O104570,C10125,P1109,2026-01-06,1,0.05,33.81,Net Banking,Delivered,4331.81,3435.6,4115.22,3435.6,679.62
O104571,C10147,P1116,2026-04-25,1,0.2,11.43,COD,Returned,1503.58,846.7,1202.86,846.7,356.16
O104572,C11556,P1005,2026-06-11,4,0.05,28.75,Credit Card,Shipped,47571.0,27164.82,180769.8,108659.28,72110.52
O104573,C10165,P1103,2026-05-29,1,0.1,106.28,Credit Card,Delivered,1864.92,1469.71,1678.43,1469.71,208.72
O104574,C11595,P1011,2025-11-30,2,0.05,44.92,Debit Card,Delivered,18237.69,11700.82,34651.61,23401.64,11249.97
O104575,C11928,P1009,2026-06-05,3,0.2,114.95,Debit Card,Delivered,33080.16,21064.69,79392.38,63194.07,16198.31
O104576,C10428,P1048,2025-09-21,1,0.0,137.7,COD,Cancelled,714.29,437.46,714.29,437.46,276.83
O104577,C10376,P1065,2026-06-30,1,0.15,93.34,Debit Card,Delivered,1517.88,1218.22,1290.2,1218.22,71.98
O104578,C10459,P1029,2026-03-12,2,0.1,122.25,COD,Delivered,564.96,451.92,1016.93,903.84,113.09
O104579,C10571,P1114,2026-02-23,1,0.0,129.56,COD,Pending,1562.14,1189.51,1562.14,1189.51,372.63
O104580,C11876,P1143,2026-01-20,1,0.2,74.75,UPI,Delivered,2676.13,1712.63,2140.9,1712.63,428.27
O104581,C11962,P1145,2026-01-22,2,0.0,116.94,UPI,Shipped,2714.68,1805.11,5429.36,3610.22,1819.14
O104582,C11549,P1084,2026-05-27,2,0.2,126.58,Debit Card,Delivered,771.46,641.72,1234.34,1283.44,-49.1
O104583,C11805,P1090,2026-02-02,1,0.1,72.49,Net Banking,Shipped,159.95,116.89,143.96,116.89,27.07
O104584,C11675,P1141,2026-04-15,2,0.0,123.25,Debit Card,Delivered,913.93,756.89,1827.86,1513.78,314.08
O104585,C11237,P1057,2026-08-18,2,0.0,101.53,Net Banking,Delivered,4847.14,3432.05,9694.28,6864.1,2830.18
O104586,C10947,P1041,2025-09-11,2,0.0,10.39,COD,Delivered,1521.85,1173.08,3043.7,2346.16,697.54
O104587,C11764,P1023,2026-04-27,2,0.0,77.59,Credit Card,Returned,54514.7,32908.14,109029.4,65816.28,43213.12
O104588,C10242,P1100,2026-05-15,1,0.0,86.53,Credit Card,Delivered,664.62,470.32,664.62,470.32,194.3
O104589,C10098,P1077,2025-12-26,1,0.15,40.1,Net Banking,Shipped,206.69,134.91,175.69,134.91,40.78
O104590,C10122,P1033,2026-07-26,2,0.2,1.82,COD,Delivered,4333.28,2734.68,6933.25,5469.36,1463.89
O104591,C10927,P1102,2025-10-31,1,0.0,113.79,Debit Card,Cancelled,4370.98,2495.57,4370.98,2495.57,1875.41
O104592,C10930,P1043,2026-02-02,1,0.2,78.16,Net Banking,Delivered,2304.37,1753.37,1843.5,1753.37,90.13
O104593,C10729,P1053,2025-11-06,1,0.15,87.56,Net Banking,Delivered,922.36,543.78,784.01,543.78,240.23
O104594,C11277,P1096,2025-09-06,2,0.0,136.37,UPI,Delivered,1066.34,728.57,2132.68,1457.14,675.54
O104595,C10002,P1130,2025-11-17,2,0.0,127.23,Net Banking,Delivered,1664.71,1119.11,3329.42,2238.22,1091.2
O104596,C11672,P1001,2026-05-28,1,0.0,66.13,COD,Shipped,38372.92,26874.96,38372.92,26874.96,11497.96
O104597,C10745,P1106,2025-09-13,4,0.2,84.77,UPI,Delivered,3820.64,2143.04,12226.05,8572.16,3653.89
O104598,C11118,P1003,2026-01-23,2,0.2,34.89,UPI,Delivered,31454.08,19066.44,50326.53,38132.88,12193.65
O104599,C11726,P1044,2026-01-24,4,0.1,88.95,Net Banking,Delivered,1399.41,917.62,5037.88,3670.48,1367.4
O104600,C10382,P1020,2026-01-13,1,0.0,79.07,Debit Card,Shipped,40470.11,25854.79,40470.11,25854.79,14615.32
O104601,C11935,P1077,2025-10-10,1,0.0,62.21,Credit Card,Delivered,206.69,134.91,206.69,134.91,71.78
O104602,C10573,P1067,2025-09-13,4,0.0,92.37,Net Banking,Delivered,6227.25,3828.72,24909.0,15314.88,9594.12
O104603,C10071,P1150,2026-04-11,1,0.0,31.44,Credit Card,Delivered,2574.89,1872.1,2574.89,1872.1,702.79
O104604,C10322,P1090,2025-10-21,4,0.05,37.03,Credit Card,Delivered,159.95,116.89,607.81,467.56,140.25
O104605,C10355,P1002,2026-01-23,1,0.15,111.58,Credit Card,Delivered,64458.4,38857.64,54789.64,38857.64,15932.0
O104606,C10138,P1011,2026-03-27,4,0.1,41.43,Credit Card,Shipped,18237.69,11700.82,65655.68,46803.28,18852.4
O104607,C11856,P1085,2026-01-26,3,0.1,92.2,Debit Card,Cancelled,229.52,181.34,619.7,544.02,75.68
O104608,C10122,P1030,2026-04-01,1,0.0,36.33,Net Banking,Returned,2098.13,1548.88,2098.13,1548.88,549.25
O104609,C10464,P1087,2026-04-21,2,0.1,103.21,Debit Card,Delivered,1693.9,1011.65,3049.02,2023.3,1025.72
O104610,C11471,P1009,2025-11-16,1,0.0,22.79,Credit Card,Cancelled,33080.16,21064.69,33080.16,21064.69,12015.47
O104611,C11190,P1130,2026-03-20,1,0.1,65.96,Net Banking,Shipped,1664.71,1119.11,1498.24,1119.11,379.13
O104612,C10584,P1054,2025-10-06,2,0.0,81.36,Net Banking,Delivered,5995.19,3653.27,11990.38,7306.54,4683.84
O104613,C11589,P1063,2025-11-17,1,0.1,140.31,Credit Card,Cancelled,6336.48,4060.59,5702.83,4060.59,1642.24
O104614,C10604,P1064,2026-03-11,1,0.2,86.46,COD,Returned,4942.18,3929.49,3953.74,3929.49,24.25
O104615,C11213,P1110,2025-11-06,1,0.0,138.47,Credit Card,Delivered,2315.13,1504.12,2315.13,1504.12,811.01
O104616,C11101,P1007,2026-05-03,2,0.05,14.9,Debit Card,Delivered,7227.26,4548.11,13731.79,9096.22,4635.57
O104617,C11517,P1138,2026-04-24,3,0.0,114.7,Credit Card,Delivered,1859.8,1352.45,5579.4,4057.35,1522.05
O104618,C11704,P1069,2025-08-24,2,0.0,15.99,Debit Card,Delivered,717.29,416.98,1434.58,833.96,600.62
O104619,C11802,P1149,2026-05-25,3,0.0,84.29,UPI,Delivered,1265.06,835.13,3795.18,2505.39,1289.79
O104620,C10683,P1101,2026-04-30,1,0.15,127.71,Debit Card,Returned,2706.0,1556.11,2300.1,1556.11,743.99
O104621,C11253,P1035,2026-03-15,2,0.2,53.64,UPI,Delivered,3107.6,2368.57,4972.16,4737.14,235.02
O104622,C10498,P1128,2026-08-20,2,0.0,126.9,COD,Delivered,1654.17,1108.55,3308.34,2217.1,1091.24
O104623,C10986,P1118,2026-07-15,1,0.0,9.17,Debit Card,Delivered,4978.89,3068.71,4978.89,3068.71,1910.18
O104624,C10570,P1041,2026-07-07,1,0.0,6.04,UPI,Returned,1521.85,1173.08,1521.85,1173.08,348.77
O104625,C10787,P1047,2025-12-20,2,0.1,60.4,Net Banking,Shipped,4008.04,3183.54,7214.47,6367.08,847.39
O104626,C10550,P1024,2026-06-21,1,0.0,56.02,Net Banking,Delivered,18028.57,13625.43,18028.57,13625.43,4403.14
O104627,C10918,P1088,2026-07-15,1,0.15,97.82,Net Banking,Pending,1116.94,867.28,949.4,867.28,82.12
O104628,C10201,P1034,2026-04-13,1,0.0,63.03,Credit Card,Delivered,3445.82,2463.26,3445.82,2463.26,982.56
O104629,C10156,P1059,2026-07-13,2,0.1,61.06,UPI,Delivered,2473.66,1991.45,4452.59,3982.9,469.69
O104630,C10476,P1103,2025-11-23,1,0.1,60.43,Credit Card,Pending,1864.92,1469.71,1678.43,1469.71,208.72
O104631,C11751,P1071,2026-03-27,1,0.2,116.41,COD,Delivered,5179.24,2939.06,4143.39,2939.06,1204.33
O104632,C11368,P1131,2025-11-10,1,0.0,122.66,COD,Delivered,355.98,201.63,355.98,201.63,154.35
O104633,C10211,P1037,2026-04-10,2,0.15,115.58,UPI,Returned,1816.37,1116.6,3087.83,2233.2,854.63
O104634,C10872,P1031,2026-02-10,1,0.0,35.77,COD,Shipped,1495.17,843.81,1495.17,843.81,651.36
O104635,C10469,P1007,2025-08-29,1,0.0,70.49,UPI,Delivered,7227.26,4548.11,7227.26,4548.11,2679.15
O104636,C10325,P1137,2026-04-23,3,0.15,68.65,Debit Card,Delivered,3020.08,1976.97,7701.2,5930.91,1770.29
O104637,C10282,P1070,2026-04-15,1,0.05,29.91,UPI,Delivered,2608.79,2169.26,2478.35,2169.26,309.09
O104638,C11445,P1028,2025-12-08,2,0.15,14.28,UPI,Delivered,5009.89,3386.66,8516.81,6773.32,1743.49
O104639,C10472,P1085,2026-04-01,4,0.05,78.34,Debit Card,Delivered,229.52,181.34,872.18,725.36,146.82
O104640,C10193,P1070,2025-08-30,4,0.0,116.94,Credit Card,Delivered,2608.79,2169.26,10435.16,8677.04,1758.12
O104641,C10286,P1026,2025-09-08,1,0.0,137.47,Net Banking,Delivered,5590.52,3241.08,5590.52,3241.08,2349.44
O104642,C10614,P1061,2026-03-16,1,0.1,26.75,UPI,Delivered,3373.53,1885.35,3036.18,1885.35,1150.83
O104643,C10905,P1125,2025-11-21,3,0.0,1.98,Net Banking,Delivered,2435.61,1942.11,7306.83,5826.33,1480.5
O104644,C10287,P1067,2026-01-29,2,0.05,121.87,COD,Delivered,6227.25,3828.72,11831.78,7657.44,4174.34
O104645,C10260,P1096,2025-09-25,2,0.0,105.83,Debit Card,Cancelled,1066.34,728.57,2132.68,1457.14,675.54
O104646,C10315,P1024,2026-05-25,1,0.05,48.49,Net Banking,Delivered,18028.57,13625.43,17127.14,13625.43,3501.71
O104647,C11451,P1066,2026-08-01,3,0.0,25.51,Debit Card,Delivered,6204.32,3462.32,18612.96,10386.96,8226.0
O104648,C11106,P1029,2026-01-03,3,0.0,131.53,Net Banking,Delivered,564.96,451.92,1694.88,1355.76,339.12
O104649,C11900,P1002,2026-04-24,1,0.0,20.01,Debit Card,Shipped,64458.4,38857.64,64458.4,38857.64,25600.76
O104650,C10990,P1127,2025-11-14,4,0.0,146.5,UPI,Delivered,2406.08,1554.9,9624.32,6219.6,3404.72
O104651,C11299,P1098,2025-12-21,2,0.0,115.95,Net Banking,Delivered,298.55,229.91,597.1,459.82,137.28
O104652,C10428,P1061,2026-05-15,1,0.0,119.84,Credit Card,Delivered,3373.53,1885.35,3373.53,1885.35,1488.18
O104653,C11144,P1111,2026-01-15,4,0.0,106.76,Debit Card,Delivered,583.37,467.6,2333.48,1870.4,463.08
O104654,C11788,P1015,2026-05-19,2,0.05,126.2,Credit Card,Delivered,13194.79,8050.63,25070.1,16101.26,8968.84
O104655,C11468,P1139,2026-06-16,1,0.0,54.3,Debit Card,Pending,451.27,274.75,451.27,274.75,176.52
O104656,C10564,P1015,2026-05-22,3,0.05,133.94,Net Banking,Delivered,13194.79,8050.63,37605.15,24151.89,13453.26
O104657,C11032,P1092,2026-01-30,2,0.0,108.39,Net Banking,Delivered,1913.34,1155.43,3826.68,2310.86,1515.82
O104658,C11699,P1139,2025-08-30,1,0.2,96.3,Credit Card,Pending,451.27,274.75,361.02,274.75,86.27
O104659,C10657,P1112,2026-06-12,4,0.15,129.19,COD,Delivered,3747.66,3014.85,12742.04,12059.4,682.64
O104660,C11615,P1045,2026-06-19,1,0.0,71.12,UPI,Shipped,1149.36,712.41,1149.36,712.41,436.95
O104661,C10546,P1102,2025-08-26,3,0.1,22.03,COD,Delivered,4370.98,2495.57,11801.65,7486.71,4314.94
O104662,C11198,P1044,2026-07-20,2,0.0,52.02,Debit Card,Delivered,1399.41,917.62,2798.82,1835.24,963.58
O104663,C10444,P1082,2025-11-05,3,0.0,87.04,Debit Card,Delivered,2274.24,1299.56,6822.72,3898.68,2924.04
O104664,C11200,P1101,2026-07-07,4,0.0,45.56,Credit Card,Delivered,2706.0,1556.11,10824.0,6224.44,4599.56
O104665,C10354,P1047,2026-05-19,3,0.0,15.42,Debit Card,Delivered,4008.04,3183.54,12024.12,9550.62,2473.5
O104666,C10218,P1137,2025-12-26,1,0.0,121.01,Credit Card,Delivered,3020.08,1976.97,3020.08,1976.97,1043.11
O104667,C11630,P1104,2026-03-14,2,0.2,46.89,Credit Card,Shipped,3475.03,2469.25,5560.05,4938.5,621.55
O104668,C10615,P1115,2025-10-22,1,0.2,64.79,Credit Card,Delivered,5803.85,3277.3,4643.08,3277.3,1365.78
O104669,C10387,P1065,2025-12-19,2,0.15,45.68,Credit Card,Delivered,1517.88,1218.22,2580.4,2436.44,143.96
O104670,C10186,P1044,2025-10-16,2,0.15,117.93,Credit Card,Delivered,1399.41,917.62,2379.0,1835.24,543.76
O104671,C10561,P1023,2026-07-19,2,0.2,57.04,Debit Card,Delivered,54514.7,32908.14,87223.52,65816.28,21407.24
O104672,C10359,P1003,2026-07-14,1,0.2,4.73,UPI,Delivered,31454.08,19066.44,25163.26,19066.44,6096.82
O104673,C11342,P1107,2026-05-10,1,0.2,135.2,COD,Delivered,3347.45,2456.75,2677.96,2456.75,221.21
O104674,C11421,P1114,2026-06-29,4,0.15,100.48,UPI,Delivered,1562.14,1189.51,5311.28,4758.04,553.24
O104675,C10817,P1001,2026-07-04,3,0.05,38.13,Debit Card,Returned,38372.92,26874.96,109362.82,80624.88,28737.94
O104676,C11827,P1088,2026-05-06,2,0.05,99.11,UPI,Pending,1116.94,867.28,2122.19,1734.56,387.63
O104677,C10740,P1111,2025-12-16,2,0.0,71.08,Credit Card,Delivered,583.37,467.6,1166.74,935.2,231.54
O104678,C10978,P1073,2026-07-10,2,0.0,32.19,UPI,Delivered,1405.49,1138.4,2810.98,2276.8,534.18
O104679,C10475,P1020,2026-07-04,3,0.0,130.37,UPI,Shipped,40470.11,25854.79,121410.33,77564.37,43845.96
O104680,C10173,P1148,2025-08-24,3,0.0,58.75,Credit Card,Delivered,884.97,623.21,2654.91,1869.63,785.28
O104681,C11563,P1052,2026-07-22,3,0.15,123.35,Net Banking,Delivered,2039.08,1134.33,5199.65,3402.99,1796.66
O104682,C10276,P1042,2026-01-17,1,0.0,76.73,Debit Card,Cancelled,1907.35,1363.61,1907.35,1363.61,543.74
O104683,C10192,P1023,2025-09-17,2,0.0,14.04,Net Banking,Delivered,54514.7,32908.14,109029.4,65816.28,43213.12
O104684,C11746,P1002,2026-07-13,2,0.0,98.9,UPI,Delivered,64458.4,38857.64,128916.8,77715.28,51201.52
O104685,C10044,P1136,2026-08-05,4,0.05,126.97,Credit Card,Delivered,509.62,289.55,1936.56,1158.2,778.36
O104686,C11350,P1010,2026-06-27,4,0.05,84.64,Debit Card,Delivered,9031.61,6794.04,34320.12,27176.16,7143.96
O104687,C10820,P1029,2025-09-16,4,0.15,120.34,COD,Cancelled,564.96,451.92,1920.86,1807.68,113.18
O104688,C10113,P1122,2026-07-05,1,0.15,131.94,COD,Cancelled,588.59,431.08,500.3,431.08,69.22
O104689,C10801,P1073,2026-07-22,1,0.0,146.42,Credit Card,Delivered,1405.49,1138.4,1405.49,1138.4,267.09
O104690,C11461,P1091,2025-12-06,2,0.05,26.47,UPI,Delivered,722.91,529.78,1373.53,1059.56,313.97
O104691,C10667,P1059,2026-04-19,2,0.0,124.23,COD,Delivered,2473.66,1991.45,4947.32,3982.9,964.42
O104692,C10556,P1109,2026-04-14,3,0.15,7.39,UPI,Delivered,4331.81,3435.6,11046.12,10306.8,739.32
O104693,C10872,P1038,2026-08-09,2,0.1,133.22,Credit Card,Delivered,3530.81,2400.64,6355.46,4801.28,1554.18
O104694,C10422,P1051,2025-08-28,4,0.0,93.73,COD,Delivered,3086.44,2233.31,12345.76,8933.24,3412.52
O104695,C11317,P1067,2025-10-13,2,0.05,84.51,Debit Card,Delivered,6227.25,3828.72,11831.78,7657.44,4174.34
O104696,C11977,P1112,2026-04-06,2,0.15,93.92,Debit Card,Delivered,3747.66,3014.85,6371.02,6029.7,341.32
O104697,C10410,P1026,2026-05-04,1,0.15,81.99,COD,Delivered,5590.52,3241.08,4751.94,3241.08,1510.86
O104698,C11844,P1074,2026-01-02,4,0.0,114.05,UPI,Returned,1038.89,634.94,4155.56,2539.76,1615.8
O104699,C10403,P1118,2026-04-10,1,0.0,22.01,Credit Card,Delivered,4978.89,3068.71,4978.89,3068.71,1910.18
O104700,C11349,P1100,2026-06-20,1,0.15,27.52,Net Banking,Delivered,664.62,470.32,564.93,470.32,94.61
O104701,C11948,P1108,2025-10-18,2,0.05,95.6,UPI,Delivered,2697.81,2207.0,5125.84,4414.0,711.84
O104702,C11419,P1054,2025-12-16,3,0.0,119.31,Debit Card,Delivered,5995.19,3653.27,17985.57,10959.81,7025.76
O104703,C10369,P1012,2026-03-12,2,0.0,106.77,Debit Card,Cancelled,25370.06,18838.89,50740.12,37677.78,13062.34
O104704,C11657,P1018,2026-08-06,4,0.1,124.37,COD,Delivered,52552.08,30527.71,189187.49,122110.84,67076.65
O104705,C10697,P1026,2025-09-03,1,0.0,58.56,Net Banking,Delivered,5590.52,3241.08,5590.52,3241.08,2349.44
O104706,C10041,P1023,2026-04-09,2,0.15,3.67,COD,Delivered,54514.7,32908.14,92674.99,65816.28,26858.71
O104707,C11157,P1049,2026-04-29,1,0.0,69.1,Credit Card,Delivered,4665.92,2735.27,4665.92,2735.27,1930.65
O104708,C10375,P1011,2026-04-16,4,0.0,69.65,Credit Card,Delivered,18237.69,11700.82,72950.76,46803.28,26147.48
O104709,C10449,P1114,2026-07-28,3,0.15,55.08,Debit Card,Delivered,1562.14,1189.51,3983.46,3568.53,414.93
O104710,C10548,P1020,2025-11-04,4,0.2,136.92,COD,Delivered,40470.11,25854.79,129504.35,103419.16,26085.19
O104711,C10551,P1089,2026-03-04,1,0.2,9.81,COD,Shipped,1514.99,1072.27,1211.99,1072.27,139.72
O104712,C11631,P1051,2026-03-03,3,0.2,66.23,Net Banking,Cancelled,3086.44,2233.31,7407.46,6699.93,707.53
O104713,C11173,P1066,2025-12-11,1,0.0,85.32,COD,Delivered,6204.32,3462.32,6204.32,3462.32,2742.0
O104714,C10023,P1043,2025-11-28,1,0.0,119.84,Debit Card,Cancelled,2304.37,1753.37,2304.37,1753.37,551.0
O104715,C11583,P1138,2026-03-18,2,0.1,126.12,Debit Card,Shipped,1859.8,1352.45,3347.64,2704.9,642.74
O104716,C10776,P1036,2026-03-16,3,0.0,26.28,COD,Delivered,4558.46,3300.66,13675.38,9901.98,3773.4
O104717,C10085,P1072,2025-09-18,1,0.0,8.78,COD,Delivered,2376.29,1589.59,2376.29,1589.59,786.7
O104718,C11057,P1112,2026-06-04,2,0.15,75.11,Debit Card,Delivered,3747.66,3014.85,6371.02,6029.7,341.32
O104719,C10025,P1001,2026-04-03,2,0.0,8.43,Net Banking,Delivered,38372.92,26874.96,76745.84,53749.92,22995.92
O104720,C11026,P1087,2026-03-15,2,0.0,113.29,Debit Card,Delivered,1693.9,1011.65,3387.8,2023.3,1364.5
O104721,C11933,P1069,2026-01-10,1,0.1,141.73,Credit Card,Delivered,717.29,416.98,645.56,416.98,228.58
O104722,C11488,P1072,2026-03-14,2,0.0,67.45,Credit Card,Delivered,2376.29,1589.59,4752.58,3179.18,1573.4
O104723,C11209,P1005,2026-02-09,1,0.0,142.62,UPI,Delivered,47571.0,27164.82,47571.0,27164.82,20406.18
O104724,C10452,P1123,2025-09-28,1,0.2,46.72,Net Banking,Delivered,877.39,667.5,701.91,667.5,34.41
O104725,C11377,P1110,2026-02-16,4,0.05,147.13,UPI,Delivered,2315.13,1504.12,8797.49,6016.48,2781.01
O104726,C11734,P1106,2025-09-02,1,0.15,32.15,UPI,Delivered,3820.64,2143.04,3247.54,2143.04,1104.5
O104727,C10934,P1130,2026-03-13,2,0.15,47.89,Net Banking,Delivered,1664.71,1119.11,2830.01,2238.22,591.79
O104728,C10435,P1118,2026-06-09,4,0.0,94.35,UPI,Delivered,4978.89,3068.71,19915.56,12274.84,7640.72
O104729,C10769,P1022,2025-10-31,1,0.15,37.47,Net Banking,Shipped,8340.38,5227.15,7089.32,5227.15,1862.17
O104730,C11727,P1090,2025-10-03,1,0.15,54.99,COD,Delivered,159.95,116.89,135.96,116.89,19.07
O104731,C10849,P1120,2025-12-27,2,0.05,29.12,Credit Card,Delivered,3318.56,2380.1,6305.26,4760.2,1545.06
O104732,C10795,P1060,2025-10-31,1,0.1,16.26,COD,Delivered,887.63,507.33,798.87,507.33,291.54
O104733,C11658,P1018,2025-12-20,2,0.0,100.69,Debit Card,Delivered,52552.08,30527.71,105104.16,61055.42,44048.74
O104734,C11807,P1023,2026-01-14,2,0.0,126.91,Net Banking,Delivered,54514.7,32908.14,109029.4,65816.28,43213.12
O104735,C11060,P1147,2026-07-06,1,0.15,40.3,UPI,Returned,834.22,686.19,709.09,686.19,22.9
O104736,C10306,P1116,2026-07-13,2,0.0,84.36,COD,Returned,1503.58,846.7,3007.16,1693.4,1313.76
O104737,C10342,P1148,2025-11-04,1,0.0,120.35,UPI,Delivered,884.97,623.21,884.97,623.21,261.76
O104738,C11059,P1079,2026-02-05,2,0.15,90.06,Debit Card,Delivered,926.66,604.47,1575.32,1208.94,366.38
O104739,C10931,P1144,2025-12-31,4,0.05,5.91,COD,Delivered,2601.04,1801.4,9883.95,7205.6,2678.35
O104740,C12000,P1061,2026-02-06,4,0.15,33.19,Debit Card,Delivered,3373.53,1885.35,11470.0,7541.4,3928.6
O104741,C11807,P1110,2026-07-26,1,0.0,49.18,UPI,Delivered,2315.13,1504.12,2315.13,1504.12,811.01
O104742,C10075,P1059,2025-09-15,3,0.0,45.42,Credit Card,Delivered,2473.66,1991.45,7420.98,5974.35,1446.63
O104743,C11874,P1109,2026-02-28,2,0.15,140.67,Net Banking,Delivered,4331.81,3435.6,7364.08,6871.2,492.88
O104744,C10433,P1007,2026-05-23,1,0.0,22.56,COD,Delivered,7227.26,4548.11,7227.26,4548.11,2679.15
O104745,C10902,P1055,2026-02-17,2,0.0,55.61,UPI,Shipped,6934.45,4043.27,13868.9,8086.54,5782.36
O104746,C10965,P1031,2025-09-25,3,0.1,117.08,Net Banking,Returned,1495.17,843.81,4036.96,2531.43,1505.53
O104747,C10375,P1047,2025-11-26,1,0.2,96.88,COD,Delivered,4008.04,3183.54,3206.43,3183.54,22.89
O104748,C11757,P1122,2026-04-22,1,0.2,47.06,Net Banking,Delivered,588.59,431.08,470.87,431.08,39.79
O104749,C11590,P1021,2026-04-30,3,0.0,35.88,Net Banking,Delivered,15455.38,11592.94,46366.14,34778.82,11587.32
O104750,C11049,P1116,2026-05-23,3,0.1,101.27,Net Banking,Delivered,1503.58,846.7,4059.67,2540.1,1519.57
O104751,C10883,P1085,2025-12-10,1,0.0,65.37,Credit Card,Delivered,229.52,181.34,229.52,181.34,48.18
O104752,C10675,P1012,2026-02-02,1,0.15,0.1,COD,Delivered,25370.06,18838.89,21564.55,18838.89,2725.66
O104753,C10421,P1147,2026-04-09,2,0.1,97.03,COD,Delivered,834.22,686.19,1501.6,1372.38,129.22
O104754,C11393,P1044,2025-10-27,2,0.1,75.17,Net Banking,Delivered,1399.41,917.62,2518.94,1835.24,683.7
O104755,C11779,P1129,2026-01-25,2,0.0,47.0,COD,Pending,3364.24,2034.28,6728.48,4068.56,2659.92
O104756,C10050,P1081,2025-12-14,3,0.15,19.76,Debit Card,Cancelled,2172.75,1311.33,5540.51,3933.99,1606.52
O104757,C11729,P1078,2025-12-31,3,0.05,132.67,Net Banking,Delivered,1604.45,1009.9,4572.68,3029.7,1542.98
O104758,C11697,P1031,2026-04-17,1,0.0,75.93,COD,Delivered,1495.17,843.81,1495.17,843.81,651.36
O104759,C11327,P1144,2026-07-18,1,0.0,101.31,COD,Shipped,2601.04,1801.4,2601.04,1801.4,799.64
O104760,C11567,P1020,2026-07-20,1,0.1,109.9,Net Banking,Cancelled,40470.11,25854.79,36423.1,25854.79,10568.31
O104761,C11399,P1114,2025-09-23,1,0.1,120.14,UPI,Delivered,1562.14,1189.51,1405.93,1189.51,216.42
O104762,C10422,P1048,2026-03-30,1,0.0,143.82,UPI,Shipped,714.29,437.46,714.29,437.46,276.83
O104763,C10824,P1042,2026-02-11,4,0.0,121.25,Net Banking,Returned,1907.35,1363.61,7629.4,5454.44,2174.96
O104764,C11385,P1004,2026-08-08,4,0.0,87.23,COD,Delivered,60509.53,40979.28,242038.12,163917.12,78121.0
O104765,C11659,P1149,2026-05-12,1,0.0,23.05,Net Banking,Delivered,1265.06,835.13,1265.06,835.13,429.93
O104766,C11715,P1131,2026-05-24,4,0.2,36.08,Net Banking,Delivered,355.98,201.63,1139.14,806.52,332.62
O104767,C11161,P1138,2026-04-22,1,0.0,106.7,Credit Card,Delivered,1859.8,1352.45,1859.8,1352.45,507.35
O104768,C11151,P1040,2025-09-15,1,0.0,29.65,COD,Delivered,3344.13,2454.65,3344.13,2454.65,889.48
O104769,C11978,P1053,2026-06-21,1,0.0,141.18,Credit Card,Delivered,922.36,543.78,922.36,543.78,378.58
O104770,C10938,P1002,2025-12-10,1,0.05,39.13,Net Banking,Delivered,64458.4,38857.64,61235.48,38857.64,22377.84
O104771,C11701,P1079,2026-02-09,1,0.05,54.75,Net Banking,Delivered,926.66,604.47,880.33,604.47,275.86
O104772,C10830,P1075,2025-08-27,1,0.0,4.05,Credit Card,Delivered,6257.58,4866.0,6257.58,4866.0,1391.58
O104773,C11471,P1138,2025-10-13,1,0.2,112.63,Credit Card,Pending,1859.8,1352.45,1487.84,1352.45,135.39
O104774,C10179,P1061,2025-12-15,1,0.0,101.8,Debit Card,Delivered,3373.53,1885.35,3373.53,1885.35,1488.18
O104775,C11311,P1005,2026-08-14,2,0.2,27.6,UPI,Delivered,47571.0,27164.82,76113.6,54329.64,21783.96
O104776,C11588,P1145,2026-07-09,1,0.15,129.73,Net Banking,Pending,2714.68,1805.11,2307.48,1805.11,502.37
O104777,C10921,P1007,2026-02-22,4,0.2,18.57,COD,Delivered,7227.26,4548.11,23127.23,18192.44,4934.79
O104778,C10131,P1088,2026-06-12,3,0.2,122.25,Net Banking,Delivered,1116.94,867.28,2680.66,2601.84,78.82
O104779,C10005,P1095,2025-12-27,1,0.15,140.46,Debit Card,Pending,561.33,353.29,477.13,353.29,123.84
O104780,C11087,P1042,2025-10-20,1,0.0,116.57,Debit Card,Delivered,1907.35,1363.61,1907.35,1363.61,543.74
O104781,C11869,P1132,2026-02-05,1,0.2,13.78,Debit Card,Delivered,1045.48,772.39,836.38,772.39,63.99
O104782,C10503,P1014,2026-05-12,2,0.15,76.79,Credit Card,Shipped,27485.51,19010.32,46725.37,38020.64,8704.73
O104783,C11421,P1020,2025-09-10,4,0.1,16.4,COD,Shipped,40470.11,25854.79,145692.4,103419.16,42273.24
O104784,C10229,P1107,2025-10-28,3,0.0,11.79,COD,Delivered,3347.45,2456.75,10042.35,7370.25,2672.1
O104785,C11900,P1002,2025-10-17,4,0.0,30.13,COD,Delivered,64458.4,38857.64,257833.6,155430.56,102403.04
O104786,C11954,P1070,2025-10-04,2,0.15,37.01,Credit Card,Delivered,2608.79,2169.26,4434.94,4338.52,96.42
O104787,C10704,P1136,2025-11-15,1,0.1,59.81,Net Banking,Cancelled,509.62,289.55,458.66,289.55,169.11
O104788,C11554,P1014,2026-04-24,1,0.15,95.74,UPI,Delivered,27485.51,19010.32,23362.68,19010.32,4352.36
O104789,C11743,P1065,2025-09-27,1,0.0,129.97,Net Banking,Returned,1517.88,1218.22,1517.88,1218.22,299.66
O104790,C11348,P1037,2026-03-27,2,0.0,110.47,Net Banking,Delivered,1816.37,1116.6,3632.74,2233.2,1399.54
O104791,C10004,P1052,2025-12-15,1,0.15,110.06,COD,Shipped,2039.08,1134.33,1733.22,1134.33,598.89
O104792,C10235,P1122,2026-03-07,1,0.0,68.24,UPI,Returned,588.59,431.08,588.59,431.08,157.51
O104793,C10320,P1106,2025-12-18,1,0.2,91.17,Debit Card,Delivered,3820.64,2143.04,3056.51,2143.04,913.47
O104794,C11802,P1013,2026-05-13,2,0.0,11.44,Credit Card,Delivered,52895.62,37136.59,105791.24,74273.18,31518.06
O104795,C11289,P1139,2026-08-12,4,0.2,41.31,UPI,Delivered,451.27,274.75,1444.06,1099.0,345.06
O104796,C11840,P1017,2025-12-14,3,0.0,86.6,COD,Delivered,68434.16,40506.57,205302.48,121519.71,83782.77
O104797,C10308,P1136,2026-08-10,1,0.05,102.42,Credit Card,Delivered,509.62,289.55,484.14,289.55,194.59
O104798,C10850,P1141,2026-06-25,1,0.0,84.85,Credit Card,Delivered,913.93,756.89,913.93,756.89,157.04
O104799,C11578,P1076,2025-08-28,1,0.2,92.91,Debit Card,Cancelled,625.33,474.81,500.26,474.81,25.45
O104800,C10669,P1008,2025-08-26,2,0.0,134.95,UPI,Delivered,51750.03,32987.78,103500.06,65975.56,37524.5
O104801,C11058,P1130,2026-03-10,2,0.0,146.87,Net Banking,Pending,1664.71,1119.11,3329.42,2238.22,1091.2
O104802,C11949,P1145,2025-11-05,3,0.05,24.82,Credit Card,Delivered,2714.68,1805.11,7736.84,5415.33,2321.51
O104803,C10957,P1071,2026-08-17,2,0.05,63.63,UPI,Delivered,5179.24,2939.06,9840.56,5878.12,3962.44
O104804,C11106,P1001,2026-08-07,1,0.0,69.17,COD,Returned,38372.92,26874.96,38372.92,26874.96,11497.96
O104805,C11404,P1029,2026-05-04,1,0.0,86.84,Net Banking,Returned,564.96,451.92,564.96,451.92,113.04
O104806,C10789,P1029,2025-10-19,4,0.2,110.36,Credit Card,Shipped,564.96,451.92,1807.87,1807.68,0.19
O104807,C10832,P1101,2025-09-23,1,0.15,0.79,Credit Card,Delivered,2706.0,1556.11,2300.1,1556.11,743.99
O104808,C10068,P1136,2026-01-14,2,0.0,100.41,Credit Card,Cancelled,509.62,289.55,1019.24,579.1,440.14
O104809,C10492,P1031,2026-05-30,1,0.2,71.61,COD,Delivered,1495.17,843.81,1196.14,843.81,352.33
O104810,C11552,P1045,2026-06-24,4,0.1,132.58,COD,Delivered,1149.36,712.41,4137.7,2849.64,1288.06
O104811,C11846,P1068,2025-08-28,2,0.0,121.21,Debit Card,Delivered,8864.37,5516.76,17728.74,11033.52,6695.22
O104812,C10668,P1098,2026-07-15,2,0.05,44.58,Credit Card,Delivered,298.55,229.91,567.25,459.82,107.43
O104813,C10685,P1134,2026-03-02,1,0.0,8.08,COD,Returned,299.83,242.36,299.83,242.36,57.47
O104814,C10167,P1046,2026-07-07,3,0.2,49.06,UPI,Shipped,4835.09,3320.63,11604.22,9961.89,1642.33
O104815,C10605,P1037,2026-07-01,3,0.0,143.0,Debit Card,Delivered,1816.37,1116.6,5449.11,3349.8,2099.31
O104816,C11796,P1096,2025-12-19,2,0.0,53.0,Credit Card,Delivered,1066.34,728.57,2132.68,1457.14,675.54
O104817,C10039,P1150,2026-03-05,4,0.15,41.34,UPI,Returned,2574.89,1872.1,8754.63,7488.4,1266.23
O104818,C10320,P1058,2025-11-29,1,0.2,124.59,COD,Delivered,1139.13,868.45,911.3,868.45,42.85
O104819,C10019,P1047,2026-04-18,1,0.1,33.51,Net Banking,Returned,4008.04,3183.54,3607.24,3183.54,423.7
O104820,C11168,P1116,2026-03-21,1,0.0,92.31,COD,Cancelled,1503.58,846.7,1503.58,846.7,656.88
O104821,C11899,P1016,2025-10-22,1,0.1,38.37,Credit Card,Delivered,23119.64,19111.02,20807.68,19111.02,1696.66
O104822,C11330,P1115,2026-02-08,1,0.15,83.17,UPI,Delivered,5803.85,3277.3,4933.27,3277.3,1655.97
O104823,C11545,P1076,2025-12-26,1,0.0,123.43,Credit Card,Delivered,625.33,474.81,625.33,474.81,150.52
O104824,C10273,P1079,2026-07-26,1,0.0,144.16,UPI,Delivered,926.66,604.47,926.66,604.47,322.19
O104825,C10456,P1109,2026-08-18,1,0.1,57.89,Debit Card,Delivered,4331.81,3435.6,3898.63,3435.6,463.03
O104826,C10163,P1137,2025-12-06,1,0.0,103.05,COD,Shipped,3020.08,1976.97,3020.08,1976.97,1043.11
O104827,C11596,P1072,2025-11-27,2,0.15,36.13,UPI,Pending,2376.29,1589.59,4039.69,3179.18,860.51
O104828,C11790,P1103,2026-07-14,2,0.0,53.79,Debit Card,Cancelled,1864.92,1469.71,3729.84,2939.42,790.42
O104829,C11841,P1131,2025-12-19,1,0.0,107.62,Net Banking,Delivered,355.98,201.63,355.98,201.63,154.35
O104830,C10722,P1146,2026-08-02,1,0.15,112.21,COD,Pending,1033.25,584.92,878.26,584.92,293.34
O104831,C10510,P1133,2026-02-16,1,0.0,64.42,Debit Card,Delivered,3423.67,2098.85,3423.67,2098.85,1324.82
O104832,C11459,P1103,2025-10-11,3,0.15,49.58,COD,Delivered,1864.92,1469.71,4755.55,4409.13,346.42
O104833,C10405,P1033,2025-10-05,1,0.2,30.01,Credit Card,Delivered,4333.28,2734.68,3466.62,2734.68,731.94
O104834,C10781,P1104,2026-04-19,2,0.05,2.23,COD,Delivered,3475.03,2469.25,6602.56,4938.5,1664.06
O104835,C11280,P1136,2026-02-08,2,0.15,132.06,COD,Delivered,509.62,289.55,866.35,579.1,287.25
O104836,C10151,P1034,2026-01-12,1,0.15,5.4,Debit Card,Delivered,3445.82,2463.26,2928.95,2463.26,465.69
O104837,C11162,P1125,2025-08-29,3,0.0,99.51,Credit Card,Delivered,2435.61,1942.11,7306.83,5826.33,1480.5
O104838,C10104,P1066,2026-06-06,4,0.2,120.49,Credit Card,Delivered,6204.32,3462.32,19853.82,13849.28,6004.54
O104839,C10793,P1048,2026-03-29,1,0.0,52.49,Credit Card,Pending,714.29,437.46,714.29,437.46,276.83
O104840,C11155,P1033,2026-01-07,1,0.05,143.06,UPI,Delivered,4333.28,2734.68,4116.62,2734.68,1381.94
O104841,C10816,P1019,2026-08-05,2,0.15,141.23,COD,Pending,53480.6,38132.5,90917.02,76265.0,14652.02
O104842,C11166,P1150,2025-12-13,1,0.1,39.91,COD,Delivered,2574.89,1872.1,2317.4,1872.1,445.3
O104843,C11828,P1089,2026-01-18,4,0.2,77.43,COD,Delivered,1514.99,1072.27,4847.97,4289.08,558.89
O104844,C11209,P1040,2025-12-24,3,0.05,138.54,Net Banking,Returned,3344.13,2454.65,9530.77,7363.95,2166.82
O104845,C11236,P1141,2026-01-04,1,0.0,99.02,Credit Card,Delivered,913.93,756.89,913.93,756.89,157.04
O104846,C11540,P1142,2025-12-20,1,0.2,17.23,COD,Cancelled,1618.71,996.37,1294.97,996.37,298.6
O104847,C10819,P1143,2026-04-22,1,0.15,116.59,Net Banking,Delivered,2676.13,1712.63,2274.71,1712.63,562.08
O104848,C11015,P1116,2026-08-02,2,0.0,53.65,Net Banking,Delivered,1503.58,846.7,3007.16,1693.4,1313.76
O104849,C11877,P1112,2026-07-07,2,0.05,84.16,UPI,Delivered,3747.66,3014.85,7120.55,6029.7,1090.85
O104850,C10506,P1066,2026-04-24,3,0.15,8.13,Net Banking,Delivered,6204.32,3462.32,15821.02,10386.96,5434.06
O104851,C11072,P1065,2025-10-31,3,0.0,132.15,Net Banking,Shipped,1517.88,1218.22,4553.64,3654.66,898.98
O104853,C11528,P1049,2025-11-03,1,0.1,60.26,Net Banking,Delivered,4665.92,2735.27,4199.33,2735.27,1464.06
O104854,C10259,P1104,2025-11-10,2,0.1,133.89,UPI,Delivered,3475.03,2469.25,6255.05,4938.5,1316.55
O104855,C11837,P1018,2025-10-31,2,0.0,47.9,Debit Card,Delivered,52552.08,30527.71,105104.16,61055.42,44048.74
O104856,C11337,P1120,2026-03-03,4,0.15,16.57,COD,Delivered,3318.56,2380.1,11283.1,9520.4,1762.7
O104857,C11264,P1018,2026-04-15,1,0.0,32.13,Debit Card,Shipped,52552.08,30527.71,52552.08,30527.71,22024.37
O104858,C11355,P1059,2025-09-25,1,0.1,18.89,UPI,Cancelled,2473.66,1991.45,2226.29,1991.45,234.84
O104859,C11498,P1145,2025-09-09,1,0.05,17.74,UPI,Delivered,2714.68,1805.11,2578.95,1805.11,773.84
O104860,C10243,P1005,2026-06-19,1,0.1,52.8,Credit Card,Delivered,47571.0,27164.82,42813.9,27164.82,15649.08
O104861,C11178,P1127,2025-11-16,4,0.0,8.91,Debit Card,Delivered,2406.08,1554.9,9624.32,6219.6,3404.72
O104862,C11302,P1140,2026-05-06,1,0.2,62.08,COD,Delivered,436.07,348.48,348.86,348.48,0.38
O104863,C11212,P1139,2025-10-17,1,0.2,107.7,COD,Delivered,451.27,274.75,361.02,274.75,86.27
O104864,C11706,P1099,2026-04-24,1,0.0,52.75,Debit Card,Delivered,482.66,272.31,482.66,272.31,210.35
O104865,C11610,P1035,2026-05-03,1,0.2,143.54,Debit Card,Returned,3107.6,2368.57,2486.08,2368.57,117.51
O104866,C10675,P1039,2026-03-26,2,0.0,149.43,UPI,Delivered,3010.98,2323.83,6021.96,4647.66,1374.3
O104867,C10479,P1087,2026-06-26,1,0.2,139.22,Credit Card,Delivered,1693.9,1011.65,1355.12,1011.65,343.47
O104868,C11910,P1125,2026-06-08,2,0.1,16.4,COD,Delivered,2435.61,1942.11,4384.1,3884.22,499.88
O104869,C11931,P1027,2026-03-02,1,0.2,90.26,Net Banking,Pending,5526.19,3231.39,4420.95,3231.39,1189.56
O104870,C11145,P1103,2025-09-21,4,0.2,56.21,Credit Card,Returned,1864.92,1469.71,5967.74,5878.84,88.9
O104871,C11165,P1140,2026-05-02,1,0.05,85.62,UPI,Delivered,436.07,348.48,414.27,348.48,65.79
O104872,C11756,P1095,2025-11-27,1,0.05,34.47,COD,Delivered,561.33,353.29,533.26,353.29,179.97
O104873,C11801,P1002,2026-03-14,3,0.1,93.46,UPI,Delivered,64458.4,38857.64,174037.68,116572.92,57464.76
O104874,C10747,P1063,2025-09-22,2,0.0,19.08,UPI,Delivered,6336.48,4060.59,12672.96,8121.18,4551.78
O104875,C10837,P1105,2025-12-20,2,0.15,66.0,UPI,Returned,5921.43,3427.44,10066.43,6854.88,3211.55
O104876,C10882,P1147,2026-04-24,1,0.15,76.4,Debit Card,Pending,834.22,686.19,709.09,686.19,22.9
O104877,C10314,P1075,2026-02-01,1,0.0,141.61,UPI,Delivered,6257.58,4866.0,6257.58,4866.0,1391.58
O104878,C11629,P1079,2026-08-05,1,0.0,141.91,COD,Delivered,926.66,604.47,926.66,604.47,322.19
O104879,C11456,P1042,2026-07-14,3,0.05,77.9,Debit Card,Delivered,1907.35,1363.61,5435.95,4090.83,1345.12
O104880,C10149,P1050,2025-09-29,3,0.0,88.33,COD,Delivered,802.78,481.82,2408.34,1445.46,962.88
O104881,C10647,P1104,2026-06-30,4,0.05,76.29,UPI,Delivered,3475.03,2469.25,13205.11,9877.0,3328.11
O104882,C11017,P1126,2026-01-02,2,0.0,81.14,COD,Delivered,1404.7,995.08,2809.4,1990.16,819.24
O104883,C10348,P1019,2026-06-28,3,0.15,83.02,COD,Pending,53480.6,38132.5,136375.53,114397.5,21978.03
O104884,C10717,P1016,2025-11-07,4,0.0,112.18,Credit Card,Delivered,23119.64,19111.02,92478.56,76444.08,16034.48
O104885,C11552,P1148,2026-04-09,2,0.15,56.67,Credit Card,Pending,884.97,623.21,1504.45,1246.42,258.03
O104886,C10301,P1086,2026-05-03,1,0.1,97.66,Net Banking,Shipped,316.01,223.96,284.41,223.96,60.45
O104887,C11196,P1019,2026-08-17,2,0.0,130.02,Net Banking,Delivered,53480.6,38132.5,106961.2,76265.0,30696.2
O104888,C10992,P1050,2026-03-19,1,0.0,8.37,Credit Card,Delivered,802.78,481.82,802.78,481.82,320.96
O104889,C10389,P1077,2026-04-25,4,0.1,135.44,Credit Card,Shipped,206.69,134.91,744.08,539.64,204.44
O104890,C11745,P1080,2025-09-12,1,0.1,137.81,Debit Card,Cancelled,287.38,222.33,258.64,222.33,36.31
O104891,C10587,P1141,2026-02-24,2,0.15,108.19,Net Banking,Delivered,913.93,756.89,1553.68,1513.78,39.9
O104892,C10555,P1127,2026-06-17,3,0.05,54.5,COD,Delivered,2406.08,1554.9,6857.33,4664.7,2192.63
O104893,C11536,P1137,2025-12-28,1,0.1,142.77,COD,Cancelled,3020.08,1976.97,2718.07,1976.97,741.1
O104894,C11587,P1058,2025-11-20,4,0.0,112.78,Debit Card,Pending,1139.13,868.45,4556.52,3473.8,1082.72
O104895,C11891,P1002,2026-02-22,2,0.05,148.66,COD,Delivered,64458.4,38857.64,122470.96,77715.28,44755.68
O104896,C10157,P1019,2025-12-11,1,0.0,87.31,COD,Delivered,53480.6,38132.5,53480.6,38132.5,15348.1
O104897,C11882,P1143,2025-11-27,2,0.2,32.11,Debit Card,Delivered,2676.13,1712.63,4281.81,3425.26,856.55
O104898,C11424,P1062,2025-09-18,2,0.1,16.25,Credit Card,Cancelled,6951.68,5407.58,12513.02,10815.16,1697.86
O104899,C11215,P1089,2025-09-21,3,0.0,15.13,UPI,Delivered,1514.99,1072.27,4544.97,3216.81,1328.16
O104900,C10786,P1050,2026-04-06,2,0.0,20.58,Debit Card,Delivered,802.78,481.82,1605.56,963.64,641.92
O104901,C11667,P1019,2026-04-22,3,0.0,0.42,Net Banking,Shipped,53480.6,38132.5,160441.8,114397.5,46044.3
O104902,C11043,P1001,2026-03-04,3,0.05,72.42,Debit Card,Delivered,38372.92,26874.96,109362.82,80624.88,28737.94
O104903,C11520,P1021,2026-04-27,2,0.15,5.31,UPI,Delivered,15455.38,11592.94,26274.15,23185.88,3088.27
O104904,C11711,P1116,2025-09-02,2,0.0,103.28,Debit Card,Delivered,1503.58,846.7,3007.16,1693.4,1313.76
O104905,C11640,P1101,2026-03-11,2,0.0,32.41,Debit Card,Delivered,2706.0,1556.11,5412.0,3112.22,2299.78
O104906,C11365,P1030,2025-11-30,3,0.1,4.07,COD,Delivered,2098.13,1548.88,5664.95,4646.64,1018.31
O104907,C11008,P1122,2026-03-23,2,0.2,35.86,UPI,Delivered,588.59,431.08,941.74,862.16,79.58
O104908,C10024,P1063,2026-01-23,3,0.05,32.58,UPI,Delivered,6336.48,4060.59,18058.97,12181.77,5877.2
O104909,C10654,P1080,2025-11-24,2,0.05,60.85,UPI,Delivered,287.38,222.33,546.02,444.66,101.36
O104910,C10038,P1064,2025-10-14,1,0.05,4.76,Net Banking,Returned,4942.18,3929.49,4695.07,3929.49,765.58
O104911,C11458,P1140,2026-07-23,2,0.0,143.41,Credit Card,Delivered,436.07,348.48,872.14,696.96,175.18
O104912,C11648,P1139,2026-05-22,3,0.0,31.3,UPI,Delivered,451.27,274.75,1353.81,824.25,529.56
O104913,C11206,P1098,2026-07-07,1,0.0,61.03,COD,Shipped,298.55,229.91,298.55,229.91,68.64
O104914,C11572,P1011,2026-07-13,1,0.0,111.18,Credit Card,Delivered,18237.69,11700.82,18237.69,11700.82,6536.87
O104915,C11875,P1140,2025-11-26,1,0.1,67.53,Net Banking,Delivered,436.07,348.48,392.46,348.48,43.98
O104916,C11943,P1072,2026-03-09,3,0.1,109.66,UPI,Delivered,2376.29,1589.59,6415.98,4768.77,1647.21
O104917,C11094,P1139,2026-02-18,1,0.1,78.65,UPI,Delivered,451.27,274.75,406.14,274.75,131.39
O104918,C10659,P1041,2026-04-10,1,0.0,132.26,Net Banking,Delivered,1521.85,1173.08,1521.85,1173.08,348.77
O104919,C10186,P1098,2026-05-10,3,0.15,108.06,Debit Card,Delivered,298.55,229.91,761.3,689.73,71.57
O104920,C11453,P1053,2026-07-24,1,0.0,64.58,Credit Card,Shipped,922.36,543.78,922.36,543.78,378.58
O104921,C10702,P1107,2025-10-11,1,0.0,61.58,Credit Card,Delivered,3347.45,2456.75,3347.45,2456.75,890.7
O104922,C11910,P1049,2025-09-03,1,0.0,0.59,Net Banking,Pending,4665.92,2735.27,4665.92,2735.27,1930.65
O104923,C10615,P1068,2026-02-11,3,0.0,75.14,UPI,Delivered,8864.37,5516.76,26593.11,16550.28,10042.83
O104924,C11039,P1014,2025-10-12,1,0.15,90.67,COD,Delivered,27485.51,19010.32,23362.68,19010.32,4352.36
O104925,C11036,P1143,2026-03-12,1,0.15,113.64,COD,Pending,2676.13,1712.63,2274.71,1712.63,562.08
O104926,C10088,P1044,2026-04-04,2,0.15,47.8,UPI,Pending,1399.41,917.62,2379.0,1835.24,543.76
O104927,C11466,P1031,2026-07-29,1,0.0,33.87,Net Banking,Delivered,1495.17,843.81,1495.17,843.81,651.36
O104928,C10190,P1139,2026-03-31,1,0.15,101.98,Debit Card,Cancelled,451.27,274.75,383.58,274.75,108.83
O104929,C10162,P1024,2026-03-03,3,0.0,87.68,Credit Card,Delivered,18028.57,13625.43,54085.71,40876.29,13209.42
O104930,C11865,P1038,2026-08-10,1,0.2,96.28,COD,Delivered,3530.81,2400.64,2824.65,2400.64,424.01
O104931,C10198,P1086,2025-10-17,1,0.0,104.05,Net Banking,Delivered,316.01,223.96,316.01,223.96,92.05
O104932,C10694,P1144,2026-06-09,2,0.2,36.51,UPI,Delivered,2601.04,1801.4,4161.66,3602.8,558.86
O104933,C11640,P1103,2026-07-17,1,0.0,9.43,Credit Card,Delivered,1864.92,1469.71,1864.92,1469.71,395.21
O104934,C10245,P1029,2026-06-17,3,0.1,80.32,Net Banking,Delivered,564.96,451.92,1525.39,1355.76,169.63
O104935,C10067,P1076,2025-11-16,1,0.0,121.53,COD,Shipped,625.33,474.81,625.33,474.81,150.52
O104936,C11377,P1041,2025-10-20,2,0.0,112.03,Credit Card,Delivered,1521.85,1173.08,3043.7,2346.16,697.54
O104937,C10463,P1121,2026-06-22,3,0.0,61.43,UPI,Delivered,1135.94,710.5,3407.82,2131.5,1276.32
O104938,C11950,P1070,2026-04-15,2,0.0,120.27,Debit Card,Delivered,2608.79,2169.26,5217.58,4338.52,879.06
O104939,C10607,P1123,2025-11-09,1,0.1,142.02,UPI,Cancelled,877.39,667.5,789.65,667.5,122.15
O104940,C11391,P1036,2025-12-01,3,0.0,38.27,Credit Card,Delivered,4558.46,3300.66,13675.38,9901.98,3773.4
O104941,C11538,P1017,2025-11-16,4,0.1,24.1,Debit Card,Delivered,68434.16,40506.57,246362.98,162026.28,84336.7
O104942,C10151,P1147,2025-09-21,2,0.05,118.15,Debit Card,Shipped,834.22,686.19,1585.02,1372.38,212.64
O104943,C11181,P1070,2026-04-29,4,0.1,146.43,COD,Cancelled,2608.79,2169.26,9391.64,8677.04,714.6
O104944,C10996,P1100,2026-05-24,2,0.0,92.93,COD,Delivered,664.62,470.32,1329.24,940.64,388.6
O104945,C10835,P1047,2025-09-30,1,0.0,140.3,Credit Card,Delivered,4008.04,3183.54,4008.04,3183.54,824.5
O104946,C11555,P1148,2026-07-20,3,0.0,124.16,COD,Returned,884.97,623.21,2654.91,1869.63,785.28
O104947,C10745,P1060,2026-05-24,2,0.2,90.42,UPI,Delivered,887.63,507.33,1420.21,1014.66,405.55
O104948,C10788,P1019,2025-09-26,1,0.2,46.21,Net Banking,Delivered,53480.6,38132.5,42784.48,38132.5,4651.98
O104949,C10266,P1096,2025-11-16,1,0.1,62.1,COD,Shipped,1066.34,728.57,959.71,728.57,231.14
O104950,C11858,P1115,2026-08-13,2,0.05,106.89,UPI,Delivered,5803.85,3277.3,11027.32,6554.6,4472.72
O104951,C10796,P1133,2026-08-09,2,0.1,15.0,COD,Delivered,3423.67,2098.85,6162.61,4197.7,1964.91
O104952,C11901,P1014,2025-12-09,1,0.15,72.51,COD,Delivered,27485.51,19010.32,23362.68,19010.32,4352.36
O104953,C10812,P1102,2026-04-02,2,0.0,2.66,Credit Card,Delivered,4370.98,2495.57,8741.96,4991.14,3750.82
O104954,C10018,P1095,2026-07-01,1,0.2,112.77,UPI,Delivered,561.33,353.29,449.06,353.29,95.77
O104955,C11088,P1023,2025-12-21,4,0.0,48.36,COD,Delivered,54514.7,32908.14,218058.8,131632.56,86426.24
O104956,C10017,P1140,2025-11-14,2,0.1,138.87,Net Banking,Delivered,436.07,348.48,784.93,696.96,87.97
O104957,C11761,P1056,2025-10-20,4,0.0,80.88,Net Banking,Delivered,1431.57,1192.48,5726.28,4769.92,956.36
O104958,C10243,P1043,2026-01-20,1,0.0,104.1,UPI,Shipped,2304.37,1753.37,2304.37,1753.37,551.0
O104959,C10486,P1008,2026-08-08,3,0.2,51.88,Credit Card,Delivered,51750.03,32987.78,124200.07,98963.34,25236.73
O104960,C10048,P1068,2026-06-09,4,0.2,18.05,Debit Card,Delivered,8864.37,5516.76,28365.98,22067.04,6298.94
O104961,C10410,P1118,2025-09-05,2,0.1,80.48,Debit Card,Delivered,4978.89,3068.71,8962.0,6137.42,2824.58
O104962,C11426,P1094,2026-03-11,2,0.15,91.44,Credit Card,Cancelled,1847.54,1150.18,3140.82,2300.36,840.46
O104963,C11177,P1048,2026-03-13,1,0.1,79.84,COD,Delivered,714.29,437.46,642.86,437.46,205.4
O104964,C11277,P1137,2025-10-25,1,0.1,77.13,COD,Delivered,3020.08,1976.97,2718.07,1976.97,741.1
O104965,C11768,P1119,2025-12-27,1,0.0,117.88,Debit Card,Returned,5211.2,3497.26,5211.2,3497.26,1713.94
O104966,C11941,P1127,2025-09-08,1,0.05,80.82,Debit Card,Delivered,2406.08,1554.9,2285.78,1554.9,730.88
O104967,C10528,P1070,2026-04-13,2,0.15,41.46,Net Banking,Pending,2608.79,2169.26,4434.94,4338.52,96.42
O104968,C10090,P1082,2025-11-26,2,0.0,106.14,Debit Card,Shipped,2274.24,1299.56,4548.48,2599.12,1949.36
O104969,C11972,P1073,2026-06-01,1,0.0,149.03,Debit Card,Returned,1405.49,1138.4,1405.49,1138.4,267.09
O104970,C10462,P1132,2025-12-08,2,0.0,76.6,UPI,Delivered,1045.48,772.39,2090.96,1544.78,546.18
O104971,C10034,P1144,2026-03-11,1,0.2,0.88,UPI,Delivered,2601.04,1801.4,2080.83,1801.4,279.43
O104972,C11220,P1100,2025-12-05,2,0.15,70.97,Debit Card,Delivered,664.62,470.32,1129.85,940.64,189.21
O104973,C11085,P1055,2025-10-11,3,0.1,0.42,Debit Card,Returned,6934.45,4043.27,18723.02,12129.81,6593.21
O104974,C11732,P1073,2026-08-06,4,0.1,17.8,Debit Card,Delivered,1405.49,1138.4,5059.76,4553.6,506.16
O104975,C10832,P1041,2026-02-04,2,0.0,10.72,Credit Card,Delivered,1521.85,1173.08,3043.7,2346.16,697.54
O104976,C11405,P1095,2026-06-26,1,0.2,87.13,Credit Card,Delivered,561.33,353.29,449.06,353.29,95.77
O104977,C11263,P1127,2025-10-27,1,0.05,88.02,UPI,Delivered,2406.08,1554.9,2285.78,1554.9,730.88
O104978,C10835,P1098,2025-08-28,1,0.05,32.3,UPI,Delivered,298.55,229.91,283.62,229.91,53.71
O104979,C11663,P1105,2025-10-19,2,0.15,149.92,UPI,Shipped,5921.43,3427.44,10066.43,6854.88,3211.55
O104980,C11722,P1036,2025-08-25,1,0.0,72.03,Debit Card,Delivered,4558.46,3300.66,4558.46,3300.66,1257.8
O104981,C10063,P1115,2026-01-11,3,0.0,133.28,UPI,Delivered,5803.85,3277.3,17411.55,9831.9,7579.65
O104982,C11769,P1040,2026-05-08,3,0.2,28.38,COD,Returned,3344.13,2454.65,8025.91,7363.95,661.96
O104983,C10832,P1005,2026-07-17,1,0.15,6.75,Credit Card,Delivered,47571.0,27164.82,40435.35,27164.82,13270.53
O104984,C11638,P1017,2026-04-29,1,0.15,0.73,Debit Card,Delivered,68434.16,40506.57,58169.04,40506.57,17662.47
O104985,C10056,P1019,2025-11-09,4,0.1,84.82,Debit Card,Pending,53480.6,38132.5,192530.16,152530.0,40000.16
O104986,C11395,P1002,2026-05-10,1,0.05,148.2,UPI,Delivered,64458.4,38857.64,61235.48,38857.64,22377.84
O104987,C11392,P1024,2026-07-16,3,0.15,123.81,COD,Delivered,18028.57,13625.43,45972.85,40876.29,5096.56
O104988,C10193,P1081,2026-06-12,1,0.0,8.2,COD,Delivered,2172.75,1311.33,2172.75,1311.33,861.42
O104990,C10265,P1046,2026-04-17,3,0.0,145.95,Debit Card,Delivered,4835.09,3320.63,14505.27,9961.89,4543.38
O104991,C10429,P1063,2026-08-14,1,0.05,72.13,Net Banking,Delivered,6336.48,4060.59,6019.66,4060.59,1959.07
O104992,C10906,P1146,2026-06-01,1,0.0,3.83,Debit Card,Delivered,1033.25,584.92,1033.25,584.92,448.33
O104993,C10769,P1068,2026-06-09,3,0.0,47.84,Debit Card,Delivered,8864.37,5516.76,26593.11,16550.28,10042.83
O104994,C11393,P1082,2026-05-30,2,0.05,90.97,COD,Delivered,2274.24,1299.56,4321.06,2599.12,1721.94
O104995,C10654,P1118,2026-04-08,1,0.05,65.12,UPI,Delivered,4978.89,3068.71,4729.95,3068.71,1661.24
O104996,C11506,P1021,2026-04-03,4,0.2,107.78,Net Banking,Delivered,15455.38,11592.94,49457.22,46371.76,3085.46
O104997,C11089,P1102,2026-06-13,1,0.1,50.63,COD,Pending,4370.98,2495.57,3933.88,2495.57,1438.31
O104998,C11919,P1077,2026-06-09,3,0.2,90.51,COD,Delivered,206.69,134.91,496.06,404.73,91.33
O104999,C10880,P1085,2025-09-05,1,0.15,19.61,COD,Returned,229.52,181.34,195.09,181.34,13.75
O105000,C11135,P1061,2026-05-16,1,0.2,142.25,Credit Card,Returned,3373.53,1885.35,2698.82,1885.35,813.47
