order_id,customer_id,order_date,product_id,quantity,discount,shipping_cost,payment_method,order_status
O100001,C11264,2026-07-17,P1117,2,0.0,123.27,UPI,Delivered
O100002,C10108,2025-12-23,P1138,1,0.0,15.53,Credit Card,Delivered
O100003,C10060,2026-05-03,P1125,2,0.05,119.33,Net Banking,Delivered
O100004,C11834,2026-04-23,P1061,1,0.1,116.08,COD,Delivered
O100005,C10668,2025-12-19,P1108,1,0.2,17.41,Credit Card,Shipped
O100006,C11840,2025-09-02,P1084,4,0.0,49.34,Credit Card,Shipped
O100007,C10668,2025-11-02,P1059,2,0.0,84.09,UPI,Delivered
O100008,C10845,2025-12-29,P1052,4,0.05,101.69,COD,Returned
O100009,C10151,2025-10-23,P1121,2,0.2,51.93,Net Banking,Delivered
O100010,C11824,2025-12-15,P1112,1,0.1,89.46,Credit Card,Delivered
O100011,C11249,2025-10-05,P1117,1,0.1,104.11,Credit Card,Delivered
O100012,C10280,2025-12-19,P1118,1,0.1,20.26,Credit Card,Delivered
O100013,C11998,2026-01-04,P1070,2,0.0,5.45,Credit Card,Delivered
O100014,C10066,2026-07-13,P1146,4,0.15,24.48,UPI,Delivered
O100015,C10228,2026-01-01,P1120,2,0.15,1.52,COD,Delivered
O100016,C11558,2026-01-23,P1088,2,0.2,68.24,Credit Card,Returned
O100017,C11237,2025-12-07,P1041,4,0.0,129.94,Net Banking,Returned
O100018,C11184,2025-12-03,P1142,2,0.2,83.52,Credit Card,Delivered
O100019,C11756,2026-02-26,P1134,1,0.05,82.35,COD,Cancelled
O100020,C10444,2026-04-28,P1122,4,0.2,65.89,COD,Delivered
O100021,C11496,2025-10-12,P1110,1,0.2,104.8,Credit Card,Delivered
O100022,C10890,2025-10-10,P1149,1,0.2,4.25,Credit Card,Returned
O100023,C11212,2025-11-19,P1039,3,0.2,11.22,Net Banking,Returned
O100024,C10856,2026-07-26,P1012,3,0.0,103.79,UPI,Pending
O100025,C11503,2026-02-12,P1130,2,0.15,125.16,UPI,Delivered
O100026,C10808,2025-09-15,P1123,2,0.05,136.08,UPI,Delivered
O100027,C10493,2025-09-08,P1022,4,0.15,77.38,Net Banking,Shipped
O100028,C11420,2026-06-14,P1105,1,0.0,75.9,Credit Card,Delivered
O100029,C10606,2026-05-12,P1062,1,0.15,20.1,UPI,Delivered
O100030,C11371,2026-04-19,P1079,2,0.05,8.16,Credit Card,Delivered
O100031,C11758,2026-02-10,P1147,1,0.1,93.0,Net Banking,Delivered
O100032,C10932,2025-11-13,P1119,1,0.15,8.6,Credit Card,Cancelled
O100033,C10831,2025-09-13,P1048,3,0.0,51.34,Debit Card,Delivered
O100034,C11442,2026-07-02,P1001,1,0.1,60.39,UPI,Delivered
O100035,C11415,2025-12-25,P1086,1,0.0,12.95,Net Banking,Delivered
O100036,C10873,2026-03-02,P1070,4,0.2,138.64,Net Banking,Delivered
O100037,C11628,2026-01-24,P1054,3,0.15,83.64,UPI,Delivered
O100038,C10688,2026-03-14,P1015,4,0.2,37.19,Net Banking,Pending
O100039,C11382,2026-05-21,P1094,1,0.0,49.32,UPI,Delivered
O100040,C10749,2026-03-14,P1120,2,0.0,1.06,Net Banking,Delivered
O100041,C10751,2026-03-26,P1045,2,0.0,28.18,Net Banking,Delivered
O100042,C11149,2025-11-25,P1053,1,0.0,54.65,Credit Card,Pending
O100043,C10489,2025-09-27,P1139,4,0.0,101.86,UPI,Delivered
O100044,C11511,2025-12-22,P1149,2,0.15,49.22,Credit Card,Shipped
O100045,C11559,2026-07-30,P1058,3,0.0,83.89,Debit Card,Delivered
O100046,C10548,2026-05-01,P1129,2,0.0,5.26,COD,Delivered
O100047,C10130,2025-10-18,P1096,4,0.1,140.63,Debit Card,Delivered
O100048,C11027,2026-06-03,P1135,1,0.2,3.07,UPI,Delivered
O100049,C11090,2025-09-18,P1137,3,0.0,118.43,Debit Card,Delivered
O100050,C10754,2026-02-02,P1017,1,0.0,43.23,Credit Card,Returned
O100051,C10938,2026-05-15,P1023,3,0.0,92.96,UPI,Delivered
O100052,C10367,2026-06-07,P1074,1,0.0,46.55,UPI,Delivered
O100053,C10566,2026-06-07,P1029,4,0.15,67.07,Credit Card,Delivered
O100054,C11792,2026-01-28,P1053,3,0.05,61.43,Net Banking,Pending
O100055,C10047,2026-01-05,P1076,2,0.1,124.01,COD,Pending
O100056,C11109,2026-01-26,P1034,2,0.2,139.82,COD,Delivered
O100057,C10910,2025-12-06,P1006,2,0.0,105.79,Debit Card,Delivered
O100058,C10046,2026-01-29,P1060,1,0.15,84.45,Net Banking,Delivered
O100059,C10844,2026-03-09,P1149,2,0.0,101.46,Debit Card,Delivered
O100060,C11612,2026-05-22,P1084,1,0.15,31.3,COD,Delivered
O100061,C11428,2026-04-03,P1136,2,0.0,0.37,Net Banking,Delivered
O100062,C10623,2026-03-24,P1146,4,0.15,91.5,Credit Card,Returned
O100063,C10628,2026-01-03,P1044,1,0.1,107.56,Debit Card,Delivered
O100064,C10762,2026-06-15,P1074,3,0.15,58.81,UPI,Delivered
O100065,C10583,2026-01-20,P1117,3,0.2,85.58,Credit Card,Delivered
O100066,C10330,2026-01-19,P1138,1,0.0,96.73,Debit Card,Delivered
O100067,C10360,2026-08-10,P1040,3,0.0,74.48,Credit Card,Delivered
O100068,C10085,2026-03-16,P1082,2,0.15,102.21,Net Banking,Delivered
O100069,C10534,2026-02-06,P1095,1,0.05,106.09,Credit Card,Delivered
O100070,C11449,2026-08-07,P1009,1,0.2,145.69,Debit Card,Pending
O100071,C10303,2026-01-31,P1096,4,0.2,91.41,COD,Delivered
O100072,C10333,2026-05-24,P1137,3,0.0,81.5,Debit Card,Delivered
O100073,C10052,2026-06-13,P1104,3,0.05,130.24,COD,Shipped
O100074,C11942,2026-02-27,P1118,3,0.0,57.14,Debit Card,Delivered
O100075,C11987,2026-06-09,P1140,2,0.2,16.29,Net Banking,Delivered
O100076,C11445,2026-01-26,P1076,4,0.0,125.64,COD,Returned
O100077,C11986,2026-08-10,P1147,2,0.05,2.47,Credit Card,Shipped
O100078,C11493,2025-09-07,P1114,1,0.05,24.66,Debit Card,Delivered
O100079,C11499,2026-04-07,P1123,2,0.0,34.24,UPI,Delivered
O100080,C11129,2026-06-08,P1030,2,0.1,23.17,Debit Card,Delivered
O100081,C11265,2025-11-13,P1057,1,0.0,81.61,COD,Delivered
O100082,C10669,2026-07-12,P1015,2,0.2,33.79,Net Banking,Delivered
O100083,C11195,2025-10-10,P1135,1,0.1,72.01,Credit Card,Shipped
O100084,C11572,2026-02-09,P1072,4,0.2,17.17,Credit Card,Delivered
O100085,C11103,2025-11-18,P1115,3,0.05,82.98,UPI,Pending
O100086,C10808,2026-07-03,P1050,1,0.0,77.88,COD,Delivered
O100087,C11240,2025-12-01,P1131,1,0.0,74.74,UPI,Returned
O100088,C10740,2026-06-09,P1102,2,0.2,93.4,Credit Card,Delivered
O100089,C10876,2026-01-24,P1095,2,0.05,75.59,COD,Delivered
O100090,C10583,2026-05-08,P1089,1,0.2,27.67,Debit Card,Delivered
O100091,C10913,2025-12-06,P1144,4,0.0,129.11,UPI,Delivered
O100092,C11819,2026-06-14,P1114,1,0.05,125.58,COD,Shipped
O100093,C10592,2025-11-11,P1042,1,0.0,21.07,COD,Shipped
O100094,C10849,2026-05-26,P1036,1,0.0,66.86,Net Banking,Delivered
O100095,C10295,2025-12-02,P1054,1,0.1,123.02,Debit Card,Delivered
O100096,C11777,2026-01-09,P1135,1,0.0,111.79,Debit Card,Delivered
O100097,C11967,2025-10-16,P1097,1,0.0,118.8,UPI,Delivered
O100098,C11309,2026-05-28,P1070,2,0.0,108.37,COD,Delivered
O100099,C10947,2026-01-13,P1146,4,0.2,58.57,Credit Card,Delivered
O100100,C11705,2026-06-10,P1098,1,0.05,116.9,Debit Card,Delivered
O100101,C10087,2026-01-10,P1078,1,0.05,49.21,Net Banking,Delivered
O100102,C11146,2026-06-11,P1119,1,0.15,13.02,Credit Card,Delivered
O100103,C10006,2025-11-24,P1040,1,0.05,130.42,Debit Card,Delivered
O100104,C11312,2026-08-21,P1121,3,0.2,142.69,UPI,Delivered
O100105,C11829,2025-11-16,P1074,2,0.1,19.5,COD,Delivered
O100106,C11858,2025-12-03,P1063,1,0.05,33.01,UPI,Delivered
O100107,C10568,2026-01-29,P1127,-4,0.15,21.48,UPI,Delivered
O100108,C10741,2025-08-22,P1149,1,0.0,29.84,COD,Delivered
O100109,C11779,2025-11-21,P1067,1,0.0,49.13,COD,Pending
O100110,C11676,2026-04-18,P1031,2,0.1,133.54,Debit Card,Delivered
O100111,C11179,2026-07-22,P1005,2,0.1,54.83,Debit Card,Delivered
O100112,C10120,2026-05-02,P1038,1,0.0,48.09,Debit Card,Delivered
O100113,C11420,2025-12-03,P1035,4,0.05,41.63,Debit Card,Delivered
O100114,C10559,2026-04-05,P1093,3,0.05,125.33,COD,Delivered
O100115,C11957,2026-01-15,P1092,2,0.0,132.77,UPI,Delivered
O100116,C11085,2026-03-14,P1020,1,0.1,96.41,Net Banking,Delivered
O100117,C11287,2025-10-12,P1047,1,0.0,144.77,UPI,Delivered
O100118,C10343,2025-09-28,P1140,2,0.1,62.35,Debit Card,Cancelled
O100119,C11694,2026-02-09,P1078,2,0.0,123.32,Debit Card,Delivered
O100120,C11410,2025-09-12,P1093,1,0.0,120.68,UPI,Delivered
O100121,C10721,2026-02-21,P1037,2,0.1,4.53,UPI,Delivered
O100122,C10577,2025-11-30,P1096,1,0.15,26.47,COD,Delivered
O100123,C11887,2026-01-28,P1042,1,0.1,52.51,UPI,Delivered
O100124,C11031,2026-05-24,P1057,1,0.0,37.06,Credit Card,Shipped
O100125,C11145,2026-01-25,P1135,4,0.15,31.53,Net Banking,Delivered
O100126,C11439,2025-12-07,P1030,4,0.0,30.47,COD,Delivered
O100127,C10157,2026-05-26,P1030,1,0.2,23.78,Credit Card,Returned
O100128,C10983,2025-09-20,P1090,4,0.0,131.92,Debit Card,Delivered
O100129,C10285,2026-03-05,P1114,1,0.0,136.25,Net Banking,Delivered
O100130,C11987,2025-11-06,P1088,2,0.2,101.92,Credit Card,Delivered
O100131,C10059,2026-01-11,P1031,1,0.0,31.68,Credit Card,Delivered
O100132,C11422,2026-01-21,P1037,1,0.0,57.0,Credit Card,Delivered
O100133,C10430,2025-09-29,P1034,2,0.2,91.62,UPI,Delivered
O100134,C11563,2025-12-30,P1029,3,0.0,51.88,UPI,Delivered
O100135,C10992,2026-07-25,P1111,3,0.15,48.31,UPI,Delivered
O100136,C10068,2026-07-08,P1132,4,0.1,41.72,Net Banking,Delivered
O100137,C10244,2026-07-08,P1065,1,0.0,25.65,UPI,Delivered
O100138,C11368,2026-05-18,P1003,4,0.0,73.06,UPI,Shipped
O100139,C11885,2025-09-23,P1053,1,0.15,52.2,Net Banking,Returned
O100140,C10379,2025-09-24,P1090,1,0.2,92.27,UPI,Delivered
O100141,C11733,2025-12-27,P1072,1,0.1,90.04,Net Banking,Delivered
O100142,C99999,2025-09-04,P1129,2,0.0,81.38,Net Banking,Delivered
O100143,C11168,2025-11-16,P1018,3,0.2,44.91,UPI,Shipped
O100144,C11564,2026-01-23,P1004,2,0.0,3.72,Net Banking,Delivered
O100145,C10393,2025-09-04,P1073,2,0.15,36.61,Credit Card,Returned
O100146,C11101,2026-07-10,P1002,1,0.1,102.65,UPI,Returned
O100147,C11886,2026-03-06,P1130,1,0.0,49.69,COD,Delivered
O100148,C11208,2025-10-16,P1048,1,0.1,65.86,COD,Delivered
O100149,C10220,2026-07-09,P1047,3,0.15,113.76,Debit Card,Pending
O100150,C10869,2026-07-04,P1055,4,0.2,113.15,Net Banking,Delivered
O100151,C10232,2026-07-12,P1081,3,0.2,109.54,UPI,Delivered
O100152,C11065,2026-06-21,P1035,1,0.15,140.2,COD,Shipped
O100153,C11444,2026-03-24,P1074,2,0.0,77.24,Net Banking,Shipped
O100154,C10169,2026-04-11,P1084,2,0.15,64.7,COD,Delivered
O100155,C10581,2026-05-12,P1117,3,0.15,144.28,Net Banking,Shipped
O100156,C11408,2026-06-09,P1114,2,0.0,106.44,Credit Card,Delivered
O100157,C10596,2025-09-26,P1110,3,0.05,136.04,Credit Card,Cancelled
O100158,C11833,2026-07-29,P1122,2,0.1,86.87,Debit Card,Delivered
O100159,C11381,2026-07-17,P1126,1,0.15,38.25,UPI,Delivered
O100160,C11071,2026-08-12,P1022,2,0.15,119.37,UPI,Delivered
O100161,C10821,2026-06-07,P1027,2,0.1,28.34,Credit Card,Delivered
O100162,C11998,2025-11-06,P1051,1,0.15,76.61,Debit Card,Delivered
O100163,C11729,2025-08-26,P1104,1,0.0,37.53,UPI,Delivered
O100164,C10870,2026-05-10,P1128,4,0.2,46.44,Debit Card,Shipped
O100165,C11569,2026-03-21,P1149,1,0.2,76.73,Net Banking,Delivered
O100166,C11617,2025-09-21,P1103,3,0.05,112.7,Debit Card,Delivered
O100167,C11236,2026-04-08,P1104,2,0.0,39.25,COD,Delivered
O100168,C10302,2025-12-24,P1117,1,0.0,139.18,UPI,Delivered
O100169,C11003,2025-11-15,P1128,1,0.0,49.04,Credit Card,Delivered
O100170,C10276,2026-08-17,P1008,1,0.0,37.3,UPI,Shipped
O100171,C11701,2026-06-10,P1018,1,0.0,76.88,COD,Delivered
O100172,C11991,2026-06-06,P1046,1,0.0,99.31,COD,Delivered
O100173,C10670,2025-12-06,P1040,2,0.1,144.19,Debit Card,Delivered
O100174,C10198,2026-07-30,P1020,1,0.1,122.67,Net Banking,Shipped
O100175,C11624,2026-02-08,P1120,3,0.0,105.67,Credit Card,Delivered
O100176,C11020,2026-02-16,P1126,2,0.0,113.7,Net Banking,Delivered
O100177,C10704,2025-09-28,P1139,4,0.1,125.42,Net Banking,Delivered
O100178,C11565,2025-09-21,P1009,1,0.2,33.93,COD,Returned
O100179,C10244,2025-12-29,P1099,2,0.1,144.03,COD,Delivered
O100180,C10771,2026-07-26,P1114,2,0.0,52.35,COD,Delivered
O100181,C10363,2026-04-05,P1143,2,0.0,48.72,Debit Card,Returned
O100182,C10337,2025-11-10,P1126,1,0.0,23.03,COD,Delivered
O100183,C11466,2025-09-26,P1100,2,0.0,97.34,COD,Shipped
O100184,C11166,2026-04-17,P1126,2,0.15,62.29,Net Banking,Delivered
O100185,C11172,2025-08-26,P1121,1,0.0,30.99,COD,Delivered
O100186,C10321,2025-08-26,P1130,1,0.0,26.73,UPI,Delivered
O100187,C11014,2025-11-28,P1097,1,0.0,99.91,Net Banking,Delivered
O100188,C11570,2025-10-17,P1073,3,0.1,140.35,Debit Card,Delivered
O100189,C11210,2025-11-22,P1012,3,0.2,20.63,Credit Card,Cancelled
O100190,C10715,2026-03-16,P1150,4,0.05,9.24,UPI,Shipped
O100191,C11281,2026-05-11,P1088,2,0.0,64.17,COD,Delivered
O100192,C10707,2026-01-10,P1092,1,0.0,102.87,COD,Delivered
O100193,C11355,2026-06-09,P1063,3,0.1,94.16,Credit Card,Delivered
O100194,C10640,2026-05-29,P1022,1,0.05,4.66,UPI,Cancelled
O100195,C10235,2026-03-09,P1087,3,0.0,40.61,Credit Card,Delivered
O100196,C10668,2026-03-08,P1010,1,0.0,140.34,COD,Delivered
O100197,C10866,2026-04-10,P1146,2,0.1,93.14,Net Banking,Returned
O100198,C10547,2026-02-11,P1006,3,0.0,70.53,COD,Delivered
O100199,C10649,2025-12-03,P1097,1,0.0,102.84,Net Banking,Delivered
O100200,C11173,2026-01-28,P1026,4,0.0,119.25,COD,Delivered
O100201,C11383,2026-01-27,P1053,1,0.0,96.41,Debit Card,Delivered
O100202,C11662,2026-04-27,P1087,2,0.1,91.22,Credit Card,Delivered
O100203,C10745,2025-09-05,P1112,4,0.2,109.85,Credit Card,Delivered
O100204,C11736,2026-02-23,P1020,2,0.1,35.44,Net Banking,Delivered
O100205,C10544,2025-09-16,P1013,1,0.05,41.65,Debit Card,Pending
O100206,C10824,2026-01-23,P1058,4,0.0,58.64,Net Banking,Shipped
O100207,C10189,2026-01-30,P1149,2,0.0,120.64,UPI,Delivered
O100208,C10560,2025-11-09,P1018,1,0.05,105.94,Net Banking,Shipped
O100209,C10974,2026-01-26,P1110,1,0.0,4.23,Credit Card,Delivered
O100210,C10158,2026-02-09,P1078,4,0.1,51.56,Net Banking,Shipped
O100211,C10887,2025-11-09,P1139,4,0.05,84.57,Debit Card,Delivered
O100212,C10824,2025-12-17,P1065,1,0.0,93.02,Net Banking,Delivered
O100213,C11376,2026-04-22,P1141,2,0.0,30.55,Credit Card,Returned
O100214,C11286,2026-01-03,P1133,1,0.0,17.98,Credit Card,Delivered
O100215,C10437,2026-03-21,P1120,4,0.1,0.29,Debit Card,Returned
O100216,C11092,2026-01-18,P1112,1,0.2,3.0,Net Banking,Shipped
O100217,C10123,2026-06-15,P1134,1,0.0,137.19,Credit Card,Delivered
O100218,C10303,2026-05-10,P1062,2,0.1,69.54,Credit Card,Shipped
O100219,C11568,2025-12-03,P1077,4,0.0,148.03,COD,Delivered
O100220,C11762,2025-09-04,P1017,1,0.15,139.34,Credit Card,Cancelled
O100221,C10547,2026-01-22,P1074,1,0.05,99.5,Credit Card,Delivered
O100222,C11232,2025-10-12,P1061,2,0.05,78.48,COD,Delivered
O100223,C10308,2026-06-24,P1050,4,0.2,46.66,UPI,Delivered
O100224,C11695,2026-04-04,P1080,1,0.0,20.02,COD,Delivered
O100225,C10894,2026-03-08,P1109,1,0.05,121.54,UPI,Delivered
O100226,C10559,2025-10-12,P1035,3,0.1,79.55,UPI,Delivered
O100227,C11646,2025-09-28,P1072,1,0.05,121.94,Net Banking,Delivered
O100228,C11746,2026-04-22,P1011,2,0.2,82.05,COD,Shipped
O100229,C10114,2026-05-01,P1022,3,0.0,71.18,Debit Card,Delivered
O100230,C11776,2026-02-24,P1017,3,0.2,57.96,COD,Returned
O100231,C11376,2026-03-10,P1024,1,0.0,77.81,COD,Pending
O100232,C11484,2025-12-10,P1036,4,0.05,99.07,Credit Card,Delivered
O100233,C11505,2026-05-30,P1129,2,0.05,130.03,UPI,Delivered
O100234,C11698,2025-11-08,P1149,1,0.0,138.44,Net Banking,Delivered
O100235,C11812,2025-09-13,P1024,1,0.0,80.49,Credit Card,Delivered
O100236,C11584,2026-03-13,P1081,3,0.15,20.83,Debit Card,Cancelled
O100237,C11510,2025-09-24,P1100,4,0.1,87.92,Credit Card,Returned
O100238,C10447,2026-03-03,P1037,1,0.05,5.4,UPI,Delivered
O100239,C11987,2026-03-30,P1071,2,0.0,51.4,COD,Delivered
O100240,C11768,2025-11-25,P1015,1,0.1,74.65,COD,Delivered
O100241,C11433,2026-06-09,P1029,1,0.0,27.85,Debit Card,Delivered
O100242,C10973,2025-09-16,P1064,3,0.0,91.25,Debit Card,Cancelled
O100243,C11919,2026-06-21,P1038,1,0.0,31.46,Debit Card,Delivered
O100244,C10754,2026-07-09,P1079,3,0.0,131.36,UPI,Delivered
O100245,C11854,2026-06-30,P1009,1,0.0,143.85,UPI,Delivered
O100246,C11616,2026-01-23,P1062,2,0.2,107.24,Debit Card,Delivered
O100247,C10634,2025-09-30,P1093,1,0.0,148.36,UPI,Delivered
O100248,C10485,2026-03-26,P1114,1,0.2,15.9,COD,Delivered
O100249,C11968,2025-09-11,P1101,1,0.0,19.46,Debit Card,Delivered
O100250,C11918,2025-12-14,P1061,1,0.1,41.08,Debit Card,Delivered
O100251,C11824,2026-07-28,P1042,1,0.0,74.7,COD,Delivered
O100252,C11802,2025-09-23,P1105,2,0.0,64.81,UPI,Delivered
O100253,C10165,2025-09-15,P1126,1,0.1,21.75,COD,Shipped
O100254,C11898,2026-08-05,P1086,4,0.05,29.55,COD,Cancelled
O100255,C11680,2026-03-20,P1026,1,0.1,8.22,Credit Card,Delivered
O100256,C11037,2025-11-03,P1017,2,0.0,74.02,Debit Card,Delivered
O100257,C11494,2026-08-10,P1141,2,0.0,66.15,Debit Card,Delivered
O100258,C10057,2025-09-21,P1014,1,0.1,35.13,Credit Card,Delivered
O100259,C11621,2025-08-24,P1035,1,0.0,33.02,UPI,Delivered
O100260,C11287,2025-09-16,P1079,1,0.05,148.57,Debit Card,Delivered
O100261,C10227,2026-02-09,P1041,4,0.2,63.46,Credit Card,Delivered
O100262,C11986,2026-08-14,P1034,3,0.0,48.54,Net Banking,Delivered
O100263,C11624,2025-08-23,P1082,1,0.0,14.29,COD,Delivered
O100264,C11506,2025-08-26,P1035,3,0.05,50.95,Debit Card,Delivered
O100265,C11215,2025-10-08,P1084,1,0.1,53.57,Debit Card,Delivered
O100266,C10849,2026-05-10,P1095,4,0.15,36.15,Credit Card,Delivered
O100267,C10773,2025-12-09,P1147,2,0.05,74.3,Credit Card,Delivered
O100268,C10048,2025-10-27,P1143,3,0.0,24.24,Net Banking,Delivered
O100269,C11858,2025-11-17,P1023,2,0.0,25.86,COD,Delivered
O100270,C11437,2025-11-25,P1044,1,0.2,6.45,UPI,Delivered
O100271,C10879,2026-01-23,P1067,2,0.0,37.59,Credit Card,Delivered
O100272,C10754,2026-03-09,P1044,3,0.05,13.16,Net Banking,Delivered
O100273,C11472,2025-12-17,P1135,3,0.2,29.01,COD,Shipped
O100274,C11902,2025-11-10,P1117,1,0.0,135.36,COD,Delivered
O100275,C11462,2026-05-16,P1053,3,0.0,97.79,Credit Card,Pending
O100276,C11666,2026-08-02,P1069,2,0.1,72.0,Debit Card,Shipped
O100277,C10783,2026-04-15,P1034,4,0.0,53.26,COD,Cancelled
O100278,C11229,2026-02-23,P1056,3,0.1,81.92,Debit Card,Shipped
O100279,C10388,2026-06-14,P1108,1,0.0,47.0,Credit Card,Delivered
O100280,C10299,2026-01-11,P1008,3,0.15,56.83,Debit Card,Pending
O100281,C10483,2025-09-05,P1116,3,0.2,113.03,Credit Card,Delivered
O100282,C11402,2026-01-29,P1118,2,0.0,138.7,UPI,Delivered
O100283,C10273,2026-05-22,P1083,2,0.05,36.22,COD,Delivered
O100284,C11461,2025-11-24,P1099,1,0.0,55.01,COD,Shipped
O100285,C10525,2025-09-20,P1019,3,0.05,100.36,UPI,Delivered
O100286,C10107,2026-08-03,P1086,1,0.05,67.29,Credit Card,Delivered
O100287,C10726,2026-04-17,P1012,3,0.0,43.96,UPI,Delivered
O100288,C11270,2026-06-27,P1098,1,0.2,59.27,Debit Card,Pending
O100289,C11375,2026-01-23,P1095,3,0.05,105.55,Credit Card,Pending
O100290,C11146,2026-08-09,P1011,3,0.0,87.92,Net Banking,Delivered
O100291,C10348,2025-11-05,P1129,1,0.0,42.2,COD,Returned
O100292,C11798,2026-06-05,P1120,3,0.1,136.51,Credit Card,Delivered
O100293,C11455,2026-07-09,P1136,1,0.15,97.07,COD,Delivered
O100294,C10240,2026-01-11,P1081,2,0.0,26.22,UPI,Pending
O100295,C11023,2025-09-25,P1072,1,0.15,97.38,Debit Card,Returned
O100296,C10580,2026-01-16,P1068,2,0.1,23.44,Net Banking,Cancelled
O100297,C11898,2026-07-28,P1068,2,0.0,41.13,Net Banking,Delivered
O100298,C11829,2026-01-03,P1043,1,0.15,46.45,Debit Card,Shipped
O100299,C11007,2026-02-08,P1039,2,0.2,80.89,Net Banking,Cancelled
O100300,C11347,2026-07-24,P1113,1,0.1,10.99,UPI,Delivered
O100301,C10112,2026-04-23,P1059,1,0.05,114.72,Credit Card,Delivered
O100302,C10533,2025-09-26,P1042,2,0.15,27.97,COD,Delivered
O100303,C11834,2025-10-15,P1127,1,0.0,88.66,UPI,Delivered
O100304,C11453,2025-12-17,P1144,1,0.1,103.01,COD,Delivered
O100305,C10231,2026-02-24,P1038,4,0.05,98.81,UPI,Delivered
O100306,C10418,2025-12-06,P1073,2,0.05,45.88,Credit Card,Cancelled
O100307,C11536,2025-12-13,P1131,4,0.1,106.8,Debit Card,Delivered
O100308,C11359,2025-09-24,P1150,1,0.15,137.3,Credit Card,Delivered
O100309,C11990,2026-02-16,P1002,2,0.0,124.16,Net Banking,Shipped
O100310,C10370,2025-12-16,P1107,4,0.15,75.05,UPI,Delivered
O100311,C11021,2025-12-23,P1025,3,0.0,88.43,Debit Card,Delivered
O100312,C11396,2025-11-27,P1032,1,0.2,47.7,COD,Delivered
O100313,C11903,2026-02-27,P1028,2,0.1,119.73,Debit Card,Delivered
O100314,C10167,2026-08-04,P1118,2,0.2,57.79,COD,Delivered
O100315,C11957,2026-01-22,P1069,4,0.1,77.82,Net Banking,Delivered
O100316,C10675,2025-10-15,P1012,3,0.05,119.76,Net Banking,Pending
O100317,C10666,2026-02-25,P1146,4,0.1,94.02,Credit Card,Delivered
O100318,C10100,2026-05-15,P1073,1,0.0,76.55,Debit Card,Shipped
O100319,C11524,2025-10-12,P1019,2,0.0,75.46,Net Banking,Pending
O100320,C10782,2025-08-28,P1024,1,0.15,106.39,COD,Delivered
O100321,C10492,2025-10-22,P1103,3,0.1,79.35,UPI,Delivered
O100322,C10427,2026-01-10,P1042,3,0.0,57.45,COD,Shipped
O100323,C10584,2026-02-24,P1040,2,0.0,4.69,UPI,Delivered
O100324,C11641,2025-11-22,P1111,1,0.1,65.26,Debit Card,Returned
O100325,C11236,2025-09-18,P1034,1,0.2,80.67,Debit Card,Delivered
O100326,C11705,2025-11-20,P1095,1,0.05,71.1,Net Banking,Delivered
O100327,C10913,2026-05-10,P1100,2,0.0,136.15,COD,Delivered
O100328,C11230,2025-08-23,P1109,1,0.0,67.64,UPI,Shipped
O100329,C11661,2025-11-13,P1095,1,0.1,42.03,Net Banking,Delivered
O100330,C11292,2026-02-28,P1110,2,0.2,59.45,UPI,Delivered
O100331,C10700,2025-10-19,P1119,2,0.0,2.91,Credit Card,Delivered
O100332,C11462,2025-11-20,P1040,4,0.0,80.47,COD,Delivered
O100333,C11326,2026-04-11,P1135,2,0.2,106.03,UPI,Delivered
O100334,C10896,2026-08-08,P1021,1,0.2,44.26,COD,Delivered
O100335,C10262,2026-05-09,P1077,3,0.0,91.76,Credit Card,Delivered
O100336,C10606,2026-03-12,P1146,2,0.2,98.1,UPI,Delivered
O100337,C11879,2026-04-26,P1012,4,0.0,19.11,Net Banking,Delivered
O100338,C10871,2026-05-13,P1106,4,0.1,72.65,UPI,Delivered
O100339,C11476,2026-02-16,P1146,4,0.2,15.62,Debit Card,Delivered
O100340,C11200,2026-06-12,P1021,4,0.0,10.44,Net Banking,Delivered
O100341,C11517,2026-08-02,P1119,2,0.0,108.55,Credit Card,Shipped
O100342,C11727,2025-09-19,P1101,4,0.05,125.38,UPI,Delivered
O100343,C11796,2026-07-17,P1077,1,0.2,17.62,Debit Card,Delivered
O100344,C10932,2026-02-27,P1116,1,0.2,26.25,Net Banking,Shipped
O100345,C10700,2026-07-14,P1048,1,0.1,120.93,Credit Card,Delivered
O100346,C11530,2025-11-04,P1067,3,0.0,92.16,UPI,Delivered
O100347,C10037,2025-08-31,P1002,3,0.2,28.51,COD,Delivered
O100348,C10352,2026-05-22,P1123,2,0.0,67.32,COD,Delivered
O100349,C11780,2026-05-20,P1125,1,0.15,53.5,Debit Card,Delivered
O100350,C11995,2026-05-03,P1093,1,0.05,17.02,COD,Shipped
O100351,C10180,2026-03-13,P1033,2,0.0,101.85,Credit Card,Delivered
O100352,C10230,2025-10-27,P1005,1,0.0,146.38,Credit Card,Cancelled
O100353,C10429,2025-11-22,P1124,2,0.05,2.11,Credit Card,Delivered
O100354,C10893,2025-10-26,P1138,3,0.0,22.92,Credit Card,Delivered
O100355,C11577,2026-06-18,P1119,1,0.05,90.48,Credit Card,Delivered
O100356,C10045,2026-07-06,P1030,4,0.0,83.5,Credit Card,Returned
O100357,C11514,2026-01-18,P1114,1,0.15,4.91,COD,Delivered
O100358,C11761,2026-08-13,P1116,2,0.15,115.95,Net Banking,Delivered
O100359,C10604,2026-05-06,P1146,1,0.05,57.65,COD,Delivered
O100360,C10017,2025-10-22,P1027,3,0.2,80.55,COD,Pending
O100361,C11738,2026-04-07,P1127,2,0.1,124.22,Net Banking,Delivered
O100362,C11136,2026-06-03,P1075,1,0.05,76.32,UPI,Delivered
O100363,C10996,2026-03-02,P1132,3,0.0,128.17,Net Banking,Shipped
O100364,C11916,2025-11-25,P1125,1,0.0,29.37,Credit Card,Delivered
O100365,C11082,2026-03-29,P1005,3,0.0,22.47,COD,Delivered
O100366,C11134,2025-12-23,P1017,1,0.0,79.61,Debit Card,Returned
O100367,C10855,2025-08-26,P1122,3,0.1,4.57,UPI,Delivered
O100368,C11923,2025-09-15,P1089,2,0.05,143.43,COD,Delivered
O100369,C10043,2026-07-26,P1042,1,0.1,133.15,Debit Card,Shipped
O100370,C10962,2026-08-07,P1089,2,0.0,122.54,COD,Delivered
O100371,C10450,2026-07-26,P1087,2,0.1,63.44,Net Banking,Cancelled
O100372,C11465,2026-02-24,P1120,2,0.15,118.96,Credit Card,Returned
O100373,C11481,2025-08-31,P1100,3,0.05,71.78,COD,Cancelled
O100374,C11379,2026-08-21,P1093,1,0.15,129.37,COD,Shipped
O100375,C11730,2025-09-23,P1042,1,0.2,60.71,Net Banking,Delivered
O100376,C11415,2025-09-05,P1023,4,0.15,43.37,COD,Delivered
O100377,C10409,2026-03-24,P1041,2,0.2,53.3,Net Banking,Delivered
O100378,C11626,2025-08-23,P1107,1,0.1,19.46,COD,Delivered
O100379,C10429,2025-09-04,P1143,4,0.2,136.47,UPI,Pending
O100380,C10735,2025-10-17,P1067,4,0.0,149.14,Debit Card,Delivered
O100381,C10358,2026-07-17,P1129,2,0.0,9.79,UPI,Shipped
O100382,C10692,2025-09-20,P1111,1,0.0,88.48,UPI,Delivered
O100383,C10248,2026-02-26,P1144,3,0.0,66.73,Credit Card,Delivered
O100384,C10697,2026-01-15,P1091,1,0.1,79.96,UPI,Shipped
O100385,C11141,2025-12-08,P1069,2,0.15,107.08,Credit Card,Cancelled
O100386,C11790,2026-02-09,P1132,1,0.2,52.54,Net Banking,Delivered
O100387,C11447,2026-05-14,P1013,1,0.0,83.03,COD,Shipped
O100388,C11972,2025-10-05,P1029,1,0.0,141.0,UPI,Shipped
O100389,C11249,2025-08-26,P1027,2,0.0,119.71,Net Banking,Delivered
O100390,C10216,2026-02-27,P1043,1,0.0,122.96,UPI,Cancelled
O100391,C11866,2025-12-01,P1093,1,0.05,140.21,Credit Card,Shipped
O100392,C11451,2026-04-04,P1114,3,0.15,128.05,Net Banking,Delivered
O100393,C11783,2026-05-24,P1026,1,0.1,82.62,Credit Card,Delivered
O100394,C10686,2026-06-18,P1036,1,0.1,8.84,UPI,Cancelled
O100395,C10900,2026-06-16,P1107,1,0.2,8.82,UPI,Delivered
O100396,C11658,2026-03-10,P1122,1,0.15,126.01,Debit Card,Delivered
O100397,C10351,2025-11-13,P1022,4,0.2,140.96,Debit Card,Delivered
O100398,C11546,2025-09-27,P1107,1,0.0,71.11,Debit Card,Delivered
O100399,C10503,2025-08-30,P1039,3,0.1,2.73,Net Banking,Delivered
O100400,C10468,2025-09-15,P1036,4,0.0,76.69,COD,Delivered
O100401,C10839,2026-03-22,P1118,3,0.2,18.69,Net Banking,Shipped
O100402,C10741,2025-10-06,P1008,2,0.05,35.14,COD,Delivered
O100403,C10021,2026-03-05,P1133,3,0.0,114.91,UPI,Delivered
O100404,C10645,2026-08-03,P1103,2,0.2,77.94,Credit Card,Delivered
O100405,C10806,2026-01-30,P1010,3,0.05,10.25,Credit Card,Returned
O100406,C10119,2025-10-26,P1134,2,0.1,7.79,Debit Card,Delivered
O100407,C11815,2026-02-17,P1142,4,0.0,142.83,Debit Card,Shipped
O100408,C10643,2026-05-01,P1089,2,0.0,72.92,UPI,Cancelled
O100409,C11844,2026-04-07,P1136,3,0.1,81.28,Net Banking,Returned
O100410,C11435,2025-11-17,P1104,4,0.1,146.82,COD,Delivered
O100411,C11818,2026-08-19,P1140,3,0.1,71.3,Net Banking,Shipped
O100412,C11336,2025-10-03,P1114,3,0.1,21.99,Debit Card,Returned
O100413,C11601,2026-05-09,P1104,2,0.0,17.82,Credit Card,Returned
O100414,C10173,2025-12-02,P1010,1,0.05,24.84,Net Banking,Delivered
O100415,C11486,2026-07-31,P1033,2,0.0,108.54,Net Banking,Pending
O100416,C10582,2025-10-22,P1055,3,0.0,134.44,UPI,Delivered
O100417,C10640,2025-11-11,P1134,1,0.2,48.02,Debit Card,Shipped
O100418,C10328,2026-02-28,P1006,1,0.0,70.74,UPI,Returned
O100419,C11106,2025-09-28,P1067,3,0.05,45.49,Credit Card,Cancelled
O100420,C10623,2026-07-21,P1109,2,0.0,108.02,Net Banking,Delivered
O100421,C10123,2025-10-13,P1096,2,0.05,114.04,Debit Card,Delivered
O100422,C10726,2025-11-02,P1032,1,0.05,98.01,UPI,Shipped
O100423,C11928,2025-09-07,P1032,1,0.05,27.05,COD,Delivered
O100424,C11510,2026-01-28,P1002,2,0.15,23.55,COD,Delivered
O100425,C10484,2026-06-27,P1149,3,0.1,111.99,Net Banking,Delivered
O100426,C11921,2026-06-09,P1137,2,0.0,40.97,Net Banking,Delivered
O100427,C10613,2026-05-31,P1073,2,0.2,137.88,Net Banking,Delivered
O100428,C11463,2026-03-26,P1097,2,0.0,131.25,Net Banking,Shipped
O100429,C10216,2026-05-24,P1084,1,0.05,7.84,Net Banking,Delivered
O100430,C11686,2026-01-03,P1093,2,0.15,22.6,COD,Delivered
O100431,C11458,2026-04-07,P1109,1,0.2,80.21,COD,Delivered
O100432,C10128,2026-05-31,P1109,4,0.0,0.34,Credit Card,Delivered
O100433,C10914,2026-04-25,P1020,2,0.0,27.05,Debit Card,Delivered
O100434,C10825,2025-12-10,P1144,2,0.1,34.27,Net Banking,Shipped
O100435,C11786,2025-12-28,P1068,2,0.0,28.01,Net Banking,Delivered
O100436,C10868,2026-01-06,P1113,2,0.0,35.53,COD,Shipped
O100437,C10854,2025-12-03,P1042,1,0.2,135.29,Credit Card,Delivered
O100438,C10993,2025-12-11,P1118,3,0.15,55.8,Credit Card,Pending
O100439,C11052,2026-05-21,P1136,2,0.0,124.31,UPI,Delivered
O100440,C10933,2026-03-16,P1122,1,0.0,44.46,UPI,Shipped
O100441,C11934,2025-12-25,P1144,1,0.05,47.2,Debit Card,Returned
O100442,C10244,2025-09-04,P1105,1,0.2,136.8,UPI,Delivered
O100443,C11171,2026-03-14,P1075,1,0.2,57.2,UPI,Delivered
O100444,C10242,2026-02-04,P1096,2,0.05,83.21,Debit Card,Pending
O100445,C10622,2026-05-16,P1076,1,0.0,146.05,COD,Delivered
O100446,C10293,2026-06-25,P1037,2,0.1,99.07,Net Banking,Delivered
O100447,C11919,2025-12-19,P1079,2,0.0,22.35,Debit Card,Delivered
O100448,C11678,2025-12-21,P1126,2,0.1,6.74,UPI,Delivered
O100449,C10715,2026-05-05,P1018,3,0.15,62.21,UPI,Delivered
O100450,C11174,2026-01-22,P1080,1,0.0,145.4,Net Banking,Delivered
O100451,C10692,2026-04-21,P1097,1,0.2,24.83,COD,Cancelled
O100452,C11708,2025-10-15,P1034,1,0.1,148.78,Credit Card,Delivered
O100453,C10944,2026-07-14,P1116,1,0.0,41.79,COD,Delivered
O100454,C11491,2026-07-18,P1084,1,0.1,6.07,UPI,Shipped
O100455,C11361,2026-07-29,P1105,2,0.0,80.45,COD,Delivered
O100456,C10810,2026-04-17,P1087,4,0.0,124.27,Net Banking,Delivered
O100457,C11374,2026-01-23,P1114,4,0.05,95.39,Debit Card,Delivered
O100458,C11774,2026-02-05,P1043,4,0.15,36.22,UPI,Delivered
O100459,C11631,2026-01-13,P1080,4,0.1,116.37,Net Banking,Delivered
O100460,C11319,2025-12-01,P1144,1,0.0,43.26,UPI,Delivered
O100461,C11268,2026-05-28,P1139,2,0.2,127.56,Net Banking,Shipped
O100462,C11961,2026-03-01,P1146,1,0.2,16.08,Net Banking,Delivered
O100463,C10975,2025-08-23,P1129,1,0.0,71.84,UPI,Delivered
O100464,C11918,2025-12-29,P1137,1,0.05,128.43,Credit Card,Pending
O100465,C10564,2025-09-23,P1053,3,0.05,68.25,Credit Card,Cancelled
O100466,C11719,2025-08-27,P1149,3,0.1,69.06,COD,Delivered
O100467,C11093,2025-08-23,P1083,1,0.05,61.75,COD,Delivered
O100468,C11007,2026-01-13,P1006,4,0.0,113.45,Debit Card,Delivered
O100469,C10850,2025-10-05,P1007,1,0.15,77.36,Net Banking,Delivered
O100470,C10527,2026-03-24,P1024,4,0.2,18.3,UPI,Pending
O100471,C11110,2026-03-25,P1044,1,0.0,64.68,Debit Card,Delivered
O100472,C10524,2025-12-08,P1023,4,0.0,114.48,Credit Card,Delivered
O100473,C10835,2026-08-14,P1044,1,0.15,62.07,UPI,Delivered
O100474,C10667,2025-09-21,P1047,4,0.15,127.58,UPI,Delivered
O100475,C10611,2026-01-18,P1100,3,0.0,108.63,UPI,Delivered
O100476,C10846,2026-03-13,P1083,4,0.1,35.15,Debit Card,Delivered
O100477,C11696,2026-08-19,P1031,2,0.1,47.57,UPI,Delivered
O100478,C11541,2026-05-30,P1061,2,0.1,72.22,COD,Delivered
O100479,C11034,2026-02-20,P1099,2,0.0,99.93,UPI,Delivered
O100480,C10652,2025-09-22,P1119,1,0.2,21.21,Net Banking,Delivered
O100481,C10992,2025-09-26,P1008,1,0.2,4.44,COD,Delivered
O100482,C11872,2025-09-07,P1005,1,0.2,74.02,Debit Card,Delivered
O100483,C11201,2025-10-12,P1026,1,0.05,147.0,Credit Card,Shipped
O100484,C11335,2025-11-29,P1033,1,0.0,108.86,Debit Card,Delivered
O100485,C10914,2026-02-05,P1022,1,0.0,102.49,Net Banking,Delivered
O100486,C11983,2025-09-15,P1037,1,0.0,101.36,Debit Card,Delivered
O100487,C10345,2025-12-25,P1063,1,0.0,115.46,Net Banking,Pending
O100488,C11969,2026-05-21,P1143,2,0.15,3.67,COD,Delivered
O100489,C11665,2026-01-02,P1119,2,0.1,36.39,Net Banking,Delivered
O100490,C11991,2026-08-18,P1043,1,0.0,122.03,UPI,Delivered
O100491,C11888,2025-09-26,P1124,1,0.05,113.25,Debit Card,Delivered
O100492,C11720,2026-04-19,P1098,1,0.0,83.06,Debit Card,Cancelled
O100493,C10436,2026-07-24,P1150,2,0.05,131.45,Net Banking,Delivered
O100494,C10331,2025-12-10,P1137,3,0.0,54.63,Net Banking,Delivered
O100495,C10184,2026-01-27,P1102,3,0.15,123.21,UPI,Cancelled
O100496,C11485,2025-10-29,P1143,4,0.0,73.38,Debit Card,Cancelled
O100497,C10432,2026-03-25,P1130,1,0.1,118.59,Debit Card,Returned
O100498,C11937,2026-04-26,P1088,4,0.15,147.19,Debit Card,Pending
O100499,C11450,2026-04-24,P1116,2,0.05,75.86,Debit Card,Delivered
O100500,C10659,2026-05-29,P1088,1,0.2,96.56,Credit Card,Delivered
O100501,C11228,2025-10-27,P1085,4,0.15,74.51,UPI,Returned
O100502,C10274,2025-11-15,P1001,4,0.15,30.41,Net Banking,Delivered
O100503,C11847,2026-01-15,P1003,1,0.0,65.19,Credit Card,Delivered
O100504,C11834,2026-08-13,P1126,1,0.0,49.72,COD,Delivered
O100505,C11613,2025-08-25,P1020,1,0.05,138.45,Net Banking,Delivered
O100506,C11705,2026-04-06,P1114,2,0.2,97.75,UPI,Delivered
O100507,C11665,2026-01-01,P1097,2,0.15,128.57,Net Banking,Delivered
O100508,C10363,2025-12-16,P1003,4,0.0,15.96,UPI,Delivered
O100509,C11918,2025-09-28,P1050,4,0.0,45.55,COD,Delivered
O100510,C11522,2026-07-03,P1006,1,0.1,70.05,Debit Card,Delivered
O100511,C11453,2026-06-13,P1092,1,0.05,20.4,Credit Card,Delivered
O100512,C11257,2025-12-03,P1078,2,0.05,66.99,Credit Card,Delivered
O100513,C11012,2026-04-13,P1093,2,0.0,140.79,UPI,Delivered
O100514,C11853,2025-11-07,P1054,3,0.1,134.94,UPI,Delivered
O100515,C11682,2026-02-22,P1102,1,0.1,127.42,UPI,Cancelled
O100516,C11166,2026-04-05,P1129,4,0.0,29.27,COD,Delivered
O100517,C10397,2025-10-25,P1145,1,0.0,67.08,Net Banking,Delivered
O100518,C10134,2025-11-28,P1033,2,0.0,40.69,UPI,Delivered
O100519,C11912,2026-05-05,P1146,2,0.2,51.05,Credit Card,Returned
O100520,C11493,2025-09-09,P1071,1,0.1,26.38,Credit Card,Cancelled
O100521,C10048,2026-08-14,P1137,1,0.05,0.14,Net Banking,Delivered
O100522,C11148,2025-11-02,P1117,1,0.05,5.84,UPI,Returned
O100523,C11313,2025-12-26,P1014,1,0.05,137.76,Debit Card,Delivered
O100524,C10834,2026-08-20,P1071,1,0.0,46.5,UPI,Delivered
O100525,C10956,2026-06-27,P1127,2,0.0,120.4,Debit Card,Delivered
O100526,C10090,2026-06-26,P1058,2,0.0,18.67,UPI,Delivered
O100527,C10861,2026-04-20,P1137,1,0.15,132.31,COD,Delivered
O100528,C10803,2026-07-05,P1050,1,0.0,86.14,Debit Card,Delivered
O100529,C11172,2026-02-01,P1007,1,0.0,137.46,Credit Card,Pending
O100530,C10868,2026-04-29,P1020,1,0.05,12.46,Credit Card,Delivered
O100531,C10675,2026-01-28,P1080,2,0.0,121.63,UPI,Delivered
O100532,C10199,2026-01-17,P1008,4,0.0,131.23,COD,Delivered
O100533,C10050,2026-05-01,P1086,1,0.1,45.97,Debit Card,Delivered
O100534,C10970,2025-10-17,P1062,4,0.0,42.19,Debit Card,Cancelled
O100535,C11683,2025-09-03,P1086,2,0.1,16.7,Net Banking,Shipped
O100536,C11933,2025-10-12,P1019,1,0.0,11.63,Net Banking,Delivered
O100537,C11565,2026-06-05,P1025,4,0.15,6.98,COD,Delivered
O100538,C10176,2026-08-01,P1016,1,0.15,110.57,UPI,Delivered
O100539,C11823,2026-05-31,P1017,4,0.0,42.83,Credit Card,Delivered
O100540,C11644,2025-12-26,P1114,1,0.05,128.49,UPI,Delivered
O100541,C11283,2026-05-31,P1111,3,0.0,36.68,UPI,Delivered
O100542,C10115,2026-02-09,P1144,1,0.15,128.18,UPI,Delivered
O100543,C10782,2026-01-25,P1103,1,0.0,60.03,UPI,Delivered
O100544,C10842,2026-04-22,P1060,1,0.05,78.74,Net Banking,Shipped
O100545,C11278,2026-07-12,P1003,3,0.05,66.65,COD,Delivered
O100546,C11629,2026-08-13,P1110,3,0.0,56.04,Net Banking,Delivered
O100547,C10696,2025-11-23,P1007,1,0.15,12.97,COD,Delivered
O100548,C11204,2025-12-07,P1050,2,0.0,25.1,UPI,Delivered
O100549,C11219,2025-09-17,P1018,1,0.05,36.89,Net Banking,Shipped
O100550,C10397,2026-06-07,P1147,1,0.1,135.18,Credit Card,Delivered
O100551,C10525,2026-01-28,P1091,2,0.0,51.71,COD,Delivered
O100552,C11272,2025-10-30,P1114,1,0.1,75.99,Credit Card,Delivered
O100553,C11633,2025-12-25,P1012,1,0.0,81.46,UPI,Delivered
O100554,C11198,2026-01-31,P1112,3,0.0,91.87,Net Banking,Pending
O100555,C11545,2026-05-30,P1092,1,0.15,120.64,Debit Card,Delivered
O100556,C11109,2025-12-22,P1038,1,0.0,90.78,Credit Card,Delivered
O100557,C11236,2026-05-31,P1088,1,0.0,137.42,Debit Card,Delivered
O100558,C10017,2025-12-14,P1133,1,0.0,35.5,Net Banking,Delivered
O100559,C10297,2026-07-10,P1015,4,0.0,102.27,Credit Card,Delivered
O100560,C11711,2026-05-21,P1144,1,0.0,19.68,UPI,Delivered
O100561,C10401,2025-12-05,P1052,2,0.1,33.85,Credit Card,Shipped
O100562,C10700,2025-11-05,P1049,2,0.15,42.89,COD,Delivered
O100563,C10958,2026-03-10,P1085,1,0.0,66.48,Net Banking,Delivered
O100564,C10688,2025-09-03,P1077,2,0.1,130.33,COD,Delivered
O100565,C10215,2026-07-23,P1117,1,0.2,79.47,UPI,Delivered
O100566,C11885,2025-10-31,P1001,1,0.0,72.38,Credit Card,Delivered
O100567,C10956,2026-06-15,P1055,4,0.0,62.27,Credit Card,Delivered
O100568,C11574,2026-03-08,P1085,2,0.2,9.78,COD,Delivered
O100569,C10378,2026-07-22,P1002,4,0.0,75.56,Debit Card,Delivered
O100570,C10733,2026-02-20,P1008,2,0.2,76.1,Net Banking,Delivered
O100571,C10596,2025-10-19,P1113,2,0.1,98.82,Credit Card,Delivered
O100572,C11870,2025-11-28,P1093,1,0.05,32.15,UPI,Pending
O100573,C10408,2026-03-09,P1051,2,0.0,59.6,Debit Card,Delivered
O100574,C11814,2026-04-13,P1068,2,0.0,66.99,Credit Card,Delivered
O100575,C11136,2026-08-03,P1063,1,0.15,64.59,Credit Card,Delivered
O100576,C10361,2025-09-17,P1068,2,0.0,41.35,UPI,Delivered
O100577,C11388,2026-05-30,P1036,2,0.05,149.65,COD,Delivered
O100578,C11813,2025-12-11,P1029,4,0.2,87.8,Debit Card,Returned
O100579,C10625,2026-01-13,P1117,4,0.2,47.83,Credit Card,Delivered
O100580,C10763,2026-07-04,P1044,2,0.15,20.52,Net Banking,Pending
O100581,C11277,2025-10-10,P1112,2,0.05,2.52,UPI,Delivered
O100582,C11808,2026-02-16,P1034,3,0.0,143.31,Credit Card,Delivered
O100583,C10775,2026-02-20,P1096,1,0.0,28.13,Debit Card,Delivered
O100584,C11303,2025-10-26,P1063,2,0.05,126.4,UPI,Shipped
O100585,C11203,2026-03-13,P1049,3,0.05,31.31,Net Banking,Delivered
O100586,C10305,2026-01-27,P1084,2,0.0,69.39,Credit Card,Delivered
O100587,C11630,2026-02-09,P1072,3,0.2,61.29,Credit Card,Cancelled
O100588,C11984,2026-05-15,P1150,3,0.1,65.44,COD,Delivered
O100589,C10167,2026-01-16,P1121,2,0.0,102.14,Net Banking,Delivered
O100590,C11042,2026-02-26,P1100,-4,0.05,141.09,Net Banking,Delivered
O100591,C11063,2026-04-19,P1119,1,0.0,35.46,Credit Card,Delivered
O100592,C10766,2025-08-26,P1135,3,0.05,81.09,COD,Delivered
O100593,C11014,2026-07-17,P1122,2,0.0,41.2,Debit Card,Delivered
O100594,C11307,2026-05-09,P1150,2,0.1,105.6,UPI,Delivered
O100595,C11833,2026-08-14,P1052,1,0.0,26.84,COD,Cancelled
O100596,C10811,2026-01-15,P1056,4,0.0,118.02,Debit Card,Delivered
O100597,C10773,2026-06-03,P1147,4,0.0,44.91,Credit Card,Returned
O100598,C10767,2026-03-26,P1066,1,0.1,111.02,Net Banking,Delivered
O100599,C11540,2025-10-24,P1022,1,0.1,11.05,Debit Card,Delivered
O100600,C10721,2026-06-19,P1059,1,0.0,18.45,Net Banking,Delivered
O100601,C11050,2026-06-17,P1087,1,0.0,63.75,COD,Delivered
O100602,C10886,2026-07-08,P1105,2,0.0,64.36,Debit Card,Shipped
O100603,C10650,2025-11-28,P1070,1,0.0,20.68,COD,Delivered
O100604,C10905,2025-12-09,P1060,1,0.1,20.49,Debit Card,Delivered
O100605,C10736,2026-05-21,P1022,3,0.0,109.71,Debit Card,Cancelled
O100606,C11051,2025-11-02,P1140,1,0.15,18.8,UPI,Shipped
O100607,C11898,2026-07-02,P1059,1,0.0,69.46,UPI,Delivered
O100608,C10738,2026-08-03,P1010,2,0.1,3.49,Net Banking,Delivered
O100609,C10403,2026-03-10,P1085,1,0.15,132.93,Debit Card,Delivered
O100610,C11671,2026-02-21,P1071,1,0.0,116.28,Credit Card,Delivered
O100611,C10283,2026-07-01,P1140,2,0.2,44.01,Debit Card,Delivered
O100612,C10614,2025-10-02,P1073,1,0.0,66.38,Debit Card,Shipped
O100613,C10828,2026-07-23,P1104,2,0.0,36.68,Net Banking,Shipped
O100614,C10025,2026-01-26,P1121,2,0.1,87.67,Net Banking,Pending
O100615,C11949,2026-05-07,P1039,2,0.0,33.29,COD,Delivered
O100616,C11482,2026-03-11,P1054,2,0.1,58.13,COD,Delivered
O100617,C11203,2026-07-12,P1142,1,0.1,89.53,COD,Shipped
O100618,C10945,2025-10-14,P1088,3,0.1,51.05,UPI,Delivered
O100619,C10385,2026-05-04,P1110,4,0.0,16.36,COD,Delivered
O100620,C10922,2026-06-26,P1143,1,0.1,59.08,UPI,Delivered
O100621,C11183,2026-04-12,P1033,4,0.0,42.08,Debit Card,Pending
O100622,C10020,2025-11-11,P1128,2,0.05,40.31,Debit Card,Delivered
O100623,C10859,2026-04-26,P1109,2,0.0,33.13,COD,Shipped
O100624,C11415,2026-02-13,P1138,4,0.05,133.32,Debit Card,Delivered
O100625,C10048,2026-05-09,P1146,3,0.1,43.27,UPI,Returned
O100626,C10315,2026-02-19,P1085,4,0.0,131.76,Net Banking,Delivered
O100627,C11235,2025-10-12,P1147,2,0.2,131.92,COD,Pending
O100628,C10419,2026-03-18,P1101,2,0.0,102.37,UPI,Delivered
O100629,C10386,2026-02-03,P1122,1,0.15,69.84,UPI,Delivered
O100630,C11971,2025-10-04,P1116,1,0.0,141.18,Debit Card,Delivered
O100631,C10214,2026-07-06,P1142,1,0.0,112.32,Credit Card,Delivered
O100632,C11412,2026-06-15,P1126,1,0.1,138.06,UPI,Delivered
O100633,C10143,2025-09-27,P1099,1,0.2,24.14,Debit Card,Delivered
O100634,C10597,2026-01-10,P1135,3,0.0,131.97,UPI,Delivered
O100635,C10755,2026-04-19,P1133,2,0.0,32.42,UPI,Delivered
O100636,C11761,2025-12-23,P1106,2,0.05,107.5,COD,Delivered
O100637,C10227,2025-12-31,P1034,1,0.05,94.47,Net Banking,Delivered
O100638,C11522,2026-05-25,P1018,2,0.15,37.64,COD,Pending
O100639,C11773,2026-02-14,P1053,2,0.1,54.57,Credit Card,Cancelled
O100640,C10635,2025-10-16,P1111,4,0.15,94.75,COD,Delivered
O100641,C11178,2026-03-02,P1080,1,0.0,8.0,Net Banking,Delivered
O100642,C11468,2026-07-01,P1118,1,0.1,147.57,Debit Card,Delivered
O100643,C10293,2026-07-28,P1115,2,0.05,89.28,UPI,Cancelled
O100644,C11239,2026-06-10,P1064,2,0.15,98.34,Net Banking,Delivered
O100645,C11166,2026-04-18,P1126,2,0.1,111.27,COD,Delivered
O100646,C10081,2025-11-12,P1024,2,0.0,147.1,Debit Card,Delivered
O100647,C11882,2026-04-07,P1117,1,0.2,128.8,Debit Card,Delivered
O100648,C11458,2025-11-15,P1077,2,0.0,54.14,COD,Delivered
O100649,C11659,2026-04-23,P1045,3,0.0,23.86,COD,Delivered
O100650,C11844,2025-10-18,P1111,1,0.05,36.55,COD,Delivered
O100651,C11350,2025-11-06,P1047,1,0.0,55.57,Net Banking,Delivered
O100652,C11431,2025-08-24,P1012,1,0.0,4.67,Credit Card,Returned
O100653,C10324,2026-04-04,P1071,2,0.1,10.62,Net Banking,Delivered
O100654,C11877,2026-04-07,P1018,1,0.0,130.92,Credit Card,Returned
O100655,C10843,2026-07-23,P1142,2,0.0,69.77,UPI,Pending
O100656,C10157,2026-01-18,P1027,2,0.0,121.78,Net Banking,Shipped
O100657,C10668,2025-12-09,P1105,4,0.0,33.59,COD,Delivered
O100658,C10425,2026-07-20,P1130,2,0.0,24.09,UPI,Delivered
O100659,C10150,2025-11-18,P1119,1,0.0,94.97,COD,Delivered
O100660,C10818,2025-12-20,P1050,2,0.0,137.91,COD,Delivered
O100661,C10514,2025-11-20,P1030,1,0.05,128.24,Credit Card,Delivered
O100662,C11534,2025-08-23,P1119,1,0.1,53.3,COD,Delivered
O100663,C10170,2026-04-20,P1141,2,0.0,25.26,Credit Card,Delivered
O100664,C10897,2025-11-10,P1036,4,0.05,52.98,COD,Cancelled
O100665,C11724,2026-03-15,P1042,2,0.0,99.44,Credit Card,Cancelled
O100666,C11244,2025-11-08,P1026,1,0.15,25.0,Credit Card,Delivered
O100667,C11095,2026-07-30,P1101,1,0.1,116.1,Credit Card,Delivered
O100668,C11564,2026-01-28,P1003,2,0.1,105.28,Debit Card,Delivered
O100669,C10734,2026-06-14,P1046,1,0.0,79.77,Credit Card,Delivered
O100670,C11829,2025-11-14,P1137,1,0.0,108.93,Credit Card,Delivered
O100671,C10098,2026-05-24,P1134,1,0.0,75.98,UPI,Delivered
O100672,C10632,2025-12-05,P1114,3,0.05,90.13,UPI,Delivered
O100673,C10100,2026-08-06,P1097,2,0.1,125.99,Credit Card,Returned
O100674,C10768,2026-07-23,P1062,2,0.2,94.43,Credit Card,Delivered
O100675,C10864,2025-12-17,P1008,2,0.0,65.23,UPI,Delivered
O100676,C10394,2026-03-31,P1017,2,0.0,88.8,Credit Card,Pending
O100677,C10198,2026-02-26,P1043,1,0.0,127.75,Credit Card,Delivered
O100678,C11050,2025-08-23,P1028,1,0.0,78.72,Debit Card,Delivered
O100679,C11284,2025-12-12,P1049,2,0.0,134.36,Net Banking,Delivered
O100680,C11110,2025-11-01,P1102,3,0.0,132.68,COD,Delivered
O100681,C10438,2026-08-04,P1028,3,0.0,22.61,Debit Card,Delivered
O100682,C10031,2025-11-17,P1103,1,0.0,59.69,Debit Card,Delivered
O100683,C10436,2026-01-22,P1118,1,0.0,34.45,Credit Card,Delivered
O100684,C11670,2026-08-21,P1072,3,0.15,23.87,Net Banking,Delivered
O100685,C10138,2026-04-12,P1056,4,0.15,63.25,COD,Delivered
O100686,C11227,2025-11-11,P1128,2,0.05,18.04,UPI,Delivered
O100687,C11621,2026-03-06,P1146,3,0.05,82.39,Credit Card,Delivered
O100688,C10195,2025-11-29,P1084,2,0.05,90.4,COD,Delivered
O100689,C11992,2026-02-23,P1035,1,0.05,24.18,Debit Card,Delivered
O100690,C11560,2025-10-21,P1082,4,0.0,21.74,COD,Delivered
O100691,C10037,2025-11-06,P1150,4,0.0,93.54,COD,Delivered
O100692,C11312,2026-02-24,P1060,1,0.0,41.44,Net Banking,Delivered
O100693,C10028,2025-11-17,P1060,2,0.0,51.55,UPI,Delivered
O100694,C11837,2025-12-06,P1032,1,0.05,75.86,Debit Card,Delivered
O100695,C10878,2026-03-27,P1063,4,0.1,73.2,Net Banking,Delivered
O100696,C10282,2025-11-10,P1096,2,0.0,52.5,COD,Delivered
O100697,C10311,2026-07-21,P1097,3,0.15,87.2,Credit Card,Delivered
O100698,C10488,2025-10-23,P1114,2,0.0,7.74,Debit Card,Delivered
O100699,C10651,2026-06-30,P1011,4,0.0,117.59,Net Banking,Shipped
O100700,C10850,2026-01-19,P1074,4,0.0,140.6,UPI,Delivered
O100701,C11501,2026-06-20,P1085,1,0.15,113.83,Debit Card,Delivered
O100702,C11105,2026-01-18,P1014,3,0.0,54.65,Credit Card,Shipped
O100703,C11426,2025-10-02,P1057,4,0.0,103.41,Net Banking,Cancelled
O100704,C11068,2026-03-12,P1083,4,0.1,124.19,Credit Card,Delivered
O100705,C10013,2026-08-12,P1017,4,0.0,44.18,COD,Delivered
O100706,C10395,2026-03-15,P1014,-2,0.0,92.16,Credit Card,Returned
O100707,C10258,2026-05-19,P1024,3,0.0,24.71,Credit Card,Delivered
O100708,C11703,2026-02-01,P1053,3,0.0,76.5,Credit Card,Delivered
O100709,C10873,2026-04-29,P1120,3,0.0,91.82,Debit Card,Delivered
O100710,C10405,2025-10-22,P1063,3,0.15,140.41,COD,Delivered
O100711,C10510,2025-09-20,P1078,1,0.0,90.22,Debit Card,Delivered
O100712,C11982,2026-07-26,P1052,3,0.15,8.07,Debit Card,Cancelled
O100713,C10986,2026-01-16,P1021,2,0.1,46.03,Debit Card,Delivered
O100714,C10344,2026-04-05,P1121,1,0.05,83.14,COD,Delivered
O100715,C11249,2026-06-08,P1111,2,0.1,65.92,Credit Card,Shipped
O100716,C11626,2025-09-05,P1124,1,0.0,137.5,UPI,Shipped
O100717,C10876,2026-02-22,P1022,4,0.0,26.28,Debit Card,Delivered
O100718,C10313,2025-12-08,P1142,2,0.0,71.66,Credit Card,Delivered
O100719,C10950,2025-12-30,P1079,4,0.2,8.31,COD,Delivered
O100720,C11152,2026-02-20,P1124,1,0.0,34.11,UPI,Delivered
O100721,C11465,2025-12-23,P1121,3,0.1,84.44,Credit Card,Delivered
O100722,C10389,2026-04-05,P1002,2,0.0,139.41,UPI,Cancelled
O100723,C11496,2025-11-23,P1096,1,0.0,134.39,COD,Delivered
O100724,C10852,2026-06-22,P1102,3,0.05,134.14,Debit Card,Delivered
O100725,C10631,2026-05-29,P1019,1,0.0,13.19,COD,Returned
O100726,C11888,2026-04-18,P1032,4,0.05,32.6,COD,Returned
O100727,C10333,2025-09-27,P1050,1,0.0,48.71,COD,Pending
O100728,C11580,2025-08-22,P1090,2,0.1,68.28,Net Banking,Delivered
O100729,C11301,2025-09-18,P1095,1,0.2,140.93,UPI,Delivered
O100730,C11898,2026-08-18,P1109,2,0.0,62.27,Credit Card,Delivered
O100731,C10071,2026-04-02,P1093,2,0.0,54.96,UPI,Delivered
O100732,C11322,2026-05-16,P1038,1,0.15,18.62,Debit Card,Delivered
O100733,C11934,2026-07-09,P1038,1,0.1,93.85,Debit Card,Delivered
O100734,C11185,2026-05-10,P1042,2,0.15,7.03,UPI,Delivered
O100735,C10190,2026-05-20,P1099,1,0.2,28.82,COD,Delivered
O100736,C11996,2025-09-07,P1021,2,0.0,75.63,Net Banking,Returned
O100737,C11795,2026-08-11,P1109,2,0.05,57.74,Credit Card,Cancelled
O100738,C10518,2026-04-18,P1078,2,0.0,101.08,Net Banking,Pending
O100739,C11349,2025-12-24,P1098,1,0.0,3.4,Net Banking,Delivered
O100740,C10843,2026-07-04,P1023,3,0.05,134.24,UPI,Delivered
O100741,C11591,2025-12-13,P1089,2,0.15,102.24,Credit Card,Delivered
O100742,C10430,2026-03-31,P1102,3,0.0,101.24,Debit Card,Delivered
O100743,C10345,2025-10-03,P1126,4,0.0,66.46,UPI,Delivered
O100744,C11585,2026-08-12,P1107,1,0.0,113.0,Net Banking,Delivered
O100745,C10591,2025-11-05,P1111,2,0.2,25.82,Credit Card,Delivered
O100746,C10382,2025-11-23,P1035,3,0.0,68.88,Credit Card,Delivered
O100747,C11030,2026-01-03,P1029,1,0.1,7.81,COD,Delivered
O100748,C10436,2025-08-28,P1048,1,0.2,10.94,Credit Card,Delivered
O100749,C10375,2026-05-20,P1050,1,0.2,36.77,Debit Card,Pending
O100750,C11786,2026-02-02,P1105,1,0.2,136.65,COD,Delivered
O100751,C11279,2025-12-16,P1028,1,0.1,56.27,Credit Card,Delivered
O100752,C10176,2026-02-01,P1097,2,0.0,43.93,UPI,Delivered
O100753,C10701,2025-09-15,P1008,1,0.05,84.13,Net Banking,Delivered
O100754,C10994,2025-09-27,P1026,4,0.0,15.44,UPI,Delivered
O100755,C11540,2026-01-24,P1002,2,0.15,20.65,Net Banking,Shipped
O100756,C10086,2026-01-29,P1025,1,0.0,28.95,Credit Card,Delivered
O100757,C10015,2025-09-23,P1097,1,0.2,137.32,Net Banking,Delivered
O100758,C11971,2026-06-09,P1069,1,0.0,60.75,COD,Delivered
O100759,C10691,2026-05-26,P1110,2,0.1,27.62,Debit Card,Delivered
O100760,C11824,2026-04-07,P1088,1,0.0,65.64,Debit Card,Shipped
O100761,C11928,2026-04-11,P1093,2,0.0,43.99,COD,Delivered
O100762,C10118,2025-10-10,P1092,1,0.0,39.19,Debit Card,Shipped
O100763,C10007,2026-08-17,P1117,2,0.2,76.41,COD,Shipped
O100764,C11819,2026-04-17,P1036,1,0.0,15.44,UPI,Delivered
O100765,C11780,2026-05-03,P1136,3,0.0,9.32,Debit Card,Pending
O100766,C11539,2026-02-12,P1064,1,0.0,120.61,Debit Card,Delivered
O100767,C11406,2026-01-30,P1122,3,0.1,90.31,Net Banking,Delivered
O100768,C10385,2026-07-07,P1001,1,0.0,64.0,Debit Card,Delivered
O100769,C10738,2026-02-27,P1012,1,0.2,87.76,Debit Card,Delivered
O100770,C10479,2026-04-16,P1125,1,0.0,132.85,COD,Shipped
O100771,C11627,2026-06-22,P1021,1,0.0,49.18,Debit Card,Delivered
O100772,C11908,2025-09-08,P1122,4,0.2,137.54,UPI,Shipped
O100773,C10602,2025-10-11,P1050,2,0.05,131.29,Credit Card,Cancelled
O100774,C11795,2026-08-06,P1147,2,0.15,128.96,Net Banking,Delivered
O100775,C11020,2026-01-18,P1023,1,0.2,86.6,Debit Card,Cancelled
O100776,C11124,2026-05-24,P1120,4,0.15,26.67,Credit Card,Returned
O100777,C11956,2026-03-16,P1030,3,0.15,45.4,COD,Delivered
O100778,C10494,2026-08-06,P1063,4,0.2,56.76,Credit Card,Delivered
O100779,C11934,2026-08-03,P1023,1,0.15,117.74,UPI,Delivered
O100780,C11466,2025-10-01,P1008,2,0.05,46.07,Credit Card,Returned
O100781,C10669,2026-02-21,P1099,2,0.15,67.25,Debit Card,Delivered
O100782,C10528,2025-12-20,P1122,2,0.2,100.22,UPI,Delivered
O100783,C11890,2026-07-31,P1137,3,0.2,148.71,COD,Delivered
O100784,C11417,2026-03-22,P1086,2,0.0,39.34,Credit Card,Returned
O100785,C11570,2026-06-22,P1017,1,0.15,92.0,Debit Card,Delivered
O100786,C11470,2026-03-11,P1098,3,0.15,50.32,Net Banking,Pending
O100787,C10895,2025-10-19,P1060,1,0.0,149.8,Credit Card,Delivered
O100788,C10596,2026-04-09,P1023,2,0.0,27.59,UPI,Delivered
O100789,C11517,2026-08-06,P1049,1,0.0,37.64,UPI,Delivered
O100790,C10261,2026-01-23,P1081,4,0.0,95.73,COD,Delivered
O100791,C10004,2026-05-01,P1080,1,0.0,6.0,UPI,Delivered
O100792,C10389,2026-01-12,P1100,1,0.2,61.03,COD,Delivered
O100793,C10748,2026-05-27,P1033,1,0.05,95.13,Net Banking,Delivered
O100794,C11210,2025-09-21,P1057,3,0.2,6.17,UPI,Delivered
O100795,C11103,2025-12-25,P1118,1,0.05,90.34,Debit Card,Delivered
O100796,C11932,2025-10-13,P1076,1,0.2,65.67,Credit Card,Delivered
O100797,C10934,2025-10-13,P1038,1,0.1,111.39,Net Banking,Delivered
O100798,C11530,2026-05-28,P1009,1,0.0,24.12,Net Banking,Delivered
O100799,C11029,2026-01-16,P1032,1,0.0,104.26,Debit Card,Pending
O100800,C11447,2026-05-31,P1147,3,0.1,124.41,COD,Delivered
O100801,C10442,2025-11-15,P1127,1,0.2,6.35,Debit Card,Delivered
O100802,C10772,2025-12-23,P1016,2,0.2,87.36,Debit Card,Delivered
O100803,C11468,2026-06-27,P1054,1,0.0,108.51,Credit Card,Delivered
O100804,C10108,2025-09-15,P1046,3,0.15,99.93,COD,Shipped
O100805,C10613,2026-05-27,P1041,1,0.05,112.97,UPI,Delivered
O100806,C10692,2026-07-21,P1109,2,0.1,97.64,COD,Pending
O100807,C11552,2026-06-02,P1101,4,0.0,89.35,COD,Delivered
O100808,C11489,2026-07-26,P1073,1,0.0,54.56,Debit Card,Delivered
O100809,C10400,2025-12-04,P1141,3,0.0,11.59,COD,Delivered
O100810,C10663,2026-04-13,P1149,3,0.0,135.03,UPI,Cancelled
O100811,C11454,2026-02-13,P1078,4,0.0,64.18,COD,Delivered
O100812,C11183,2026-08-04,P1036,1,0.15,124.23,COD,Delivered
O100813,C10597,2025-08-29,P1038,1,0.1,149.55,Credit Card,Delivered
O100814,C11533,2025-10-13,P1051,3,0.0,89.6,UPI,Delivered
O100815,C11754,2025-09-14,P1148,2,0.05,38.34,UPI,Delivered
O100816,C11759,2026-04-27,P1038,3,0.15,32.46,COD,Pending
O100817,C10875,2026-03-23,P1044,3,0.0,104.51,UPI,Delivered
O100818,C11996,2025-11-09,P1122,4,0.15,28.34,Credit Card,Pending
O100819,C10241,2025-11-28,P1132,1,0.0,12.9,Debit Card,Delivered
O100820,C11987,2026-06-02,P1039,1,0.0,68.33,COD,Delivered
O100821,C10244,2025-12-04,P1062,4,0.0,58.15,COD,Delivered
O100822,C11409,2026-03-14,P1045,3,0.2,69.56,COD,Shipped
O100823,C11629,2025-10-03,P1023,2,0.1,46.83,COD,Cancelled
O100824,C11332,2026-01-18,P1098,1,0.0,103.18,Debit Card,Delivered
O100825,C10912,2025-09-25,P1095,1,0.05,30.18,UPI,Delivered
O100826,C10170,2026-04-27,P1032,2,0.0,21.98,COD,Delivered
O100827,C11861,2025-10-04,P1131,2,0.0,53.2,Credit Card,Delivered
O100828,C11174,2026-05-14,P1147,1,0.0,33.98,COD,Delivered
O100829,C11527,2026-02-20,P1025,3,0.2,116.21,Net Banking,Delivered
O100830,C10992,2025-11-26,P1112,2,0.0,28.31,Debit Card,Delivered
O100831,C10204,2026-05-04,P1084,3,0.0,4.69,UPI,Delivered
O100832,C11766,2026-02-08,P1138,1,0.2,22.16,Credit Card,Delivered
O100833,C11436,2025-09-06,P1006,1,0.2,73.41,COD,Delivered
O100834,C11099,2026-01-08,P1136,3,0.15,0.91,COD,Delivered
O100835,C11715,2026-07-24,P1150,4,0.0,142.6,Net Banking,Delivered
O100836,C11619,2026-04-14,P1032,1,0.15,139.18,Credit Card,Pending
O100837,C11839,2025-10-13,P1031,2,0.0,66.44,Credit Card,Cancelled
O100838,C11424,2025-12-29,P1047,3,0.1,64.04,UPI,Delivered
O100839,C11640,2026-01-02,P1081,3,0.0,124.5,UPI,Delivered
O100840,C11178,2025-09-23,P1053,2,0.0,141.59,Credit Card,Delivered
O100841,C10526,2026-05-26,P1009,1,0.0,121.78,UPI,Pending
O100842,C11037,2025-10-07,P1077,1,0.15,110.81,Debit Card,Pending
O100843,C10352,2025-12-02,P1109,4,0.05,124.0,UPI,Delivered
O100844,C10095,2025-11-28,P1133,1,0.0,80.61,Debit Card,Delivered
O100845,C10912,2026-04-20,P1036,2,0.0,86.17,Net Banking,Delivered
O100846,C10641,2025-08-23,P1134,2,0.15,26.18,Debit Card,Delivered
O100847,C11046,2026-08-06,P1054,4,0.1,26.74,UPI,Delivered
O100848,C10092,2026-03-03,P1061,1,0.1,28.79,UPI,Delivered
O100849,C10614,2025-10-08,P1056,1,0.1,16.6,Credit Card,Delivered
O100850,C10443,2026-04-28,P1092,1,0.0,110.99,Debit Card,Delivered
O100851,C11275,2025-12-06,P1109,1,0.0,119.42,UPI,Delivered
O100852,C10534,2026-06-13,P1098,2,0.0,77.76,Credit Card,Delivered
O100853,C10171,2026-04-23,P1066,1,0.0,9.44,COD,Pending
O100854,C10294,2026-04-09,P1138,2,0.2,31.16,Credit Card,Delivered
O100855,C11501,2026-07-21,P1069,2,0.0,31.44,Credit Card,Delivered
O100856,C11155,2025-10-06,P1131,1,0.05,85.96,Net Banking,Delivered
O100857,C11683,2026-04-19,P1040,4,0.15,0.05,Debit Card,Pending
O100858,C10889,2025-08-30,P1098,1,0.0,54.92,UPI,Pending
O100859,C10507,2025-09-01,P1020,4,0.0,132.08,Debit Card,Delivered
O100860,C10226,2026-07-21,P1141,3,0.0,61.82,COD,Delivered
O100861,C11312,2026-04-08,P1023,3,0.05,99.49,Debit Card,Returned
O100862,C11594,2025-12-13,P1070,4,0.0,48.51,Credit Card,Cancelled
O100863,C10463,2026-02-05,P1071,4,0.0,144.65,UPI,Delivered
O100864,C11985,2025-11-20,P1057,1,0.0,3.53,COD,Pending
O100865,C11604,2026-03-11,P1032,1,0.15,76.02,Credit Card,Delivered
O100866,C11794,2025-10-22,P1079,2,0.0,93.91,Net Banking,Cancelled
O100867,C11003,2025-12-23,P1025,4,0.05,25.27,Net Banking,Delivered
O100868,C11172,2025-12-31,P1073,2,0.0,117.9,Net Banking,Delivered
O100869,C10203,2025-10-18,P1013,2,0.05,80.58,Credit Card,Delivered
O100870,C11540,2025-09-27,P1100,1,0.05,49.07,Credit Card,Delivered
O100871,C11519,2025-12-29,P1137,1,0.0,26.41,Net Banking,Delivered
O100872,C11741,2026-08-15,P1104,2,0.0,21.84,COD,Delivered
O100873,C10531,2026-04-04,P1003,2,0.1,37.43,Net Banking,Delivered
O100874,C11347,2026-01-30,P1033,1,0.05,101.03,Credit Card,Delivered
O100875,C11507,2025-09-09,P1069,1,0.15,45.95,UPI,Returned
O100876,C11310,2026-07-21,P1095,1,0.0,143.19,Credit Card,Delivered
O100877,C10857,2026-07-10,P1118,3,0.15,126.21,Credit Card,Delivered
O100878,C10725,2025-12-24,P1120,3,0.05,52.01,Net Banking,Delivered
O100879,C11951,2026-01-19,P1110,3,0.0,44.68,Net Banking,Pending
O100880,C11806,2026-05-23,P1059,1,0.1,55.41,Debit Card,Delivered
O100881,C10179,2026-05-19,P1079,1,0.0,82.44,COD,Shipped
O100882,C11732,2026-08-08,P1024,1,0.1,89.98,UPI,Delivered
O100883,C10492,2025-09-05,P1024,2,0.1,145.74,Credit Card,Delivered
O100884,C10174,2025-12-05,P1074,2,0.1,100.64,Net Banking,Returned
O100885,C11656,2025-10-09,P1003,2,0.2,9.65,COD,Delivered
O100886,C11910,2025-12-04,P1035,1,0.0,26.41,COD,Delivered
O100887,C11404,2025-11-12,P1137,2,0.0,45.41,UPI,Delivered
O100888,C11263,2026-07-08,P1049,2,0.0,100.55,UPI,Delivered
O100889,C11439,2025-12-06,P1137,1,0.0,54.58,Debit Card,Delivered
O100890,C11514,2026-07-27,P1136,2,0.0,26.2,Net Banking,Delivered
O100891,C10919,2026-07-25,P1044,4,0.15,99.34,Net Banking,Returned
O100892,C10359,2025-11-19,P1020,4,0.0,29.12,Debit Card,Cancelled
O100893,C11053,2026-03-17,P1091,4,0.0,2.81,UPI,Delivered
O100894,C10777,2025-10-14,P1044,2,0.05,129.41,Debit Card,Pending
O100895,C10693,2026-06-27,P1064,1,0.0,147.33,Net Banking,Cancelled
O100896,C11757,2025-10-06,P1031,2,0.1,127.6,Debit Card,Delivered
O100897,C10602,2026-05-12,P1068,3,0.05,57.68,Credit Card,Delivered
O100898,C11293,2026-05-03,P1146,2,0.0,107.54,COD,Delivered
O100899,C10625,2026-05-18,P1132,3,0.05,85.3,UPI,Returned
O100900,C11828,2026-08-03,P1125,1,0.0,73.43,UPI,Delivered
O100901,C11261,2026-07-31,P1118,2,0.0,118.67,Debit Card,Delivered
O100902,C10220,2026-01-24,P1002,1,0.1,1.42,Debit Card,Returned
O100903,C10382,2026-07-21,P1103,2,0.0,137.29,Debit Card,Delivered
O100904,C10883,2026-04-09,P1126,1,0.0,86.17,Credit Card,Delivered
O100905,C11054,2026-02-20,P1040,2,0.2,10.1,COD,Delivered
O100906,C10999,2026-03-03,P1002,1,0.2,136.56,Credit Card,Shipped
O100907,C10513,2026-03-03,P1058,2,0.05,8.63,COD,Delivered
O100908,C10613,2026-03-12,P1094,2,0.1,64.37,COD,Returned
O100909,C11099,2025-12-06,P1069,2,0.1,106.63,UPI,Pending
O100910,C11345,2025-09-07,P1113,3,0.0,97.76,Credit Card,Delivered
O100911,C11531,2026-01-28,P1112,2,0.2,66.07,UPI,Delivered
O100912,C11783,2025-11-12,P1051,1,0.15,90.84,UPI,Delivered
O100913,C10083,2026-08-14,P1035,1,0.1,46.77,COD,Delivered
O100914,C10679,2026-01-30,P1009,2,0.1,92.18,Credit Card,Delivered
O100915,C11943,2026-07-26,P1123,1,0.2,110.23,Debit Card,Delivered
O100916,C11002,2026-03-31,P1141,2,0.15,8.85,COD,Shipped
O100917,C11463,2026-04-12,P1033,1,0.0,26.97,Debit Card,Shipped
O100918,C11599,2026-01-22,P1103,4,0.0,10.67,Net Banking,Shipped
O100919,C11520,2026-06-30,P1100,1,0.0,39.39,Credit Card,Delivered
O100920,C10221,2026-04-22,P1006,1,0.1,7.22,Credit Card,Delivered
O100921,C11025,2025-10-26,P1004,2,0.0,119.55,Credit Card,Delivered
O100922,C11700,2026-01-11,P1088,2,0.15,56.33,COD,Pending
O100923,C11511,2025-11-26,P1003,2,0.15,87.06,COD,Delivered
O100924,C10578,2025-11-12,P1125,3,0.0,65.19,UPI,Shipped
O100925,C10508,2025-12-01,P1040,1,0.2,66.74,Net Banking,Delivered
O100926,C10576,2026-07-10,P1030,3,0.1,54.06,Debit Card,Pending
O100927,C10507,2026-01-02,P1110,1,0.2,136.78,Credit Card,Delivered
O100928,C11604,2025-11-03,P1027,3,0.15,19.99,Net Banking,Delivered
O100929,C10387,2026-06-03,P1039,3,0.15,2.31,Credit Card,Delivered
O100930,C10822,2026-01-21,P1010,1,0.05,19.51,Debit Card,Pending
O100931,C11903,2025-09-06,P1038,1,0.2,38.57,COD,Delivered
O100932,C10409,2026-05-02,P1024,2,0.2,98.58,UPI,Delivered
O100933,C11076,2026-05-01,P1079,3,0.2,130.33,Credit Card,Delivered
O100934,C10873,2026-04-03,P1123,2,0.0,82.37,UPI,Delivered
O100935,C11319,2025-11-12,P1014,2,0.1,24.74,Debit Card,Delivered
O100936,C10745,2026-07-17,P1072,4,0.1,113.16,Debit Card,Delivered
O100937,C10506,2026-01-08,P1082,1,0.15,55.95,UPI,Delivered
O100938,C10002,2026-07-04,P1014,4,0.0,87.61,Debit Card,Delivered
O100939,C10967,2026-06-29,P1072,1,0.15,10.48,Net Banking,Delivered
O100940,C10379,2025-08-26,P1065,2,0.0,115.4,COD,Delivered
O100941,C10624,2025-09-28,P1029,4,0.0,15.83,UPI,Delivered
O100942,C11399,2026-03-08,P1142,1,0.05,128.34,Credit Card,Delivered
O100943,C11519,2025-10-20,P1093,3,0.0,18.58,Net Banking,Delivered
O100944,C10762,2025-12-05,P1061,2,0.2,128.11,Debit Card,Delivered
O100945,C10787,2026-03-25,P1023,1,0.0,14.58,UPI,Delivered
O100946,C11521,2026-06-18,P1031,3,0.0,113.79,UPI,Delivered
O100947,C11869,2026-04-21,P1049,2,0.0,135.58,Credit Card,Delivered
O100948,C11896,2026-01-19,P1026,2,0.15,8.64,UPI,Pending
O100949,C11268,2026-04-04,P1088,2,0.05,82.57,Debit Card,Shipped
O100950,C11559,2026-05-30,P1052,1,0.2,102.91,Net Banking,Shipped
O100951,C10090,2026-04-12,P1033,1,0.0,123.94,Credit Card,Delivered
O100952,C11458,2025-11-01,P1065,1,0.2,14.75,Net Banking,Pending
O100953,C11833,2026-08-12,P1094,1,0.15,9.65,COD,Delivered
O100954,C10241,2026-05-27,P1112,1,0.0,133.32,UPI,Delivered
O100955,C11073,2026-08-20,P1129,3,0.15,97.58,UPI,Delivered
O100956,C10562,2026-07-09,P1034,4,0.0,135.95,Debit Card,Delivered
O100957,C11160,2025-12-12,P1016,1,0.0,132.96,Credit Card,Shipped
O100958,C10815,2025-11-29,P1127,1,0.1,134.35,Net Banking,Cancelled
O100959,C11990,2026-05-22,P1020,1,0.05,91.91,Credit Card,Delivered
O100960,C11044,2026-08-04,P1099,4,0.1,137.11,Net Banking,Shipped
O100961,C10821,2025-10-21,P1070,1,0.0,96.05,Credit Card,Delivered
O100962,C10328,2026-05-11,P1147,4,0.15,134.54,Credit Card,Delivered
O100963,C10019,2025-12-31,P1132,2,0.05,27.47,COD,Delivered
O100964,C11476,2025-09-14,P1135,4,0.2,145.3,Debit Card,Delivered
O100965,C10452,2025-09-08,P1076,4,0.0,57.37,Debit Card,Delivered
O100966,C10351,2025-09-03,P1058,1,0.15,112.93,UPI,Delivered
O100967,C10598,2025-10-31,P1011,1,0.0,21.43,Credit Card,Pending
O100968,C10569,2026-04-01,P1035,3,0.05,35.95,Debit Card,Cancelled
O100969,C10106,2025-08-27,P1064,1,0.1,136.63,Credit Card,Delivered
O100970,C10003,2025-09-19,P1089,1,0.15,139.77,Net Banking,Pending
O100971,C10665,2026-06-17,P1022,2,0.1,53.76,Net Banking,Delivered
O100972,C10274,2026-01-19,P1105,3,0.1,52.73,Net Banking,Delivered
O100973,C10118,2026-06-21,P1003,3,0.15,131.38,Debit Card,Delivered
O100974,C11977,2026-06-10,P1072,3,0.0,79.05,Credit Card,Delivered
O100975,C10033,2025-12-16,P1138,1,0.0,106.17,Net Banking,Delivered
O100976,C11528,2025-09-03,P1098,2,0.05,108.59,Debit Card,Cancelled
O100977,C11300,2026-07-05,P1142,1,0.0,149.15,Credit Card,Shipped
O100978,C10452,2026-08-20,P1084,1,0.05,129.91,Debit Card,Delivered
O100979,C11290,2026-02-26,P1102,1,0.0,131.88,Credit Card,Delivered
O100980,C11495,2026-05-17,P1112,4,0.15,121.77,Debit Card,Delivered
O100981,C10982,2026-08-21,P1024,2,0.15,103.61,COD,Delivered
O100982,C10379,2026-06-17,P1046,1,0.0,17.13,Credit Card,Delivered
O100983,C11932,2026-07-15,P1047,3,0.0,77.91,Debit Card,Delivered
O100984,C10334,2026-04-06,P1046,2,0.2,98.94,COD,Delivered
O100985,C10385,2026-03-18,P1018,1,0.2,90.79,Credit Card,Delivered
O100986,C10503,2026-01-19,P1117,2,0.15,84.65,COD,Delivered
O100987,C11079,2026-04-03,P1036,2,0.0,105.79,UPI,Delivered
O100988,C10774,2026-05-14,P1099,3,0.15,9.38,UPI,Delivered
O100989,C10028,2025-12-22,P1012,3,0.15,11.2,Credit Card,Delivered
O100990,C10172,2026-02-25,P1069,2,0.1,107.48,Credit Card,Returned
O100991,C11229,2026-02-16,P1004,2,0.1,45.04,UPI,Pending
O100992,C10218,2026-06-07,P1139,1,0.0,52.61,Debit Card,Cancelled
O100993,C10175,2025-12-14,P1052,1,0.05,126.83,Credit Card,Delivered
O100994,C11153,2026-05-02,P1114,2,0.15,26.1,Credit Card,Delivered
O100995,C10981,2026-02-03,P1040,1,0.05,103.01,Credit Card,Delivered
O100996,C11418,2025-10-17,P1069,3,0.0,78.81,Net Banking,Delivered
O100997,C11690,2026-02-26,P1012,3,0.0,44.76,UPI,Delivered
O100998,C10211,2026-04-23,P1131,3,0.0,98.0,COD,Delivered
O100999,C11869,2026-04-05,P1058,2,0.0,131.1,UPI,Delivered
O101000,C10790,2025-09-25,P1038,4,0.05,71.0,Debit Card,Delivered
O101001,C10463,2025-09-17,P1099,1,0.0,49.92,UPI,Delivered
O101002,C10226,2026-01-05,P1058,2,0.0,85.11,UPI,Pending
O101003,C10578,2025-10-15,P1092,2,0.0,141.2,UPI,Delivered
O101004,C10243,2026-07-12,P1093,4,0.0,15.02,UPI,Returned
O101005,C11239,2026-08-07,P1039,3,0.1,129.54,Credit Card,Delivered
O101006,C10686,2026-08-20,P1047,1,0.0,37.69,COD,Delivered
O101007,C11367,2026-01-24,P1078,1,0.1,87.21,Net Banking,Shipped
O101008,C10714,2026-06-17,P1027,2,0.05,83.17,Debit Card,Returned
O101009,C11356,2026-07-29,P1095,1,0.05,4.6,Debit Card,Shipped
O101010,C11457,2026-03-29,P1020,1,0.1,110.17,UPI,Cancelled
O101011,C10305,2026-08-18,P1038,2,0.1,123.94,Debit Card,Delivered
O101012,C10915,2025-12-20,P1123,2,0.15,19.24,UPI,Delivered
O101013,C10876,2025-11-07,P1072,1,0.1,43.41,Credit Card,Delivered
O101014,C10262,2026-04-11,P1047,2,0.0,23.25,COD,Delivered
O101015,C11013,2025-09-18,P1109,1,0.0,91.11,COD,Delivered
O101016,C10848,2026-02-11,P1086,2,0.0,106.87,Credit Card,Shipped
O101017,C11340,2026-08-15,P1063,1,0.0,33.52,COD,Delivered
O101018,C11019,2025-12-13,P1138,2,0.15,143.97,Net Banking,Delivered
O101019,C11099,2025-12-29,P1059,2,0.0,39.09,COD,Delivered
O101020,C11465,2025-09-05,P1108,2,0.0,126.41,Net Banking,Delivered
O101021,C11421,2026-08-07,P1057,1,0.0,88.28,UPI,Delivered
O101022,C10006,2026-08-09,P1053,1,0.05,127.1,UPI,Delivered
O101023,C10971,2026-03-02,P1035,1,0.1,17.49,UPI,Delivered
O101024,C10716,2026-06-01,P1093,1,0.15,79.38,Credit Card,Delivered
O101025,C10296,2026-08-07,P1142,1,0.0,4.1,COD,Delivered
O101026,C11696,2026-06-21,P1058,2,0.0,119.67,UPI,Shipped
O101027,C10241,2026-06-18,P1037,2,0.0,95.31,COD,Shipped
O101028,C11426,2026-07-09,P1109,1,0.1,43.84,Debit Card,Delivered
O101029,C10218,2026-05-28,P1149,1,0.15,15.72,UPI,Delivered
O101030,C11217,2026-08-07,P1041,2,0.05,40.89,UPI,Delivered
O101031,C10290,2026-04-07,P1021,1,0.05,119.69,Credit Card,Delivered
O101032,C11166,2026-03-26,P1107,4,0.15,130.32,Credit Card,Shipped
O101033,C10963,2025-11-17,P1036,1,0.05,1.4,Net Banking,Delivered
O101034,C10614,2026-02-07,P1121,1,0.15,45.35,COD,Shipped
O101035,C10910,2025-12-12,P1004,2,0.05,122.91,Debit Card,Delivered
O101036,C10123,2025-10-21,P1009,3,0.15,131.62,Net Banking,Shipped
O101037,C11031,2025-11-20,P1042,1,0.0,37.17,UPI,Delivered
O101038,C10868,2026-08-19,P1117,3,0.0,37.4,Net Banking,Delivered
O101039,C10529,2025-09-24,P1147,1,0.0,35.97,Net Banking,Delivered
O101040,C10466,2026-03-11,P1109,2,0.0,98.34,Credit Card,Delivered
O101041,C10189,2026-08-09,P1134,3,0.0,89.15,COD,Pending
O101042,C10257,2026-05-01,P1055,3,0.0,122.42,COD,Delivered
O101043,C10449,2026-07-13,P1101,1,0.05,8.56,Credit Card,Cancelled
O101044,C11999,2025-11-25,P1144,2,0.1,55.26,Net Banking,Cancelled
O101045,C11673,2026-05-30,P1120,2,0.2,68.36,COD,Delivered
O101046,C11315,2025-12-26,P1104,2,0.05,6.84,COD,Delivered
O101047,C11646,2026-03-02,P1096,2,0.0,81.91,COD,Delivered
O101048,C10223,2026-04-12,P1027,1,0.0,100.21,UPI,Delivered
O101049,C11595,2025-12-13,P1086,1,0.2,23.34,UPI,Delivered
O101050,C10334,2025-08-26,P1139,4,0.05,46.56,UPI,Delivered
O101051,C11223,2026-08-10,P1003,2,0.0,115.92,Debit Card,Delivered
O101052,C10414,2025-11-17,P1009,1,0.0,93.13,Credit Card,Delivered
O101053,C11168,2026-03-30,P1145,3,0.0,7.02,UPI,Delivered
O101054,C11619,2026-01-09,P1124,3,0.05,149.31,UPI,Delivered
O101055,C10191,2025-10-25,P1080,4,0.1,113.35,UPI,Pending
O101056,C11540,2025-11-09,P1073,-1,0.0,24.04,COD,Delivered
O101057,C10645,2025-08-25,P1101,2,0.2,80.88,Debit Card,Pending
O101058,C11440,2026-02-20,P1025,1,0.15,50.48,Debit Card,Delivered
O101059,C11519,2026-04-06,P1129,2,0.1,6.41,UPI,Delivered
O101060,C11588,2026-01-02,P1039,1,0.0,142.51,UPI,Delivered
O101061,C10783,2026-08-04,P1123,2,0.1,103.17,Net Banking,Cancelled
O101062,C10077,2025-09-29,P1075,2,0.2,136.19,Credit Card,Delivered
O101063,C10949,2026-08-14,P1021,2,0.0,87.1,UPI,Pending
O101064,C10475,2026-01-05,P1056,4,0.15,129.19,Credit Card,Shipped
O101065,C10330,2025-12-29,P1129,3,0.05,17.83,Net Banking,Pending
O101066,C11247,2026-02-03,P1134,2,0.05,23.46,Debit Card,Delivered
O101067,C10269,2026-02-23,P1087,1,0.0,98.31,Debit Card,Delivered
O101068,C11753,2026-02-19,P1111,4,0.15,117.43,UPI,Returned
O101069,C11586,2025-09-25,P1100,4,0.0,105.49,Credit Card,Delivered
O101070,C11251,2026-05-26,P1020,4,0.0,93.92,Credit Card,Delivered
O101071,C11019,2026-03-06,P1025,1,0.15,23.46,UPI,Delivered
O101072,C11783,2025-09-11,P1080,2,0.15,111.58,Net Banking,Cancelled
O101073,C11634,2026-05-05,P1023,4,0.05,133.99,COD,Delivered
O101074,C10643,2026-08-14,P1044,3,0.0,131.76,Debit Card,Delivered
O101075,C10574,2025-10-06,P1148,3,0.0,22.75,Debit Card,Delivered
O101076,C10146,2026-07-05,P1046,3,0.0,138.57,COD,Delivered
O101077,C10970,2025-11-04,P1066,1,0.0,68.4,COD,Delivered
O101078,C10288,2026-01-02,P1032,1,0.0,3.1,Net Banking,Delivered
O101079,C10745,2026-07-21,P1074,4,0.0,136.85,COD,Delivered
O101080,C11270,2026-07-07,P1034,1,0.0,33.02,COD,Delivered
O101081,C11731,2026-06-18,P1081,1,0.0,0.84,Debit Card,Delivered
O101082,C10847,2026-02-02,P1130,3,0.15,149.5,COD,Delivered
O101083,C11794,2026-06-03,P1011,2,0.05,58.91,Net Banking,Pending
O101084,C10117,2026-01-10,P1063,2,0.0,39.92,Net Banking,Delivered
O101085,C11748,2026-01-27,P1027,2,0.15,81.76,Debit Card,Delivered
O101086,C11168,2026-01-26,P1103,1,0.15,33.79,UPI,Delivered
O101087,C11791,2025-11-25,P1119,1,0.0,20.13,UPI,Delivered
O101088,C10960,2025-09-03,P1137,2,0.05,121.23,COD,Delivered
O101089,C10370,2025-09-29,P1028,4,0.15,60.47,COD,Shipped
O101090,C10409,2026-04-10,P1103,1,0.0,60.21,Debit Card,Delivered
O101091,C10702,2026-06-20,P1125,1,0.2,73.01,Credit Card,Delivered
O101092,C10976,2026-07-05,P1030,3,0.0,43.32,Debit Card,Delivered
O101093,C11117,2026-03-25,P1040,1,0.0,7.55,COD,Delivered
O101094,C10438,2026-07-23,P1082,1,0.0,27.45,Net Banking,Delivered
O101095,C11232,2025-09-27,P1098,3,0.0,93.88,UPI,Returned
O101096,C10741,2026-02-28,P1111,2,0.0,10.3,COD,Delivered
O101097,C10434,2025-09-29,P1006,3,0.0,4.96,COD,Delivered
O101098,C11302,2025-10-30,P1046,1,0.1,12.49,UPI,Delivered
O101099,C10561,2026-07-31,P1104,1,0.1,73.74,UPI,Delivered
O101100,C11459,2026-06-09,P1116,1,0.0,52.29,COD,Delivered
O101101,C11372,2025-09-02,P1067,3,0.1,17.47,Credit Card,Cancelled
O101102,C10190,2025-09-14,P1110,1,0.1,91.05,Debit Card,Pending
O101103,C10609,2025-10-24,P1043,4,0.15,9.76,Credit Card,Delivered
O101104,C10859,2026-01-05,P1124,1,0.05,95.75,COD,Delivered
O101105,C11606,2026-01-07,P1042,1,0.05,29.67,COD,Delivered
O101106,C11420,2026-03-11,P1147,2,0.15,125.27,COD,Cancelled
O101107,C11149,2026-05-12,P1051,2,0.2,146.97,UPI,Shipped
O101108,C11185,2026-08-09,P1038,1,0.0,55.16,Debit Card,Delivered
O101109,C11687,2026-07-29,P1082,2,0.1,57.4,UPI,Delivered
O101110,C10940,2025-09-21,P1038,2,0.0,142.81,COD,Cancelled
O101111,C10233,2026-03-13,P1105,1,0.0,58.01,Debit Card,Delivered
O101112,C10008,2026-05-27,P1116,2,0.0,129.47,Credit Card,Delivered
O101113,C11309,2026-02-06,P1149,1,0.0,54.66,UPI,Delivered
O101114,C11528,2025-09-10,P1049,1,0.1,51.26,COD,Delivered
O101115,C11586,2026-08-17,P1043,1,0.0,36.75,Net Banking,Delivered
O101116,C10713,2025-12-15,P1054,4,0.0,80.22,Credit Card,Pending
O101117,C11182,2025-09-04,P1004,1,0.0,96.18,Debit Card,Shipped
O101118,C10034,2025-12-04,P1078,1,0.15,39.52,Debit Card,Delivered
O101119,C11778,2025-11-29,P1032,1,0.15,143.53,COD,Delivered
O101120,C10934,2025-11-19,P1106,2,0.0,27.48,COD,Delivered
O101121,C11697,2025-10-19,P1139,2,0.1,23.51,COD,Delivered
O101122,C11567,2025-10-29,P1086,3,0.0,96.03,UPI,Returned
O101123,C10940,2025-11-26,P1110,2,0.1,116.0,Debit Card,Delivered
O101124,C11219,2026-04-15,P1042,3,0.0,137.76,Net Banking,Delivered
O101125,C10584,2026-06-15,P1112,3,0.15,108.14,Debit Card,Delivered
O101126,C11921,2026-06-11,P1026,1,0.0,42.45,UPI,Shipped
O101127,C10213,2026-06-25,P1023,1,0.0,67.69,UPI,Delivered
O101128,C10843,2025-09-25,P1027,2,0.0,0.59,COD,Shipped
O101129,C11278,2025-12-09,P1140,4,0.0,84.28,UPI,Delivered
O101130,C11031,2026-04-30,P1149,4,0.0,85.58,UPI,Delivered
O101131,C11745,2025-12-01,P1108,4,0.15,90.37,Credit Card,Delivered
O101132,C10932,2026-04-16,P1142,3,0.05,51.85,COD,Delivered
O101133,C11754,2025-08-24,P1121,2,0.1,63.71,UPI,Delivered
O101134,C11626,2026-08-15,P1119,2,0.0,64.22,COD,Returned
O101135,C11321,2026-06-03,P1102,1,0.0,106.02,UPI,Returned
O101136,C11602,2026-08-18,P1058,2,0.0,55.73,Net Banking,Delivered
O101137,C11802,2026-08-19,P1068,2,0.0,79.17,Debit Card,Cancelled
O101138,C11629,2025-09-03,P1107,1,0.15,99.09,Credit Card,Delivered
O101139,C11862,2026-04-28,P1107,1,0.0,107.92,UPI,Delivered
O101140,C10315,2026-05-14,P1096,1,0.0,93.43,Net Banking,Cancelled
O101141,C11229,2026-06-03,P1082,2,0.0,20.41,Debit Card,Delivered
O101142,C11172,2026-06-24,P1111,4,0.0,72.9,Credit Card,Delivered
O101143,C10802,2026-05-29,P1050,1,0.0,118.23,Net Banking,Delivered
O101144,C11697,2026-01-20,P1014,2,0.0,68.99,Net Banking,Delivered
O101145,C11924,2026-08-09,P1100,4,0.0,74.75,Credit Card,Delivered
O101146,C10652,2026-02-22,P1133,1,0.05,27.9,Credit Card,Delivered
O101147,C10204,2025-12-04,P1033,1,0.15,59.37,Net Banking,Delivered
O101148,C11182,2026-04-25,P1101,1,0.0,4.71,Debit Card,Cancelled
O101149,C10326,2025-10-13,P1083,3,0.05,112.5,Credit Card,Delivered
O101150,C10053,2025-09-01,P1112,1,0.0,89.8,UPI,Delivered
O101151,C11216,2026-07-17,P1040,1,0.0,80.01,UPI,Delivered
O101152,C11114,2025-10-16,P1021,1,0.1,29.32,Net Banking,Delivered
O101153,C11521,2026-03-06,P1034,2,0.0,32.4,COD,Delivered
O101154,C11593,2026-01-30,P1092,1,0.05,21.89,Credit Card,Delivered
O101155,C11839,2026-03-16,P1057,2,0.1,72.83,Debit Card,Delivered
O101156,C11722,2025-10-01,P1063,1,0.0,67.84,COD,Shipped
O101157,C11351,2026-02-08,P1014,2,0.05,73.49,Debit Card,Delivered
O101158,C10295,2026-07-19,P1006,4,0.15,33.85,Net Banking,Cancelled
O101159,C10228,2026-01-28,P1118,1,0.0,63.11,Net Banking,Delivered
O101160,C10291,2025-09-17,P1073,3,0.1,125.73,Debit Card,Returned
O101161,C10191,2026-02-18,P1020,2,0.2,26.59,COD,Cancelled
O101162,C11870,2026-04-12,P1054,1,0.0,118.75,COD,Delivered
O101163,C11630,2025-10-12,P1006,1,0.05,140.63,COD,Delivered
O101164,C11965,2025-09-23,P1020,2,0.2,92.44,Credit Card,Delivered
O101165,C10769,2025-11-16,P1081,1,0.0,30.71,COD,Shipped
O101166,C10369,2026-06-21,P1077,2,0.05,53.55,UPI,Returned
O101167,C11351,2025-12-06,P1146,4,0.1,97.63,Net Banking,Cancelled
O101168,C10241,2026-07-23,P1088,3,0.0,72.33,Debit Card,Delivered
O101169,C11258,2026-05-09,P1140,1,0.0,20.76,UPI,Delivered
O101170,C11519,2026-07-10,P1066,2,0.0,105.66,UPI,Delivered
O101171,C10061,2026-05-11,P1138,2,0.0,11.19,UPI,Delivered
O101172,C11559,2026-06-23,P1040,1,0.15,5.6,Credit Card,Cancelled
O101173,C10236,2025-10-21,P1056,1,0.15,33.19,UPI,Delivered
O101174,C10451,2026-02-05,P1022,2,0.1,3.87,Credit Card,Delivered
O101175,C10987,2025-09-15,P1052,1,0.0,31.52,UPI,Delivered
O101176,C11130,2026-05-14,P1076,2,0.1,112.49,COD,Shipped
O101177,C11016,2026-01-22,P1112,1,0.0,40.26,Net Banking,Pending
O101178,C11889,2026-05-29,P1050,3,0.0,13.0,Debit Card,Delivered
O101179,C11408,2026-08-20,P1072,3,0.0,75.7,COD,Delivered
O101180,C11625,2026-03-14,P1080,1,0.2,50.18,Credit Card,Shipped
O101181,C11954,2026-01-04,P1125,4,0.05,139.28,COD,Returned
O101182,C10868,2026-05-11,P1070,3,0.2,148.65,Debit Card,Delivered
O101183,C11244,2026-04-13,P1099,1,0.0,120.67,COD,Delivered
O101184,C10723,2026-06-08,P1096,4,0.1,41.83,UPI,Delivered
O101185,C11822,2026-01-27,P1009,4,0.15,74.94,Net Banking,Delivered
O101186,C10840,2025-11-03,P1076,3,0.05,24.27,Net Banking,Cancelled
O101187,C11322,2025-12-22,P1136,3,0.15,103.96,Debit Card,Delivered
O101188,C10235,2025-09-22,P1047,2,0.15,52.41,Debit Card,Delivered
O101189,C10381,2025-09-02,P1092,2,0.2,126.89,Credit Card,Delivered
O101190,C11346,2025-10-17,P1096,1,0.2,22.9,Debit Card,Delivered
O101191,C10644,2025-10-10,P1032,2,0.0,79.72,UPI,Delivered
O101192,C10023,2026-02-22,P1085,1,0.1,73.31,Credit Card,Delivered
O101193,C11629,2026-04-12,P1083,2,0.2,56.78,Credit Card,Delivered
O101194,C10790,2025-11-13,P1073,3,0.2,16.49,Net Banking,Delivered
O101195,C10446,2026-03-31,P1027,2,0.0,126.98,Net Banking,Delivered
O101196,C11245,2025-10-27,P1020,3,0.1,60.46,Net Banking,Returned
O101197,C10864,2025-09-15,P1112,1,0.05,143.64,Debit Card,Shipped
O101198,C10406,2026-01-27,P1051,1,0.05,70.42,UPI,Shipped
O101199,C11022,2026-06-26,P1012,3,0.2,64.11,Debit Card,Delivered
O101200,C10255,2026-01-06,P1116,2,0.0,22.64,Credit Card,Delivered
O101201,C11211,2026-03-22,P1099,2,0.05,135.84,Credit Card,Delivered
O101202,C10584,2026-07-06,P1005,1,0.2,67.77,Net Banking,Pending
O101203,C11868,2026-01-18,P1119,1,0.2,143.21,Debit Card,Delivered
O101204,C11981,2026-04-11,P1104,1,0.15,74.23,UPI,Returned
O101205,C11881,2026-05-18,P1136,2,0.2,137.89,UPI,Delivered
O101206,C10034,2026-05-30,P1018,1,0.15,64.98,COD,Delivered
O101207,C11644,2026-06-03,P1107,1,0.2,49.23,Debit Card,Delivered
O101208,C11544,2026-02-19,P1089,1,0.2,76.19,COD,Delivered
O101209,C11587,2026-06-22,P1081,2,0.05,95.91,COD,Delivered
O101210,C10806,2025-12-26,P1077,4,0.05,19.36,COD,Delivered
O101211,C11313,2026-08-01,P1032,4,0.2,64.89,Debit Card,Returned
O101212,C10211,2025-12-30,P1008,1,0.0,83.01,Credit Card,Delivered
O101213,C10022,2025-10-04,P1036,2,0.05,7.74,UPI,Pending
O101214,C11765,2026-07-09,P1112,1,0.2,105.57,Credit Card,Delivered
O101215,C10392,2026-06-25,P1095,1,0.1,44.41,Net Banking,Pending
O101216,C11914,2025-11-03,P1014,2,0.2,43.71,Debit Card,Returned
O101217,C10089,2026-06-17,P1029,2,0.05,130.8,UPI,Pending
O101218,C10154,2026-05-06,P1068,1,0.1,112.97,Debit Card,Delivered
O101219,C11622,2026-04-01,P1098,1,0.0,41.36,Debit Card,Delivered
O101220,C11895,2026-07-08,P1036,1,0.0,146.44,Net Banking,Delivered
O101221,C10259,2026-01-12,P1082,1,0.0,93.9,Credit Card,Shipped
O101222,C11819,2025-10-10,P1106,4,0.0,20.0,COD,Delivered
O101223,C11069,2026-01-06,P1136,2,0.0,118.98,Credit Card,Delivered
O101224,C11355,2026-05-25,P1126,2,0.0,83.53,Debit Card,Delivered
O101225,C11497,2026-03-06,P1124,3,0.2,31.15,Credit Card,Delivered
O101226,C11570,2025-10-18,P1076,1,0.0,78.7,UPI,Delivered
O101227,C11712,2025-10-15,P1063,1,0.0,144.33,Credit Card,Delivered
O101228,C10154,2026-05-13,P1127,1,0.0,97.36,UPI,Delivered
O101229,C11374,2025-10-07,P1056,1,0.0,113.78,COD,Shipped
O101230,C10385,2025-08-27,P1125,2,0.05,142.02,UPI,Delivered
O101231,C11668,2026-02-27,P1136,2,0.2,67.47,Net Banking,Cancelled
O101232,C11558,2025-10-17,P1080,1,0.0,131.7,COD,Delivered
O101233,C11737,2026-04-02,P1130,2,0.0,79.17,UPI,Returned
O101234,C10449,2025-12-23,P1094,2,0.1,117.43,COD,Pending
O101235,C11778,2025-11-24,P1132,1,0.2,17.17,Credit Card,Shipped
O101236,C10385,2025-08-29,P1018,1,0.0,70.01,Debit Card,Delivered
O101237,C11406,2026-07-26,P1079,1,0.2,66.24,Net Banking,Delivered
O101238,C10302,2026-01-18,P1119,1,0.0,137.5,UPI,Shipped
O101239,C10493,2026-02-27,P1005,2,0.1,76.04,COD,Delivered
O101240,C10059,2026-01-10,P1122,4,0.0,128.15,Net Banking,Delivered
O101241,C10544,2025-11-18,P1031,2,0.15,136.63,Net Banking,Delivered
O101242,C10884,2026-02-18,P1055,2,0.15,121.92,Credit Card,Delivered
O101243,C10883,2026-06-28,P1131,1,0.0,103.51,Debit Card,Delivered
O101244,C10559,2025-10-16,P1095,2,0.05,102.56,UPI,Delivered
O101245,C10784,2026-01-01,P1109,3,0.0,42.7,Credit Card,Delivered
O101246,C10825,2025-12-07,P1046,4,0.05,41.03,Net Banking,Delivered
O101247,C11245,2025-11-25,P1127,2,0.2,70.81,Net Banking,Delivered
O101248,C11396,2026-05-21,P1013,1,0.15,76.57,Credit Card,Pending
O101249,C10450,2025-09-23,P1030,2,0.2,110.83,UPI,Returned
O101250,C11179,2025-11-11,P1069,1,0.15,39.99,Credit Card,Delivered
O101251,C10207,2025-09-05,P1071,2,0.0,37.43,Credit Card,Returned
O101252,C11433,2026-06-30,P1104,4,0.15,143.1,COD,Delivered
O101253,C10451,2026-06-03,P1069,4,0.15,91.08,COD,Delivered
O101254,C11610,2026-01-14,P1053,3,0.2,85.27,Debit Card,Delivered
O101255,C11446,2026-03-19,P1074,1,0.0,118.55,UPI,Delivered
O101256,C11031,2025-09-06,P1123,1,0.0,37.02,Debit Card,Cancelled
O101257,C11409,2026-01-22,P1062,1,0.1,69.79,Credit Card,Delivered
O101258,C10143,2026-05-25,P1043,4,0.2,110.24,Credit Card,Delivered
O101259,C10933,2025-08-22,P1037,4,0.15,38.18,UPI,Delivered
O101260,C10877,2026-07-12,P1086,1,0.1,3.08,UPI,Delivered
O101261,C10541,2025-11-28,P1020,4,0.0,99.72,Credit Card,Delivered
O101262,C11748,2025-11-24,P1003,1,0.15,24.07,Net Banking,Delivered
O101263,C10971,2025-12-17,P1150,3,0.0,66.3,UPI,Delivered
O101264,C10507,2025-08-25,P1121,1,0.05,56.11,UPI,Delivered
O101265,C10036,2025-11-14,P1146,2,0.1,49.05,Debit Card,Cancelled
O101266,C11076,2026-07-21,P1129,1,0.1,131.62,Credit Card,Shipped
O101267,C11588,2026-07-23,P1025,3,0.0,141.42,UPI,Delivered
O101268,C11508,2025-09-04,P1086,1,0.0,88.31,COD,Delivered
O101269,C10719,2026-07-12,P1140,2,0.15,22.27,Debit Card,Delivered
O101270,C10520,2026-06-04,P1094,3,0.0,112.82,COD,Delivered
O101271,C10723,2025-11-03,P1078,1,0.0,109.75,Debit Card,Returned
O101272,C11587,2026-02-08,P1124,4,0.1,31.59,UPI,Delivered
O101273,C11064,2025-12-23,P1006,1,0.0,67.3,Credit Card,Pending
O101274,C11754,2026-08-10,P1057,1,0.0,32.94,Credit Card,Delivered
O101275,C10064,2025-09-26,P1063,1,0.0,45.4,Net Banking,Shipped
O101276,C11994,2026-08-21,P1111,1,0.0,76.94,Debit Card,Delivered
O101277,C10183,2025-11-14,P1050,1,0.0,148.86,COD,Delivered
O101278,C11978,2025-11-29,P1071,1,0.1,7.6,Net Banking,Returned
O101279,C10921,2026-02-20,P1135,2,0.05,18.44,Credit Card,Delivered
O101280,C11391,2025-10-22,P1090,4,0.1,75.85,Debit Card,Delivered
O101281,C10855,2026-07-26,P1071,3,0.0,37.0,Debit Card,Delivered
O101282,C11187,2026-07-13,P1134,1,0.2,77.7,Debit Card,Cancelled
O101283,C10252,2026-04-22,P1111,1,0.0,5.33,COD,Delivered
O101284,C11624,2026-06-26,P1089,1,0.05,108.24,Debit Card,Delivered
O101285,C10018,2026-08-01,P1128,1,0.0,36.04,Credit Card,Delivered
O101286,C10308,2026-07-03,P1134,1,0.15,11.78,Debit Card,Delivered
O101287,C11361,2026-06-10,P1042,1,0.0,128.11,Debit Card,Delivered
O101288,C10133,2026-01-07,P1076,2,0.0,131.32,UPI,Delivered
O101289,C10446,2026-04-20,P1073,1,0.0,52.91,Net Banking,Delivered
O101290,C11001,2026-02-02,P1079,1,0.0,141.65,UPI,Delivered
O101291,C11353,2026-03-27,P1001,2,0.2,86.29,UPI,Delivered
O101292,C10718,2026-04-30,P1073,3,0.05,92.49,Net Banking,Delivered
O101293,C11575,2026-05-23,P1144,4,0.0,79.87,Credit Card,Pending
O101294,C11461,2026-05-03,P1070,4,0.1,90.96,Credit Card,Pending
O101295,C10403,2025-12-29,P1111,2,0.0,66.54,Net Banking,Returned
O101296,C10596,2026-04-06,P1057,4,0.15,145.34,UPI,Delivered
O101297,C10727,2025-08-26,P1064,4,0.0,90.26,COD,Delivered
O101298,C11981,2026-06-17,P1026,2,0.15,26.71,Debit Card,Returned
O101299,C11223,2025-12-24,P1080,2,0.15,0.52,Credit Card,Delivered
O101300,C11391,2025-11-23,P1083,1,0.2,129.58,Net Banking,Delivered
O101301,C11573,2025-12-19,P1052,2,0.1,103.95,Debit Card,Delivered
O101302,C11136,2025-11-22,P1052,1,0.05,120.5,Debit Card,Delivered
O101303,C10609,2026-08-17,P1146,4,0.15,36.66,COD,Delivered
O101304,C10770,2025-12-26,P1112,4,0.0,14.0,UPI,Delivered
O101305,C10906,2025-09-19,P1081,1,0.05,17.16,Net Banking,Returned
O101306,C11460,2025-08-27,P1092,4,0.0,23.98,COD,Delivered
O101307,C10956,2026-06-18,P1108,3,0.0,129.9,COD,Delivered
O101308,C11869,,P1144,1,0.0,16.29,UPI,Pending
O101309,C10863,2025-12-10,P1023,1,0.05,38.49,Credit Card,Delivered
O101310,C10620,2026-05-09,P1063,1,0.05,16.74,Net Banking,Delivered
O101311,C10261,2025-10-26,P1140,4,0.15,61.79,Net Banking,Cancelled
O101312,C10110,2025-10-05,P1101,1,0.15,36.73,Credit Card,Delivered
O101313,C10013,2025-08-27,P1119,1,0.1,41.0,Net Banking,Delivered
O101314,C10112,2026-06-12,P1022,1,0.0,64.19,UPI,Delivered
O101315,C11331,2026-04-04,P1028,1,0.0,96.27,Debit Card,Delivered
O101316,C11684,2026-07-19,P1075,2,0.1,30.24,Net Banking,Delivered
O101317,C10679,2026-01-05,P1016,2,0.1,9.07,UPI,Shipped
O101318,C11382,2026-04-25,P1131,2,0.2,86.91,UPI,Delivered
O101319,C11058,2025-11-10,P1037,3,0.05,18.31,Net Banking,Shipped
O101320,C11015,2025-11-25,P1035,4,0.1,119.08,Credit Card,Returned
O101321,C11311,2025-09-09,P1040,1,0.1,122.74,Debit Card,Delivered
O101322,C11473,2025-08-29,P1002,2,0.0,50.85,COD,Delivered
O101323,C10412,2026-05-17,P1030,2,0.0,10.8,UPI,Delivered
O101324,C11237,2025-09-26,P1031,1,0.0,137.5,Net Banking,Delivered
O101325,C10419,2025-10-23,P1027,1,0.15,148.39,COD,Delivered
O101326,C11036,2026-04-19,P1114,2,0.1,78.76,COD,Delivered
O101327,C10250,2025-12-05,P1077,2,0.2,89.97,COD,Delivered
O101328,C10377,2026-01-05,P1061,3,0.2,118.21,Net Banking,Delivered
O101329,C11255,2025-11-20,P1113,1,0.0,132.53,Net Banking,Delivered
O101330,C10300,2025-12-20,P1006,1,0.0,127.44,Credit Card,Delivered
O101331,C11525,2026-07-29,P1062,1,0.15,120.93,Credit Card,Delivered
O101332,C11433,2026-05-09,P1140,4,0.05,28.84,Credit Card,Delivered
O101333,C10594,2026-07-11,P1075,3,0.0,48.1,UPI,Pending
O101334,C11010,2026-01-02,P1095,2,0.05,65.26,Debit Card,Delivered
O101335,C11429,2026-04-12,P1028,2,0.0,65.35,COD,Delivered
O101336,C10871,2025-10-10,P1038,4,0.2,5.41,UPI,Delivered
O101337,C10247,2025-09-26,P1145,2,0.1,133.16,COD,Delivered
O101338,C10621,2026-04-19,P1009,2,0.1,123.67,Net Banking,Delivered
O101339,C11860,2026-03-07,P1091,1,0.0,141.32,Credit Card,Delivered
O101340,C11481,2025-12-28,P1118,3,0.2,83.69,Debit Card,Delivered
O101341,C10325,2026-02-04,P1092,2,0.1,8.82,Net Banking,Cancelled
O101342,C11031,2026-02-02,P1054,1,0.2,122.72,Debit Card,Returned
O101343,C11076,2026-01-02,P1100,2,0.0,51.44,Net Banking,Delivered
O101344,C11344,2025-12-01,P1039,2,0.0,108.27,Debit Card,Delivered
O101345,C11154,2026-03-18,P1087,2,0.2,93.45,COD,Delivered
O101346,C11612,2025-11-14,P1036,2,0.2,18.36,Debit Card,Shipped
O101347,C11349,2025-12-24,P1078,2,0.2,25.02,COD,Delivered
O101348,C11719,2026-02-17,P1124,2,0.05,90.9,COD,Pending
O101349,C11241,2026-01-25,P1047,1,0.0,128.45,Net Banking,Delivered
O101350,C11039,2025-10-16,P1135,4,0.0,94.55,Debit Card,Delivered
O101351,C10664,2025-09-04,P1149,2,0.0,110.98,Debit Card,Delivered
O101352,C11700,2026-06-24,P1104,1,0.15,93.78,UPI,Delivered
O101353,C11745,2025-12-30,P1041,2,0.15,56.85,Credit Card,Delivered
O101354,C10218,2026-01-12,P1128,1,0.0,19.4,COD,Delivered
O101355,C10475,2025-12-17,P1061,1,0.0,5.19,UPI,Returned
O101356,C10357,2026-01-10,P1099,1,0.0,112.79,COD,Returned
O101357,C10127,2025-09-16,P1065,2,0.1,81.4,UPI,Delivered
O101358,C11536,2026-06-12,P1019,3,0.15,119.41,COD,Shipped
O101359,C11243,2026-02-06,P1008,1,0.1,2.21,Credit Card,Delivered
O101360,C11431,2026-08-13,P1116,4,0.1,118.88,COD,Delivered
O101361,C11306,2026-01-12,P1147,1,0.0,54.32,Net Banking,Delivered
O101362,C10518,2026-03-28,P1126,1,0.0,1.27,COD,Delivered
O101363,C10462,2026-08-07,P1052,1,0.0,91.63,Credit Card,Delivered
O101364,C11083,2025-09-26,P1050,1,0.05,68.32,UPI,Delivered
O101365,C11289,2025-10-01,P1025,2,0.0,40.65,Credit Card,Delivered
O101366,C10288,2025-08-27,P1002,1,0.15,136.5,Debit Card,Shipped
O101367,C11164,2026-02-12,P1140,2,0.15,119.81,UPI,Delivered
O101368,C11398,2025-09-19,P1136,1,0.2,62.05,COD,Delivered
O101369,C10425,2026-07-15,P1147,1,0.2,88.66,COD,Delivered
O101370,C10731,2025-09-06,P1144,2,0.2,101.68,Credit Card,Shipped
O101371,C10899,2026-04-19,P1110,1,0.15,124.81,COD,Cancelled
O101372,C11166,2026-04-13,P1021,1,0.05,122.96,Credit Card,Shipped
O101373,C10611,2025-11-27,P1026,1,0.0,87.45,UPI,Delivered
O101374,C10106,2025-12-26,P1139,4,0.05,146.57,Debit Card,Delivered
O101375,C11683,2025-09-09,P1075,2,0.05,59.24,Debit Card,Delivered
O101376,C10733,2026-01-08,P1018,1,0.05,53.24,Credit Card,Pending
O101377,C10154,2026-02-20,P1137,3,0.0,57.62,Net Banking,Delivered
O101378,C11061,2026-01-07,P1129,2,0.1,9.13,Debit Card,Delivered
O101379,C10117,2026-03-20,P1140,2,0.0,67.95,UPI,Delivered
O101380,C11919,2026-02-21,P1068,2,0.15,113.74,UPI,Delivered
O101381,C10864,2025-11-17,P1067,3,0.0,49.06,Credit Card,Delivered
O101382,C11567,2026-01-05,P1016,1,0.15,87.27,Credit Card,Delivered
O101383,C11673,2025-10-12,P1085,2,0.0,115.9,UPI,Delivered
O101384,C10150,2026-03-12,P1145,4,0.0,83.36,Net Banking,Delivered
O101385,C11568,2026-08-04,P1010,1,0.05,99.6,Debit Card,Pending
O101386,C11946,2026-01-17,P1107,1,0.05,56.94,Net Banking,Shipped
O101387,C11904,2025-08-28,P1021,4,0.0,78.94,Net Banking,Delivered
O101388,C10266,2026-05-30,P1070,1,0.2,63.65,UPI,Delivered
O101389,C11018,2026-06-29,P1130,3,0.15,42.87,Credit Card,Delivered
O101390,C10884,2025-10-21,P1123,1,0.0,15.87,Debit Card,Shipped
O101391,C11795,2026-05-14,P1059,2,0.0,95.13,UPI,Returned
O101392,C10054,2025-10-30,P1051,2,0.0,18.53,Net Banking,Delivered
O101393,C10777,2025-08-30,P1005,4,0.0,140.47,Net Banking,Delivered
O101394,C10793,2026-04-18,P1097,1,0.05,5.01,Credit Card,Delivered
O101395,C10875,2026-05-29,P1141,2,0.0,2.25,Credit Card,Delivered
O101396,C10242,2026-03-13,P1095,2,0.2,93.0,Debit Card,Delivered
O101397,C10895,2025-09-23,P1015,3,0.15,92.76,Credit Card,Delivered
O101398,C11206,2026-02-17,P1003,1,0.0,146.06,Credit Card,Delivered
O101399,C11542,2025-11-27,P1138,1,0.2,8.39,Net Banking,Delivered
O101400,C11643,2025-10-19,P1004,1,0.1,147.51,Credit Card,Shipped
O101401,C10157,2026-07-13,P1015,4,0.15,148.59,Credit Card,Delivered
O101402,C10579,2026-05-04,P1012,1,0.15,50.89,Debit Card,Delivered
O101403,C11342,2025-11-22,P1063,2,0.15,33.25,Debit Card,Delivered
O101404,C10815,2025-09-19,P1123,1,0.0,30.27,UPI,Delivered
O101405,C10157,2026-01-10,P1065,4,0.0,55.64,Net Banking,Delivered
O101406,C11445,2026-08-20,P1092,2,0.1,61.17,Credit Card,Delivered
O101407,C10620,2025-12-19,P1094,1,0.0,35.01,Net Banking,Delivered
O101408,C11339,2025-12-22,P1063,1,0.0,32.25,Net Banking,Returned
O101409,C10654,2025-11-09,P1139,1,0.0,135.86,Net Banking,Delivered
O101410,C10710,2025-11-08,P1106,1,0.0,48.71,Net Banking,Delivered
O101411,C10161,2026-02-06,P1053,2,0.0,77.64,Credit Card,Cancelled
O101412,C11067,2025-12-28,P1060,2,0.0,97.29,Debit Card,Shipped
O101413,C10432,2026-04-24,P1032,2,0.05,85.09,Debit Card,Shipped
O101414,C11614,2026-04-27,P1037,1,0.05,52.52,UPI,Pending
O101415,C11431,2025-10-12,P1113,1,0.0,3.91,COD,Pending
O101416,C10044,2026-02-20,P1128,4,0.0,101.68,UPI,Delivered
O101417,C11205,2026-08-11,P1099,1,0.2,97.83,Debit Card,Cancelled
O101418,C10174,2025-09-13,P1016,2,0.0,120.27,Debit Card,Cancelled
O101419,C10787,2026-05-14,P1127,4,0.15,63.84,UPI,Cancelled
O101420,C10788,2026-08-06,P1114,2,0.0,91.29,UPI,Delivered
O101421,C10777,2026-01-29,P1048,2,0.0,48.27,COD,Delivered
O101422,C11353,2026-04-05,P1079,4,0.0,31.5,UPI,Delivered
O101423,C10713,2025-11-10,P1007,1,0.0,138.94,Net Banking,Shipped
O101424,C10689,2025-10-05,P1068,2,0.0,90.28,Net Banking,Delivered
O101425,C10057,2026-02-27,P1088,4,0.0,79.06,Net Banking,Delivered
O101426,C10876,2025-12-30,P1015,3,0.1,47.58,UPI,Delivered
O101427,C11951,2025-09-16,P1074,2,0.1,111.8,Net Banking,Delivered
O101428,C11173,2026-06-16,P1146,3,0.15,148.1,Net Banking,Delivered
O101429,C11967,2026-04-19,P1098,1,0.05,90.42,COD,Shipped
O101430,C11894,2026-05-21,P1061,2,0.1,110.98,Credit Card,Returned
O101431,C10575,2025-09-16,P1071,3,0.15,52.4,UPI,Pending
O101432,C11580,2026-07-11,P1139,1,0.1,42.04,Debit Card,Delivered
O101433,C10809,2026-05-05,P1010,2,0.1,118.65,Net Banking,Delivered
O101434,C10551,2026-05-22,P1065,2,0.0,76.31,Net Banking,Delivered
O101435,C10629,2026-03-10,P1146,1,0.0,39.08,Debit Card,Cancelled
O101436,C11736,2025-10-21,P1046,2,0.2,46.35,COD,Delivered
O101437,C10901,2025-09-07,P1003,4,0.1,108.46,COD,Delivered
O101438,C10735,2025-11-17,P1123,4,0.1,104.53,Net Banking,Delivered
O101439,C10120,2026-04-28,P1149,2,0.0,135.83,UPI,Delivered
O101440,C11250,2026-05-06,P1142,4,0.05,10.18,Debit Card,Pending
O101441,C10903,2026-07-07,P1047,1,0.0,74.11,Debit Card,Shipped
O101442,C10566,2026-05-07,P1067,2,0.05,89.49,COD,Delivered
O101443,C11291,2026-08-07,P1045,1,0.15,108.53,Credit Card,Cancelled
O101444,C11344,2026-05-31,P1013,4,0.15,107.3,Credit Card,Delivered
O101445,C10079,2026-06-23,P1048,4,0.2,145.06,Net Banking,Cancelled
O101446,C11188,2026-03-26,P1082,1,0.0,94.79,UPI,Delivered
O101447,C10467,2026-01-24,P1016,3,0.0,43.23,Debit Card,Pending
O101448,C10034,2026-02-11,P1091,4,0.05,54.71,Net Banking,Delivered
O101449,C11230,2025-11-17,P1061,4,0.0,26.36,Debit Card,Delivered
O101450,C11039,2025-12-29,P1114,3,0.1,59.4,UPI,Delivered
O101451,C10486,2026-04-22,P1053,1,0.2,80.68,Debit Card,Delivered
O101452,C11699,2026-03-15,P1107,3,0.0,89.65,UPI,Delivered
O101453,C11794,2026-06-13,P1073,2,0.15,54.24,Credit Card,Delivered
O101454,C11244,2026-05-31,P1093,2,0.0,142.68,Debit Card,Pending
O101455,C11838,2025-12-06,P1096,2,0.15,123.11,COD,Pending
O101456,C10603,2025-08-30,P1008,4,0.0,117.91,Credit Card,Delivered
O101457,C10596,2025-08-22,P1039,2,0.1,144.84,Net Banking,Delivered
O101458,C11248,2026-08-10,P1055,2,0.0,114.97,Debit Card,Delivered
O101459,C11600,2026-08-20,P1131,1,0.2,89.66,Net Banking,Delivered
O101460,C11925,2026-04-08,P1056,3,0.0,0.78,COD,Cancelled
O101461,C10067,2026-03-17,P1039,1,0.2,38.65,COD,Shipped
O101462,C11330,2025-10-06,P1021,3,0.2,77.79,UPI,Pending
O101463,C10460,2026-05-31,P1145,3,0.0,110.24,Net Banking,Pending
O101464,C11291,2026-06-23,P1141,2,0.0,129.58,COD,Delivered
O101465,C10249,2026-02-26,P1136,3,0.0,135.24,UPI,Delivered
O101466,C11351,2026-05-19,P1135,2,0.1,79.29,Net Banking,Delivered
O101467,C10552,2025-08-22,P1050,4,0.15,121.74,Net Banking,Delivered
O101468,C10500,2026-02-03,P1085,1,0.0,0.19,Credit Card,Shipped
O101469,C10742,2026-03-18,P1060,2,0.05,146.48,COD,Delivered
O101470,C11992,2025-09-16,P1030,2,0.0,107.72,Credit Card,Delivered
O101471,C11962,2026-05-22,P1105,1,0.15,57.23,Debit Card,Delivered
O101472,C11148,2026-08-10,P1130,2,0.0,4.04,UPI,Returned
O101473,C11339,2025-09-02,P1124,2,0.05,146.97,Net Banking,Delivered
O101474,C11611,2026-08-17,P1108,3,0.0,72.41,Credit Card,Delivered
O101475,C11694,2026-03-26,P1033,1,0.0,89.96,Net Banking,Delivered
O101476,C11863,2026-02-28,P1105,1,0.0,91.82,Net Banking,Delivered
O101477,C11241,2026-08-16,P1067,4,0.15,34.34,Debit Card,Delivered
O101478,C10242,2025-08-21,P1021,1,0.0,18.58,COD,Delivered
O101479,C10304,2026-03-03,P1148,1,0.05,15.4,COD,Delivered
O101480,C11583,2026-04-07,P1051,3,0.15,133.05,Credit Card,Cancelled
O101481,C10032,2025-11-09,P1043,4,0.0,29.61,UPI,Delivered
O101482,C11568,2026-04-19,P1142,1,0.0,34.8,COD,Shipped
O101483,C10259,2025-09-26,P1009,4,0.2,57.29,COD,Delivered
O101484,C10342,2026-08-08,P1019,1,0.0,76.5,Credit Card,Delivered
O101485,C11085,2026-02-14,P1100,1,0.2,33.18,COD,Delivered
O101486,C10824,2026-08-14,P1143,2,0.0,64.41,Credit Card,Delivered
O101487,C10244,2025-09-04,P1087,1,0.0,128.51,Debit Card,Delivered
O101488,C11263,2026-01-08,P1028,4,0.0,87.6,UPI,Delivered
O101489,C11886,2025-12-11,P1091,1,0.05,1.85,COD,Returned
O101490,C11292,2025-10-22,P1116,1,0.0,9.27,COD,Delivered
O101491,C10978,2026-01-08,P1035,1,0.0,107.95,Credit Card,Shipped
O101492,C11208,2026-06-13,P1131,2,0.2,64.05,UPI,Delivered
O101493,C10016,2025-08-26,P1095,2,0.0,32.56,COD,Delivered
O101494,C10899,2026-04-21,P1046,2,0.0,79.47,Net Banking,Shipped
O101495,C10573,2025-11-20,P1025,3,0.0,34.16,Credit Card,Delivered
O101496,C10699,2026-02-06,P1013,2,0.2,17.34,Net Banking,Delivered
O101497,C11076,2025-12-03,P1149,4,0.15,125.83,Net Banking,Cancelled
O101498,C10874,2026-06-13,P1074,1,0.15,31.23,Debit Card,Delivered
O101499,C11551,2026-07-30,P1046,2,0.15,111.85,Credit Card,Delivered
O101500,C11936,2026-05-24,P1054,1,0.0,27.17,COD,Delivered
O101501,C11178,2026-08-14,P1081,1,0.0,86.07,UPI,Delivered
O101502,C10340,2026-02-12,P1031,-2,0.15,115.36,Debit Card,Delivered
O101503,C10899,2026-07-20,P1058,2,0.0,71.83,Credit Card,Delivered
O101504,C11880,2025-11-25,P1067,1,0.0,35.24,Net Banking,Shipped
O101505,C11894,2026-06-03,P1060,1,0.15,38.42,Debit Card,Delivered
O101506,C10424,2025-12-23,P1142,3,0.1,9.35,Net Banking,Shipped
O101507,C10057,2026-06-08,P1011,1,0.0,96.21,Net Banking,Delivered
O101508,C10400,2025-09-06,P1002,4,0.05,50.62,COD,Cancelled
O101509,C10053,2026-01-28,P1095,1,0.2,87.66,Credit Card,Delivered
O101510,C11942,2026-08-06,P1147,2,0.1,79.7,COD,Shipped
O101511,C11067,2026-06-01,P1033,3,0.1,57.41,COD,Delivered
O101512,C10225,2026-07-15,P1031,2,0.1,34.48,COD,Returned
O101513,C11011,2025-12-06,P1068,2,0.15,1.02,UPI,Cancelled
O101514,C10571,2026-01-14,P1030,1,0.2,130.27,Debit Card,Shipped
O101515,C11525,2025-11-08,P1057,1,0.2,47.57,UPI,Delivered
O101516,C11039,2026-08-21,P1086,3,0.05,127.69,Debit Card,Delivered
O101517,C11507,2026-01-27,P1132,1,0.2,99.84,UPI,Delivered
O101518,C10645,2026-02-01,P1010,4,0.0,63.35,COD,Delivered
O101519,C11445,2025-08-30,P1134,1,0.05,20.4,Debit Card,Delivered
O101520,C11144,2026-04-25,P1010,2,0.0,106.71,UPI,Delivered
O101521,C11201,2026-06-11,P1097,1,0.1,106.93,Credit Card,Delivered
O101522,C10544,2026-01-22,P1121,1,0.15,14.23,Credit Card,Delivered
O101523,C10384,2026-06-06,P1128,3,0.05,50.89,Debit Card,Delivered
O101524,C11301,2026-05-12,P1023,1,0.15,109.24,Net Banking,Cancelled
O101525,C11535,2025-12-11,P1055,2,0.0,110.21,UPI,Delivered
O101526,C11005,2026-03-13,P1143,1,0.2,86.78,Net Banking,Delivered
O101527,C10365,2026-07-19,P1010,3,0.0,128.37,COD,Delivered
O101528,C11257,2026-05-20,P1098,4,0.2,28.96,Net Banking,Delivered
O101529,C10715,2025-10-05,P1124,1,0.2,67.39,Net Banking,Delivered
O101530,C10369,2026-03-23,P1077,1,0.05,119.71,Credit Card,Cancelled
O101531,C11369,2025-08-28,P1125,4,0.0,107.69,COD,Shipped
O101532,C10804,2026-01-20,P1092,2,0.0,80.18,Net Banking,Delivered
O101533,C10198,2026-02-06,P1057,1,0.0,81.8,UPI,Pending
O101534,C11837,2026-02-21,P1074,1,0.15,97.42,COD,Pending
O101535,C10667,2026-06-23,P1064,1,0.0,17.32,COD,Delivered
O101536,C10952,2025-08-23,P1082,4,0.2,138.35,UPI,Delivered
O101537,C10816,2026-03-23,P1033,1,0.05,65.46,COD,Cancelled
O101538,C11770,2025-11-23,P1126,1,0.1,53.52,Net Banking,Delivered
O101539,C10481,2025-11-12,P1008,1,0.0,39.09,Debit Card,Delivered
O101540,C10441,2026-01-15,P1105,2,0.0,24.44,UPI,Delivered
O101541,C10662,2026-03-15,P1067,2,0.0,40.63,Debit Card,Delivered
O101542,C11657,2026-03-01,P1114,2,0.05,73.91,COD,Delivered
O101543,C11869,2026-01-10,P1014,3,0.0,19.6,Debit Card,Delivered
O101544,C10449,2026-08-05,P1087,1,0.2,105.72,UPI,Delivered
O101545,C10840,2026-06-03,P1057,2,0.0,51.59,Net Banking,Cancelled
O101546,C11098,2026-01-04,P1053,4,0.0,147.33,UPI,Pending
O101547,C11257,2026-07-07,P1085,2,0.2,81.57,Credit Card,Delivered
O101548,C10041,2026-01-15,P1006,1,0.0,26.05,COD,Delivered
O101549,C11444,2025-12-28,P1086,2,0.1,118.06,Debit Card,Shipped
O101550,C11133,2026-02-25,P1017,4,0.1,90.22,UPI,Delivered
O101551,C10742,2026-03-07,P1138,3,0.2,103.63,Credit Card,Pending
O101552,C11717,2025-09-14,P1138,4,0.15,41.27,COD,Cancelled
O101553,C10470,2025-10-28,P1075,1,0.0,29.72,Credit Card,Returned
O101554,C10679,2025-11-07,P1106,1,0.05,20.34,Credit Card,Delivered
O101555,C10510,2026-02-24,P1004,2,0.1,4.03,UPI,Cancelled
O101556,C11547,2025-09-28,P1135,1,0.0,28.78,UPI,Delivered
O101557,C11621,2026-06-03,P1125,4,0.2,33.31,UPI,Delivered
O101558,C10618,2025-12-09,P1007,3,0.0,56.08,Credit Card,Delivered
O101559,C11410,2026-05-28,P1064,2,0.1,54.69,UPI,Delivered
O101560,C10254,2026-06-03,P1097,2,0.1,72.31,COD,Delivered
O101561,C11517,2026-01-05,P1070,3,0.2,43.48,UPI,Delivered
O101562,C11034,2026-03-17,P1107,2,0.1,123.01,UPI,Delivered
O101563,C11701,2025-08-31,P1139,2,0.1,131.86,Net Banking,Returned
O101564,C10196,2026-08-17,P1101,1,0.0,118.01,Credit Card,Cancelled
O101565,C11760,2026-08-12,P1080,2,0.1,77.09,Debit Card,Delivered
O101566,C11523,2026-03-04,P1006,1,0.15,91.63,Debit Card,Delivered
O101567,C10416,2026-04-22,P1026,2,0.1,67.25,Debit Card,Pending
O101568,C11181,2025-09-07,P1121,1,0.2,106.76,COD,Delivered
O101569,C10191,2025-12-27,P1057,1,0.15,124.0,COD,Delivered
O101570,C10990,2026-07-10,P1073,4,0.05,3.36,Net Banking,Delivered
O101571,C10784,2026-05-25,P1005,2,0.0,48.06,COD,Shipped
O101572,C11949,2025-09-09,P1096,1,0.1,136.94,Net Banking,Delivered
O101573,C10927,2026-04-27,P1058,1,0.0,137.75,Net Banking,Pending
O101574,C10814,2026-07-01,P1060,1,0.0,35.91,COD,Delivered
O101575,C11154,2026-06-26,P1028,2,0.0,58.86,Debit Card,Delivered
O101576,C11659,2026-05-25,P1022,1,0.1,91.82,UPI,Delivered
O101577,C10426,2026-02-11,P1126,3,0.0,12.88,Net Banking,Delivered
O101578,C10290,2026-05-11,P1104,3,0.0,19.91,Net Banking,Cancelled
O101579,C11072,2025-10-13,P1146,4,0.0,119.61,Credit Card,Delivered
O101580,C11011,2026-07-21,P1065,4,0.0,86.14,COD,Delivered
O101581,C10692,2026-07-03,P1039,1,0.0,40.06,UPI,Delivered
O101582,C11158,2026-01-02,P1105,1,0.15,21.67,UPI,Delivered
O101583,C10429,2026-03-05,P1144,2,0.1,103.06,COD,Delivered
O101584,C10642,2026-08-16,P1061,1,0.0,136.18,Debit Card,Delivered
O101585,C10990,2026-01-14,P1132,2,0.0,98.95,Net Banking,Cancelled
O101586,C11502,2026-02-04,P1021,1,0.2,71.57,UPI,Delivered
O101587,C10159,2025-12-23,P1097,2,0.15,10.89,Credit Card,Shipped
O101588,C10332,2026-02-02,P1134,3,0.15,18.96,UPI,Delivered
O101589,C10897,2025-10-22,P1030,1,0.0,42.01,UPI,Returned
O101590,C11015,2026-01-09,P1044,1,0.0,92.7,Net Banking,Delivered
O101591,C11534,2025-12-16,P1141,1,0.1,130.41,COD,Delivered
O101592,C10608,2025-10-23,P1031,1,0.2,68.79,COD,Pending
O101593,C11475,2026-04-22,P1070,1,0.0,5.53,Net Banking,Delivered
O101594,C11822,2025-09-07,P1096,2,0.0,139.54,Net Banking,Delivered
O101595,C10290,2026-06-16,P1075,3,0.05,145.21,Net Banking,Delivered
O101596,C11645,2025-12-26,P1096,1,0.05,41.52,Net Banking,Delivered
O101597,C10967,2026-04-10,P1119,1,0.1,132.85,Credit Card,Returned
O101598,C11899,2025-11-06,P1035,2,0.0,98.7,Credit Card,Delivered
O101599,C11699,2026-03-15,P1122,1,0.2,96.36,UPI,Delivered
O101600,C10368,2026-07-17,P1039,4,0.05,19.82,COD,Delivered
O101601,C10012,2026-04-22,P1080,4,0.0,42.76,Credit Card,Delivered
O101602,C10193,2026-03-09,P1138,2,0.2,8.17,COD,Delivered
O101603,C10126,2025-12-30,P1120,1,0.15,50.97,Net Banking,Delivered
O101604,C10718,2026-03-05,P1144,3,0.05,39.65,Credit Card,Delivered
O101605,C10029,2025-12-15,P1050,1,0.0,23.65,Debit Card,Delivered
O101606,C11867,2025-09-03,P1110,2,0.2,86.31,Net Banking,Shipped
O101607,C10753,2025-10-02,P1104,2,0.2,106.26,Debit Card,Delivered
O101608,C11314,2026-01-08,P1052,1,0.0,41.42,UPI,Delivered
O101609,C10211,2025-12-20,P1056,2,0.1,115.51,Debit Card,Delivered
O101610,C11155,2026-02-12,P1027,2,0.2,123.51,Credit Card,Shipped
O101611,C11203,2026-01-21,P1099,1,0.0,25.42,Debit Card,Delivered
O101612,C11748,2025-09-23,P1071,3,0.15,137.07,Net Banking,Delivered
O101613,C10970,2026-07-19,P1054,4,0.05,126.05,Credit Card,Delivered
O101614,C10475,2025-12-08,P1056,4,0.05,123.42,UPI,Returned
O101615,C11260,2025-12-08,P1038,2,0.1,11.88,Credit Card,Delivered
O101616,C11792,2025-10-13,P1001,4,0.2,63.87,Debit Card,Delivered
O101617,C11987,2026-01-16,P1014,1,0.05,56.84,Credit Card,Delivered
O101618,C10901,2025-12-29,P1109,2,0.2,9.41,COD,Delivered
O101619,C11025,2026-03-01,P1031,1,0.0,82.41,Credit Card,Delivered
O101620,C10773,2026-06-06,P1099,3,0.0,5.17,COD,Delivered
O101621,C11718,2026-02-19,P1134,1,0.2,2.13,Debit Card,Delivered
O101622,C11809,2025-11-24,P1055,1,0.0,110.75,Credit Card,Pending
O101623,C11708,2026-07-11,P1072,3,0.2,58.49,Credit Card,Cancelled
O101624,C11148,2026-07-15,P1114,2,0.0,149.98,COD,Delivered
O101625,C10514,2025-11-01,P1031,3,0.2,38.22,Net Banking,Returned
O101626,C11336,2026-03-05,P1090,1,0.0,77.3,Credit Card,Delivered
O101627,C10749,2025-11-10,P1120,2,0.15,143.91,Debit Card,Shipped
O101628,C10438,2025-08-26,P1144,3,0.1,88.37,Credit Card,Delivered
O101629,C10367,2026-02-27,P1003,1,0.15,110.59,Credit Card,Delivered
O101630,C11078,2026-05-27,P1050,3,0.0,89.25,UPI,Delivered
O101631,C10673,2026-04-06,P1025,2,0.0,30.91,Debit Card,Returned
O101632,C11030,2026-06-22,P1004,1,0.2,69.22,Net Banking,Delivered
O101633,C11326,2025-11-05,P1071,1,0.0,29.67,COD,Delivered
O101634,C11425,2025-09-28,P1065,1,0.0,74.46,Debit Card,Delivered
O101635,C11989,2025-10-16,P1147,3,0.05,148.9,UPI,Cancelled
O101636,C11900,2025-10-28,P1121,2,0.0,89.91,Net Banking,Delivered
O101637,C11005,2026-08-21,P1045,4,0.2,97.18,COD,Shipped
O101638,C11327,2026-06-21,P1140,3,0.15,20.13,UPI,Delivered
O101639,C10060,2026-07-08,P1040,1,0.0,13.43,Credit Card,Cancelled
O101640,C10270,2026-01-26,P1022,2,0.0,33.56,COD,Cancelled
O101641,C10245,2026-01-22,P1015,4,0.0,122.84,COD,Delivered
O101642,C10128,2026-07-09,P1081,3,0.1,23.11,UPI,Cancelled
O101643,C10569,2026-05-10,P1050,1,0.15,96.34,Net Banking,Shipped
O101644,C10682,2026-04-17,P1082,1,0.0,70.9,Credit Card,Returned
O101645,C11202,2025-12-23,P1094,2,0.05,47.12,Net Banking,Delivered
O101646,C11361,2025-11-16,P1104,1,0.0,90.48,COD,Cancelled
O101647,C11372,2026-05-16,P1016,4,0.0,109.67,UPI,Delivered
O101648,C11560,2026-03-06,P1129,2,0.15,17.03,Credit Card,Shipped
O101649,C10172,2025-12-28,P1045,2,0.05,85.86,COD,Delivered
O101650,C11247,2026-02-13,P1051,3,0.0,135.93,Net Banking,Delivered
O101651,C11302,2026-03-18,P1001,4,0.0,31.92,Debit Card,Delivered
O101652,C10719,2025-08-22,P1031,1,0.0,117.2,Debit Card,Delivered
O101653,C11713,2025-11-29,P1023,2,0.0,122.1,Net Banking,Returned
O101654,C10181,2025-10-24,P1030,1,0.0,69.13,UPI,Delivered
O101655,C10177,2026-01-05,P1048,1,0.05,72.02,Debit Card,Delivered
O101656,C11978,2026-02-27,P1006,2,0.0,63.68,Credit Card,Shipped
O101657,C10446,2026-01-01,P1096,4,0.05,137.46,COD,Delivered
O101658,C11484,2026-02-21,P1064,1,0.05,115.32,Debit Card,Cancelled
O101659,C11316,2026-01-06,P1049,1,0.0,39.65,Credit Card,Delivered
O101660,C10777,2026-06-06,P1074,3,0.0,24.11,Credit Card,Delivered
O101661,C11158,2025-10-06,P1081,1,0.0,150.0,COD,Delivered
O101662,C10386,2026-08-02,P1070,1,0.15,16.22,Credit Card,Delivered
O101663,C10605,2025-08-27,P1067,4,0.1,49.84,COD,Delivered
O101664,C11004,2026-05-20,P1091,3,0.05,99.26,Net Banking,Delivered
O101665,C11582,2026-02-08,P1134,1,0.0,109.86,COD,Cancelled
O101666,C11408,2026-02-20,P1044,2,0.0,66.57,UPI,Pending
O101667,C11199,2026-08-16,P1099,2,0.1,144.67,Credit Card,Delivered
O101668,C10432,2026-05-17,P1112,2,0.15,93.23,Debit Card,Delivered
O101669,C11397,2025-09-01,P1074,2,0.0,81.78,Credit Card,Delivered
O101670,C11984,2026-03-29,P1129,1,0.0,104.74,Net Banking,Cancelled
O101671,C11627,2026-02-11,P1069,3,0.15,130.56,UPI,Delivered
O101672,C10432,2026-02-24,P1067,2,0.1,54.4,Credit Card,Delivered
O101673,C10065,2026-04-05,P1030,1,0.2,52.77,Net Banking,Delivered
O101674,C10382,2025-09-11,P1122,1,0.05,25.03,Credit Card,Delivered
O101675,C10662,2025-12-05,P1096,1,0.0,117.08,Net Banking,Delivered
O101676,C11206,2025-11-13,P1009,2,0.15,57.44,Debit Card,Delivered
O101677,C11290,2026-07-16,P1092,1,0.1,13.07,UPI,Delivered
O101678,C10974,2025-09-30,P1086,1,0.0,6.83,Debit Card,Delivered
O101679,C10206,2025-11-23,P1048,1,0.15,76.13,Debit Card,Delivered
O101680,C10957,2026-08-07,P1140,1,0.15,19.39,Credit Card,Shipped
O101681,C10900,2025-11-02,P1117,1,0.05,57.53,Net Banking,Delivered
O101682,C10891,2026-08-02,P1103,1,0.1,146.42,COD,Cancelled
O101683,C10518,2026-02-11,P1096,2,0.2,79.79,Net Banking,Delivered
O101684,C11390,2025-12-10,P1103,1,0.0,16.86,Debit Card,Delivered
O101685,C11903,2026-04-25,P1060,1,0.0,100.69,Net Banking,Delivered
O101686,C10873,2026-07-10,P1069,2,0.0,33.17,Net Banking,Delivered
O101687,C10059,2026-04-10,P1042,2,0.2,44.87,Net Banking,Delivered
O101688,C10616,2026-07-23,P1135,2,0.0,128.14,Credit Card,Pending
O101689,C11164,2025-11-23,P1036,4,0.2,43.97,Credit Card,Delivered
O101690,C11615,2026-07-21,P1014,1,0.0,66.0,UPI,Delivered
O101691,C11569,2025-09-21,P1037,1,0.2,5.5,Debit Card,Delivered
O101692,C10339,2026-07-10,P1118,2,0.1,135.93,UPI,Delivered
O101693,C10411,2026-01-16,P1045,4,0.0,142.49,Debit Card,Delivered
O101694,C10379,2026-04-15,P1061,2,0.0,53.89,Credit Card,Delivered
O101695,C11484,2025-08-25,P1063,1,0.2,135.41,Credit Card,Delivered
O101696,C11732,2026-08-15,P1096,2,0.0,2.72,UPI,Delivered
O101697,C10706,2026-06-15,P1026,1,0.0,127.04,COD,Delivered
O101698,C10808,2025-11-23,P1055,2,0.0,118.6,COD,Delivered
O101699,C11703,2026-01-18,P1119,2,0.2,21.86,Credit Card,Shipped
O101700,C10197,2026-01-06,P1100,2,0.2,92.7,Credit Card,Delivered
O101701,C11916,2025-12-17,P1035,2,0.0,135.86,COD,Shipped
O101702,C11840,2026-01-03,P1073,4,0.15,121.68,COD,Delivered
O101703,C11094,2025-11-09,P1019,2,0.2,44.89,Debit Card,Delivered
O101704,C11517,2026-07-11,P1007,2,0.1,60.67,Credit Card,Returned
O101705,C10365,2026-01-15,P1061,2,0.0,147.68,Debit Card,Delivered
O101706,C11027,2026-08-21,P1001,1,0.05,86.08,Net Banking,Delivered
O101707,C10816,2026-01-26,P1020,4,0.0,116.79,Credit Card,Delivered
O101708,C10385,2026-08-16,P1012,1,0.0,48.4,Credit Card,Delivered
O101709,C10191,2026-06-03,P1087,4,0.0,111.33,COD,Delivered
O101710,C10872,2026-05-29,P1039,1,0.1,62.29,Debit Card,Delivered
O101711,C11383,2025-11-30,P1124,1,0.2,44.07,UPI,Delivered
O101712,C11956,2026-06-13,P1108,2,0.1,108.93,Credit Card,Delivered
O101713,C11398,2026-08-03,P1133,3,0.05,111.28,UPI,Delivered
O101714,C10170,2025-12-16,P1089,2,0.0,20.71,UPI,Delivered
O101715,C10829,2026-08-17,P1004,1,0.0,142.15,Credit Card,Delivered
O101716,C11177,2025-09-10,P1130,2,0.2,7.34,COD,Delivered
O101717,C10024,2026-01-07,P1125,3,0.05,105.29,COD,Delivered
O101718,C10112,2026-02-23,P1078,4,0.2,86.55,COD,Delivered
O101719,C11299,2025-12-31,P1030,1,0.1,74.54,Net Banking,Shipped
O101720,C11861,2025-08-21,P1116,3,0.2,85.89,Net Banking,Delivered
O101721,C10970,2026-02-15,P1086,1,0.0,137.25,Net Banking,Pending
O101722,C10229,2025-09-01,P1046,1,0.0,105.72,COD,Delivered
O101723,C10786,2026-05-17,P1021,2,0.0,9.57,Credit Card,Delivered
O101724,C11942,2025-11-21,P1067,1,0.0,47.57,Credit Card,Delivered
O101725,C11259,2026-08-11,P1117,2,0.1,33.37,COD,Delivered
O101726,C10577,2026-06-17,P1011,1,0.05,6.09,UPI,Cancelled
O101727,C10943,2026-02-11,P1094,1,0.0,119.01,UPI,Returned
O101728,C11406,2026-05-26,P1095,4,0.15,21.36,Debit Card,Delivered
O101729,C11383,2026-01-27,P1076,2,0.15,148.72,UPI,Delivered
O101730,C10367,2026-01-22,P1076,4,0.1,140.28,Debit Card,Delivered
O101731,C10915,2026-02-10,P1084,1,0.1,115.74,Debit Card,Delivered
O101732,C11221,2026-02-02,P1029,2,0.0,94.88,Debit Card,Shipped
O101733,C11089,2026-04-11,P1102,2,0.05,26.08,Credit Card,Delivered
O101734,C11096,2026-08-19,P1025,3,0.2,60.24,Credit Card,Shipped
O101735,C11297,2025-12-26,P1127,2,0.0,39.8,COD,Returned
O101736,C10708,2026-03-02,P1118,2,0.2,136.72,Net Banking,Delivered
O101737,C11691,2026-02-27,P1135,4,0.0,100.47,Net Banking,Delivered
O101738,C10157,2026-08-20,P1084,2,0.05,127.61,Debit Card,Delivered
O101739,C11248,2026-06-06,P1026,1,0.1,74.59,COD,Delivered
O101740,C11486,2026-06-22,P1021,1,0.1,56.11,Debit Card,Returned
O101741,C11535,2026-01-16,P1078,1,0.0,63.57,COD,Delivered
O101742,C10377,2025-09-01,P1066,2,0.0,33.72,UPI,Cancelled
O101743,C10888,2026-01-11,P1030,1,0.0,47.67,Credit Card,Delivered
O101744,C10621,2026-03-22,P1132,2,0.15,16.71,Net Banking,Cancelled
O101745,C10500,2025-11-16,P1013,2,0.2,79.24,Debit Card,Delivered
O101746,C10441,2025-10-18,P1112,4,0.05,96.34,Debit Card,Shipped
O101747,C11594,2025-09-01,P1048,1,0.15,27.14,Debit Card,Delivered
O101748,C10094,2026-02-23,P1103,2,0.05,55.95,Credit Card,Delivered
O101749,C10559,2025-12-23,P1002,2,0.0,116.9,COD,Delivered
O101750,C11602,2026-01-27,P1107,3,0.0,35.37,Credit Card,Delivered
O101751,C10948,2025-11-06,P1082,1,0.15,80.99,UPI,Delivered
O101752,C10038,2025-09-06,P1084,1,0.15,115.37,Credit Card,Delivered
O101753,C10590,2026-02-04,P1118,2,0.0,129.52,Net Banking,Delivered
O101754,C11220,2025-10-31,P1085,1,0.0,59.88,Net Banking,Delivered
O101755,C11905,2026-06-08,P1143,3,0.2,17.68,UPI,Delivered
O101756,C10655,2026-01-11,P1089,1,0.0,90.0,COD,Delivered
O101757,C11750,2026-01-01,P1128,1,0.15,65.72,Credit Card,Delivered
O101758,C10349,2026-04-17,P1100,1,0.0,36.14,Debit Card,Delivered
O101759,C11354,2025-09-15,P1147,3,0.05,110.77,UPI,Delivered
O101760,C11150,2026-01-13,P1089,1,0.05,13.78,UPI,Delivered
O101761,C11085,2025-09-03,P1095,2,0.05,68.68,Debit Card,Delivered
O101762,C10646,2026-02-22,P1116,2,0.15,136.63,COD,Delivered
O101763,C11280,2025-11-10,P1150,3,0.1,81.22,Credit Card,Delivered
O101764,C11157,2026-03-22,P1111,4,0.1,43.17,COD,Pending
O101765,C10048,2026-03-17,P1073,3,0.05,40.08,Net Banking,Shipped
O101766,C10481,2026-06-30,P1097,1,0.2,127.31,Net Banking,Delivered
O101767,C11244,2026-07-24,P1032,1,0.0,18.07,UPI,Delivered
O101768,C10433,2026-07-19,P1029,2,0.0,52.18,Net Banking,Delivered
O101769,C11772,2026-02-03,P1041,2,0.15,141.31,COD,Delivered
O101770,C10721,2025-12-27,P1056,3,0.0,42.18,COD,Returned
O101771,C10572,2026-02-11,P1082,2,0.0,109.13,Debit Card,Delivered
O101772,C11361,2025-08-22,P1082,1,0.0,146.66,Net Banking,Delivered
O101773,C10804,2026-07-31,P1058,2,0.05,13.89,COD,Delivered
O101774,C10951,2025-09-09,P1074,3,0.0,142.89,COD,Delivered
O101775,C11789,2025-12-11,P1046,2,0.2,30.07,COD,Delivered
O101776,C11091,2026-01-24,P1086,1,0.2,30.23,COD,Delivered
O101777,C11400,2026-03-01,P1026,2,0.0,44.2,COD,Delivered
O101778,C10857,2026-05-27,P1108,1,0.05,33.45,COD,Delivered
O101779,C10060,2025-11-22,P1058,1,0.2,103.97,Credit Card,Delivered
O101780,C11031,2026-08-09,P1021,4,0.15,81.09,Net Banking,Delivered
O101781,C10838,2026-08-16,P1006,1,0.0,75.09,Debit Card,Delivered
O101782,C10341,2026-05-08,P1146,3,0.0,61.86,COD,Delivered
O101783,C11950,2026-07-01,P1095,2,0.0,36.48,UPI,Shipped
O101784,C11810,2026-05-17,P1100,4,0.2,56.93,Net Banking,Delivered
O101785,C10396,2025-09-24,P1042,1,0.2,120.63,COD,Delivered
O101786,C11792,2025-10-31,P1062,4,0.0,72.51,Credit Card,Delivered
O101787,C11460,2025-09-29,P1052,1,0.15,117.16,Debit Card,Delivered
O101788,C10133,2026-04-29,P1008,2,0.0,141.76,Credit Card,Delivered
O101789,C10941,2026-08-11,P1063,1,0.15,88.32,Net Banking,Delivered
O101790,C10496,2025-10-08,P1046,2,0.1,37.6,COD,Delivered
O101791,C10228,2026-06-12,P1085,2,0.05,83.11,Credit Card,Delivered
O101792,C11479,2025-12-15,P1018,1,0.1,145.92,UPI,Shipped
O101793,C11397,2026-04-27,P1105,2,0.1,86.71,Net Banking,Pending
O101794,C11766,2026-04-15,P1099,4,0.0,37.96,UPI,Shipped
O101795,C11962,2026-03-17,P1067,4,0.1,118.54,Net Banking,Delivered
O101796,C11591,2025-11-04,P1137,2,0.0,120.65,UPI,Delivered
O101797,C11696,2026-03-20,P1016,1,0.0,102.9,Debit Card,Shipped
O101798,C11697,2026-08-09,P1011,1,0.0,103.98,Debit Card,Delivered
O101799,C11900,2025-12-21,P1131,2,0.05,39.11,COD,Delivered
O101800,C10255,2025-12-22,P1027,1,0.15,111.2,Credit Card,Cancelled
O101801,C11553,2025-12-12,P1149,1,0.2,40.32,UPI,Shipped
O101802,C10751,2026-07-07,P1106,3,0.0,89.98,Debit Card,Delivered
O101803,C10498,2026-04-25,P1124,1,0.0,76.08,Credit Card,Delivered
O101804,C10676,2025-11-30,P1019,4,0.0,32.25,COD,Returned
O101805,C11007,2025-09-06,P1063,2,0.0,125.96,Debit Card,Delivered
O101806,C11412,2026-03-09,P1114,1,0.1,72.52,Debit Card,Shipped
O101807,C11433,2025-09-04,P1067,1,0.15,29.53,Net Banking,Delivered
O101808,C10074,2026-06-06,P1036,1,0.0,126.24,Credit Card,Delivered
O101809,C10054,2025-09-07,P1057,3,0.15,5.84,Debit Card,Delivered
O101810,C11462,2026-04-02,P1075,2,0.0,74.99,Debit Card,Pending
O101811,C10325,2025-09-23,P1146,3,0.15,2.59,Debit Card,Delivered
O101812,C10901,2026-02-06,P1076,4,0.0,88.32,Credit Card,Shipped
O101813,C11424,2026-04-28,P1033,2,0.2,6.5,Credit Card,Delivered
O101814,C11760,2025-09-02,P1099,4,0.0,12.53,Debit Card,Delivered
O101815,C10058,2026-02-05,P1055,2,0.2,97.23,Net Banking,Delivered
O101816,C11197,2025-10-05,P1004,1,0.15,145.58,Debit Card,Delivered
O101817,C11042,2026-03-03,P1133,4,0.0,4.41,COD,Delivered
O101818,C11844,2025-11-29,P1044,1,0.0,106.27,Debit Card,Delivered
O101819,C11203,2025-09-21,P1129,1,0.1,44.71,Debit Card,Delivered
O101820,C10775,2025-12-30,P1125,1,0.0,105.92,Credit Card,Cancelled
O101821,C10988,2026-02-09,P1045,2,0.0,136.62,COD,Returned
O101822,C10030,2026-03-04,P1017,1,0.0,22.45,Debit Card,Delivered
O101823,C10423,2026-07-19,P1058,1,0.15,87.61,Credit Card,Delivered
O101824,C11594,2026-04-18,P1031,1,0.0,143.76,Credit Card,Delivered
O101825,C10941,2026-07-02,P1146,1,0.0,93.54,UPI,Cancelled
O101826,C11733,2025-12-30,P1135,3,0.2,99.4,Credit Card,Shipped
O101827,C10745,2026-02-20,P1009,4,0.0,92.82,COD,Delivered
O101828,C11950,2025-10-28,P9999,4,0.15,76.35,Net Banking,Delivered
O101829,C11134,2025-10-18,P1137,1,0.2,21.15,Net Banking,Cancelled
O101830,C11988,2026-08-16,P1015,2,0.0,131.01,COD,Delivered
O101831,C10508,2026-07-23,P1063,4,0.15,132.73,Debit Card,Shipped
O101832,C10375,2026-08-14,P1063,2,0.0,139.46,Credit Card,Delivered
O101833,C10935,2025-12-13,P1046,1,0.1,59.14,UPI,Pending
O101834,C10545,2026-04-16,P1142,3,0.15,86.39,Debit Card,Delivered
O101835,C10390,2025-09-18,P1017,3,0.0,27.75,Credit Card,Delivered
O101836,C10125,2025-10-30,P1054,3,0.05,0.71,Credit Card,Delivered
O101837,C11560,2025-11-08,P1149,2,0.15,83.59,COD,Delivered
O101838,C11100,2025-12-07,P1014,3,0.0,25.6,Debit Card,Shipped
O101839,C10150,2025-11-23,P1051,2,0.0,32.21,COD,Delivered
O101840,C10171,2025-12-10,P1122,3,0.0,32.22,Credit Card,Delivered
O101841,C11208,2025-09-21,P1056,2,0.2,54.41,Net Banking,Delivered
O101842,C11166,2025-10-21,P1003,1,0.1,77.05,Net Banking,Delivered
O101843,C11854,2026-02-22,P1029,2,0.0,139.91,COD,Shipped
O101844,C10399,2025-11-20,P1117,1,0.0,43.04,UPI,Delivered
O101845,C10834,2026-01-31,P1070,4,0.2,92.09,COD,Delivered
O101846,C10674,2026-04-17,P1130,1,0.2,8.78,COD,Delivered
O101847,C11949,2026-03-29,P1077,3,0.15,54.0,Debit Card,Cancelled
O101848,C10510,2026-04-26,P1088,1,0.0,15.72,Debit Card,Delivered
O101849,C11031,2025-12-16,P1080,4,0.1,38.92,COD,Delivered
O101850,C11550,2025-10-11,P1047,1,0.1,106.52,COD,Delivered
O101851,C11830,2026-02-15,P1131,1,0.0,76.54,COD,Delivered
O101852,C10367,2026-06-14,P1017,2,0.15,13.09,COD,Delivered
O101853,C10194,2026-01-12,P1114,1,0.0,22.5,Debit Card,Delivered
O101854,C11104,2026-04-11,P1047,2,0.05,2.12,Credit Card,Shipped
O101855,C11563,2025-11-19,P1060,3,0.1,125.83,Credit Card,Delivered
O101856,C10626,2026-07-16,P1082,2,0.2,135.46,Net Banking,Delivered
O101857,C11403,2026-01-11,P1077,2,0.1,134.43,Net Banking,Delivered
O101858,C11377,2026-01-13,P1040,2,0.2,145.93,Debit Card,Delivered
O101859,C11570,2026-03-29,P1102,3,0.15,141.74,Credit Card,Cancelled
O101860,C11250,2025-11-02,P1041,2,0.2,99.92,Debit Card,Pending
O101861,C10971,2026-02-11,P1107,4,0.0,141.62,Debit Card,Delivered
O101862,C10539,2026-03-14,P1121,1,0.0,129.59,Debit Card,Delivered
O101863,C10628,2026-02-28,P1086,1,0.0,20.3,Debit Card,Cancelled
O101864,C10646,2025-12-23,P1116,2,0.05,34.84,Debit Card,Delivered
O101865,C10806,2026-04-21,P1107,4,0.2,134.66,UPI,Shipped
O101866,C10828,2026-03-13,P1015,4,0.0,3.9,COD,Delivered
O101867,C11650,2026-06-10,P1036,3,0.0,81.82,COD,Shipped
O101868,C10040,2026-05-05,P1052,1,0.15,126.01,Credit Card,Delivered
O101869,C10525,2025-10-14,P1076,2,0.0,107.96,Debit Card,Delivered
O101870,C10876,2026-08-09,P1098,1,0.1,54.21,Debit Card,Delivered
O101871,C11514,2025-11-10,P1052,1,0.1,114.59,Credit Card,Delivered
O101872,C10902,2025-11-17,P1071,1,0.1,49.65,UPI,Delivered
O101873,C10329,2026-03-20,P1084,2,0.1,39.54,COD,Pending
O101874,C11215,2025-10-31,P1121,1,0.2,61.98,UPI,Shipped
O101875,C10799,2026-01-28,P1125,1,0.15,58.05,Credit Card,Delivered
O101876,C11243,2026-02-15,P1097,4,0.15,144.32,UPI,Delivered
O101877,C11310,2026-07-03,P1088,2,0.0,54.73,Debit Card,Delivered
O101878,C10898,2026-03-25,P1073,1,0.05,47.9,UPI,Delivered
O101879,C11804,2026-02-04,P1019,1,0.1,64.42,Debit Card,Pending
O101880,C11501,2026-07-03,P1106,1,0.05,12.53,Credit Card,Cancelled
O101881,C11208,2025-11-07,P1077,3,0.05,61.59,Net Banking,Delivered
O101882,C10181,2025-10-22,P1113,2,0.15,68.67,Credit Card,Delivered
O101883,C11120,2026-01-22,P1067,4,0.15,107.28,Net Banking,Delivered
O101884,C10597,2025-11-05,P1006,1,0.2,82.44,Credit Card,Shipped
O101885,C10140,2026-02-17,P1081,2,0.2,112.7,Debit Card,Returned
O101886,C10914,2026-01-11,P1055,4,0.2,105.46,Credit Card,Delivered
O101887,C10467,2026-05-29,P1118,4,0.0,86.57,Debit Card,Delivered
O101888,C11388,2026-03-24,P1067,1,0.0,106.44,Debit Card,Delivered
O101889,C11911,2026-03-16,P1006,4,0.0,34.96,Credit Card,Delivered
O101890,C10842,2026-04-14,P1110,1,0.05,113.39,COD,Shipped
O101891,C11635,2026-01-29,P1013,4,0.0,19.12,Net Banking,Delivered
O101892,C11050,2025-10-17,P1096,2,0.0,18.84,UPI,Delivered
O101893,C10066,2025-11-25,P1130,4,0.0,80.04,Debit Card,Shipped
O101894,C11008,2026-01-23,P1073,4,0.0,67.37,Net Banking,Delivered
O101895,C10138,2026-06-09,P1020,4,0.0,1.32,Net Banking,Delivered
O101896,C11144,2026-02-15,P1029,3,0.0,146.77,Net Banking,Delivered
O101897,C11052,2026-04-10,P1023,4,0.1,92.29,Net Banking,Returned
O101898,C11250,2025-11-06,P1049,1,0.0,86.62,UPI,Shipped
O101899,C10883,2026-05-31,P1071,1,0.05,140.94,COD,Delivered
O101900,C11804,2026-06-16,P1039,1,0.0,69.41,Debit Card,Delivered
O101901,C11327,2025-11-14,P1148,1,0.0,9.76,Debit Card,Delivered
O101902,C11600,2025-12-23,P1111,1,0.0,148.53,UPI,Delivered
O101903,C10602,2026-01-29,P1002,1,0.0,11.62,Net Banking,Cancelled
O101904,C10039,2026-07-01,P1003,3,0.05,67.82,Credit Card,Delivered
O101905,C10309,2025-11-11,P1067,4,0.15,26.95,Credit Card,Delivered
O101906,C11573,2025-11-01,P1084,2,0.15,108.86,Net Banking,Delivered
O101907,C11363,2025-11-11,P1052,2,0.05,38.99,Net Banking,Returned
O101908,C11830,2025-08-30,P1148,4,0.15,90.13,Credit Card,Delivered
O101909,C10304,2025-12-31,P1053,2,0.05,39.03,Debit Card,Delivered
O101910,C10054,2025-12-07,P1137,4,0.2,109.16,Net Banking,Pending
O101911,C10081,2026-07-27,P1033,1,0.15,87.36,Net Banking,Delivered
O101912,C10142,2026-07-30,P1084,3,0.0,59.57,Debit Card,Returned
O101913,C11348,2025-12-21,P1054,3,0.0,86.81,Credit Card,Delivered
O101914,C10869,2026-01-05,P1070,4,0.1,29.31,Credit Card,Returned
O101915,C10445,2026-07-30,P1091,4,0.0,62.91,UPI,Delivered
O101916,C11841,2025-12-29,P1113,3,0.1,91.32,UPI,Cancelled
O101917,C10769,2026-08-12,P1007,2,0.2,135.42,COD,Cancelled
O101918,C11750,2026-04-15,P1054,1,0.15,123.64,COD,Delivered
O101919,C10899,2026-06-12,P1103,1,0.0,83.07,Credit Card,Delivered
O101920,C10780,2026-01-21,P1032,1,0.0,115.47,UPI,Pending
O101921,C11038,2025-12-14,P1149,1,0.0,38.89,Net Banking,Delivered
O101922,C11550,2025-12-02,P1054,1,0.0,50.7,UPI,Pending
O101923,C11517,2026-05-24,P1092,2,0.1,38.36,Debit Card,Delivered
O101924,C10431,2026-03-22,P1024,4,0.0,123.95,Net Banking,Delivered
O101925,C10523,2026-07-14,P1131,1,0.1,78.08,UPI,Pending
O101926,C10034,2026-02-24,P1002,2,0.1,132.85,COD,Shipped
O101927,C10820,2025-11-11,P1026,2,0.0,130.7,Debit Card,Delivered
O101928,C10635,2026-08-12,P1017,2,0.0,36.18,COD,Pending
O101929,C11336,2025-11-25,P1077,1,0.1,82.95,Credit Card,Pending
O101930,C10173,2026-01-11,P1100,1,0.0,33.35,COD,Delivered
O101931,C11975,2026-07-23,P1071,1,0.0,103.22,Debit Card,Delivered
O101932,C11736,2026-04-23,P1064,2,0.2,30.36,Credit Card,Delivered
O101933,C10263,2025-10-18,P1133,1,0.15,103.5,Credit Card,Delivered
O101934,C10963,2026-08-09,P1010,1,0.1,80.95,UPI,Delivered
O101935,C10430,2025-10-30,P1076,1,0.2,93.83,Debit Card,Delivered
O101936,C11687,2026-07-13,P1041,1,0.1,80.93,COD,Delivered
O101937,C11918,2025-12-02,P1133,1,0.15,113.3,Credit Card,Shipped
O101938,C11660,2025-11-22,P1047,4,0.05,5.09,Debit Card,Cancelled
O101939,C10225,2026-03-04,P1042,1,0.0,56.08,UPI,Delivered
O101940,C10627,2026-07-26,P1104,2,0.0,93.59,Debit Card,Returned
O101941,C10544,2026-01-20,P1083,3,0.0,127.51,UPI,Shipped
O101942,C10680,2026-04-22,P1008,1,0.0,138.69,COD,Delivered
O101943,C11786,2026-06-25,P1037,4,0.0,93.71,COD,Delivered
O101944,C10773,2026-02-27,P1135,3,0.0,67.19,Credit Card,Delivered
O101945,C10031,2026-07-30,P1090,1,0.0,147.14,Credit Card,Delivered
O101946,C10136,2025-08-29,P1029,3,0.0,88.97,COD,Delivered
O101947,C10851,2026-07-18,P1138,1,0.2,59.66,COD,Delivered
O101948,C11236,2026-01-03,P1001,2,0.0,95.61,Debit Card,Delivered
O101949,C11843,2025-12-04,P1066,4,0.1,146.0,Credit Card,Delivered
O101950,C11106,2026-01-24,P1094,3,0.1,91.07,Net Banking,Delivered
O101951,C10198,2025-11-13,P1123,1,0.0,127.79,COD,Shipped
O101952,C11745,2025-09-13,P1147,1,0.1,62.16,Credit Card,Delivered
O101953,C11055,2026-06-06,P1034,3,0.2,117.54,Credit Card,Delivered
O101954,C10169,2025-12-12,P1025,1,0.0,138.13,COD,Delivered
O101955,C11260,2025-11-03,P1027,1,0.0,104.71,Credit Card,Delivered
O101956,C10379,2025-10-10,P1078,1,0.0,142.4,Debit Card,Delivered
O101957,C10947,2026-01-27,P1134,2,0.0,31.32,Net Banking,Delivered
O101958,C11810,2025-11-13,P1069,2,0.2,91.18,Credit Card,Delivered
O101959,C10768,2026-07-22,P1038,4,0.0,138.81,Net Banking,Shipped
O101960,C11743,2025-09-30,P1009,1,0.05,100.26,COD,Delivered
O101961,C11627,2026-05-22,P1051,1,0.2,143.7,Credit Card,Delivered
O101962,C11300,2025-09-11,P1009,1,0.2,54.68,Credit Card,Delivered
O101963,C10661,2025-08-31,P1003,4,0.0,23.2,Net Banking,Delivered
O101964,C11757,2025-10-21,P1089,3,0.0,58.69,Credit Card,Delivered
O101965,C11674,2025-09-03,P1148,1,0.05,20.76,COD,Delivered
O101966,C10440,2026-01-12,P1117,3,0.15,125.0,Net Banking,Delivered
O101967,C10901,2025-09-15,P1031,2,0.15,115.03,Debit Card,Delivered
O101968,C11054,2025-11-02,P1087,2,0.0,113.92,Debit Card,Pending
O101969,C10382,2025-08-24,P1066,2,0.05,12.52,Debit Card,Shipped
O101970,C10999,2026-01-02,P1141,3,0.15,140.95,COD,Delivered
O101971,C11369,2026-07-26,P1088,2,0.1,140.12,Net Banking,Delivered
O101972,C11602,2026-08-09,P1094,4,0.0,109.68,COD,Delivered
O101973,C11976,2026-06-17,P1140,1,0.2,23.54,Credit Card,Delivered
O101974,C11997,2026-02-15,P1118,1,0.2,108.92,UPI,Delivered
O101975,C11460,2026-07-14,P1076,1,0.1,63.37,Credit Card,Cancelled
O101976,C10629,2026-01-03,P1116,3,0.15,138.85,COD,Delivered
O101977,C11925,2026-06-06,P1022,1,0.05,88.98,Net Banking,Delivered
O101978,C11680,2026-02-09,P1131,2,0.0,75.63,Credit Card,Delivered
O101979,C11394,2026-03-20,P1057,1,0.1,60.17,UPI,Delivered
O101980,C11525,2025-10-21,P1091,1,0.2,52.4,Net Banking,Delivered
O101981,C10311,2026-05-16,P1145,1,0.2,142.37,Net Banking,Delivered
O101982,C11639,2026-05-19,P1137,1,0.05,1.29,Debit Card,Delivered
O101983,C11421,2026-02-02,P1136,2,0.15,101.05,Credit Card,Delivered
O101984,C10206,2026-01-19,P1043,1,0.0,0.36,Net Banking,Delivered
O101985,C11906,2025-09-29,P1039,1,0.2,58.97,Net Banking,Pending
O101986,C11249,2026-05-05,P1109,4,0.0,69.6,Credit Card,Delivered
O101987,C11965,2026-05-26,P1103,3,0.15,103.76,Debit Card,Delivered
O101988,C11069,2025-10-03,P1108,1,0.1,55.61,COD,Delivered
O101989,C10279,2025-09-26,P1077,4,0.15,47.42,UPI,Delivered
O101990,C11451,2026-07-14,P1143,1,0.0,46.25,Debit Card,Delivered
O101991,C11503,2026-08-17,P1018,1,0.05,137.81,UPI,Shipped
O101992,C10288,2026-03-09,P1037,1,0.2,45.87,COD,Cancelled
O101993,C11566,2026-05-28,P1063,2,0.2,81.62,COD,Shipped
O101994,C11324,2025-09-03,P1108,4,0.0,140.79,COD,Delivered
O101995,C10510,2026-02-15,P1090,4,0.15,104.91,UPI,Delivered
O101996,C11944,2025-11-07,P1071,1,0.05,120.2,Credit Card,Returned
O101997,C10253,2026-05-30,P1150,2,0.0,95.98,Credit Card,Delivered
O101998,C10292,2025-10-30,P1071,4,0.0,87.69,Debit Card,Delivered
O101999,C10241,2025-10-22,P1134,1,0.0,124.21,Debit Card,Delivered
O102000,C11581,2026-04-28,P1121,1,0.0,60.04,Credit Card,Delivered
O102001,C10612,2026-01-17,P1032,3,0.05,84.98,Net Banking,Shipped
O102002,C10931,2025-10-19,P1040,1,0.1,53.22,UPI,Returned
O102003,C11545,2026-03-10,P1088,3,0.0,94.05,Debit Card,Pending
O102004,C10084,2026-02-23,P1098,3,0.0,3.47,Debit Card,Delivered
O102005,C10956,2025-08-25,P1110,1,0.1,132.4,Net Banking,Delivered
O102006,C11454,2026-07-17,P1125,3,0.15,29.94,Debit Card,Delivered
O102007,C10212,2026-02-28,P1023,2,0.1,101.2,Net Banking,Pending
O102008,C11772,2026-06-08,P1093,3,0.0,134.33,Credit Card,Cancelled
O102009,C11362,2025-08-29,P1127,1,0.15,135.15,COD,Delivered
O102010,C11307,2025-10-22,P1027,2,0.05,55.93,Debit Card,Cancelled
O102011,C11501,2026-01-07,P1071,2,0.2,17.94,Debit Card,Delivered
O102012,C10674,2026-08-15,P1108,1,0.15,50.15,Debit Card,Pending
O102013,C10171,2025-12-12,P1004,1,0.0,82.31,UPI,Delivered
O102014,C10995,2026-01-22,P1063,1,0.0,60.79,Net Banking,Delivered
O102015,C11211,2025-11-22,P1112,2,0.05,108.47,Debit Card,Delivered
O102016,C11600,2026-03-19,P1125,1,0.15,61.37,Net Banking,Delivered
O102017,C11159,2026-01-10,P1097,1,0.1,84.95,Net Banking,Delivered
O102018,C11895,2026-02-18,P1098,1,0.0,46.9,UPI,Delivered
O102019,C11210,2026-03-26,P1026,1,0.0,146.0,Net Banking,Delivered
O102020,C11980,2026-01-09,P1062,1,0.1,64.41,Debit Card,Delivered
O102021,C11453,2026-03-23,P1108,2,0.0,65.24,COD,Delivered
O102022,C10082,2026-04-22,P1089,1,0.05,105.21,COD,Cancelled
O102023,C11175,2026-01-21,P1134,1,0.0,82.1,UPI,Pending
O102024,C11666,2026-03-06,P1111,3,0.15,147.4,UPI,Delivered
O102025,C10371,2026-07-10,P1007,3,0.05,25.42,Debit Card,Delivered
O102026,C11886,2026-02-21,P1106,2,0.1,125.14,UPI,Shipped
O102027,C11740,2026-04-29,P1065,4,0.2,28.35,Debit Card,Shipped
O102028,C10705,2026-06-19,P1091,1,0.1,132.02,Credit Card,Delivered
O102029,C11606,2026-04-28,P1013,2,0.2,75.02,Debit Card,Delivered
O102030,C11301,2026-04-28,P1068,1,0.1,44.16,Credit Card,Delivered
O102031,C11579,2025-12-08,P1141,1,0.0,141.47,Debit Card,Shipped
O102032,C11543,2026-06-19,P1090,4,0.15,50.09,Credit Card,Cancelled
O102033,C11755,2025-09-11,P1023,1,0.0,126.43,Debit Card,Delivered
O102034,C11103,2025-12-01,P1059,2,0.1,145.0,Debit Card,Cancelled
O102035,C10208,2025-10-13,P1024,1,0.0,118.51,COD,Delivered
O102036,C11019,2026-03-10,P1048,2,0.0,144.61,COD,Delivered
O102037,C11754,2026-03-20,P1125,2,0.0,3.77,Debit Card,Delivered
O102038,C10897,2025-08-23,P1093,2,0.2,96.79,Credit Card,Pending
O102039,C10662,2026-06-30,P1005,3,0.1,63.07,UPI,Delivered
O102040,C10636,2026-06-03,P1130,1,0.15,140.63,Net Banking,Delivered
O102041,C11147,2025-10-28,P1138,1,0.15,46.17,Credit Card,Delivered
O102042,C11425,2026-05-27,P1020,1,0.0,61.91,Credit Card,Delivered
O102043,C11458,2026-07-24,P1104,4,0.15,65.09,Debit Card,Delivered
O102044,C10697,2025-08-29,P1137,2,0.1,16.56,Debit Card,Delivered
O102045,C11887,2025-12-19,P1099,3,0.2,13.64,UPI,Cancelled
O102046,C11508,2026-07-31,P1076,4,0.0,146.11,Net Banking,Delivered
O102047,C10169,2026-02-21,P1083,1,0.05,142.83,Credit Card,Delivered
O102048,C10084,2025-09-18,P1063,1,0.2,98.36,Net Banking,Delivered
O102049,C10561,2026-05-05,P1007,2,0.0,98.33,COD,Delivered
O102050,C11424,2026-07-23,P1057,2,0.1,126.55,Credit Card,Cancelled
O102051,C10902,2025-11-11,P1056,2,0.1,58.46,Credit Card,Delivered
O102052,C10500,2026-02-21,P1006,1,0.05,78.37,Net Banking,Delivered
O102053,C10899,2026-05-25,P1107,1,0.0,120.28,Net Banking,Delivered
O102054,C11164,2026-02-01,P1050,3,0.0,3.83,COD,Delivered
O102055,C11063,2025-10-16,P1149,1,0.0,119.04,COD,Delivered
O102056,C11820,2025-11-13,P1100,2,0.05,42.05,Debit Card,Delivered
O102057,C10746,2026-06-12,P1068,3,0.0,26.14,COD,Delivered
O102058,C11844,2025-08-28,P1061,2,0.15,82.6,Debit Card,Delivered
O102059,C10158,2026-01-05,P1035,3,0.1,141.29,Debit Card,Cancelled
O102060,C11439,2026-06-23,P1064,3,0.0,119.89,Net Banking,Delivered
O102061,C10198,2025-10-02,P1130,2,0.0,139.76,COD,Delivered
O102062,C10215,2025-11-04,P1059,4,0.0,133.14,Debit Card,Delivered
O102063,C11321,2026-07-15,P1142,2,0.1,23.93,Credit Card,Delivered
O102064,C11177,2026-03-01,P1014,1,0.2,83.5,COD,Delivered
O102065,C11019,2025-12-31,P1112,1,0.2,116.64,UPI,Pending
O102066,C10351,2025-08-27,P1006,3,0.0,89.81,Net Banking,Delivered
O102067,C11332,2026-01-15,P1015,2,0.0,85.4,Debit Card,Delivered
O102068,C11447,2025-12-01,P1038,2,0.0,141.95,UPI,Delivered
O102069,C10134,2026-02-25,P1071,4,0.0,79.32,Net Banking,Delivered
O102070,C11837,2025-12-04,P1008,3,0.05,144.0,Net Banking,Delivered
O102071,C11443,2026-03-18,P1035,1,0.0,139.31,COD,Delivered
O102072,C10926,2026-03-14,P1080,1,0.0,82.57,Net Banking,Delivered
O102073,C10624,2025-08-30,P1085,1,0.05,54.85,Credit Card,Delivered
O102074,C11794,2026-04-04,P1131,3,0.2,62.31,COD,Delivered
O102075,C11106,2025-12-31,P1081,1,0.0,123.13,UPI,Pending
O102076,C10109,2026-06-22,P1092,1,0.1,112.32,Net Banking,Delivered
O102077,C10146,2026-05-15,P1017,1,0.1,5.7,Net Banking,Delivered
O102078,C10331,2026-04-12,P1050,4,0.0,139.84,Credit Card,Pending
O102079,C11585,2025-08-27,P1046,3,0.1,16.71,Credit Card,Delivered
O102080,C11903,2025-11-13,P1127,1,0.2,16.83,UPI,Delivered
O102081,C10193,2025-10-12,P1104,1,0.0,1.12,Net Banking,Delivered
O102082,C11404,2025-10-26,P1100,1,0.0,146.13,COD,Delivered
O102083,C10972,2026-06-26,P1036,1,0.05,111.89,Debit Card,Delivered
O102084,C10638,2026-02-21,P1091,4,0.05,111.54,Credit Card,Delivered
O102085,C11801,2026-05-18,P1065,2,0.0,97.45,COD,Delivered
O102086,C10534,2026-03-31,P1103,1,0.15,106.53,Credit Card,Delivered
O102087,C11326,2025-11-10,P1021,3,0.15,101.65,Debit Card,Delivered
O102088,C10193,2025-10-13,P1135,4,0.15,44.99,Debit Card,Delivered
O102089,C11242,2026-07-20,P1016,4,0.2,36.57,Net Banking,Delivered
O102090,C10765,2025-12-10,P1025,4,0.2,37.05,Credit Card,Delivered
O102091,C11084,2026-03-11,P1004,1,0.05,134.71,UPI,Delivered
O102092,C10628,2026-01-02,P1008,4,0.05,104.15,Net Banking,Delivered
O102093,C11760,2025-11-01,P1018,3,0.0,141.55,Credit Card,Delivered
O102094,C11272,2026-04-07,P1128,4,0.15,60.03,Credit Card,Delivered
O102095,C11999,2026-01-29,P1089,4,0.0,3.39,UPI,Cancelled
O102096,C11870,2026-02-28,P1040,2,0.0,93.26,Net Banking,Delivered
O102097,C10363,2025-08-24,P1113,1,0.05,54.24,Credit Card,Delivered
O102098,C11668,2026-03-22,P1114,1,0.05,0.28,UPI,Delivered
O102099,C11916,2026-03-03,P1138,3,0.1,21.02,UPI,Shipped
O102100,C10639,2025-12-31,P1075,1,0.05,72.93,UPI,Delivered
O102101,C10370,2026-08-08,P1133,2,0.0,6.53,Credit Card,Returned
O102102,C11020,2026-02-28,P1050,1,0.2,68.48,Net Banking,Delivered
O102103,C11256,2025-11-09,P1087,1,0.0,99.02,COD,Returned
O102104,C11123,2026-05-30,P1100,3,0.1,64.04,COD,Pending
O102105,C11370,2025-09-12,P1142,1,0.2,7.59,UPI,Delivered
O102106,C10749,2026-03-05,P1037,1,0.0,148.18,Credit Card,Pending
O102107,C11006,2026-02-06,P1049,2,0.1,33.35,COD,Delivered
O102108,C10121,2026-01-21,P1123,1,0.15,39.04,Net Banking,Delivered
O102109,C11065,2026-07-04,P1024,1,0.0,109.39,Debit Card,Returned
O102110,C11154,2025-10-16,P1148,2,0.1,10.47,Net Banking,Delivered
O102111,C11551,2026-04-05,P1140,1,0.2,85.67,Credit Card,Delivered
O102112,C10278,2026-04-09,P1115,1,0.1,26.71,Credit Card,Delivered
O102113,C11283,2026-07-06,P1110,3,0.0,90.16,COD,Delivered
O102114,C10169,2026-07-29,P1126,1,0.0,101.93,UPI,Delivered
O102115,C10659,2026-04-29,P1144,1,0.15,45.35,COD,Delivered
O102116,C10627,2025-09-08,P1128,2,0.2,61.67,Debit Card,Shipped
O102117,C11432,2026-06-20,P1015,4,0.0,77.55,Net Banking,Cancelled
O102118,C10386,2026-02-23,P1023,1,0.0,95.57,Debit Card,Returned
O102119,C11532,2026-02-05,P1147,1,0.0,39.05,Net Banking,Delivered
O102120,C10643,2026-02-12,P1013,3,0.0,80.56,Net Banking,Delivered
O102121,C11980,2025-10-26,P1078,1,0.0,148.44,COD,Delivered
O102122,C11975,2025-12-03,P1138,1,0.0,47.91,UPI,Cancelled
O102123,C11402,2025-11-04,P1112,1,0.2,102.72,Net Banking,Delivered
O102124,C10366,2026-01-06,P1131,1,0.0,69.04,Debit Card,Delivered
O102125,C10092,2025-08-25,P1055,2,0.0,142.32,UPI,Delivered
O102126,C10381,2025-12-16,P1057,4,0.2,17.95,Debit Card,Delivered
O102127,C10417,2025-11-08,P1127,1,0.0,28.02,Credit Card,Delivered
O102128,C11256,2025-11-05,P1004,2,0.05,84.57,UPI,Returned
O102129,C10422,2026-06-25,P1030,1,0.0,41.79,Debit Card,Delivered
O102130,C10493,2025-11-28,P1085,4,0.2,138.55,Credit Card,Pending
O102131,C11693,2026-06-29,P1059,1,0.05,68.53,Debit Card,Returned
O102132,C10824,2026-04-18,P1012,2,0.1,89.54,Credit Card,Delivered
O102133,C10505,2025-11-18,P1067,4,0.0,52.44,COD,Delivered
O102134,C11455,2025-09-14,P1080,2,0.2,27.34,Credit Card,Pending
O102135,C11339,2026-01-02,P1070,1,0.05,116.62,COD,Delivered
O102136,C10852,2026-05-14,P1106,1,0.1,116.43,COD,Delivered
O102137,C11846,2026-04-23,P1049,2,0.0,91.23,COD,Delivered
O102138,C10022,2025-10-09,P1102,2,0.15,129.83,UPI,Delivered
O102139,C10920,2026-02-01,P1033,1,0.15,117.16,Credit Card,Delivered
O102140,C10235,2025-10-06,P1030,3,0.0,4.79,Credit Card,Returned
O102141,C11001,2025-09-22,P1018,3,0.15,48.99,Credit Card,Delivered
O102142,C10343,2026-02-22,P1066,1,0.0,5.3,COD,Delivered
O102143,C10587,2025-09-28,P1073,3,0.1,22.46,Net Banking,Delivered
O102144,C11559,2026-02-16,P1031,2,0.0,24.8,COD,Cancelled
O102145,C11811,2025-11-13,P1052,1,0.0,82.43,UPI,Delivered
O102146,C11020,2025-11-30,P1052,2,0.0,51.55,Credit Card,Delivered
O102147,C10074,2025-12-23,P1121,2,0.0,19.29,COD,Delivered
O102148,C10469,2026-01-21,P1010,2,0.0,5.32,COD,Delivered
O102149,C11562,2025-10-24,P1018,1,0.1,19.69,Credit Card,Delivered
O102150,C10760,2026-05-11,P1113,1,0.15,107.35,Credit Card,Delivered
O102151,C11576,2026-01-09,P1011,1,0.1,29.25,Net Banking,Shipped
O102152,C10388,2025-08-30,P1054,2,0.0,79.7,Debit Card,Delivered
O102153,C10030,2026-08-19,P1040,1,0.05,73.94,Debit Card,Cancelled
O102154,C10514,2026-06-10,P1045,3,0.15,112.61,Debit Card,Delivered
O102155,C11847,2026-04-25,P1015,2,0.05,148.54,COD,Delivered
O102156,C11940,2026-07-25,P1075,2,0.0,18.88,Net Banking,Delivered
O102157,C10377,2026-08-04,P1050,1,0.0,79.65,Debit Card,Delivered
O102158,C10899,2025-11-10,P1007,2,0.0,72.07,COD,Delivered
O102159,C10504,2026-08-07,P1136,3,0.0,80.62,Debit Card,Delivered
O102160,C10294,2025-11-29,P1141,3,0.0,117.74,Debit Card,Delivered
O102161,C11403,2026-06-04,P1017,2,0.0,99.01,COD,Delivered
O102162,C10036,2025-08-24,P1044,2,0.0,108.67,Debit Card,Delivered
O102163,C10294,2026-06-30,P1027,2,0.15,104.11,Credit Card,Delivered
O102164,C10008,2026-01-14,P1145,3,0.15,116.81,UPI,Shipped
O102165,C11575,2026-06-07,P1146,2,0.05,62.09,UPI,Cancelled
O102166,C11561,2026-05-12,P1010,3,0.15,124.36,Net Banking,Delivered
O102167,C10041,2025-12-18,P1122,1,0.2,40.5,Net Banking,Delivered
O102168,C10579,2025-11-16,P1100,2,0.0,58.88,COD,Returned
O102169,C10487,2025-11-08,P1126,1,0.2,15.24,Net Banking,Delivered
O102170,C11304,2026-03-26,P1117,3,0.0,99.83,COD,Returned
O102171,C10314,2026-06-23,P1117,1,0.15,119.69,Net Banking,Cancelled
O102172,C10459,2026-01-22,P1037,4,0.2,84.76,Debit Card,Delivered
O102173,C10358,2026-04-06,P1100,1,0.2,145.28,Debit Card,Returned
O102174,C10754,2025-09-27,P1006,2,0.1,112.87,COD,Shipped
O102175,C10295,2025-09-19,P1011,2,0.0,67.25,COD,Delivered
O102176,C11802,2025-10-25,P1139,1,0.15,129.95,Credit Card,Pending
O102177,C10257,2025-08-26,P1091,1,0.0,23.57,Credit Card,Pending
O102178,C10863,2026-03-27,P1107,2,0.2,37.83,COD,Shipped
O102179,C10910,2026-02-12,P1100,3,0.0,92.41,COD,Delivered
O102180,C10668,2025-11-13,P1103,1,0.1,49.26,Credit Card,Shipped
O102181,C10422,2026-07-02,P1063,3,0.15,128.26,Credit Card,Delivered
O102182,C11165,2026-07-11,P1050,1,0.0,111.65,Net Banking,Delivered
O102183,C10949,2026-03-20,P1141,2,0.0,71.61,COD,Delivered
O102184,C10629,2026-03-25,P1055,2,0.1,20.35,COD,Delivered
O102185,C10223,2025-12-08,P1139,1,0.0,42.02,COD,Delivered
O102186,C11706,2025-10-25,P1106,3,0.0,31.87,UPI,Delivered
O102187,C10692,2026-01-12,P1142,3,0.0,3.55,Credit Card,Delivered
O102188,C11920,2026-03-10,P1133,1,0.15,136.42,COD,Delivered
O102189,C10908,2026-07-26,P1007,4,0.2,148.83,Credit Card,Delivered
O102190,C11367,2026-06-18,P1045,1,0.1,144.39,Debit Card,Pending
O102191,C11394,2026-03-25,P1145,4,0.0,129.52,Credit Card,Delivered
O102192,C11178,2025-12-13,P1051,2,0.15,116.37,Credit Card,Delivered
O102193,C10960,2026-05-16,P1063,4,0.0,60.01,Credit Card,Shipped
O102194,C10997,2026-01-08,P1081,3,0.1,110.67,Net Banking,Returned
O102195,C11255,2026-08-19,P1136,4,0.1,108.2,UPI,Delivered
O102196,C11612,2026-07-07,P1017,2,0.2,26.79,UPI,Delivered
O102197,C11885,2026-05-13,P1014,4,0.0,83.34,Debit Card,Cancelled
O102198,C10642,2025-09-13,P1092,2,0.0,85.2,Credit Card,Shipped
O102199,C11962,2026-06-27,P1055,1,0.0,97.22,Debit Card,Cancelled
O102200,C10744,2025-09-19,P1081,1,0.15,26.13,Net Banking,Returned
O102201,C10915,2026-03-18,P1122,2,0.0,20.61,Debit Card,Delivered
O102202,C10594,2025-10-25,P1078,1,0.0,89.86,UPI,Shipped
O102203,C10328,2025-12-19,P1039,3,0.0,121.4,Credit Card,Delivered
O102204,C11091,2026-03-27,P1105,1,0.1,119.6,Credit Card,Delivered
O102205,C11288,2025-10-24,P1121,4,0.0,22.49,Debit Card,Delivered
O102206,C11851,2026-01-11,P1064,1,0.0,89.62,UPI,Delivered
O102207,C10301,2026-01-10,P1114,2,0.1,132.32,UPI,Shipped
O102208,C10278,2025-10-27,P1098,1,0.2,37.98,COD,Delivered
O102209,C10350,2025-12-16,P1006,1,0.05,58.11,Net Banking,Delivered
O102210,C11676,2025-11-07,P1093,4,0.15,89.39,COD,Delivered
O102211,C10373,2025-08-29,P1115,1,0.05,13.55,UPI,Pending
O102212,C11939,2026-02-10,P1146,3,0.0,60.53,Debit Card,Returned
O102213,C10175,2026-02-19,P1095,2,0.15,131.21,UPI,Delivered
O102214,C11279,2026-03-10,P1077,1,0.0,116.1,COD,Returned
O102215,C10228,2026-01-09,P1051,1,0.15,131.95,Debit Card,Delivered
O102216,C11624,2025-12-10,P1022,1,0.1,25.8,Debit Card,Delivered
O102217,C11638,2025-12-24,P1127,2,0.0,140.6,UPI,Delivered
O102218,C11209,2026-05-12,P1107,3,0.1,3.7,Credit Card,Delivered
O102219,C10518,2025-10-13,P1050,2,0.15,7.17,Net Banking,Delivered
O102220,C11066,2025-10-15,P1007,1,0.1,116.54,COD,Delivered
O102221,C10342,2026-03-03,P1014,1,0.0,105.96,Credit Card,Delivered
O102222,C10539,2026-06-03,P1115,2,0.15,36.71,COD,Delivered
O102223,C10559,2025-11-01,P1118,1,0.05,35.83,UPI,Delivered
O102224,C10065,2025-10-03,P1034,2,0.0,47.92,Net Banking,Delivered
O102225,C11175,2026-07-05,P1005,1,0.0,135.22,Debit Card,Delivered
O102226,C11853,2025-10-29,P1121,1,0.15,51.67,COD,Delivered
O102227,C11424,2025-12-22,P1070,4,0.15,61.02,COD,Delivered
O102228,C11645,2025-11-16,P1132,1,0.15,66.43,COD,Delivered
O102229,C10701,2026-05-05,P1034,1,0.15,75.11,Debit Card,Delivered
O102230,C11132,2026-01-02,P1050,1,0.1,60.84,COD,Delivered
O102231,C10171,2026-06-03,P1116,2,0.2,80.3,UPI,Shipped
O102232,C11871,2025-11-25,P1082,4,0.0,130.13,Net Banking,Returned
O102233,C10048,2026-07-16,P1033,3,0.05,112.08,UPI,Delivered
O102234,C10363,2026-01-18,P1096,1,0.0,51.67,UPI,Delivered
O102235,C11642,2026-04-27,P1061,2,0.1,112.31,UPI,Cancelled
O102236,C10020,2026-02-08,P1004,3,0.2,57.0,Debit Card,Cancelled
O102237,C11265,2026-05-05,P1019,1,0.2,42.19,Credit Card,Delivered
O102238,C11978,2026-04-01,P1118,1,0.0,144.23,Debit Card,Shipped
O102239,C10217,2026-04-07,P1032,3,0.05,32.67,UPI,Delivered
O102240,C10409,2026-08-06,P1021,4,0.0,65.59,Credit Card,Delivered
O102241,C11949,2025-12-09,P1024,4,0.1,17.58,UPI,Delivered
O102242,C11405,2025-10-10,P1060,1,0.0,114.75,Credit Card,Delivered
O102243,C10163,2026-07-06,P1100,3,0.05,7.99,Debit Card,Delivered
O102244,C10395,2026-05-02,P1122,4,0.15,67.29,Credit Card,Delivered
O102245,C11015,2026-01-28,P1048,1,0.0,75.17,COD,Delivered
O102246,C11385,2025-12-07,P1016,2,0.0,145.46,COD,Delivered
O102247,C10013,2026-04-26,P1021,2,0.15,100.97,Credit Card,Pending
O102248,C10540,2026-01-04,P1037,3,0.1,0.37,Net Banking,Delivered
O102249,C10388,2026-04-11,P1032,2,0.0,56.29,UPI,Delivered
O102250,C11738,2025-11-18,P1083,1,0.1,83.61,Credit Card,Delivered
O102251,C11302,2026-04-15,P1076,1,0.0,75.82,Net Banking,Delivered
O102252,C11312,2025-10-21,P1074,1,0.0,136.94,Credit Card,Delivered
O102253,C11689,2026-05-29,P1089,2,0.05,58.53,Credit Card,Delivered
O102254,C11342,2026-07-03,P1065,4,0.15,8.48,Debit Card,Shipped
O102255,C10133,2025-10-07,P1016,1,0.15,4.75,UPI,Delivered
O102256,C11849,2025-09-18,P1016,1,0.2,107.53,Net Banking,Shipped
O102257,C10881,2025-12-06,P1021,2,0.15,85.43,COD,Delivered
O102258,C11525,2026-03-03,P1023,1,0.1,123.99,Debit Card,Delivered
O102259,C11877,2026-02-19,P1093,2,0.2,42.15,Net Banking,Delivered
O102260,C10135,2026-05-21,P1146,4,0.2,4.78,Debit Card,Shipped
O102261,C10654,2025-10-02,P1116,1,0.0,27.08,Debit Card,Shipped
O102262,C10984,2026-07-09,P1095,3,0.0,54.81,COD,Delivered
O102263,C11002,2025-09-04,P1081,1,0.15,125.42,Net Banking,Pending
O102264,C10390,2026-07-28,P1059,1,0.05,145.95,Net Banking,Delivered
O102265,C11415,2026-06-06,P1091,2,0.15,36.91,COD,Delivered
O102266,C10946,2026-07-06,P1084,1,0.05,4.46,COD,Delivered
O102267,C11842,2026-04-20,P1119,1,0.15,17.74,COD,Delivered
O102268,C11512,2026-05-06,P1099,4,0.05,104.4,COD,Pending
O102269,C11789,2026-04-18,P1036,1,0.1,102.62,Debit Card,Delivered
O102270,C11783,2026-02-01,P1039,1,0.2,44.88,COD,Delivered
O102271,C10890,2025-11-08,P1045,4,0.0,97.6,Credit Card,Delivered
O102272,C10377,2026-06-26,P1056,1,0.0,106.67,UPI,Delivered
O102273,C10968,2026-07-06,P1039,3,0.05,148.92,Debit Card,Delivered
O102274,C10045,2025-12-10,P1128,2,0.2,72.83,COD,Delivered
O102275,C11700,2026-06-19,P1141,3,0.0,114.14,Debit Card,Delivered
O102276,C10997,2026-02-28,P1128,1,0.15,3.48,COD,Delivered
O102277,C11745,2026-04-08,P1041,1,0.0,137.64,COD,Pending
O102278,C10123,2025-12-22,P1091,2,0.0,133.13,UPI,Delivered
O102279,C10663,2025-12-14,P1123,2,0.0,135.1,Net Banking,Delivered
O102280,C10482,2025-12-04,P1133,1,0.05,54.07,COD,Shipped
O102281,C10853,2025-12-06,P1126,1,0.2,20.9,UPI,Pending
O102282,C11294,2025-09-30,P1041,2,0.0,91.1,Debit Card,Delivered
O102283,C11401,2025-08-26,P1110,1,0.0,39.72,Net Banking,Delivered
O102284,C10266,2025-09-13,P1136,1,0.0,148.84,Debit Card,Delivered
O102285,C10765,2026-04-20,P1033,1,0.05,87.17,Debit Card,Delivered
O102286,C10970,2025-09-22,P1017,1,0.2,118.0,UPI,Delivered
O102287,C10855,2025-11-29,P1064,3,0.0,95.48,Credit Card,Pending
O102288,C11410,2026-07-26,P1060,1,0.2,4.99,Debit Card,Delivered
O102289,C11847,2026-01-28,P1122,3,0.2,137.51,Debit Card,Delivered
O102290,C11183,2026-06-30,P1085,2,0.05,118.16,Credit Card,Returned
O102291,C11978,2025-12-14,P1083,1,0.0,53.8,Net Banking,Pending
O102292,C10469,2026-03-29,P1061,1,0.1,101.33,Credit Card,Delivered
O102293,C10963,2025-10-11,P1005,1,0.1,48.25,Debit Card,Delivered
O102294,C10196,2025-11-08,P1099,2,0.1,101.53,Credit Card,Delivered
O102295,C10167,2025-10-31,P1136,3,0.05,122.78,COD,Delivered
O102296,C11845,2025-10-06,P1069,2,0.1,4.58,UPI,Delivered
O102297,C11593,2026-07-27,P1050,1,0.15,54.09,Debit Card,Delivered
O102298,C10746,2026-02-07,P1016,3,0.0,31.1,COD,Delivered
O102299,C11297,2026-07-10,P1001,1,0.0,39.95,Debit Card,Delivered
O102300,C11272,2025-09-24,P1124,2,0.15,79.0,Net Banking,Delivered
O102301,C10559,2026-05-18,P1082,1,0.2,81.23,COD,Pending
O102302,C11239,2026-04-20,P1138,1,0.0,33.39,Credit Card,Cancelled
O102303,C11323,2025-09-20,P1049,1,0.15,69.24,Net Banking,Delivered
O102304,C10606,2026-03-28,P1016,1,0.0,83.5,Credit Card,Delivered
O102305,C11033,2025-11-27,P1073,4,0.0,78.03,Credit Card,Shipped
O102306,C10867,2025-12-13,P1003,1,0.05,107.5,Debit Card,Delivered
O102307,C10296,2026-03-18,P1076,3,0.2,30.23,UPI,Delivered
O102308,C11319,2026-05-14,P1108,2,0.05,121.68,UPI,Delivered
O102309,C11589,2026-07-19,P1038,1,0.1,54.72,COD,Delivered
O102310,C11138,2026-08-16,P1041,3,0.05,71.18,Net Banking,Delivered
O102311,C10644,2025-09-13,P1028,2,0.0,23.29,Debit Card,Delivered
O102312,C10406,2026-06-26,P1117,1,0.05,92.79,Debit Card,Delivered
O102313,C10264,2026-06-15,P1083,3,0.1,144.0,UPI,Delivered
O102314,C11778,2026-03-31,P1084,3,0.2,52.31,Net Banking,Delivered
O102315,C10291,2025-10-12,P1081,4,0.05,38.58,COD,Delivered
O102316,C11288,2026-08-06,P1112,1,0.1,42.27,Debit Card,Delivered
O102317,C10669,2025-11-05,P1009,2,0.0,110.13,Debit Card,Delivered
O102318,C11550,2025-09-24,P1146,1,0.0,88.1,UPI,Returned
O102319,C10115,2025-09-02,P1034,1,0.0,74.4,COD,Delivered
O102320,C10140,2026-05-02,P1036,3,0.1,47.35,Credit Card,Delivered
O102321,C10335,2026-07-31,P1061,1,0.1,141.6,UPI,Shipped
O102322,C11992,2026-01-27,P1092,2,0.0,101.38,Debit Card,Delivered
O102323,C10704,2026-03-08,P1018,1,0.2,35.77,COD,Delivered
O102324,C10128,2026-05-10,P1135,1,0.05,55.16,COD,Delivered
O102325,C10811,2025-11-08,P1040,1,0.0,52.52,Net Banking,Cancelled
O102326,C11668,2025-12-25,P1054,2,0.05,145.85,COD,Delivered
O102327,C11563,2026-05-15,P1067,2,0.0,69.23,Credit Card,Delivered
O102328,C11321,2026-07-21,P1143,1,0.0,34.52,UPI,Delivered
O102329,C11727,2025-11-05,P1058,1,0.0,129.87,COD,Delivered
O102330,C10449,2025-12-18,P1060,1,0.1,86.75,Credit Card,Pending
O102331,C10282,2026-01-10,P1129,2,0.0,91.83,Debit Card,Delivered
O102332,C11549,2026-01-13,P1102,2,0.0,24.38,UPI,Delivered
O102333,C10594,2026-05-12,P1127,1,0.0,101.56,UPI,Delivered
O102334,C11428,2025-10-22,P1107,1,0.0,24.03,Net Banking,Delivered
O102335,C10410,2026-01-15,P1010,4,0.2,73.14,Credit Card,Delivered
O102336,C11007,2026-08-21,P1002,1,0.05,116.01,Debit Card,Delivered
O102337,C11192,2025-12-22,P1095,1,0.05,14.97,Net Banking,Returned
O102338,C10337,2026-01-24,P1102,2,0.0,147.57,Credit Card,Delivered
O102339,C10016,2025-11-12,P1073,3,0.0,111.91,Debit Card,Delivered
O102340,C11047,2026-08-16,P1100,3,0.1,113.13,Credit Card,Cancelled
O102341,C11545,2026-02-11,P1066,2,0.1,43.88,Debit Card,Delivered
O102342,C11839,2026-02-06,P1067,4,0.05,38.77,COD,Delivered
O102343,C10585,2026-05-06,P1116,2,0.0,84.81,UPI,Delivered
O102344,C11982,2025-10-13,P1132,1,0.0,44.04,COD,Delivered
O102345,C10231,2026-05-18,P1011,2,0.05,144.36,COD,Shipped
O102346,C11522,2025-10-19,P1053,3,0.05,52.84,Credit Card,Shipped
O102347,C11507,2025-08-30,P1077,1,0.15,93.88,Credit Card,Returned
O102348,C11675,2026-06-25,P1078,4,0.0,36.83,Debit Card,Delivered
O102349,C11327,2025-11-15,P1059,3,0.0,57.12,Net Banking,Returned
O102350,C11728,2026-08-02,P1065,2,0.0,16.38,Credit Card,Delivered
O102351,C10635,2025-10-01,P1004,1,0.15,147.21,Credit Card,Cancelled
O102352,C11763,2026-05-20,P1086,4,0.2,117.63,Credit Card,Delivered
O102353,C11475,2026-05-12,P1100,1,0.0,49.17,Debit Card,Delivered
O102354,C10801,2026-08-13,P1043,1,0.0,103.1,COD,Delivered
O102355,C11223,2026-01-07,P1074,1,0.2,149.59,Credit Card,Delivered
O102356,C10220,2026-06-19,P1001,1,0.15,117.25,UPI,Delivered
O102357,C11756,2025-11-26,P1003,1,0.2,118.9,Debit Card,Returned
O102358,C10622,2025-09-14,P1114,3,0.1,136.4,COD,Shipped
O102359,C11969,2026-05-28,P1041,1,0.0,54.1,UPI,Delivered
O102360,C10441,2025-12-10,P1049,1,0.1,118.16,COD,Shipped
O102361,C10764,2026-04-19,P1020,4,0.0,74.05,Debit Card,Delivered
O102362,C10046,2025-12-07,P1077,2,0.0,37.95,UPI,Returned
O102363,C10619,2026-08-08,P1037,1,0.0,70.63,Debit Card,Delivered
O102364,C11910,2026-03-26,P1053,4,0.0,93.61,UPI,Returned
O102365,C11525,2025-10-22,P1008,3,0.0,51.43,COD,Delivered
O102366,C10231,2025-11-17,P1023,2,0.1,116.69,Credit Card,Delivered
O102367,C11816,2025-12-16,P1149,3,0.0,80.89,Net Banking,Delivered
O102368,C10047,2025-11-05,P1145,1,0.2,58.79,COD,Delivered
O102369,C11417,2026-03-30,P1040,2,0.0,16.96,Credit Card,Delivered
O102370,C11389,2026-08-16,P1097,3,0.1,127.53,UPI,Delivered
O102371,C10886,2026-01-11,P1120,1,0.0,70.46,COD,Delivered
O102372,C10028,2026-05-09,P1148,3,0.15,136.12,UPI,Delivered
O102373,C11965,2025-12-09,P1072,4,0.0,113.53,Debit Card,Delivered
O102374,C10416,2025-09-13,P1069,4,0.2,93.2,UPI,Delivered
O102375,C11973,2026-05-05,P1049,2,0.0,128.4,Credit Card,Delivered
O102376,C11660,2025-09-06,P1001,1,0.0,47.03,UPI,Cancelled
O102377,C11711,2026-08-15,P1112,4,0.05,148.79,Net Banking,Pending
O102378,C11001,2026-08-03,P1060,2,0.05,26.61,UPI,Delivered
O102379,C10182,2025-10-31,P1095,2,0.0,130.88,COD,Cancelled
O102380,C11116,2025-09-27,P1042,1,0.05,60.68,Debit Card,Delivered
O102381,C10761,2025-10-26,P1142,1,0.2,129.93,Net Banking,Delivered
O102382,C11506,2026-01-16,P1089,3,0.1,12.37,COD,Delivered
O102383,C10823,2025-11-09,P1096,1,0.05,15.21,COD,Pending
O102384,C11572,2026-01-11,P1075,3,0.2,97.84,Credit Card,Shipped
O102385,C11540,2026-02-23,P1127,1,0.0,55.26,Net Banking,Delivered
O102386,C11969,2026-06-05,P1111,1,0.0,85.5,UPI,Delivered
O102387,C11813,2026-01-25,P1036,1,0.15,126.57,Debit Card,Returned
O102388,C11322,2026-02-07,P1120,2,0.2,51.38,COD,Shipped
O102389,C11765,2026-07-24,P1043,2,0.15,84.03,UPI,Delivered
O102390,C11881,2025-11-12,P1038,1,0.0,85.7,Net Banking,Delivered
O102391,C11296,2026-05-31,P1041,1,0.0,133.04,Net Banking,Delivered
O102392,C11672,2026-07-31,P1053,3,0.0,116.5,COD,Delivered
O102393,C10859,2025-10-06,P1029,1,0.0,42.37,Net Banking,Delivered
O102394,C11065,2026-05-18,P1027,2,0.0,101.73,Net Banking,Delivered
O102395,C11914,2026-08-11,P1141,2,0.15,78.08,Credit Card,Shipped
O102396,C11401,2026-03-03,P1086,4,0.0,7.71,COD,Delivered
O102397,C11499,2026-07-07,P1096,2,0.0,7.08,Net Banking,Returned
O102398,C11072,2026-04-06,P1101,4,0.0,91.93,Credit Card,Delivered
O102399,C11536,2026-01-05,P1105,2,0.0,63.11,UPI,Delivered
O102400,C11319,2026-06-20,P1117,3,0.05,86.78,Credit Card,Cancelled
O102401,C11834,2026-04-14,P1049,1,0.0,0.63,UPI,Returned
O102402,C11986,2025-09-09,P1130,2,0.15,30.03,UPI,Delivered
O102403,C11876,2026-05-09,P1019,2,0.0,59.94,Debit Card,Delivered
O102404,C10832,2026-03-20,P1078,1,0.15,104.76,Credit Card,Delivered
O102405,C10198,2026-05-16,P1049,1,0.0,76.05,UPI,Delivered
O102406,C10606,2026-06-01,P1031,2,0.0,109.03,Credit Card,Delivered
O102407,C11590,2025-11-16,P1019,2,0.0,147.46,UPI,Delivered
O102408,C11948,2025-12-12,P1031,1,0.1,90.87,COD,Pending
O102409,C11355,2026-06-04,P1104,1,0.15,67.05,UPI,Delivered
O102410,C10615,2025-12-01,P1088,1,0.1,76.91,COD,Delivered
O102411,C10623,2025-09-01,P1110,3,0.0,105.32,Net Banking,Delivered
O102412,C10980,2025-11-25,P1011,1,0.15,114.76,COD,Pending
O102413,C11024,2025-09-04,P1082,3,0.0,12.63,Debit Card,Delivered
O102414,C11435,2026-07-12,P1122,1,0.1,145.3,COD,Shipped
O102415,C11577,2026-03-06,P1026,2,0.2,149.81,COD,Delivered
O102416,C11271,2025-11-08,P1090,1,0.0,50.33,COD,Pending
O102417,C10779,2025-10-07,P1010,1,0.15,62.83,COD,Shipped
O102418,C10178,2026-02-07,P1122,4,0.05,139.2,Debit Card,Delivered
O102419,C10170,2025-09-03,P1063,2,0.15,133.0,UPI,Delivered
O102420,C11535,2026-02-25,P1087,1,0.15,35.96,Credit Card,Delivered
O102421,C10962,2026-08-13,P1009,1,0.0,126.73,Debit Card,Delivered
O102422,C11592,2026-04-08,P1116,1,0.05,31.68,Credit Card,Delivered
O102423,C10195,2025-10-23,P1003,3,0.0,84.75,Credit Card,Delivered
O102424,C11383,2026-04-23,P1008,4,0.2,117.64,Net Banking,Delivered
O102425,C11029,2026-08-05,P1047,2,0.0,99.33,COD,Delivered
O102426,C11158,2026-04-21,P1100,2,0.05,69.59,Net Banking,Delivered
O102427,C10100,2026-05-31,P1065,2,0.0,73.5,Net Banking,Delivered
O102428,C11059,2026-04-01,P1126,3,0.0,105.29,Credit Card,Returned
O102429,C10601,2026-07-14,P1042,2,0.1,53.45,UPI,Delivered
O102430,C10679,2025-12-24,P1110,1,0.0,144.29,UPI,Delivered
O102431,C11984,2026-02-18,P1020,4,0.15,60.25,Credit Card,Delivered
O102432,C10511,2026-03-14,P1002,2,0.15,79.16,COD,Shipped
O102433,C11653,2026-01-26,P1046,4,0.0,5.14,COD,Delivered
O102434,C10375,2025-09-10,P1058,1,0.05,30.49,Debit Card,Cancelled
O102435,C11196,2025-12-03,P1127,2,0.2,20.72,Credit Card,Delivered
O102436,C11656,2026-06-03,P1030,1,0.05,103.3,UPI,Delivered
O102437,C10271,2026-01-02,P1145,3,0.0,30.92,UPI,Delivered
O102438,C10751,2026-02-18,P1111,3,0.1,68.18,UPI,Delivered
O102439,C11839,2026-07-29,P1095,3,0.0,41.91,Net Banking,Delivered
O102440,C10971,2026-03-12,P1009,2,0.15,77.66,Debit Card,Delivered
O102441,C11438,2026-03-11,P1109,1,0.0,142.25,UPI,Delivered
O102442,C10539,2026-03-15,P1092,2,0.1,44.82,COD,Delivered
O102443,C11883,2026-02-15,P1063,2,0.0,81.4,Credit Card,Delivered
O102444,C10332,2025-12-02,P1023,2,0.05,37.11,Net Banking,Delivered
O102445,C10403,2026-01-06,P1115,1,0.0,37.59,Net Banking,Delivered
O102446,C10539,2026-07-31,P1123,2,0.15,100.11,UPI,Pending
O102447,C11345,2025-09-24,P1048,2,0.0,30.69,Net Banking,Delivered
O102448,C11147,2025-10-10,P1011,1,0.0,88.02,Credit Card,Delivered
O102449,C10616,2026-01-07,P1035,4,0.0,3.79,COD,Delivered
O102450,C10123,2026-07-08,P1131,1,0.0,23.59,UPI,Delivered
O102451,C11364,2026-01-08,P1069,4,0.0,30.2,Net Banking,Delivered
O102452,C10622,2025-11-15,P1036,3,0.1,83.43,Debit Card,Returned
O102453,C11763,2026-03-26,P1123,1,0.1,14.55,Credit Card,Delivered
O102454,C10973,2026-04-23,P1123,1,0.0,12.36,COD,Delivered
O102455,C10354,2026-07-22,P1100,1,0.0,82.09,Net Banking,Delivered
O102456,C11109,2026-08-12,P1019,4,0.15,48.22,Credit Card,Delivered
O102457,C11757,2026-08-16,P1131,3,0.2,53.66,Credit Card,Cancelled
O102458,C10140,2026-08-09,P1123,4,0.2,95.76,Net Banking,Pending
O102459,C10149,2026-03-29,P1145,3,0.2,96.46,Credit Card,Delivered
O102460,C11543,2025-11-21,P1106,1,0.05,143.46,Debit Card,Returned
O102461,C11696,2026-05-27,P1068,4,0.1,142.03,COD,Delivered
O102462,C10885,2026-01-13,P1011,1,0.2,88.56,Debit Card,Shipped
O102463,C10057,2026-04-22,P1050,1,0.0,11.53,Debit Card,Delivered
O102464,C11242,2025-10-18,P1058,2,0.0,146.54,Credit Card,Delivered
O102465,C11945,2026-01-19,P1131,1,0.05,95.48,COD,Delivered
O102466,C11548,2026-04-30,P1041,2,0.1,31.01,Credit Card,Delivered
O102467,C10590,2026-07-27,P1128,2,0.2,85.56,UPI,Delivered
O102468,C10064,2026-04-06,P1107,2,0.0,108.46,UPI,Delivered
O102469,C11443,2025-09-21,P1038,-1,0.0,65.44,UPI,Delivered
O102470,C10806,2026-03-25,P1072,1,0.0,121.11,COD,Delivered
O102471,C11879,2026-02-07,P1088,1,0.05,132.68,Debit Card,Cancelled
O102472,C11240,2026-07-28,P1084,1,0.0,45.77,Debit Card,Cancelled
O102473,C10963,2026-07-23,P1131,1,0.15,94.13,COD,Delivered
O102474,C11785,2026-07-22,P1144,3,0.0,76.65,Net Banking,Delivered
O102475,C11610,2026-08-06,P1147,1,0.2,76.34,Credit Card,Delivered
O102476,C10187,2026-03-18,P1126,1,0.0,122.38,Debit Card,Delivered
O102477,C11263,2025-09-29,P1017,1,0.0,95.86,Debit Card,Delivered
O102478,C11914,2026-03-07,P1070,2,0.2,74.07,Debit Card,Delivered
O102479,C10467,2025-09-19,P9999,4,0.15,128.62,Debit Card,Returned
O102480,C11160,2025-12-28,P1049,1,0.0,106.12,Debit Card,Pending
O102481,C10393,2025-11-06,P1086,1,0.0,143.09,Net Banking,Delivered
O102482,C10571,2026-08-16,P1068,1,0.05,78.59,Net Banking,Delivered
O102483,C11350,2025-08-30,P1049,2,0.0,101.17,Net Banking,Returned
O102484,C10286,2025-11-29,P1076,4,0.1,78.76,Credit Card,Delivered
O102485,C10741,2026-02-24,P1139,1,0.2,17.26,Net Banking,Delivered
O102486,C11635,2026-07-23,P1119,1,0.1,15.46,Net Banking,Delivered
O102487,C10241,2026-04-15,P1075,1,0.0,54.5,Credit Card,Delivered
O102488,C11618,2025-08-28,P1087,1,0.1,78.23,Credit Card,Returned
O102489,C11659,2026-02-14,P1128,2,0.1,21.03,Debit Card,Delivered
O102490,C10992,2026-04-25,P1070,2,0.0,93.8,Net Banking,Delivered
O102491,C10700,2026-06-17,P1038,2,0.2,36.86,Debit Card,Delivered
O102492,C10518,2026-03-12,P1032,2,0.15,11.35,COD,Shipped
O102493,C10806,2025-08-24,P1001,2,0.1,98.17,UPI,Delivered
O102494,C11914,2025-10-04,P1066,1,0.0,107.72,COD,Delivered
O102495,C11128,2026-05-20,P1150,1,0.0,21.73,Debit Card,Delivered
O102496,C10862,2026-03-12,P1051,1,0.1,17.99,Debit Card,Delivered
O102497,C10876,2026-04-01,P1126,1,0.0,9.53,Net Banking,Delivered
O102498,C10896,2026-05-09,P1100,4,0.0,123.71,Debit Card,Delivered
O102499,C10371,2026-08-18,P1032,3,0.0,48.91,Debit Card,Shipped
O102500,C10112,2026-06-29,P1011,1,0.05,116.0,UPI,Delivered
O102501,C11124,2026-08-21,P1138,1,0.15,14.62,Debit Card,Delivered
O102502,C10197,2026-05-13,P1109,1,0.2,95.6,Credit Card,Delivered
O102503,C11353,2026-08-02,P1146,2,0.0,27.2,UPI,Delivered
O102504,C10692,2026-02-14,P1071,3,0.0,109.07,Debit Card,Delivered
O102505,C10473,2026-03-10,P1057,2,0.0,29.29,Net Banking,Delivered
O102506,C11540,2026-03-02,P1069,1,0.1,58.81,Net Banking,Delivered
O102507,C10485,2026-06-20,P1039,1,0.05,76.02,UPI,Delivered
O102508,C10649,2026-08-01,P1057,1,0.05,147.21,Credit Card,Shipped
O102509,C11690,2025-11-02,P1099,1,0.1,104.24,Credit Card,Delivered
O102510,C10036,2026-08-01,P1042,4,0.1,35.16,UPI,Delivered
O102511,C11258,2025-12-04,P1070,1,0.0,1.53,COD,Delivered
O102512,C10505,2026-01-28,P1105,2,0.0,89.3,Credit Card,Delivered
O102513,C11249,2026-07-24,P1043,3,0.0,109.88,Credit Card,Returned
O102514,C10573,2025-10-21,P1028,1,0.2,111.48,UPI,Delivered
O102515,C10632,2026-05-21,P1112,3,0.0,33.71,Net Banking,Cancelled
O102516,C11740,2026-05-04,P1099,1,0.0,142.39,COD,Delivered
O102517,C10206,2026-01-31,P1021,2,0.2,145.3,COD,Delivered
O102518,C10907,2026-06-05,P1039,2,0.0,48.25,COD,Cancelled
O102519,C11538,2025-12-20,P1098,2,0.0,85.68,UPI,Delivered
O102520,C10557,2025-08-29,P1053,2,0.15,91.57,COD,Delivered
O102521,C11793,2026-06-06,P1135,1,0.15,21.9,Debit Card,Delivered
O102522,C11023,2026-05-13,P1130,4,0.2,15.14,Net Banking,Delivered
O102523,C10906,2026-07-14,P1053,4,0.15,64.3,Debit Card,Delivered
O102524,C10159,2026-02-19,P1097,1,0.05,30.03,Credit Card,Shipped
O102525,C10425,2025-09-10,P1056,2,0.0,120.14,Debit Card,Delivered
O102526,C10562,2026-06-27,P1064,1,0.0,101.01,Debit Card,Returned
O102527,C10778,2025-08-28,P1121,3,0.05,63.84,UPI,Delivered
O102528,C11154,2026-06-17,P1063,2,0.0,139.68,UPI,Delivered
O102529,C11639,2026-03-06,P1006,1,0.1,113.93,COD,Delivered
O102530,C10737,2025-12-31,P1098,2,0.0,125.21,UPI,Delivered
O102531,C11484,2026-03-02,P1115,1,0.15,144.87,COD,Delivered
O102532,C10523,2026-05-19,P1090,4,0.2,138.57,Credit Card,Delivered
O102533,C11867,2026-06-12,P1067,4,0.05,145.0,COD,Delivered
O102534,C10449,2025-12-01,P1150,2,0.2,80.16,Net Banking,Delivered
O102535,C11660,2025-09-16,P1051,1,0.05,88.6,UPI,Pending
O102536,C10747,2025-09-29,P1013,1,0.1,60.6,Credit Card,Delivered
O102537,C11876,2025-10-02,P1041,1,0.05,4.17,UPI,Delivered
O102538,C11133,2026-03-18,P1013,4,0.2,43.49,Debit Card,Delivered
O102539,C11909,2026-03-29,P1066,1,0.2,128.53,COD,Delivered
O102540,C10291,2025-08-23,P1112,3,0.2,14.3,Debit Card,Cancelled
O102541,C10381,2025-08-23,P1059,1,0.0,27.86,COD,Delivered
O102542,C11067,2026-01-31,P1018,1,0.15,8.71,Credit Card,Cancelled
O102543,C11272,2026-07-17,P1014,2,0.0,69.74,Net Banking,Delivered
O102544,C11607,2026-01-08,P1046,1,0.0,22.97,Debit Card,Delivered
O102545,C99999,2025-12-14,P1109,1,0.0,17.29,Credit Card,Delivered
O102546,C11655,2025-09-13,P1051,1,0.2,41.97,Net Banking,Delivered
O102547,C10138,2026-02-20,P1026,1,0.0,113.27,Debit Card,Shipped
O102548,C10367,2025-10-06,P1137,2,0.2,118.46,UPI,Shipped
O102549,C11134,2026-01-25,P1095,2,0.1,60.63,Credit Card,Delivered
O102550,C11910,2026-06-14,P1048,1,0.2,119.78,Credit Card,Shipped
O102551,C10667,2026-04-26,P1044,1,0.1,39.69,Debit Card,Delivered
O102552,C10043,2026-02-15,P1129,2,0.0,126.93,Net Banking,Returned
O102553,C10807,2025-09-21,P1035,1,0.0,148.23,Credit Card,Delivered
O102554,C10320,2026-05-15,P1034,1,0.05,55.69,Credit Card,Cancelled
O102555,C11709,2025-12-11,P1095,2,0.2,36.04,Net Banking,Shipped
O102556,C10948,2026-06-11,P1063,1,0.0,91.08,COD,Delivered
O102557,C10226,2026-05-18,P1064,4,0.1,56.51,Credit Card,Delivered
O102558,C11546,2025-12-08,P1011,3,0.2,26.43,UPI,Pending
O102559,C10279,2025-08-22,P1001,1,0.1,3.64,Debit Card,Delivered
O102560,C11637,2026-03-24,P1126,2,0.0,93.33,COD,Delivered
O102561,C11488,2025-11-29,P1104,2,0.0,57.56,Net Banking,Delivered
O102562,C11326,2026-02-23,P1134,1,0.1,96.51,Debit Card,Shipped
O102563,C11183,2026-05-20,P1104,3,0.0,99.72,Debit Card,Delivered
O102564,C10835,2026-06-07,P1043,4,0.2,125.7,Net Banking,Cancelled
O102565,C10259,2026-04-04,P1010,1,0.0,133.76,Credit Card,Delivered
O102566,C10753,2026-08-06,P1077,1,0.0,3.03,UPI,Delivered
O102567,C10845,2026-07-15,P1098,2,0.1,112.43,COD,Delivered
O102568,C10049,2026-01-28,P1081,1,0.05,11.47,COD,Delivered
O102569,C10033,2026-05-17,P1056,1,0.05,5.65,COD,Shipped
O102570,C11537,2026-07-10,P1038,1,0.15,43.79,COD,Cancelled
O102571,C11619,2026-07-29,P1036,2,0.0,37.51,Debit Card,Delivered
O102572,C10292,2026-03-03,P1005,4,0.1,104.02,Credit Card,Returned
O102573,C10518,2026-01-14,P1125,1,0.2,111.66,COD,Delivered
O102574,C10953,2026-01-04,P1096,1,0.15,81.69,Credit Card,Delivered
O102575,C10852,2026-02-04,P1014,3,0.0,17.73,Credit Card,Pending
O102576,C11838,2025-09-29,P1026,1,0.1,104.0,Debit Card,Delivered
O102577,C10718,2025-12-15,P1120,3,0.0,77.52,COD,Returned
O102578,C11787,2025-10-26,P1111,1,0.1,33.55,UPI,Delivered
O102579,C10727,2025-10-02,P1132,2,0.0,32.17,Net Banking,Delivered
O102580,C11913,2026-04-11,P1123,2,0.0,32.45,UPI,Delivered
O102581,C10397,2026-04-25,P1080,4,0.1,18.13,Net Banking,Delivered
O102582,C10208,2025-11-15,P1038,1,0.0,6.74,Net Banking,Delivered
O102583,C10051,2026-03-08,P1131,1,0.0,2.65,Credit Card,Delivered
O102584,C10761,2026-03-31,P1007,1,0.0,8.73,COD,Delivered
O102585,C11636,2025-10-25,P1118,1,0.0,91.13,Debit Card,Delivered
O102586,C10584,2025-09-07,P1095,1,0.1,109.7,UPI,Shipped
O102587,C11200,2025-11-23,P1032,-1,0.0,103.54,COD,Shipped
O102588,C10888,2026-07-04,P1132,1,0.0,66.12,UPI,Delivered
O102589,C11123,2025-12-18,P1145,3,0.15,57.23,Net Banking,Delivered
O102590,C11983,2025-12-12,P1040,2,0.1,8.32,COD,Delivered
O102591,C11463,2025-12-22,P1113,4,0.0,4.0,Debit Card,Delivered
O102592,C11561,2025-10-23,P1051,3,0.0,59.93,UPI,Delivered
O102593,C10565,2025-09-24,P1101,4,0.15,136.81,Credit Card,Delivered
O102594,C10621,2026-06-17,P1004,2,0.05,67.31,Credit Card,Delivered
O102595,C11166,2025-10-26,P1050,1,0.05,136.43,COD,Shipped
O102596,C11809,2025-09-06,P1039,1,0.05,68.26,COD,Delivered
O102597,C10523,2026-04-29,P1054,2,0.0,33.67,UPI,Pending
O102598,C10335,2026-06-07,P1010,2,0.1,106.62,Debit Card,Shipped
O102599,C11612,2025-08-30,P1017,3,0.0,25.56,Credit Card,Delivered
O102600,C10340,2025-08-24,P1127,1,0.05,127.58,UPI,Delivered
O102601,C10942,2026-02-23,P1088,4,0.05,31.82,Net Banking,Shipped
O102602,C10763,2026-03-26,P1121,4,0.0,95.92,Debit Card,Delivered
O102603,C11123,2026-02-26,P1085,1,0.05,125.22,Debit Card,Delivered
O102604,C11368,2026-03-11,P1134,2,0.0,56.77,Debit Card,Shipped
O102605,C11594,2025-08-25,P1063,1,0.15,104.73,Credit Card,Shipped
O102606,C10889,2025-11-21,P1124,2,0.0,23.74,Debit Card,Delivered
O102607,C11043,2026-02-09,P1077,1,0.05,98.87,COD,Pending
O102608,C10829,2025-09-24,P1014,1,0.1,77.78,Net Banking,Delivered
O102609,C11768,2025-10-21,P1066,2,0.0,75.09,UPI,Cancelled
O102610,C11137,2025-10-16,P1058,1,0.0,138.88,Credit Card,Returned
O102611,C10510,2026-05-07,P1119,1,0.2,0.09,Credit Card,Returned
O102612,C11429,2026-01-23,P1139,1,0.15,24.93,Net Banking,Delivered
O102613,C11521,2025-09-23,P1103,4,0.15,123.12,COD,Delivered
O102614,C10613,2025-09-06,P1021,1,0.1,37.46,Credit Card,Delivered
O102615,C10986,2026-05-09,P1017,1,0.0,124.26,Debit Card,Returned
O102616,C10117,2025-12-29,P1112,2,0.2,26.29,COD,Shipped
O102617,C10316,2025-12-01,P1107,1,0.2,18.4,COD,Pending
O102618,C10684,2025-11-15,P1095,4,0.1,51.88,UPI,Delivered
O102619,C10997,2025-12-28,P1126,1,0.1,112.25,COD,Delivered
O102620,C10831,2026-07-03,P1111,2,0.15,5.88,Credit Card,Delivered
O102621,C11251,2025-08-28,P1043,4,0.0,75.57,Debit Card,Delivered
O102622,C10670,2026-03-19,P1097,1,0.0,134.65,UPI,Delivered
O102623,C10169,2025-12-24,P1003,2,0.2,98.33,Credit Card,Delivered
O102624,C11009,2026-06-19,P1024,4,0.15,103.94,Credit Card,Pending
O102625,C10005,2025-12-19,P1121,4,0.0,30.32,Credit Card,Delivered
O102626,C10597,2025-11-11,P1094,2,0.1,75.21,Debit Card,Delivered
O102627,C10180,2026-04-05,P1011,2,0.0,82.11,Credit Card,Returned
O102628,C10677,2026-05-07,P1026,4,0.15,47.83,UPI,Pending
O102629,C10169,2026-06-23,P1011,4,0.0,95.1,Net Banking,Delivered
O102630,C11890,2025-09-29,P1050,4,0.2,37.9,Credit Card,Returned
O102631,C11688,2026-08-20,P1126,1,0.05,84.64,UPI,Delivered
O102632,C10597,2025-12-10,P1135,1,0.0,16.19,UPI,Cancelled
O102633,C10583,2026-06-04,P1036,4,0.05,80.11,UPI,Delivered
O102634,C11746,2025-11-03,P1067,2,0.1,6.11,Credit Card,Delivered
O102635,C11434,2025-09-26,P1132,1,0.0,99.68,UPI,Delivered
O102636,C10459,2026-08-11,P1073,2,0.0,119.13,UPI,Delivered
O102637,C10694,2026-02-06,P1042,2,0.15,102.11,COD,Shipped
O102638,C10735,2025-09-17,P1131,1,0.05,30.74,Debit Card,Delivered
O102639,C11446,2025-11-19,P1103,4,0.0,42.68,COD,Shipped
O102640,C10482,2025-12-05,P1080,1,0.0,115.12,Debit Card,Delivered
O102641,C10945,2026-01-06,P1039,2,0.1,34.4,Credit Card,Delivered
O102642,C10121,2026-07-17,P1031,2,0.15,85.96,Credit Card,Delivered
O102643,C10920,2026-01-14,P1033,1,0.0,122.84,Credit Card,Shipped
O102644,C10579,2025-09-02,P1086,2,0.0,94.76,Debit Card,Delivered
O102645,C11472,2025-11-02,P1124,2,0.2,149.15,COD,Delivered
O102646,C11905,2025-08-22,P1142,1,0.15,72.97,Net Banking,Delivered
O102647,C11453,2025-12-11,P1054,2,0.1,111.69,COD,Delivered
O102648,C10746,2026-02-11,P1041,1,0.0,66.95,COD,Delivered
O102649,C10136,2025-10-03,P1013,1,0.0,67.57,UPI,Cancelled
O102650,C11646,2026-02-05,P1065,2,0.0,146.47,COD,Delivered
O102651,C11020,2026-04-04,P1119,1,0.05,56.02,COD,Shipped
O102652,C11767,2025-08-24,P1083,2,0.1,26.95,COD,Delivered
O102653,C10670,2025-10-30,P1109,2,0.2,14.11,Debit Card,Pending
O102654,C11540,2026-05-12,P1146,-4,0.2,50.51,Credit Card,Delivered
O102655,C11605,2026-04-20,P1043,2,0.2,106.42,Debit Card,Delivered
O102656,C10998,2025-09-30,P1086,1,0.15,15.79,Credit Card,Delivered
O102657,C10288,2026-06-06,P1062,1,0.0,1.79,Net Banking,Delivered
O102658,C11961,2025-12-01,P1072,1,0.2,89.76,Credit Card,Shipped
O102659,C10856,2026-08-17,P1010,2,0.15,124.8,UPI,Delivered
O102660,C11457,2026-08-06,P1088,2,0.15,50.93,Net Banking,Delivered
O102661,C10006,2026-03-13,P1027,1,0.0,52.0,COD,Shipped
O102662,C11986,2025-12-05,P1129,2,0.0,21.0,Credit Card,Delivered
O102663,C10681,2026-01-09,P1130,1,0.2,46.4,Debit Card,Delivered
O102664,C11822,2026-01-31,P1136,3,0.0,56.01,Net Banking,Delivered
O102665,C11254,2025-12-29,P1051,2,0.0,106.69,COD,Shipped
O102666,C11498,2026-05-11,P1011,2,0.0,5.5,COD,Pending
O102667,C11211,2026-05-04,P1141,1,0.0,59.37,Debit Card,Delivered
O102668,C11548,2025-10-17,P1117,1,0.2,27.16,UPI,Delivered
O102669,C10037,2026-03-09,P1105,1,0.05,76.38,Net Banking,Delivered
O102670,C11622,2026-05-13,P1017,1,0.0,24.25,COD,Cancelled
O102671,C10855,2025-12-26,P1119,4,0.2,95.26,Net Banking,Delivered
O102672,C11891,2025-09-27,P1081,2,0.15,39.82,Net Banking,Delivered
O102673,C10543,2026-03-02,P1077,3,0.1,42.71,UPI,Shipped
O102674,C11369,2025-10-22,P1149,3,0.0,149.47,Debit Card,Delivered
O102675,C10009,2026-03-24,P1136,1,0.0,138.85,Credit Card,Delivered
O102676,C11950,2025-10-07,P1116,1,0.0,131.89,Credit Card,Delivered
O102677,C10881,2025-11-05,P1013,2,0.05,112.7,UPI,Shipped
O102678,C10561,2026-03-20,P1138,4,0.15,16.58,Net Banking,Returned
O102679,C10034,2026-04-18,P1129,4,0.05,134.49,Debit Card,Shipped
O102680,C11359,2026-07-31,P1014,4,0.1,78.42,COD,Pending
O102681,C10438,2025-12-15,P1137,2,0.2,74.92,Net Banking,Delivered
O102682,C10238,2025-08-26,P1061,1,0.1,98.81,COD,Delivered
O102683,C10673,2025-09-28,P1046,1,0.1,95.45,Net Banking,Delivered
O102684,C10030,2026-02-09,P1110,1,0.0,144.32,UPI,Delivered
O102685,C10503,2025-09-03,P1123,2,0.05,3.49,UPI,Delivered
O102686,C11907,2025-08-21,P1067,1,0.1,61.9,Credit Card,Delivered
O102687,C11376,2026-06-13,P1066,3,0.05,2.07,COD,Delivered
O102688,C10874,2025-10-23,P1053,4,0.0,110.41,Credit Card,Delivered
O102689,C11567,2026-02-10,P1074,4,0.15,72.61,Debit Card,Pending
O102690,C11417,2026-07-10,P1141,4,0.15,10.55,UPI,Delivered
O102691,C10319,2025-12-02,P1032,2,0.1,59.46,UPI,Pending
O102692,C10136,2026-07-25,P1070,1,0.2,33.1,Credit Card,Delivered
O102693,C10925,2025-12-08,P1087,1,0.1,136.09,UPI,Delivered
O102694,C11711,2026-03-01,P1137,2,0.0,120.02,COD,Delivered
O102695,C10986,2026-03-02,P1072,1,0.1,83.55,UPI,Delivered
O102696,C10189,2026-05-20,P1091,2,0.0,107.71,Credit Card,Delivered
O102697,C10388,2026-04-03,P1140,2,0.0,33.82,Debit Card,Shipped
O102698,C11866,2026-02-25,P1023,2,0.0,143.59,UPI,Delivered
O102699,C10701,2025-10-07,P1042,2,0.05,104.55,Net Banking,Shipped
O102700,C11096,2026-06-13,P1050,4,0.15,24.37,COD,Pending
O102701,C11551,2025-10-22,P1090,2,0.1,15.51,UPI,Delivered
O102702,C10798,2026-04-22,P1111,1,0.0,95.1,UPI,Shipped
O102703,C11589,2025-10-02,P1104,4,0.0,5.43,Credit Card,Delivered
O102704,C11272,2026-04-19,P1124,4,0.2,20.93,Net Banking,Shipped
O102705,C10138,2026-01-11,P1059,1,0.05,115.65,COD,Delivered
O102706,C10938,2026-08-12,P1100,1,0.2,120.99,Debit Card,Delivered
O102707,C10408,2026-06-15,P1011,2,0.0,49.03,UPI,Delivered
O102708,C10008,2025-12-03,P1147,1,0.2,129.09,Debit Card,Delivered
O102709,C11362,2025-12-03,P1096,1,0.0,44.65,Debit Card,Delivered
O102710,C11716,2026-01-04,P1002,3,0.0,129.1,Debit Card,Cancelled
O102711,C10175,2026-01-27,P1035,1,0.0,141.43,UPI,Delivered
O102712,C11150,2026-01-27,P1030,1,0.05,67.57,Net Banking,Delivered
O102713,C11013,2026-01-30,P1142,1,0.0,33.67,Net Banking,Shipped
O102714,C10698,2025-09-17,P1031,1,0.0,19.0,Net Banking,Shipped
O102715,C11611,2026-01-06,P1082,1,0.0,1.65,Credit Card,Delivered
O102716,C11684,2025-12-09,P1109,1,0.2,18.57,Debit Card,Delivered
O102717,C10219,2025-12-02,P1015,1,0.2,15.99,Debit Card,Delivered
O102718,C10281,2026-07-08,P1067,2,0.05,126.72,COD,Pending
O102719,C10575,2025-12-16,P1088,2,0.0,110.33,COD,Pending
O102720,C11998,2025-11-05,P1136,2,0.1,54.33,Debit Card,Delivered
O102721,C10632,2026-08-05,P1077,1,0.2,123.81,COD,Delivered
O102722,C10584,2025-08-23,P1084,2,0.0,20.67,Credit Card,Delivered
O102723,C11781,2026-04-23,P1036,2,0.0,1.27,Net Banking,Delivered
O102724,C11745,2026-07-24,P1026,1,0.0,62.56,Debit Card,Delivered
O102725,C11997,2026-05-12,P1068,2,0.0,134.63,Debit Card,Delivered
O102726,C10254,2026-02-11,P1047,1,0.0,51.02,Net Banking,Delivered
O102727,C11640,2026-01-30,P1021,1,0.0,73.15,Credit Card,Delivered
O102728,C10638,2025-12-23,P1141,1,0.15,47.68,Net Banking,Returned
O102729,C10164,2026-07-18,P1141,3,0.0,84.11,Net Banking,Cancelled
O102730,C11119,2025-10-13,P1077,1,0.0,80.88,Net Banking,Delivered
O102731,C10206,2025-08-21,P1104,1,0.15,135.93,UPI,Delivered
O102732,C11799,2026-08-04,P1108,2,0.15,133.92,UPI,Delivered
O102733,C10552,2025-10-14,P1014,1,0.0,47.69,Credit Card,Delivered
O102734,C11944,2026-02-21,P1002,3,0.2,28.42,UPI,Returned
O102735,C10088,2025-11-17,P1121,1,0.15,13.33,Debit Card,Delivered
O102736,C10219,2026-04-29,P1068,2,0.15,40.22,Credit Card,Delivered
O102737,C11150,2026-03-25,P1064,2,0.1,91.44,UPI,Delivered
O102738,C10380,2026-07-06,P1146,3,0.0,7.37,UPI,Delivered
O102739,C10035,2026-01-05,P1121,1,0.15,86.97,Credit Card,Shipped
O102740,C10260,2025-09-22,P1044,4,0.0,36.47,Net Banking,Delivered
O102741,C10836,2026-03-05,P1002,1,0.0,17.82,Net Banking,Cancelled
O102742,C11182,2026-08-03,P1049,2,0.0,70.72,COD,Delivered
O102743,C10122,2026-06-05,P1111,1,0.0,14.86,Credit Card,Delivered
O102744,C10796,2026-07-24,P1050,2,0.1,94.33,Net Banking,Delivered
O102745,C10279,2025-09-08,P1104,3,0.15,115.41,Net Banking,Delivered
O102746,C11185,2026-04-16,P1074,1,0.0,73.31,Debit Card,Delivered
O102747,C11754,2026-04-11,P1032,2,0.0,76.73,COD,Delivered
O102748,C11240,2026-03-17,P1128,1,0.0,38.72,UPI,Pending
O102749,C10831,2025-09-10,P1049,1,0.15,62.6,Debit Card,Delivered
O102750,C11181,2025-08-24,P1048,4,0.0,84.75,Net Banking,Delivered
O102751,C11375,2025-10-25,P1064,2,0.0,104.03,Credit Card,Delivered
O102752,C10473,2026-03-14,P1064,2,0.0,8.92,UPI,Shipped
O102753,C11401,2025-09-06,P1102,2,0.0,107.66,Credit Card,Pending
O102754,C10567,2026-06-10,P1029,2,0.1,106.11,Net Banking,Delivered
O102755,C10431,2026-05-20,P1029,3,0.05,110.7,UPI,Delivered
O102756,C10700,2026-05-13,P1053,2,0.0,9.49,COD,Delivered
O102757,C11484,2025-09-27,P1032,1,0.05,114.39,Debit Card,Delivered
O102758,C10842,2026-03-02,P1097,1,0.0,41.27,Net Banking,Delivered
O102759,C10909,2026-07-10,P1052,3,0.1,123.13,Credit Card,Delivered
O102760,C10724,2025-11-20,P1049,1,0.0,53.92,Credit Card,Delivered
O102761,C11944,2026-05-07,P1071,1,0.2,0.5,COD,Delivered
O102762,C10007,2025-12-08,P1111,1,0.0,50.65,COD,Delivered
O102763,C11601,2025-11-03,P1016,1,0.05,7.11,COD,Delivered
O102764,C10418,2026-06-04,P1106,3,0.0,5.63,UPI,Returned
O102765,C10289,2026-04-07,P1073,4,0.0,147.32,Debit Card,Delivered
O102766,C11576,2026-06-06,P1004,3,0.2,47.37,COD,Shipped
O102767,C11085,2026-01-20,P1017,2,0.0,133.23,Net Banking,Delivered
O102768,C10621,2025-12-11,P1058,1,0.0,56.38,COD,Delivered
O102769,C11770,2026-06-01,P1071,4,0.1,144.96,COD,Pending
O102770,C10553,2026-06-23,P1042,1,0.0,36.5,COD,Delivered
O102771,C11854,2026-06-23,P1035,1,0.15,70.97,UPI,Shipped
O102772,C11322,2026-01-23,P1125,1,0.0,118.57,COD,Delivered
O102773,C11943,2026-03-23,P1142,1,0.15,127.77,Net Banking,Delivered
O102774,C10297,2026-05-02,P1029,3,0.1,53.12,Debit Card,Shipped
O102775,C11070,2026-01-28,P1066,1,0.0,111.63,UPI,Delivered
O102776,C11349,2025-10-09,P1133,1,0.05,6.95,Debit Card,Shipped
O102777,C10042,2026-06-21,P1017,4,0.1,126.63,Net Banking,Pending
O102778,C10220,2026-04-23,P1062,3,0.05,143.32,Debit Card,Delivered
O102779,C10501,2026-03-29,P1143,1,0.0,133.55,Net Banking,Delivered
O102780,C11894,2025-10-27,P1136,1,0.2,74.85,Credit Card,Delivered
O102781,C11083,2026-03-02,P1001,1,0.0,113.12,Credit Card,Pending
O102782,C10671,2025-12-10,P1142,2,0.15,52.15,COD,Delivered
O102783,C10003,2026-06-16,P1124,1,0.05,110.92,Credit Card,Delivered
O102784,C11501,2026-04-21,P1079,4,0.0,87.46,COD,Delivered
O102785,C11648,2026-07-04,P1070,4,0.15,85.95,Net Banking,Delivered
O102786,C10824,2025-11-18,P1145,1,0.1,82.37,Net Banking,Delivered
O102787,C10779,2025-12-29,P1121,4,0.05,76.18,Net Banking,Delivered
O102788,C10502,2026-03-30,P1084,1,0.0,105.48,UPI,Cancelled
O102789,C10731,2025-10-26,P1121,1,0.0,73.28,Credit Card,Delivered
O102790,C11010,2025-08-30,P1059,2,0.1,149.86,COD,Pending
O102791,C10034,2025-11-20,P1020,2,0.0,51.96,UPI,Delivered
O102792,C10281,2026-06-27,P1060,1,0.05,146.14,COD,Cancelled
O102793,C10420,2025-10-25,P1120,1,0.2,78.9,COD,Delivered
O102794,C11513,2026-06-12,P1019,4,0.0,87.06,UPI,Delivered
O102795,C11999,2025-12-27,P1141,1,0.05,35.38,COD,Delivered
O102796,C10453,2025-08-22,P1055,1,0.0,55.64,Credit Card,Delivered
O102797,C10075,2025-10-28,P1066,4,0.15,126.78,UPI,Returned
O102798,C10838,2026-01-09,P1031,2,0.05,1.14,Debit Card,Delivered
O102799,C11823,2026-02-10,P1116,1,0.1,90.63,Credit Card,Delivered
O102800,C11892,2026-07-27,P1061,2,0.2,46.52,Net Banking,Delivered
O102801,C11650,2025-11-27,P1065,3,0.05,146.35,Net Banking,Delivered
O102802,C11289,2026-05-30,P1062,3,0.0,142.84,UPI,Delivered
O102803,C10568,2025-09-05,P1139,1,0.2,81.71,Credit Card,Delivered
O102804,C11426,2026-06-23,P1002,1,0.05,53.91,COD,Shipped
O102805,C10444,2025-12-11,P1106,3,0.05,73.84,Debit Card,Delivered
O102806,C11032,2025-11-25,P1150,1,0.05,111.38,Credit Card,Returned
O102807,C10569,2025-11-13,P1001,2,0.05,72.79,COD,Delivered
O102808,C11915,2026-04-26,P1092,1,0.1,101.12,COD,Delivered
O102809,C10337,2026-07-15,P1007,2,0.05,81.11,UPI,Pending
O102810,C11171,2026-06-18,P1006,3,0.0,101.95,Debit Card,Delivered
O102811,C11685,2026-03-02,P1041,1,0.15,118.82,Credit Card,Shipped
O102812,C11501,2025-11-09,P1046,1,0.05,74.71,Credit Card,Cancelled
O102813,C10405,2025-09-11,P1034,4,0.1,2.93,Debit Card,Delivered
O102814,C11356,2025-11-15,P1116,2,0.0,36.68,Credit Card,Delivered
O102815,C10065,2025-12-06,P1031,3,0.2,84.82,Credit Card,Delivered
O102816,C11550,2026-05-31,P1077,1,0.0,78.26,COD,Delivered
O102817,C10130,2026-03-15,P1041,1,0.05,92.14,COD,Delivered
O102818,C10351,2026-04-27,P1096,3,0.0,122.55,UPI,Delivered
O102819,C11402,2026-01-21,P1108,3,0.0,95.31,UPI,Delivered
O102820,C10323,2025-12-11,P1055,3,0.1,21.48,UPI,Delivered
O102821,C10223,2026-07-28,P1112,1,0.05,140.03,Credit Card,Delivered
O102822,C10341,2026-04-28,P1069,2,0.1,85.17,Net Banking,Delivered
O102823,C11811,2026-04-24,P1136,2,0.1,8.13,Net Banking,Returned
O102824,C11879,2026-01-29,P1150,1,0.0,135.04,Debit Card,Returned
O102825,C10323,2026-05-04,P1137,3,0.1,22.92,Net Banking,Delivered
O102826,C10920,2026-07-26,P1109,2,0.05,87.71,Credit Card,Delivered
O102827,C11628,2025-08-26,P1114,1,0.0,117.3,Debit Card,Delivered
O102828,C11242,2025-11-02,P1055,2,0.1,97.08,UPI,Delivered
O102829,C10606,2026-02-12,P1097,1,0.15,3.46,Net Banking,Delivered
O102830,C10187,2026-02-22,P1149,1,0.0,77.74,UPI,Shipped
O102831,C10260,2025-12-15,P1014,1,0.1,70.72,Credit Card,Shipped
O102832,C11093,2026-08-09,P1029,2,0.0,2.68,Net Banking,Delivered
O102833,C11863,2025-12-24,P1149,3,0.2,28.17,Credit Card,Delivered
O102834,C10369,2025-10-22,P1138,1,0.0,39.61,Credit Card,Shipped
O102835,C10493,2026-08-12,P1013,2,0.05,16.72,Net Banking,Cancelled
O102836,C11114,2026-02-14,P1019,2,0.15,63.88,Credit Card,Delivered
O102837,C10172,2026-07-20,P1087,2,0.0,93.96,Net Banking,Delivered
O102838,C10532,2025-08-22,P1067,2,0.0,74.16,Debit Card,Delivered
O102839,C11696,2026-05-25,P1046,1,0.05,34.63,UPI,Delivered
O102840,C11742,2026-08-20,P1053,1,0.2,137.69,Credit Card,Shipped
O102841,C10452,2026-08-02,P1023,1,0.0,57.16,Net Banking,Delivered
O102842,C10906,2025-12-10,P1019,1,0.2,92.82,COD,Shipped
O102843,C11120,2026-08-02,P1021,2,0.1,127.18,Debit Card,Delivered
O102844,C11396,2025-09-03,P1071,4,0.0,7.05,Debit Card,Delivered
O102845,C11568,2026-07-22,P1003,1,0.05,134.29,UPI,Shipped
O102846,C11415,2026-02-11,P1007,1,0.15,29.64,UPI,Delivered
O102847,C10338,2025-09-28,P1150,1,0.05,79.06,UPI,Delivered
O102848,C10390,2026-06-02,P1124,1,0.0,59.41,UPI,Delivered
O102849,C11832,2026-05-27,P1138,2,0.2,99.27,Debit Card,Delivered
O102850,C11292,2026-08-12,P1007,1,0.0,105.75,Credit Card,Pending
O102851,C10641,2026-05-21,P1098,1,0.05,57.58,UPI,Shipped
O102852,C11033,2026-07-02,P1075,4,0.0,70.19,Debit Card,Delivered
O102853,C10175,2026-04-29,P1140,1,0.15,85.99,Credit Card,Delivered
O102854,C11181,2025-11-15,P1139,1,0.15,125.24,COD,Delivered
O102855,C11070,2025-11-29,P1020,1,0.2,72.6,Credit Card,Delivered
O102856,C11564,2025-09-14,P1074,2,0.05,29.55,Net Banking,Delivered
O102857,C10087,2026-07-13,P1081,4,0.0,7.76,COD,Delivered
O102858,C11039,2026-08-12,P1112,1,0.15,96.86,COD,Delivered
O102859,C11228,2026-06-13,P1013,1,0.2,19.3,UPI,Delivered
O102860,C11815,2026-04-10,P1063,1,0.0,149.02,COD,Delivered
O102861,C10700,2025-11-16,P1023,2,0.2,67.51,Debit Card,Shipped
O102862,C10564,2025-11-21,P1136,1,0.2,65.81,Credit Card,Delivered
O102863,C11154,2026-06-14,P1032,4,0.15,51.62,Credit Card,Delivered
O102864,C11634,2026-07-04,P1069,1,0.1,99.07,Net Banking,Delivered
O102865,C10659,2026-03-28,P1095,3,0.0,7.84,UPI,Delivered
O102866,C11683,2026-01-01,P1044,4,0.0,92.48,Net Banking,Delivered
O102867,C10086,2026-06-27,P1142,3,0.05,87.55,UPI,Delivered
O102868,C10109,2026-05-24,P1105,4,0.0,2.59,Credit Card,Delivered
O102869,C11234,2026-03-04,P1143,3,0.0,117.41,COD,Delivered
O102870,C11611,2026-03-10,P1005,1,0.0,61.11,Net Banking,Shipped
O102871,C11952,2026-02-15,P1135,4,0.05,9.23,Credit Card,Delivered
O102872,C10125,2025-10-22,P1069,1,0.1,89.18,UPI,Returned
O102873,C11773,2026-02-02,P1101,4,0.0,112.41,Debit Card,Cancelled
O102874,C10255,2026-07-18,P1143,1,0.0,72.06,Net Banking,Shipped
O102875,C10536,2025-12-12,P1067,4,0.0,144.32,Credit Card,Delivered
O102876,C10971,2026-01-26,P1128,4,0.1,16.42,Credit Card,Delivered
O102877,C10775,2026-05-01,P1049,2,0.0,9.81,Net Banking,Delivered
O102878,C10819,2026-05-02,P1069,3,0.0,107.56,Credit Card,Delivered
O102879,C10135,2025-11-19,P1037,1,0.2,103.49,COD,Delivered
O102880,C10605,2025-12-26,P1044,1,0.15,77.78,Net Banking,Delivered
O102881,C11372,2026-01-15,P1079,4,0.05,71.02,COD,Delivered
O102882,C10043,2026-07-25,P1063,3,0.0,115.94,COD,Shipped
O102883,C10268,2026-04-25,P1095,1,0.15,88.07,Net Banking,Delivered
O102884,C10214,2026-06-25,P1080,1,0.0,83.46,Debit Card,Delivered
O102885,C11789,2026-03-09,P1011,2,0.1,32.15,COD,Delivered
O102886,C11294,2026-07-25,P1100,1,0.2,4.7,Credit Card,Delivered
O102887,C11537,2025-10-18,P1096,3,0.1,59.11,Debit Card,Cancelled
O102888,C10087,2026-07-23,P1048,2,0.0,120.7,COD,Shipped
O102889,C11477,2025-10-12,P1095,3,0.05,77.79,Debit Card,Delivered
O102890,C10383,2025-12-22,P1076,1,0.15,28.81,Credit Card,Pending
O102891,C11867,2026-04-25,P1006,2,0.0,26.16,UPI,Delivered
O102892,C10631,2026-01-25,P1106,3,0.15,48.7,Debit Card,Cancelled
O102893,C11051,2025-11-26,P1148,4,0.05,77.18,Net Banking,Delivered
O102894,C11881,2026-03-17,P1006,2,0.0,60.1,Credit Card,Shipped
O102895,C10755,2026-04-18,P1062,3,0.05,116.05,Net Banking,Delivered
O102896,C11063,2026-04-25,P1046,1,0.0,39.22,Debit Card,Delivered
O102897,C11992,2026-05-18,P1035,1,0.0,62.29,COD,Delivered
O102898,C11428,2026-06-01,P1016,1,0.05,70.4,Debit Card,Delivered
O102899,C11407,2025-10-23,P1015,2,0.0,91.31,Debit Card,Delivered
O102900,C11877,2026-04-28,P1056,1,0.2,20.84,Credit Card,Pending
O102901,C11688,2026-08-06,P1091,2,0.1,121.19,Credit Card,Cancelled
O102902,C10528,2025-09-13,P1081,2,0.1,64.26,UPI,Delivered
O102903,C10455,2026-01-07,P1037,3,0.0,34.17,UPI,Delivered
O102904,C11457,2026-02-03,P1117,1,0.05,10.62,Net Banking,Delivered
O102905,C11800,2025-11-21,P1032,4,0.0,114.05,Net Banking,Delivered
O102906,C11999,2026-05-15,P1051,1,0.2,118.74,Credit Card,Delivered
O102907,C11293,2026-06-21,P1051,2,0.1,56.0,COD,Delivered
O102908,C10830,2025-10-03,P1083,4,0.2,142.36,Credit Card,Delivered
O102909,C10833,2026-08-13,P1009,3,0.1,29.17,UPI,Pending
O102910,C11881,2025-11-03,P1130,1,0.2,21.29,COD,Shipped
O102911,C10671,2026-02-24,P1100,2,0.0,45.3,UPI,Delivered
O102912,C11026,2026-01-06,P1105,1,0.1,143.94,Net Banking,Shipped
O102913,C11075,2025-08-24,P1003,3,0.2,66.11,UPI,Returned
O102914,C10428,2026-02-14,P1007,2,0.2,86.72,UPI,Delivered
O102915,C10686,2026-08-17,P1107,2,0.0,35.57,UPI,Delivered
O102916,C11716,2026-04-27,P1135,3,0.0,128.27,UPI,Delivered
O102917,C10773,2026-04-04,P1086,2,0.1,44.71,COD,Delivered
O102918,C11019,2025-10-20,P1068,3,0.2,95.16,Debit Card,Cancelled
O102919,C11221,2025-09-05,P1031,2,0.05,145.35,COD,Returned
O102920,C11807,2025-09-16,P1055,1,0.2,82.17,COD,Delivered
O102921,C11623,2026-07-16,P1089,1,0.15,125.01,Credit Card,Returned
O102922,C10157,2026-05-03,P1080,4,0.15,146.56,Net Banking,Delivered
O102923,C10253,2026-03-12,P1135,2,0.0,74.69,Net Banking,Delivered
O102924,C11105,2025-12-16,P1075,2,0.15,39.8,Credit Card,Delivered
O102925,C11086,2025-08-24,P1123,1,0.05,66.66,Debit Card,Cancelled
O102926,C11202,2026-05-13,P1036,1,0.15,21.55,COD,Delivered
O102927,C11670,2026-04-01,P1041,1,0.2,104.68,Credit Card,Delivered
O102928,C11036,2025-11-27,P1038,1,0.15,68.4,UPI,Delivered
O102929,C10564,2025-10-18,P1086,2,0.1,105.27,Debit Card,Delivered
O102930,C10189,2025-10-08,P1066,2,0.2,116.69,UPI,Delivered
O102931,C11756,2026-01-23,P1076,1,0.2,44.24,Credit Card,Delivered
O102932,C10835,2026-04-06,P1011,4,0.0,26.97,Debit Card,Delivered
O102933,C11594,2026-04-17,P1087,1,0.15,119.34,Credit Card,Delivered
O102934,C10810,2025-10-31,P1110,4,0.0,113.56,COD,Pending
O102935,C11524,2026-02-01,P1012,4,0.0,72.81,Net Banking,Delivered
O102936,C10239,2026-03-19,P1033,1,0.15,14.56,COD,Shipped
O102937,C10037,2026-02-19,P1011,1,0.1,124.66,Credit Card,Cancelled
O102938,C10114,2026-02-19,P1134,2,0.15,127.24,Credit Card,Delivered
O102939,C10815,2026-08-05,P1023,2,0.05,124.18,UPI,Delivered
O102940,C11403,2026-03-03,P1117,2,0.2,72.07,UPI,Delivered
O102941,C11527,2025-12-07,P1055,4,0.15,76.57,UPI,Pending
O102942,C11573,2026-07-07,P1056,1,0.0,33.67,Debit Card,Returned
O102943,C10729,2025-09-20,P1014,3,0.1,70.47,COD,Delivered
O102944,C10376,2025-09-30,P1112,1,0.1,131.75,Net Banking,Delivered
O102945,C11283,2025-10-02,P1125,3,0.0,61.15,COD,Shipped
O102946,C11320,2026-05-27,P1037,1,0.0,100.45,Net Banking,Delivered
O102947,C11075,2026-05-13,P1068,1,0.0,147.1,Debit Card,Shipped
O102948,C10083,2026-03-14,P1030,3,0.05,96.83,Credit Card,Delivered
O102949,C11136,2026-02-02,P1002,2,0.0,65.25,Net Banking,Pending
O102950,C11598,2026-06-20,P1050,2,0.05,26.4,Debit Card,Delivered
O102951,C10977,2025-12-23,P1141,2,0.1,76.14,Net Banking,Delivered
O102952,C10095,2025-12-07,P1055,2,0.15,2.64,Credit Card,Delivered
O102953,C11259,2026-01-09,P1032,2,0.0,41.91,UPI,Delivered
O102954,C10759,2025-10-23,P1116,2,0.0,25.42,UPI,Delivered
O102955,C10098,2026-01-29,P1130,4,0.1,107.98,Debit Card,Pending
O102956,C11190,2026-08-21,P1017,1,0.1,116.55,Debit Card,Delivered
O102957,C10373,2025-10-05,P1005,4,0.05,5.29,COD,Pending
O102958,C11194,2026-02-27,P1043,1,0.1,147.69,COD,Shipped
O102959,C11447,2026-03-05,P1147,1,0.05,54.19,Net Banking,Pending
O102960,C10862,2026-02-06,P1147,4,0.0,108.21,COD,Cancelled
O102961,C11346,2026-04-21,P1076,1,0.1,118.45,Net Banking,Delivered
O102962,C11556,2026-07-31,P1117,2,0.0,122.78,UPI,Returned
O102963,C10606,2026-06-26,P1038,3,0.2,74.52,Net Banking,Shipped
O102964,C11187,2026-02-26,P1099,1,0.15,63.72,Net Banking,Delivered
O102965,C10677,2026-01-10,P1145,1,0.0,39.78,UPI,Delivered
O102966,C11582,2025-12-13,P1129,4,0.1,26.83,Debit Card,Delivered
O102967,C11623,2026-06-24,P1050,2,0.05,125.95,Credit Card,Returned
O102968,C10222,2026-02-07,P1048,3,0.05,139.47,Credit Card,Delivered
O102969,C10290,2025-12-18,P1111,4,0.1,102.92,COD,Delivered
O102970,C11968,2025-10-27,P1015,1,0.0,123.5,COD,Delivered
O102971,C10048,2025-09-06,P1143,2,0.0,37.37,COD,Delivered
O102972,C11312,2025-12-06,P1031,2,0.05,120.11,COD,Shipped
O102973,C11992,2025-10-16,P1008,3,0.0,45.34,COD,Delivered
O102974,C10443,2025-09-02,P1080,1,0.0,87.84,Net Banking,Pending
O102975,C11484,2026-05-14,P1059,1,0.0,132.84,Net Banking,Delivered
O102976,C10668,2025-12-21,P1093,1,0.05,111.62,Credit Card,Returned
O102977,C11066,2025-11-04,P1036,2,0.15,93.29,Net Banking,Shipped
O102978,C11713,2026-02-07,P1073,2,0.0,37.47,UPI,Returned
O102979,C11967,2026-07-27,P1105,4,0.05,110.66,UPI,Pending
O102980,C11848,2026-07-05,P1145,1,0.0,4.53,Net Banking,Delivered
O102981,C10062,2026-06-22,P1141,1,0.0,122.44,Credit Card,Delivered
O102982,C11563,2026-07-30,P1092,4,0.05,145.32,Net Banking,Delivered
O102983,C10890,2025-10-12,P1069,1,0.0,27.48,UPI,Shipped
O102984,C10784,2026-03-13,P1147,1,0.0,141.02,COD,Delivered
O102985,C11291,2026-01-12,P1019,4,0.0,37.43,Credit Card,Delivered
O102986,C10987,2025-09-27,P1110,1,0.1,9.2,UPI,Delivered
O102987,C11405,2026-01-16,P1038,2,0.05,43.65,Credit Card,Shipped
O102988,C10643,2026-03-22,P1147,1,0.0,34.36,Debit Card,Pending
O102989,C11537,2026-04-09,P1031,4,0.1,87.79,Debit Card,Cancelled
O102990,C11592,2026-01-10,P1069,3,0.0,105.4,COD,Delivered
O102991,C10493,2026-04-20,P1080,1,0.1,111.64,Net Banking,Delivered
O102992,C11842,2025-09-16,P1011,1,0.15,39.75,UPI,Cancelled
O102993,C10337,2026-05-05,P1123,1,0.2,15.65,Credit Card,Delivered
O102994,C11368,2026-08-06,P1132,1,0.0,64.51,COD,Delivered
O102995,C11859,2026-05-20,P1100,1,0.0,103.59,UPI,Pending
O102996,C10240,2026-04-15,P1100,1,0.05,91.68,Net Banking,Delivered
O102997,C10167,2026-07-28,P1050,2,0.0,6.31,Net Banking,Delivered
O102998,C11986,2026-05-26,P1007,1,0.0,102.66,UPI,Pending
O102999,C10769,2026-04-01,P1136,1,0.0,51.75,UPI,Delivered
O103000,C10572,2025-09-18,P1021,1,0.1,18.3,Debit Card,Delivered
O103001,C10150,2026-08-01,P1083,3,0.0,95.3,UPI,Delivered
O103002,C11585,2026-05-31,P1046,1,0.0,120.79,Net Banking,Delivered
O103003,C11193,2025-08-25,P1114,1,0.1,106.0,COD,Delivered
O103004,C10104,2026-07-18,P1095,1,0.0,119.89,Credit Card,Delivered
O103005,C10554,2026-01-30,P1005,2,0.0,63.08,COD,Delivered
O103006,C11227,2026-02-02,P1073,1,0.1,108.69,COD,Delivered
O103007,C11463,2026-02-26,P1115,4,0.0,94.62,Credit Card,Shipped
O103008,C11563,2025-11-28,P1106,1,0.1,101.22,Credit Card,Delivered
O103009,C10706,2025-10-09,P1005,2,0.05,114.36,Net Banking,Shipped
O103010,C11528,2026-01-11,P1126,3,0.0,31.21,COD,Returned
O103011,C11891,2026-01-15,P1013,2,0.1,4.98,Credit Card,Delivered
O103012,C11910,2025-11-26,P1018,1,0.0,104.25,Debit Card,Delivered
O103013,C11919,2026-05-31,P1135,4,0.05,22.06,Net Banking,Delivered
O103014,C11988,2026-02-03,P1050,2,0.15,39.22,Credit Card,Delivered
O103015,C10476,2026-04-05,P1023,4,0.0,34.89,Credit Card,Pending
O103016,C10644,2026-03-15,P1092,3,0.05,50.31,Credit Card,Delivered
O103017,C11876,2025-10-04,P1103,3,0.2,128.55,UPI,Delivered
O103018,C11899,2025-09-28,P1021,4,0.15,129.2,COD,Delivered
O103019,C11740,2026-01-04,P1043,4,0.2,78.15,UPI,Delivered
O103020,C10335,2025-11-13,P1001,3,0.15,56.61,COD,Delivered
O103021,C11537,2026-05-29,P1109,1,0.15,36.29,Credit Card,Cancelled
O103022,C11372,2025-12-05,P1082,3,0.2,69.58,Credit Card,Delivered
O103023,C11119,2025-11-02,P1147,2,0.15,44.88,Debit Card,Delivered
O103024,C10390,2026-08-08,P1056,1,0.15,3.41,COD,Delivered
O103025,C11368,2026-08-02,P1140,1,0.2,46.86,Debit Card,Delivered
O103026,C11214,2025-10-19,P1013,2,0.0,71.55,Credit Card,Cancelled
O103027,C10662,2026-08-11,P1013,1,0.0,101.63,Credit Card,Cancelled
O103028,C10603,2025-09-14,P1131,2,0.0,121.42,UPI,Pending
O103029,C10194,2026-08-01,P1111,4,0.0,89.39,Debit Card,Delivered
O103030,C10109,2026-05-07,P1061,1,0.1,97.83,COD,Delivered
O103031,C10513,2026-07-24,P1027,4,0.0,64.01,COD,Delivered
O103032,C10222,2026-08-08,P1037,2,0.1,120.42,COD,Shipped
O103033,C11024,2025-09-27,P1132,1,0.0,97.93,Credit Card,Returned
O103034,C10154,2026-03-01,P1004,1,0.15,55.32,Credit Card,Delivered
O103035,C11799,2026-05-30,P1126,1,0.1,83.67,Net Banking,Delivered
O103036,C10374,2025-10-26,P1027,2,0.2,134.4,Credit Card,Delivered
O103037,C11906,2026-06-15,P1108,1,0.0,118.32,Credit Card,Delivered
O103038,C10697,2025-11-23,P1126,2,0.15,75.8,Net Banking,Delivered
O103039,C11553,2026-07-06,P1110,1,0.2,117.77,Credit Card,Cancelled
O103040,C11105,2025-10-05,P1063,2,0.1,56.53,UPI,Cancelled
O103041,C10363,2025-10-20,P1140,4,0.0,139.39,Debit Card,Delivered
O103042,C10694,2026-04-19,P1059,4,0.05,68.19,Net Banking,Shipped
O103043,C11966,2026-01-23,P1006,4,0.0,144.12,COD,Shipped
O103044,C11206,2026-08-07,P1140,2,0.15,69.36,COD,Delivered
O103045,C11899,2025-11-23,P1031,1,0.0,140.74,COD,Delivered
O103046,C10126,2026-01-08,P1104,2,0.0,113.51,COD,Delivered
O103047,C10830,2025-08-21,P1133,4,0.2,142.15,Credit Card,Cancelled
O103048,C10032,2026-08-11,P1094,2,0.05,73.78,UPI,Delivered
O103049,C10295,2025-12-31,P1022,4,0.0,28.13,Credit Card,Delivered
O103050,C11289,2025-11-08,P1090,4,0.2,103.38,Debit Card,Delivered
O103051,C10177,2026-06-08,P1101,2,0.1,76.99,Debit Card,Delivered
O103052,C10687,2025-10-08,P1139,2,0.2,90.43,COD,Returned
O103053,C11407,2026-01-15,P1068,1,0.0,132.92,COD,Delivered
O103054,C11501,2026-03-10,P1019,3,0.2,60.01,Net Banking,Delivered
O103055,C11920,2026-01-24,P1045,2,0.05,67.66,UPI,Pending
O103056,C10285,2025-12-01,P1084,4,0.0,79.72,Net Banking,Delivered
O103057,C10936,2026-07-19,P1011,2,0.0,40.82,Net Banking,Delivered
O103058,C11583,2025-12-22,P1069,1,0.0,20.93,Credit Card,Delivered
O103059,C11248,2026-01-02,P1139,2,0.2,17.7,Debit Card,Shipped
O103060,C11778,2025-11-10,P1005,2,0.2,38.99,Credit Card,Delivered
O103061,C11882,2026-01-14,P1010,4,0.05,107.26,Debit Card,Shipped
O103062,C11949,2026-03-31,P1059,2,0.05,27.12,Net Banking,Delivered
O103063,C11473,2026-01-19,P1065,3,0.0,52.45,Net Banking,Pending
O103064,C11328,2026-06-20,P1034,1,0.15,81.46,Debit Card,Returned
O103065,C10692,2025-10-19,P1132,4,0.0,6.15,Net Banking,Delivered
O103066,C11326,2026-06-10,P1022,3,0.2,145.28,Debit Card,Delivered
O103067,C11283,2026-06-09,P1140,3,0.0,121.11,Net Banking,Delivered
O103068,C11660,2025-10-03,P1010,2,0.1,50.82,COD,Delivered
O103069,C11892,2025-09-03,P1046,4,0.1,127.94,Credit Card,Returned
O103070,C10823,2026-03-15,P1115,3,0.1,43.28,COD,Delivered
O103071,C11105,2026-05-08,P1048,4,0.0,77.51,UPI,Returned
O103072,C10926,2026-03-17,P1071,4,0.0,20.45,COD,Shipped
O103073,C11974,2026-06-27,P1017,2,0.1,140.19,COD,Delivered
O103074,C11090,2026-01-25,P1127,2,0.2,115.15,COD,Delivered
O103075,C11756,2026-03-11,P1148,1,0.1,3.06,COD,Delivered
O103076,C11472,2026-05-10,P1040,4,0.15,74.04,Credit Card,Delivered
O103077,C11182,2025-10-05,P1051,4,0.0,39.48,COD,Pending
O103078,C10079,2026-01-06,P1137,2,0.2,79.6,Debit Card,Delivered
O103079,C10002,2025-10-07,P1103,4,0.0,77.77,Credit Card,Delivered
O103080,C11623,2026-07-20,P1061,2,0.05,82.93,Debit Card,Delivered
O103081,C10552,2026-01-15,P1008,3,0.05,49.25,Debit Card,Shipped
O103082,C10800,2026-08-09,P1098,1,0.15,42.81,Net Banking,Delivered
O103083,C10936,2026-07-20,P1146,2,0.05,132.97,UPI,Delivered
O103084,C10256,2026-06-11,P1043,2,0.05,55.46,Debit Card,Returned
O103085,C10361,2026-05-06,P1088,1,0.1,54.74,Debit Card,Delivered
O103086,C10374,2025-10-08,P1135,1,0.2,62.82,COD,Delivered
O103087,C10808,2026-01-15,P1051,1,0.2,32.34,Credit Card,Delivered
O103088,C11670,2026-05-18,P1076,1,0.0,140.39,Credit Card,Delivered
O103089,C11299,2026-02-13,P1035,1,0.0,86.51,Net Banking,Shipped
O103090,C11735,2026-01-19,P1069,1,0.0,42.15,COD,Cancelled
O103091,C10456,2026-01-01,P1050,1,0.0,134.78,Net Banking,Pending
O103092,C11892,2025-12-25,P1147,4,0.05,62.67,UPI,Delivered
O103093,C10337,2026-03-31,P1067,1,0.15,17.59,UPI,Delivered
O103094,C11876,2026-08-08,P1084,1,0.2,49.07,Credit Card,Delivered
O103095,C10692,2026-04-04,P1124,4,0.0,12.43,Credit Card,Returned
O103096,C10704,2025-12-14,P1100,3,0.05,34.18,Credit Card,Pending
O103097,C10352,2026-04-26,P1104,3,0.0,102.97,Net Banking,Delivered
O103098,C11423,2026-04-18,P1057,2,0.0,106.29,Debit Card,Delivered
O103099,C11601,2025-09-30,P1095,1,0.2,109.77,UPI,Delivered
O103100,C11925,2026-08-21,P1130,2,0.1,130.07,UPI,Delivered
O103101,C10802,2026-01-30,P1095,2,0.1,35.6,Debit Card,Delivered
O103102,C11323,2026-03-11,P1126,4,0.1,56.2,Net Banking,Delivered
O103103,C10792,2026-02-12,P1144,1,0.2,7.78,Debit Card,Delivered
O103104,C10657,2026-06-15,P1125,2,0.1,23.51,Debit Card,Cancelled
O103105,C10460,2026-07-23,P1002,2,0.15,14.16,Credit Card,Delivered
O103106,C11277,2026-07-01,P1031,4,0.1,91.89,Net Banking,Cancelled
O103107,C10153,2026-07-19,P1029,4,0.0,119.97,COD,Delivered
O103108,C10338,2025-10-23,P1013,1,0.05,64.3,Credit Card,Delivered
O103109,C11444,2025-09-12,P1086,1,0.0,77.99,Net Banking,Delivered
O103110,C11625,2026-01-09,P1010,2,0.0,63.76,UPI,Cancelled
O103111,C10431,2025-12-04,P1101,2,0.0,24.87,Debit Card,Delivered
O103112,C10602,2026-02-19,P1117,4,0.0,66.44,UPI,Delivered
O103113,C10672,2026-08-09,P1052,2,0.1,82.56,UPI,Delivered
O103114,C10356,2026-07-16,P1094,1,0.1,11.58,Net Banking,Returned
O103115,C11675,2025-10-17,P1108,4,0.05,53.14,COD,Shipped
O103116,C11947,2025-12-14,P1135,1,0.0,12.7,UPI,Delivered
O103117,C10873,2026-08-10,P9999,3,0.2,42.4,Debit Card,Delivered
O103118,C11966,2025-11-17,P1069,2,0.0,146.23,Credit Card,Delivered
O103119,C11318,2025-12-27,P1028,3,0.0,129.26,Debit Card,Pending
O103120,C11623,2026-07-27,P1023,2,0.2,71.86,UPI,Shipped
O103121,C10364,2025-09-12,P1117,1,0.15,43.87,COD,Delivered
O103122,C11942,2025-12-18,P1032,1,0.15,3.85,Net Banking,Delivered
O103123,C11150,2026-05-13,P1016,1,0.0,18.52,Net Banking,Shipped
O103124,C10270,2026-04-27,P1123,3,0.0,16.38,UPI,Delivered
O103125,C10266,2026-02-24,P1061,2,0.1,21.95,Net Banking,Delivered
O103126,C11755,2025-10-10,P1090,1,0.0,112.64,COD,Delivered
O103127,C10281,2026-06-16,P1085,1,0.0,135.88,Net Banking,Shipped
O103128,C11658,2025-09-02,P1110,1,0.2,27.72,COD,Delivered
O103129,C10665,2025-12-13,P1150,1,0.15,107.93,Net Banking,Delivered
O103130,C11545,2025-10-29,P1116,1,0.0,139.72,Net Banking,Delivered
O103131,C10612,2026-03-12,P1043,3,0.15,1.34,Credit Card,Delivered
O103132,C10692,2026-03-24,P1131,1,0.2,109.16,Debit Card,Pending
O103133,C11830,2026-01-21,P1072,3,0.1,106.28,Net Banking,Delivered
O103134,C11501,2025-09-16,P1109,4,0.15,143.5,Debit Card,Shipped
O103135,C10650,2026-07-14,P1074,2,0.0,63.81,Credit Card,Delivered
O103136,C10624,2026-02-22,P1031,3,0.1,138.12,UPI,Shipped
O103137,C10877,2026-06-26,P1086,2,0.0,2.64,UPI,Delivered
O103138,C11743,2025-11-12,P1002,2,0.1,129.69,UPI,Delivered
O103139,C11642,2026-02-28,P1079,1,0.0,141.01,Debit Card,Delivered
O103140,C11201,2026-01-13,P1060,1,0.05,33.1,UPI,Pending
O103141,C10269,2026-03-16,P1030,1,0.0,17.59,Debit Card,Cancelled
O103142,C10142,2026-01-17,P1054,3,0.1,88.82,UPI,Delivered
O103143,C10985,2025-12-10,P1009,2,0.0,2.5,Net Banking,Delivered
O103144,C11297,2026-04-01,P1109,1,0.0,24.84,Net Banking,Shipped
O103145,C11397,2025-11-18,P1026,1,0.2,18.02,Debit Card,Delivered
O103146,C11744,2026-05-17,P1134,3,0.1,26.76,Net Banking,Delivered
O103147,C10791,2025-12-30,P1126,1,0.0,76.26,Credit Card,Delivered
O103148,C11742,2025-10-19,P1057,4,0.1,121.79,COD,Delivered
O103149,C11306,2026-08-11,P1113,1,0.0,116.08,Debit Card,Delivered
O103150,C10307,2026-04-03,P1002,3,0.0,11.96,Credit Card,Delivered
O103151,C11056,2025-12-13,P1043,1,0.2,133.08,Debit Card,Delivered
O103152,C11945,2025-09-23,P1018,4,0.0,78.5,Net Banking,Delivered
O103153,C11667,2026-06-17,P1045,3,0.05,97.37,Net Banking,Shipped
O103154,C10217,2026-01-03,P1035,3,0.0,72.14,Credit Card,Cancelled
O103155,C10259,2025-10-13,P1052,1,0.0,44.0,Net Banking,Delivered
O103156,C11723,2025-11-19,P1002,3,0.15,101.12,Debit Card,Delivered
O103157,C10121,2026-02-02,P1097,3,0.0,149.09,UPI,Returned
O103158,C11065,2025-09-12,P1063,2,0.0,123.86,COD,Delivered
O103159,C10328,2026-03-07,P1053,3,0.0,65.83,Net Banking,Delivered
O103160,C10050,2026-03-25,P1137,1,0.15,110.98,Credit Card,Shipped
O103161,C10828,2026-04-15,P1133,1,0.0,11.78,UPI,Delivered
O103162,C10363,2026-06-07,P1047,2,0.05,96.76,Debit Card,Delivered
O103163,C10658,2026-07-21,P1067,3,0.0,35.53,Debit Card,Delivered
O103164,C10545,2026-02-06,P1124,3,0.05,37.53,Credit Card,Delivered
O103165,C11767,2026-07-23,P1147,2,0.1,117.08,UPI,Delivered
O103166,C11267,2026-02-06,P1024,1,0.0,30.0,Net Banking,Shipped
O103167,C11751,2026-04-27,P1117,2,0.15,34.4,COD,Returned
O103168,C11135,2025-09-08,P1062,4,0.0,73.14,UPI,Delivered
O103169,C11126,2025-09-10,P1047,1,0.15,131.76,COD,Pending
O103170,C11322,2026-03-14,P1121,2,0.05,43.03,Credit Card,Delivered
O103171,C11408,2026-05-13,P1056,1,0.0,84.18,Credit Card,Delivered
O103172,C11469,2025-10-10,P1056,2,0.1,7.45,Net Banking,Delivered
O103173,C11980,2026-01-13,P1048,1,0.0,47.97,UPI,Delivered
O103174,C10354,2025-12-15,P1040,1,0.2,30.57,Net Banking,Pending
O103175,C11863,2025-12-26,P1055,1,0.2,20.17,COD,Returned
O103176,C11957,2025-12-28,P1026,2,0.0,61.12,COD,Shipped
O103177,C11347,2026-07-02,P1150,1,0.15,90.65,UPI,Delivered
O103178,C10484,2025-09-23,P1142,2,0.05,11.56,Net Banking,Delivered
O103179,C11837,2026-05-02,P1043,4,0.15,144.21,Debit Card,Delivered
O103180,C11439,2025-12-03,P1063,3,0.2,65.11,Net Banking,Cancelled
O103181,C11107,2025-10-07,P1053,1,0.0,54.19,Debit Card,Delivered
O103182,C10631,2026-06-22,P1069,3,0.0,82.74,COD,Delivered
O103183,C11485,2026-08-16,P1119,2,0.05,109.39,COD,Delivered
O103184,C11656,2026-06-28,P1101,2,0.2,110.21,Debit Card,Delivered
O103185,C10041,2025-12-06,P1147,2,0.0,148.13,Debit Card,Delivered
O103186,C10520,2026-02-20,P1148,2,0.2,127.33,COD,Delivered
O103187,C11485,2025-10-21,P1030,3,0.0,38.96,Credit Card,Returned
O103188,C99999,2026-03-20,P1150,4,0.2,1.62,COD,Delivered
O103189,C11170,2025-10-27,P1045,1,0.2,87.92,COD,Delivered
O103190,C10114,2026-01-15,P1085,4,0.05,26.37,Credit Card,Delivered
O103191,C11221,2026-07-08,P1120,1,0.2,52.31,Net Banking,Returned
O103192,C11473,2025-11-10,P1029,1,0.0,103.87,Credit Card,Delivered
O103193,C11834,2026-06-15,P1084,1,0.1,50.24,Credit Card,Delivered
O103194,C11144,2025-12-27,P1133,4,0.05,128.97,Credit Card,Delivered
O103195,C10058,2026-04-18,P1026,1,0.0,103.8,Credit Card,Shipped
O103196,C10814,2025-12-23,P1014,2,0.0,124.5,Net Banking,Delivered
O103197,C10078,2026-07-18,P1012,4,0.2,143.48,Debit Card,Shipped
O103198,C11002,2026-03-31,P1120,2,0.0,62.25,Net Banking,Delivered
O103199,C11769,2025-10-20,P1146,1,0.05,36.68,COD,Delivered
O103200,C10432,2025-09-02,P1096,2,0.05,76.15,Net Banking,Delivered
O103201,C10485,2026-08-19,P1137,1,0.05,27.18,COD,Returned
O103202,C11636,2026-04-02,P1011,1,0.0,29.36,Credit Card,Delivered
O103203,C10619,2025-11-28,P1061,2,0.15,110.42,COD,Delivered
O103204,C11669,2026-02-26,P1147,1,0.0,63.8,Net Banking,Delivered
O103205,C10943,2025-12-13,P1018,4,0.0,62.76,Debit Card,Cancelled
O103206,C10334,2025-09-09,P1054,3,0.0,22.0,Net Banking,Returned
O103207,C11777,2025-09-05,P1024,2,0.15,77.81,UPI,Shipped
O103208,C11317,2025-10-17,P1148,2,0.2,30.06,Credit Card,Shipped
O103209,C11495,2026-06-04,P1090,1,0.2,69.04,UPI,Delivered
O103210,C10408,2026-06-19,P1123,2,0.2,45.92,Debit Card,Delivered
O103211,C11506,2026-02-09,P1131,2,0.1,25.75,Credit Card,Delivered
O103212,C11687,2026-07-24,P1051,1,0.15,94.73,UPI,Delivered
O103213,C10963,2026-03-15,P1022,3,0.0,65.11,Credit Card,Delivered
O103214,C11024,2025-10-22,P1024,3,0.0,144.01,Net Banking,Pending
O103215,C10298,2026-06-25,P1102,1,0.15,134.72,UPI,Delivered
O103216,C11499,2025-09-13,P1039,1,0.0,89.55,UPI,Delivered
O103217,C10242,2025-09-10,P1118,1,0.0,28.87,COD,Delivered
O103218,C11353,2026-04-15,P1036,2,0.05,80.02,UPI,Delivered
O103219,C11580,2025-12-18,P1023,1,0.15,21.03,UPI,Delivered
O103220,C10825,2025-11-21,P1027,2,0.1,25.24,Credit Card,Returned
O103221,C10086,2026-02-02,P1031,1,0.15,68.16,Net Banking,Shipped
O103222,C10915,2025-12-22,P1035,3,0.1,64.19,Debit Card,Delivered
O103223,C11896,2026-06-16,P1136,4,0.05,125.77,COD,Returned
O103224,C10406,2026-04-26,P1055,1,0.15,22.29,UPI,Delivered
O103225,C10395,2026-01-04,P1111,4,0.2,85.91,COD,Delivered
O103226,C11099,2026-06-04,P1004,3,0.0,25.9,Credit Card,Delivered
O103227,C11796,2026-07-30,P1078,2,0.2,101.38,Net Banking,Delivered
O103228,C11566,2026-01-20,P1073,2,0.0,76.93,Credit Card,Delivered
O103229,C10583,2025-09-17,P1006,1,0.0,11.35,Net Banking,Delivered
O103230,C11281,2025-10-16,P1135,1,0.15,83.31,Credit Card,Returned
O103231,C11761,2025-09-26,P1003,4,0.0,115.31,Net Banking,Delivered
O103232,C10276,2026-05-22,P1039,2,0.05,122.32,Net Banking,Delivered
O103233,C10264,2026-01-07,P1005,4,0.2,15.84,Net Banking,Delivered
O103234,C11735,2026-05-12,P1094,2,0.1,18.06,Debit Card,Shipped
O103235,C11720,2026-06-12,P1017,1,0.0,125.22,UPI,Shipped
O103236,C10440,2026-05-01,P1146,4,0.0,11.12,Net Banking,Delivered
O103237,C11596,2026-05-07,P1150,4,0.1,5.26,COD,Cancelled
O103238,C11590,2025-10-08,P1025,2,0.15,127.16,Credit Card,Pending
O103239,C10243,2025-11-21,P1037,2,0.1,50.53,Debit Card,Delivered
O103240,C11916,2026-03-06,P1092,2,0.0,113.28,Net Banking,Delivered
O103241,C10751,2026-07-10,P1100,3,0.0,41.07,Debit Card,Shipped
O103242,C10267,2025-12-16,P1055,2,0.0,7.59,UPI,Delivered
O103243,C10154,2026-01-18,P1040,1,0.05,118.26,UPI,Delivered
O103244,C10987,2025-08-30,P1014,3,0.0,103.52,COD,Delivered
O103245,C11258,2026-02-06,P1042,2,0.0,144.06,COD,Delivered
O103246,C11014,2026-06-23,P1072,3,0.0,13.25,UPI,Delivered
O103247,C11269,2026-04-05,P1016,3,0.0,33.44,COD,Delivered
O103248,C11975,2025-08-28,P1022,2,0.0,134.72,COD,Delivered
O103249,C11210,2026-04-24,P1006,1,0.0,63.6,COD,Delivered
O103250,C10260,2026-02-17,P1073,4,0.1,43.46,Net Banking,Delivered
O103251,C11846,2026-04-27,P1028,4,0.0,64.84,Debit Card,Delivered
O103252,C11952,2026-05-16,P1041,3,0.0,122.38,UPI,Delivered
O103253,C11455,2025-12-12,P1074,3,0.0,51.21,UPI,Delivered
O103254,C10256,2026-01-14,P1005,3,0.0,12.26,Net Banking,Delivered
O103255,C11854,2025-11-22,P1104,1,0.0,22.93,COD,Delivered
O103256,C11574,2025-08-29,P1116,4,0.15,119.72,Debit Card,Delivered
O103257,C11612,2026-05-31,P1079,3,0.05,93.61,Net Banking,Delivered
O103258,C10907,2026-04-06,P1090,1,0.0,104.84,Debit Card,Delivered
O103259,C11728,2026-05-06,P1045,1,0.15,143.21,Credit Card,Delivered
O103260,C11724,2026-02-27,P1028,4,0.2,34.98,Credit Card,Cancelled
O103261,C10515,2025-08-25,P1119,3,0.2,4.01,COD,Delivered
O103262,C10091,2025-09-28,P1143,3,0.0,25.54,UPI,Shipped
O103263,C11633,2026-01-14,P1132,2,0.15,2.39,UPI,Delivered
O103264,C10055,2025-12-31,P1106,2,0.2,80.01,Net Banking,Delivered
O103265,C10921,2026-01-30,P1103,1,0.15,78.0,Debit Card,Shipped
O103266,C10185,2026-02-26,P1126,4,0.05,91.94,Credit Card,Delivered
O103267,C10088,2026-06-10,P1140,4,0.0,73.05,UPI,Delivered
O103268,C11664,2025-12-09,P1094,2,0.0,128.97,COD,Delivered
O103269,C11214,2026-03-28,P1008,1,0.15,149.63,UPI,Pending
O103270,C11443,2025-11-28,P1016,4,0.1,18.46,COD,Delivered
O103271,C11042,2026-08-08,P1011,1,0.1,147.91,COD,Delivered
O103272,C10505,2025-12-28,P1014,2,0.05,34.52,COD,Delivered
O103273,C10681,2026-03-12,P1021,2,0.0,8.24,UPI,Shipped
O103274,C10590,2026-01-16,P1093,4,0.2,2.35,Net Banking,Pending
O103275,C11008,2026-02-26,P1077,4,0.0,11.37,Credit Card,Shipped
O103276,C10359,2026-06-06,P1030,1,0.15,115.64,Credit Card,Delivered
O103277,C11158,2026-03-01,P1112,2,0.05,7.45,Credit Card,Delivered
O103278,C11761,2026-03-20,P1136,1,0.0,109.09,Debit Card,Delivered
O103279,C11441,2025-09-09,P1110,1,0.0,74.83,Net Banking,Delivered
O103280,C10061,2025-11-17,P1053,1,0.0,118.48,UPI,Delivered
O103281,C10684,2026-04-12,P1051,3,0.2,7.44,Credit Card,Delivered
O103282,C10321,2026-06-25,P1113,1,0.0,127.04,Debit Card,Cancelled
O103283,C11822,2026-04-12,P1101,1,0.15,88.39,COD,Cancelled
O103284,C10162,2026-05-02,P1091,2,0.0,41.46,Net Banking,Delivered
O103285,C10493,2025-11-23,P1036,2,0.0,129.02,COD,Delivered
O103286,C10118,2025-10-08,P1069,2,0.1,16.73,COD,Delivered
O103287,C10206,2026-07-30,P1080,2,0.1,30.61,Debit Card,Delivered
O103288,C10052,2026-01-25,P1018,1,0.2,107.95,UPI,Delivered
O103289,C11206,2026-07-27,P1125,2,0.0,81.58,COD,Delivered
O103290,C10517,2026-06-27,P1010,1,0.05,28.42,UPI,Shipped
O103291,C10538,2026-01-15,P1150,1,0.1,68.4,Credit Card,Delivered
O103292,C11929,2026-01-26,P1142,2,0.15,66.31,UPI,Cancelled
O103293,C11153,2026-05-22,P1070,2,0.0,149.0,Net Banking,Delivered
O103294,C10511,2026-06-21,P1017,2,0.0,135.29,Debit Card,Shipped
O103295,C10087,2026-02-28,P1066,3,0.15,50.12,Net Banking,Delivered
O103296,C10078,2025-09-14,P1077,4,0.0,99.66,Net Banking,Cancelled
O103297,C11904,2026-03-11,P1102,2,0.0,114.53,Net Banking,Delivered
O103298,C11010,2026-02-18,P1058,4,0.0,57.41,UPI,Delivered
O103299,C11209,2026-07-29,P1113,4,0.0,116.45,UPI,Shipped
O103300,C10783,2026-08-11,P1143,2,0.0,16.9,Debit Card,Delivered
O103301,C11860,2026-06-13,P1098,1,0.15,35.5,UPI,Delivered
O103302,C10994,2026-01-22,P1074,1,0.2,100.61,UPI,Delivered
O103303,C11170,2026-04-08,P1069,1,0.2,57.1,Credit Card,Delivered
O103304,C10357,2025-11-29,P1083,1,0.05,107.07,COD,Delivered
O103305,C11510,2026-05-28,P1132,1,0.0,19.13,Net Banking,Delivered
O103306,C11194,2026-06-27,P1146,4,0.0,149.04,UPI,Pending
O103307,C10914,2026-04-11,P1004,1,0.15,95.76,UPI,Delivered
O103308,C11866,2025-09-27,P1068,1,0.0,13.78,Credit Card,Returned
O103309,C11737,2026-01-02,P1036,1,0.1,78.41,UPI,Delivered
O103310,C10105,2025-09-18,P1132,1,0.0,116.63,COD,Shipped
O103311,C11108,2025-09-19,P1044,4,0.05,50.55,UPI,Delivered
O103312,C10113,2025-10-13,P1041,1,0.0,43.0,UPI,Delivered
O103313,C11353,2026-03-25,P1067,1,0.2,51.82,UPI,Cancelled
O103314,C11848,2026-06-04,P1140,2,0.05,101.08,UPI,Delivered
O103315,C11402,2025-08-30,P1147,3,0.0,31.38,Net Banking,Delivered
O103316,C11813,2025-12-09,P1150,4,0.2,48.02,COD,Returned
O103317,C11838,2026-01-03,P1029,2,0.1,77.1,UPI,Pending
O103318,C11972,2026-04-26,P1006,1,0.0,21.22,Net Banking,Delivered
O103319,C11204,2025-09-01,P1075,2,0.15,116.01,Net Banking,Delivered
O103320,C11681,2026-02-24,P1019,1,0.1,136.81,Net Banking,Returned
O103321,C11832,2025-12-02,P1067,4,0.0,11.48,Debit Card,Delivered
O103322,C10330,2026-05-14,P1031,1,0.0,91.32,COD,Pending
O103323,C11810,2025-10-10,P1092,2,0.0,87.44,Net Banking,Delivered
O103324,C11899,2025-10-26,P1060,1,0.0,50.84,Net Banking,Pending
O103325,C11992,2026-01-15,P1130,3,0.1,79.11,Debit Card,Delivered
O103326,C10024,2026-01-22,P1139,4,0.05,84.45,Credit Card,Delivered
O103327,C10053,2026-05-31,P1067,1,0.0,50.19,Net Banking,Delivered
O103328,C10972,2026-03-28,P1082,2,0.1,21.85,COD,Delivered
O103329,C11698,2026-01-12,P1047,4,0.2,62.59,Credit Card,Delivered
O103330,C10175,2026-05-30,P1077,1,0.0,58.17,Net Banking,Delivered
O103331,C11566,2025-10-21,P1022,3,0.15,105.31,Credit Card,Delivered
O103332,C11024,2026-04-17,P1070,2,0.2,68.44,Credit Card,Delivered
O103333,C10868,2026-03-15,P1144,2,0.05,95.71,Net Banking,Delivered
O103334,C11488,2026-01-29,P1101,1,0.05,116.5,Net Banking,Pending
O103335,C11373,2026-02-11,P1123,1,0.05,44.47,UPI,Delivered
O103336,C11206,2025-11-07,P1091,1,0.2,76.06,Credit Card,Delivered
O103337,C10530,2026-06-20,P1023,1,0.2,67.77,Net Banking,Delivered
O103338,C10727,2026-01-15,P1110,1,0.2,144.35,UPI,Delivered
O103339,C11131,2025-10-05,P1064,3,0.0,29.85,Credit Card,Delivered
O103340,C11381,2026-06-25,P1142,1,0.0,89.41,Net Banking,Delivered
O103341,C11481,2026-01-18,P1097,2,0.1,111.94,Debit Card,Delivered
O103342,C11907,2025-11-03,P1118,1,0.0,39.45,Net Banking,Shipped
O103343,C11649,2025-10-29,P1102,1,0.05,109.81,Credit Card,Delivered
O103344,C10093,2026-06-26,P1108,4,0.05,122.96,Debit Card,Cancelled
O103345,C10771,2025-12-09,P1099,3,0.2,117.22,Net Banking,Delivered
O103346,C10543,2026-01-10,P1110,3,0.0,75.48,UPI,Delivered
O103347,C11048,2025-09-05,P1080,1,0.15,78.05,Credit Card,Delivered
O103348,C10024,2026-01-24,P1040,2,0.0,69.39,Net Banking,Delivered
O103349,C10791,2026-06-02,P1037,2,0.0,8.15,Credit Card,Pending
O103350,C10729,2026-04-02,P1149,4,0.0,52.7,Credit Card,Cancelled
O103351,C10833,2026-05-15,P1071,3,0.15,46.44,Net Banking,Delivered
O103352,C10001,2026-07-05,P1129,2,0.15,86.61,Net Banking,Pending
O103353,C11595,2026-03-03,P1057,4,0.0,82.18,Debit Card,Delivered
O103354,C11091,2025-09-24,P1129,2,0.1,46.15,Credit Card,Delivered
O103355,C11803,2026-01-20,P1112,1,0.15,68.04,Credit Card,Pending
O103356,C10810,2025-09-09,P1123,4,0.1,105.03,Credit Card,Pending
O103357,C11542,2025-10-02,P1135,1,0.05,56.57,COD,Delivered
O103358,C10140,2026-07-01,P1109,1,0.2,17.72,UPI,Delivered
O103359,C10130,2025-11-11,P1023,3,0.2,123.4,Debit Card,Delivered
O103360,C11700,2026-07-19,P1029,1,0.15,54.2,Net Banking,Returned
O103361,C11485,2025-10-30,P1064,2,0.0,63.67,Debit Card,Delivered
O103362,C11229,2026-03-21,P1042,3,0.2,43.57,Credit Card,Delivered
O103363,C10222,2026-06-22,P1060,1,0.0,43.35,Credit Card,Delivered
O103364,C10835,2026-07-17,P1001,1,0.0,46.5,Debit Card,Delivered
O103365,C10510,2026-04-06,P1012,3,0.0,17.17,Debit Card,Delivered
O103366,C11047,2026-07-01,P1025,3,0.1,85.09,COD,Delivered
O103367,C11700,2026-01-20,P1006,2,0.15,143.92,Credit Card,Delivered
O103368,C11959,2026-04-23,P1072,1,0.0,44.97,Debit Card,Delivered
O103369,C10537,2025-11-06,P1032,2,0.15,71.06,Net Banking,Delivered
O103370,C10652,2026-01-25,P1009,2,0.0,22.24,Credit Card,Delivered
O103371,C10561,2025-10-20,P1008,4,0.05,88.52,Net Banking,Delivered
O103372,C11731,2025-09-14,P1017,1,0.15,1.78,COD,Shipped
O103373,C10992,2026-04-04,P1017,1,0.15,76.02,Net Banking,Delivered
O103374,C10530,2026-01-06,P1138,2,0.0,97.35,Net Banking,Shipped
O103375,C11292,2026-02-15,P1011,1,0.05,0.24,Net Banking,Delivered
O103376,C11859,2025-08-30,P1001,2,0.0,54.25,COD,Delivered
O103377,C11129,2025-08-30,P1038,4,0.15,79.51,UPI,Delivered
O103378,C10907,2025-09-06,P1070,4,0.1,104.89,COD,Delivered
O103379,C10215,2026-01-24,P1058,2,0.0,94.78,Debit Card,Delivered
O103380,C11883,2025-08-23,P1101,2,0.0,115.93,COD,Pending
O103381,C11119,2025-10-15,P1109,1,0.05,93.82,Net Banking,Delivered
O103382,C11265,2026-05-10,P1064,4,0.1,26.39,Net Banking,Delivered
O103383,C11267,2025-09-10,P1141,2,0.2,73.41,COD,Delivered
O103384,C11038,2026-05-17,P1098,1,0.0,24.98,Net Banking,Delivered
O103385,C11828,2026-02-13,P1024,1,0.05,61.41,Debit Card,Delivered
O103386,C10535,2026-05-27,P1081,3,0.1,111.01,UPI,Delivered
O103387,C11257,2026-03-10,P1035,2,0.0,91.62,Net Banking,Delivered
O103388,C10120,2026-04-24,P1123,1,0.05,29.67,Debit Card,Delivered
O103389,C11903,2026-06-05,P1098,3,0.05,69.97,UPI,Delivered
O103390,C10145,2026-08-08,P1122,4,0.2,149.7,UPI,Delivered
O103391,C11492,2025-08-22,P1016,2,0.2,96.57,Credit Card,Cancelled
O103392,C11102,2026-05-13,P1143,1,0.0,7.06,COD,Delivered
O103393,C10644,2026-08-08,P1064,2,0.0,48.77,COD,Pending
O103394,C11327,2026-06-05,P1033,1,0.15,98.22,UPI,Delivered
O103395,C10533,2025-09-16,P1084,2,0.1,70.51,Debit Card,Delivered
O103396,C10777,2025-12-03,P1125,2,0.0,36.99,UPI,Delivered
O103397,C11217,2026-04-07,P1147,1,0.0,31.58,Debit Card,Shipped
O103398,C10612,2025-10-06,P1136,4,0.1,66.18,Net Banking,Delivered
O103399,C10097,2026-02-12,P1076,1,0.1,78.77,COD,Pending
O103400,C11398,2026-07-02,P1071,4,0.2,95.24,Net Banking,Delivered
O103401,C10884,2026-05-31,P1128,1,0.1,128.62,COD,Delivered
O103402,C11617,2026-07-21,P1112,4,0.1,80.22,Debit Card,Delivered
O103403,C11680,2026-01-17,P1080,2,0.05,115.38,Debit Card,Delivered
O103404,C10746,2026-02-13,P1126,1,0.05,26.4,COD,Delivered
O103405,C11828,2026-01-02,P1008,1,0.15,37.72,Net Banking,Delivered
O103406,C11952,2025-10-06,P1079,1,0.0,133.86,Debit Card,Pending
O103407,C10394,2025-10-29,P1130,1,0.05,33.45,Net Banking,Delivered
O103408,C10268,2025-12-15,P1063,1,0.05,92.56,Debit Card,Delivered
O103409,C10829,2026-06-09,P1098,2,0.05,149.31,Credit Card,Cancelled
O103410,C10378,2026-08-04,P1108,1,0.15,120.79,Debit Card,Delivered
O103411,C10111,2026-05-22,P1028,1,0.15,52.72,COD,Delivered
O103412,C11237,2026-03-21,P1089,3,0.15,25.77,Credit Card,Returned
O103413,C10019,2026-07-03,P1109,1,0.2,91.34,Credit Card,Cancelled
O103414,C10243,2025-09-04,P1045,2,0.1,0.5,Credit Card,Delivered
O103415,C11973,2026-04-04,P1116,2,0.05,118.86,COD,Pending
O103416,C10980,2026-01-05,P1122,1,0.0,7.28,Debit Card,Delivered
O103417,C11565,2026-05-07,P1081,2,0.05,124.66,Net Banking,Delivered
O103418,C10057,2026-03-25,P1027,2,0.1,142.41,UPI,Delivered
O103419,C11453,2026-05-26,P1026,1,0.2,146.65,UPI,Delivered
O103420,C11992,2026-01-13,P1129,3,0.0,119.39,Debit Card,Delivered
O103421,C11059,2025-10-05,P1100,1,0.0,23.01,UPI,Delivered
O103422,C11853,2026-02-15,P1138,1,0.1,119.73,UPI,Delivered
O103423,C11206,2026-08-14,P1133,1,0.1,51.39,COD,Delivered
O103424,C11013,2025-10-19,P1144,2,0.0,57.48,Credit Card,Delivered
O103425,C10163,2026-06-15,P1045,4,0.05,63.49,Net Banking,Delivered
O103426,C11929,2025-09-27,P1092,1,0.05,42.05,COD,Returned
O103427,C11838,2026-08-18,P1004,1,0.05,92.68,Debit Card,Delivered
O103428,C11472,2026-05-09,P1105,4,0.15,60.76,Debit Card,Cancelled
O103429,C11308,2025-08-21,P1109,2,0.0,127.7,UPI,Delivered
O103430,C10228,2026-07-14,P1043,1,0.2,40.35,UPI,Delivered
O103431,C10515,2025-12-27,P1059,4,0.15,119.22,COD,Delivered
O103432,C10881,2026-06-15,P1089,2,0.1,147.49,Net Banking,Shipped
O103433,C11775,2026-03-19,P1137,2,0.1,104.82,UPI,Delivered
O103434,C10718,2026-05-19,P1044,4,0.15,112.72,Debit Card,Pending
O103435,C11942,2026-07-10,P1132,1,0.2,58.84,Credit Card,Delivered
O103436,C10253,2025-12-26,P1143,2,0.15,107.44,Credit Card,Delivered
O103437,C11800,2025-09-18,P1065,3,0.0,89.41,Debit Card,Shipped
O103438,C11946,2026-06-05,P1069,2,0.0,95.32,UPI,Delivered
O103439,C11935,2026-06-23,P1110,4,0.0,134.34,Debit Card,Delivered
O103440,C10753,2026-04-13,P1074,4,0.2,53.88,COD,Delivered
O103441,C10299,2026-05-25,P1051,3,0.0,68.25,UPI,Delivered
O103442,C11935,2026-03-06,P1050,1,0.0,36.89,Credit Card,Returned
O103443,C10917,2025-12-08,P1074,1,0.0,21.31,Net Banking,Delivered
O103444,C11509,2026-04-09,P1126,3,0.05,78.5,Net Banking,Shipped
O103445,C10174,2026-02-22,P1116,2,0.15,66.48,COD,Returned
O103446,C10816,2026-06-29,P1053,1,0.0,148.83,Credit Card,Delivered
O103447,C11322,2025-11-24,P1043,3,0.15,113.45,COD,Delivered
O103448,C10393,2026-04-19,P1143,1,0.0,114.89,Net Banking,Delivered
O103449,C10348,2026-01-26,P1019,1,0.0,26.7,COD,Delivered
O103450,C10026,2026-02-15,P1139,1,0.15,36.89,UPI,Shipped
O103451,C10138,2026-02-17,P1100,1,0.0,108.09,Credit Card,Cancelled
O103452,C10523,2025-09-29,P1085,4,0.0,77.74,Credit Card,Delivered
O103453,C11247,2025-11-01,P1059,1,0.15,33.97,Debit Card,Delivered
O103454,C11031,2026-05-31,P1038,2,0.2,48.2,Debit Card,Delivered
O103455,C10470,2025-09-19,P1085,1,0.2,11.09,Credit Card,Returned
O103456,C10025,2025-11-16,P1010,4,0.05,37.54,UPI,Delivered
O103457,C11465,2026-04-12,P1102,4,0.1,35.01,COD,Delivered
O103458,C10587,2026-02-26,P1132,2,0.05,29.4,UPI,Cancelled
O103459,C10708,2026-01-26,P1045,1,0.05,16.25,Debit Card,Delivered
O103460,C11878,2025-12-09,P1093,2,0.0,140.71,Debit Card,Delivered
O103461,C10110,2026-07-20,P1137,2,0.15,38.53,Credit Card,Shipped
O103462,C11801,2026-07-24,P1093,2,0.15,54.34,UPI,Delivered
O103463,C11269,2025-10-21,P1056,1,0.0,8.95,COD,Delivered
O103464,C11132,2026-06-11,P1028,4,0.0,122.9,UPI,Delivered
O103465,C11334,2026-01-05,P1083,2,0.2,53.05,Credit Card,Delivered
O103466,C10253,2026-02-26,P1038,4,0.0,148.65,Net Banking,Delivered
O103467,C11029,2026-02-14,P1132,1,0.0,35.39,Debit Card,Cancelled
O103468,C11506,2025-11-22,P1099,1,0.2,114.55,Net Banking,Delivered
O103469,C10872,2025-09-18,P1136,2,0.1,7.92,Net Banking,Shipped
O103470,C11813,2026-08-05,P1016,3,0.2,9.06,Debit Card,Pending
O103471,C10645,2026-02-20,P1124,1,0.05,149.85,Net Banking,Delivered
O103472,C11716,,P1123,1,0.2,87.72,UPI,Delivered
O103473,C10921,2026-07-28,P1036,1,0.2,67.43,Debit Card,Delivered
O103474,C10075,2025-11-30,P1023,2,0.0,3.2,Net Banking,Delivered
O103475,C11974,2026-04-21,P1098,2,0.05,135.65,Debit Card,Delivered
O103476,C10271,2026-04-02,P1053,1,0.05,51.71,Net Banking,Delivered
O103477,C11214,2026-08-12,P1116,2,0.1,93.83,Credit Card,Delivered
O103478,C10488,2025-10-31,P1146,1,0.15,23.02,UPI,Delivered
O103479,C10231,2025-12-23,P1141,1,0.15,75.83,COD,Delivered
O103480,C11885,2026-07-04,P1041,1,0.05,108.36,Net Banking,Delivered
O103481,C10354,2026-08-10,P1133,2,0.0,120.59,Net Banking,Returned
O103482,C11458,2025-09-15,P1148,2,0.2,7.99,Net Banking,Returned
O103483,C10344,2026-04-09,P1038,1,0.0,90.67,UPI,Delivered
O103484,C10240,2026-05-04,P1004,3,0.0,80.89,Credit Card,Delivered
O103485,C11821,2026-03-21,P1001,2,0.0,21.03,UPI,Delivered
O103486,C11070,2026-02-21,P1099,1,0.0,65.83,COD,Delivered
O103487,C10235,2026-07-30,P1012,4,0.15,53.73,UPI,Delivered
O103488,C11294,2026-03-13,P1143,3,0.2,58.29,COD,Delivered
O103489,C10250,2026-02-15,P1003,2,0.0,110.61,Net Banking,Delivered
O103490,C10606,2025-10-02,P1049,1,0.1,119.14,Debit Card,Delivered
O103491,C10191,2025-10-02,P1074,1,0.0,25.25,UPI,Returned
O103492,C10482,2026-01-27,P1142,2,0.2,12.91,Debit Card,Returned
O103493,C11331,2026-08-04,P1063,2,0.2,23.66,UPI,Delivered
O103494,C11547,2026-05-06,P1013,2,0.0,6.47,COD,Delivered
O103495,C11604,2025-08-27,P1141,2,0.2,64.48,Credit Card,Delivered
O103496,C10634,2026-08-20,P1105,1,0.2,18.93,Net Banking,Delivered
O103497,C11386,2026-02-23,P1026,1,0.05,131.5,UPI,Delivered
O103498,C11502,2026-07-17,P1005,1,0.0,101.79,COD,Cancelled
O103499,C10828,2026-07-01,P1047,4,0.0,94.27,UPI,Delivered
O103500,C11671,2026-05-28,P1072,2,0.0,10.95,Debit Card,Pending
O103501,C11205,2026-05-07,P1098,2,0.0,35.71,COD,Cancelled
O103502,C10679,2026-02-20,P1006,2,0.0,58.81,UPI,Delivered
O103503,C11992,2025-12-27,P1100,2,0.0,58.09,COD,Delivered
O103504,C10152,2026-01-10,P1004,2,0.0,129.84,COD,Returned
O103505,C10613,2026-02-06,P1023,2,0.15,63.58,UPI,Delivered
O103506,C11827,2025-10-13,P1058,4,0.0,90.09,Debit Card,Delivered
O103507,C10916,2025-10-29,P1139,2,0.2,104.69,Debit Card,Delivered
O103508,C11258,2026-04-14,P1069,1,0.0,45.74,Net Banking,Delivered
O103509,C11071,2025-08-22,P1004,1,0.15,64.41,Debit Card,Shipped
O103510,C11557,2026-02-03,P1050,2,0.15,25.07,COD,Delivered
O103511,C10415,2026-08-07,P1076,2,0.2,57.29,Net Banking,Delivered
O103512,C11095,2025-12-11,P1146,1,0.15,10.73,Net Banking,Delivered
O103513,C10327,2026-03-24,P1100,1,0.1,107.36,Net Banking,Delivered
O103514,C10032,2026-01-11,P1136,1,0.0,142.11,Credit Card,Delivered
O103515,C11143,2026-01-30,P1143,4,0.0,44.96,Net Banking,Returned
O103516,C11159,2026-06-16,P1031,1,0.1,12.47,COD,Delivered
O103517,C11397,2026-04-12,P1125,4,0.0,26.47,Net Banking,Delivered
O103518,C10063,2026-02-25,P1095,2,0.0,120.11,Net Banking,Delivered
O103519,C10744,2025-11-03,P1117,4,0.0,72.05,UPI,Delivered
O103520,C11837,2026-02-27,P1097,1,0.15,123.93,UPI,Delivered
O103521,C10485,2026-04-30,P1033,3,0.0,96.29,UPI,Pending
O103522,C10272,2026-01-08,P1111,4,0.2,22.76,Debit Card,Delivered
O103523,C11974,2026-08-02,P1134,1,0.1,61.33,Net Banking,Delivered
O103524,C11788,2025-09-10,P1048,3,0.15,29.55,COD,Delivered
O103525,C10162,2025-11-02,P1142,2,0.05,134.65,UPI,Shipped
O103526,C11838,2025-09-03,P1147,1,0.15,78.66,Debit Card,Returned
O103527,C11927,2026-04-12,P1019,2,0.1,126.78,COD,Delivered
O103528,C11046,2025-09-28,P1081,1,0.15,18.0,UPI,Delivered
O103529,C10936,2025-10-04,P1075,4,0.0,94.28,UPI,Delivered
O103530,C10283,,P1125,4,0.0,107.89,Debit Card,Delivered
O103531,C10379,2025-11-13,P1020,1,0.05,69.94,UPI,Delivered
O103532,C11633,2025-09-19,P1142,3,0.2,41.48,Credit Card,Delivered
O103533,C11247,2025-12-19,P1104,2,0.0,126.32,Credit Card,Delivered
O103534,C10363,2026-02-26,P1042,1,0.0,83.24,Credit Card,Delivered
O103535,C10978,2025-10-27,P1086,4,0.2,65.91,Net Banking,Delivered
O103536,C10921,2025-12-20,P1014,1,0.2,49.87,Debit Card,Shipped
O103537,C10751,2026-03-09,P1069,1,0.0,121.43,Credit Card,Delivered
O103538,C11134,2025-12-10,P1089,2,0.2,94.66,Debit Card,Delivered
O103539,C11707,2026-03-14,P1012,2,0.2,1.87,Debit Card,Delivered
O103540,C11036,2026-01-10,P1033,2,0.0,22.12,UPI,Cancelled
O103541,C10290,2025-11-30,P1033,1,0.05,20.45,Debit Card,Delivered
O103542,C10001,2026-04-17,P1148,2,0.0,57.39,UPI,Returned
O103543,C10102,2026-01-18,P1017,1,0.0,21.92,COD,Delivered
O103544,C11443,2025-10-13,P1088,2,0.0,80.53,COD,Delivered
O103545,C10109,2026-04-09,P1118,3,0.05,112.71,Credit Card,Delivered
O103546,C10279,2026-06-29,P1072,1,0.1,136.14,COD,Pending
O103547,C11031,2025-11-28,P1042,2,0.0,61.74,Net Banking,Delivered
O103548,C11818,2026-04-09,P1072,1,0.0,49.76,UPI,Delivered
O103549,C10995,2026-01-09,P1134,1,0.15,8.31,Net Banking,Delivered
O103550,C11411,2026-06-08,P1068,1,0.1,129.67,COD,Delivered
O103551,C10280,2026-01-16,P1108,2,0.0,64.26,UPI,Delivered
O103552,C11913,2025-09-15,P1139,2,0.0,147.83,Debit Card,Delivered
O103553,C10135,2026-06-15,P1016,2,0.0,77.37,Debit Card,Pending
O103554,C11314,2026-05-12,P1016,1,0.1,108.39,UPI,Delivered
O103555,C10762,2026-03-29,P1001,1,0.05,1.95,Net Banking,Delivered
O103556,C10950,2025-11-10,P1028,3,0.05,131.37,UPI,Delivered
O103557,C10876,2026-04-14,P1021,2,0.0,138.89,UPI,Shipped
O103558,C10466,2026-02-20,P1113,2,0.0,11.19,UPI,Cancelled
O103559,C10279,2025-12-13,P1052,4,0.15,102.45,UPI,Delivered
O103560,C10146,2026-07-17,P1111,2,0.0,145.46,Net Banking,Delivered
O103561,C10031,2025-09-30,P1002,3,0.05,33.44,COD,Delivered
O103562,C11435,2026-04-24,P1023,1,0.05,123.39,Net Banking,Delivered
O103563,C10640,2025-11-29,P1144,4,0.0,78.42,Debit Card,Delivered
O103564,C10465,2026-03-14,P1037,2,0.1,79.24,Net Banking,Delivered
O103565,C10847,2026-04-16,P1143,1,0.05,18.91,Net Banking,Delivered
O103566,C11757,2025-09-21,P1106,4,0.15,3.7,Debit Card,Delivered
O103567,C10527,2025-11-08,P1072,1,0.0,105.6,COD,Shipped
O103568,C10847,2026-07-18,P1023,3,0.0,46.81,Net Banking,Shipped
O103569,C11055,2026-04-30,P1037,3,0.1,70.32,COD,Delivered
O103570,C10637,2026-01-20,P1138,2,0.05,30.32,UPI,Delivered
O103571,C11579,2026-01-09,P1019,3,0.2,76.09,UPI,Delivered
O103572,C10093,2025-09-27,P1040,2,0.0,6.98,Debit Card,Shipped
O103573,C11360,2025-09-09,P1104,1,0.15,26.42,Credit Card,Delivered
O103574,C10141,2026-07-05,P1120,4,0.0,20.71,Debit Card,Delivered
O103575,C11806,2025-12-28,P1093,3,0.0,141.55,COD,Delivered
O103576,C11565,2026-01-31,P1062,2,0.1,79.71,Debit Card,Cancelled
O103577,C10311,2026-07-10,P1108,2,0.15,142.6,Net Banking,Delivered
O103578,C11766,2025-09-04,P1070,2,0.2,41.42,Net Banking,Delivered
O103579,C11527,2026-03-30,P1110,2,0.0,82.12,COD,Delivered
O103580,C11123,2025-11-02,P1057,1,0.15,140.97,Debit Card,Returned
O103581,C11907,2026-04-25,P1139,1,0.0,107.46,Net Banking,Delivered
O103582,C10622,2026-05-01,P1046,2,0.0,94.35,Debit Card,Shipped
O103583,C10784,2025-10-19,P1077,2,0.0,149.99,COD,Returned
O103584,C11107,2026-05-27,P1013,4,0.0,30.35,Debit Card,Delivered
O103585,C10913,2026-02-01,P1114,1,0.05,68.14,Debit Card,Delivered
O103586,C10806,2025-10-16,P1093,4,0.2,67.31,COD,Delivered
O103587,C10722,2026-05-10,P1021,2,0.0,47.95,Debit Card,Pending
O103588,C10327,2026-01-05,P1053,1,0.15,98.33,Net Banking,Delivered
O103589,C11689,2026-04-10,P1003,1,0.0,74.78,Net Banking,Delivered
O103590,C11919,2026-07-21,P1086,1,0.0,72.48,Debit Card,Delivered
O103591,C11011,2026-03-11,P1080,2,0.15,126.57,UPI,Delivered
O103592,C11229,2026-01-02,P1027,3,0.05,70.16,Credit Card,Delivered
O103593,C10171,2026-04-04,P1026,4,0.05,62.16,COD,Shipped
O103594,C11928,2026-02-06,P1100,1,0.0,54.37,UPI,Delivered
O103595,C11407,2026-06-28,P1005,1,0.2,88.17,Credit Card,Delivered
O103596,C10605,2025-10-26,P1114,3,0.0,33.55,COD,Delivered
O103597,C11440,2026-05-17,P1046,2,0.1,95.95,Credit Card,Delivered
O103598,C10832,2025-11-27,P1095,1,0.1,45.19,Credit Card,Delivered
O103599,C11884,2025-09-27,P1069,1,0.0,13.93,UPI,Delivered
O103600,C10002,2026-02-16,P1022,4,0.05,108.93,Credit Card,Delivered
O103601,C11846,2025-09-27,P1081,2,0.2,141.88,Net Banking,Delivered
O103602,C11971,2026-02-01,P1016,2,0.0,132.0,UPI,Delivered
O103603,C10856,2026-03-21,P1013,3,0.05,22.93,UPI,Delivered
O103604,C10691,2026-01-21,P1055,2,0.0,138.27,Credit Card,Returned
O103605,C10711,2026-08-21,P1067,1,0.15,75.49,COD,Delivered
O103606,C11265,2026-07-06,P1087,1,0.05,92.93,UPI,Delivered
O103607,C10090,2026-01-10,P1127,1,0.1,140.77,UPI,Shipped
O103608,C11443,2026-01-24,P1049,1,0.0,138.24,Credit Card,Delivered
O103609,C11128,2025-12-09,P1013,4,0.0,79.71,Debit Card,Delivered
O103610,C11209,2025-09-08,P1094,1,0.0,93.26,UPI,Returned
O103611,C11365,2026-03-30,P1017,4,0.0,138.73,UPI,Delivered
O103612,C10805,2026-07-15,P1074,3,0.0,81.35,Net Banking,Delivered
O103613,C10623,2026-02-21,P1004,1,0.0,28.67,Credit Card,Delivered
O103614,C11186,2026-07-16,P1031,3,0.0,1.82,UPI,Delivered
O103615,C10259,2026-04-15,P1009,1,0.0,11.62,Credit Card,Delivered
O103616,C11038,2025-10-29,P1073,2,0.2,117.0,UPI,Delivered
O103617,C10615,2026-03-07,P1025,1,0.0,63.32,Credit Card,Pending
O103618,C10690,2026-06-03,P1045,1,0.15,48.45,Net Banking,Delivered
O103619,C11557,2025-12-13,P1063,2,0.05,28.15,Debit Card,Delivered
O103620,C10698,2026-01-07,P1038,1,0.1,112.62,UPI,Delivered
O103621,C10145,2026-02-26,P1009,3,0.1,77.81,UPI,Delivered
O103622,C10998,2025-12-29,P1146,1,0.15,8.17,Net Banking,Delivered
O103623,C10040,2026-02-16,P1102,1,0.0,33.52,Net Banking,Delivered
O103624,C11872,2026-01-05,P1141,2,0.0,14.06,UPI,Delivered
O103625,C10793,2026-05-11,P1113,2,0.1,118.78,COD,Delivered
O103626,C11594,2026-04-23,P1062,1,0.1,59.46,COD,Delivered
O103627,C11423,2026-05-04,P1033,4,0.2,79.15,Credit Card,Delivered
O103628,C11168,2026-05-13,P1074,4,0.0,97.35,Debit Card,Delivered
O103629,C11973,2026-04-03,P1096,2,0.15,117.17,Credit Card,Delivered
O103630,C10805,2026-04-28,P1126,3,0.2,142.36,COD,Delivered
O103631,C11737,2025-09-05,P1041,2,0.2,136.71,Debit Card,Delivered
O103632,C10447,2026-08-09,P1042,4,0.0,95.64,Debit Card,Cancelled
O103633,C10150,2026-03-18,P1127,1,0.2,44.63,Credit Card,Pending
O103634,C10642,2025-12-07,P1066,4,0.05,1.63,Credit Card,Returned
O103635,C10377,2026-08-14,P1074,1,0.15,97.58,UPI,Delivered
O103636,C10522,2025-08-31,P1048,1,0.2,149.67,Net Banking,Delivered
O103637,C10383,2026-03-28,P1147,2,0.0,127.97,Credit Card,Delivered
O103638,C10454,2025-11-24,P1079,1,0.0,146.14,Debit Card,Cancelled
O103639,C10143,2026-08-11,P1004,3,0.0,14.5,UPI,Delivered
O103640,C11318,2026-02-21,P1108,3,0.0,81.68,UPI,Delivered
O103641,C10012,2026-07-11,P1139,1,0.15,96.35,Net Banking,Returned
O103642,C11046,2026-06-25,P1065,2,0.05,33.9,Credit Card,Delivered
O103643,C11816,2025-10-03,P1030,2,0.15,100.05,UPI,Delivered
O103644,C10910,2025-10-19,P1057,2,0.1,121.51,Credit Card,Delivered
O103645,C10014,2026-07-07,P1073,2,0.05,125.46,Debit Card,Pending
O103646,C11892,2025-11-30,P1117,2,0.1,106.01,Debit Card,Shipped
O103647,C11153,2026-05-08,P1143,2,0.2,34.17,Net Banking,Delivered
O103648,C11756,2026-07-07,P1145,4,0.0,119.43,Credit Card,Delivered
O103649,C11216,2026-03-29,P1109,1,0.0,52.89,Debit Card,Delivered
O103650,C10096,2026-06-12,P1060,4,0.0,11.87,Credit Card,Delivered
O103651,C11647,2026-04-10,P1046,3,0.1,43.21,UPI,Returned
O103652,C10290,2026-06-01,P1118,1,0.0,37.09,Debit Card,Delivered
O103653,C10383,2026-05-24,P1020,1,0.0,32.33,Debit Card,Delivered
O103654,C10949,2026-05-16,P1007,2,0.0,4.84,Net Banking,Delivered
O103655,C11859,2026-03-24,P1114,2,0.0,98.02,UPI,Delivered
O103656,C10706,2026-04-30,P1042,1,0.05,144.91,Credit Card,Delivered
O103657,C11128,2025-12-30,P1002,2,0.05,96.9,Credit Card,Delivered
O103658,C11435,2026-07-01,P1044,3,0.0,121.51,UPI,Delivered
O103659,C11246,2026-05-09,P1044,2,0.2,27.03,UPI,Delivered
O103660,C11865,2026-04-17,P1135,2,0.05,132.09,UPI,Delivered
O103661,C11864,2026-06-25,P1126,1,0.05,38.63,UPI,Delivered
O103662,C11159,2025-08-21,P1025,2,0.05,123.19,COD,Delivered
O103663,C10230,2026-06-01,P1129,2,0.0,68.33,COD,Delivered
O103664,C10761,2026-07-23,P1086,1,0.0,34.71,Net Banking,Delivered
O103665,C11496,2026-03-21,P1081,1,0.2,12.05,Net Banking,Shipped
O103666,C11414,2026-05-17,P1121,1,0.0,132.88,Credit Card,Delivered
O103667,C10193,2025-10-03,P1098,2,0.0,105.64,Net Banking,Delivered
O103668,C11452,2025-09-07,P1013,4,0.05,128.18,Debit Card,Returned
O103669,C10981,2025-11-19,P1137,2,0.2,30.86,Net Banking,Cancelled
O103670,C10138,2025-08-22,P1141,2,0.0,105.33,COD,Delivered
O103671,C10317,2026-02-13,P1131,2,0.05,76.93,Net Banking,Delivered
O103672,C10354,2026-05-21,P1131,1,0.0,15.55,Debit Card,Delivered
O103673,C11807,2025-11-12,P1080,1,0.2,82.72,UPI,Delivered
O103674,C11053,2026-01-14,P1036,2,0.2,35.96,Credit Card,Shipped
O103675,C10977,2025-12-02,P1042,2,0.0,107.06,UPI,Delivered
O103676,C11129,2025-10-15,P1055,2,0.0,98.39,Net Banking,Delivered
O103677,C10262,2026-05-11,P1059,1,0.2,83.84,Credit Card,Delivered
O103678,C10319,2025-10-25,P1016,1,0.0,70.7,Debit Card,Delivered
O103679,C10571,2026-04-25,P1125,1,0.05,43.6,Debit Card,Delivered
O103680,C11498,2026-08-04,P1034,1,0.05,128.15,Net Banking,Shipped
O103681,C10136,2025-12-05,P1108,2,0.0,82.87,Debit Card,Delivered
O103682,C11456,2025-12-17,P1051,1,0.0,81.85,UPI,Delivered
O103683,C11507,2025-12-19,P1004,2,0.0,127.19,Credit Card,Delivered
O103684,C10426,2026-05-25,P1013,1,0.0,12.23,Debit Card,Returned
O103685,C11426,2026-04-23,P1039,1,0.0,56.52,Credit Card,Cancelled
O103686,C10268,2026-03-04,P1113,4,0.1,75.85,COD,Delivered
O103687,C11906,2026-02-08,P1033,4,0.2,12.37,UPI,Delivered
O103688,C11471,2026-01-17,P1050,1,0.0,90.88,UPI,Returned
O103689,C11556,2026-02-09,P1034,1,0.05,50.94,Net Banking,Delivered
O103690,C10688,2025-11-27,P1013,4,0.15,141.02,COD,Delivered
O103691,C10404,2026-04-19,P1001,1,0.05,63.1,UPI,Delivered
O103692,C11625,2025-10-31,P1060,3,0.0,148.5,COD,Delivered
O103693,C10729,2026-08-17,P1102,2,0.0,137.07,Net Banking,Delivered
O103694,C11101,2026-04-26,P1058,4,0.1,37.41,Credit Card,Shipped
O103695,C11401,2026-05-10,P1006,2,0.05,63.35,Credit Card,Pending
O103696,C10184,2026-01-15,P1107,1,0.2,41.79,UPI,Delivered
O103697,C10775,2025-09-15,P1011,2,0.2,26.78,Credit Card,Delivered
O103698,C11958,2025-10-18,P1136,1,0.1,112.65,Credit Card,Delivered
O103699,C11609,2026-01-14,P1008,2,0.0,8.94,Debit Card,Delivered
O103700,C11978,2025-12-19,P1139,1,0.05,75.64,Debit Card,Delivered
O103701,C10793,2026-06-08,P1101,3,0.0,130.69,Credit Card,Delivered
O103702,C10167,2026-04-12,P1052,1,0.15,54.88,UPI,Delivered
O103703,C10029,2026-07-05,P1129,2,0.15,143.53,UPI,Delivered
O103704,C11142,2026-05-21,P1095,4,0.0,97.24,COD,Cancelled
O103705,C11859,2026-06-30,P1101,1,0.0,136.8,COD,Pending
O103706,C11797,2026-05-18,P1011,1,0.2,23.56,COD,Delivered
O103707,C10807,2025-08-23,P1040,1,0.2,94.65,UPI,Delivered
O103708,C11647,2026-05-24,P1101,1,0.2,47.07,Debit Card,Delivered
O103709,C10621,2025-11-02,P1149,3,0.05,29.32,Debit Card,Shipped
O103710,C11605,2026-04-28,P1066,4,0.0,105.41,Debit Card,Delivered
O103711,C10904,2026-06-19,P1111,1,0.2,83.56,COD,Pending
O103712,C11403,2026-06-07,P1079,3,0.05,41.33,Net Banking,Shipped
O103713,C11469,2026-02-25,P1058,4,0.1,116.71,Net Banking,Delivered
O103714,C10018,2026-05-12,P1078,1,0.15,87.6,Net Banking,Delivered
O103715,C10930,2025-12-09,P1049,4,0.15,78.01,Credit Card,Cancelled
O103716,C10790,2026-03-22,P1035,3,0.0,42.26,COD,Returned
O103717,C10241,2025-10-11,P1023,3,0.1,109.31,Debit Card,Pending
O103718,C10524,2025-12-21,P1056,3,0.2,65.9,COD,Delivered
O103719,C11884,2025-11-13,P1088,1,0.1,1.43,Net Banking,Delivered
O103720,C10546,2026-04-21,P1039,2,0.15,78.85,UPI,Delivered
O103721,C11742,2025-08-26,P1132,2,0.1,77.46,UPI,Delivered
O103722,C11010,2026-03-17,P1026,2,0.0,42.23,Net Banking,Returned
O103723,C10303,2026-02-16,P1062,1,0.1,20.31,Debit Card,Returned
O103724,C11457,2026-07-14,P1022,2,0.0,28.85,Net Banking,Delivered
O103725,C10779,2026-08-21,P1068,1,0.0,114.12,Credit Card,Delivered
O103726,C10694,2025-10-08,P1062,1,0.0,99.79,Credit Card,Shipped
O103727,C11972,2025-10-01,P1073,1,0.0,30.0,COD,Pending
O103728,C10383,2026-02-09,P1094,1,0.15,142.24,UPI,Delivered
O103729,C10484,2026-01-12,P1058,1,0.0,48.79,Credit Card,Delivered
O103730,C10415,2026-08-04,P1009,2,0.05,105.24,Credit Card,Delivered
O103731,C11447,2025-10-03,P1094,1,0.1,10.17,Net Banking,Delivered
O103732,C10058,2026-01-30,P1096,2,0.1,62.49,Debit Card,Delivered
O103733,C10957,2025-12-24,P1100,4,0.15,138.54,Net Banking,Delivered
O103734,C11023,2025-11-29,P1085,1,0.0,91.04,COD,Delivered
O103735,C11459,2026-08-19,P1069,1,0.0,14.09,Debit Card,Pending
O103736,C10739,2025-10-26,P1062,1,0.1,34.98,COD,Delivered
O103737,C10968,2026-02-28,P1070,2,0.1,47.39,COD,Delivered
O103738,C11492,2026-08-14,P1129,4,0.0,21.42,COD,Pending
O103739,C10131,2025-10-01,P1111,1,0.0,111.7,Credit Card,Returned
O103740,C10260,2026-02-06,P1021,1,0.0,21.88,Credit Card,Delivered
O103741,C10758,2026-05-21,P1006,2,0.0,86.28,Net Banking,Delivered
O103742,C10017,2025-12-09,P1147,1,0.2,43.7,Debit Card,Returned
O103743,C11919,2026-05-01,P1079,2,0.0,103.76,Net Banking,Delivered
O103744,C10700,2026-06-12,P1048,1,0.15,115.89,COD,Delivered
O103745,C10662,2026-07-24,P1096,2,0.0,107.83,Net Banking,Delivered
O103746,C10619,2026-03-05,P1115,1,0.1,100.51,Credit Card,Delivered
O103747,C11890,2026-01-21,P1062,1,0.0,35.43,UPI,Delivered
O103748,C10566,2026-06-20,P1035,1,0.0,51.77,Credit Card,Delivered
O103749,C11470,2025-11-17,P1031,1,0.0,34.65,Debit Card,Delivered
O103750,C10251,2026-04-20,P1074,4,0.1,76.98,UPI,Pending
O103751,C11954,2026-04-18,P1068,1,0.15,78.26,Net Banking,Delivered
O103752,C10508,2025-11-23,P1041,4,0.15,59.74,COD,Shipped
O103753,C10617,2026-03-27,P1082,1,0.15,14.27,Debit Card,Delivered
O103754,C11659,2025-12-06,P1015,2,0.0,145.97,COD,Delivered
O103755,C10451,2025-09-30,P1118,1,0.2,130.64,Credit Card,Delivered
O103756,C11859,2025-10-05,P1005,1,0.1,65.41,UPI,Delivered
O103757,C11406,2026-07-27,P1032,2,0.0,14.91,COD,Pending
O103758,C11684,2026-07-29,P1092,1,0.0,129.05,Credit Card,Delivered
O103759,C10247,2025-09-04,P1021,3,0.2,47.09,Debit Card,Shipped
O103760,C10915,2026-08-19,P1024,1,0.2,51.55,Net Banking,Delivered
O103761,C10321,2026-05-16,P1054,3,0.15,25.62,Debit Card,Shipped
O103762,C11348,2026-07-10,P1072,1,0.0,87.14,Credit Card,Delivered
O103763,C11856,2026-06-30,P1130,3,0.15,127.63,COD,Delivered
O103764,C11729,2025-09-18,P1128,4,0.0,60.93,UPI,Delivered
O103765,C10398,2025-10-18,P1042,1,0.0,19.62,UPI,Delivered
O103766,C10842,2026-07-20,P1088,2,0.1,22.22,Credit Card,Delivered
O103767,C10911,2026-02-19,P1119,4,0.0,35.07,COD,Delivered
O103768,C10881,2026-06-09,P1103,4,0.0,57.23,Debit Card,Delivered
O103769,C10400,2026-04-02,P1120,1,0.05,84.68,UPI,Delivered
O103770,C11866,2026-06-16,P1016,3,0.0,107.92,UPI,Returned
O103771,C11289,2026-07-10,P1092,2,0.05,16.12,Credit Card,Shipped
O103772,C11910,2025-10-06,P1138,2,0.0,90.43,UPI,Delivered
O103773,C11918,2026-01-13,P1095,1,0.05,40.44,Debit Card,Delivered
O103774,C11349,2026-03-10,P1012,1,0.1,4.24,UPI,Delivered
O103775,C10312,2025-11-26,P1124,2,0.15,49.58,Credit Card,Shipped
O103776,C10135,2025-09-09,P1080,1,0.0,70.36,Credit Card,Delivered
O103777,C11357,2026-04-07,P1050,3,0.05,110.28,UPI,Delivered
O103778,C11238,2025-09-26,P1078,2,0.1,75.69,Credit Card,Pending
O103779,C11418,2026-08-19,P1032,2,0.1,106.55,Credit Card,Shipped
O103780,C11084,2025-12-21,P1023,4,0.15,116.73,COD,Pending
O103781,C11861,2025-09-02,P1009,1,0.0,22.21,Credit Card,Delivered
O103782,C10775,2026-04-17,P1089,1,0.05,0.39,Debit Card,Delivered
O103783,C11062,2026-07-08,P1101,1,0.0,131.15,Credit Card,Returned
O103784,C10055,2026-04-09,P1048,1,0.0,83.78,Net Banking,Shipped
O103785,C11753,2025-11-24,P1125,2,0.0,98.27,Credit Card,Delivered
O103786,C11473,2026-07-28,P1096,2,0.0,22.01,Net Banking,Delivered
O103787,C11830,2026-03-06,P1055,2,0.0,139.25,Credit Card,Delivered
O103788,C10309,2025-11-07,P1114,1,0.2,142.3,Credit Card,Delivered
O103789,C10390,2026-06-21,P1134,1,0.05,99.45,Net Banking,Delivered
O103790,C10003,2026-05-10,P1074,2,0.0,39.83,Debit Card,Cancelled
O103791,C11416,2026-07-06,P1057,1,0.05,142.96,Debit Card,Delivered
O103792,C10465,2026-01-03,P1109,3,0.15,44.01,COD,Delivered
O103793,C10717,2026-07-23,P1009,2,0.0,41.62,COD,Delivered
O103794,C11859,2025-10-30,P1013,2,0.0,96.39,Net Banking,Pending
O103795,C10094,2026-03-01,P1131,2,0.2,130.73,Credit Card,Delivered
O103796,C11020,2026-06-23,P1031,4,0.0,111.46,Net Banking,Shipped
O103797,C11700,2026-02-25,P1052,1,0.05,77.33,COD,Delivered
O103798,C10029,2026-01-04,P1126,1,0.0,23.51,UPI,Delivered
O103799,C10205,2026-07-07,P1091,1,0.1,140.11,Net Banking,Delivered
O103800,C11972,2025-10-06,P1143,2,0.0,75.18,Net Banking,Delivered
O103801,C10375,2025-11-15,P1023,4,0.2,61.72,COD,Delivered
O103802,C11725,2026-03-16,P1112,2,0.2,33.37,Debit Card,Delivered
O103803,C10529,2026-02-23,P1104,1,0.05,64.1,COD,Delivered
O103804,C10907,2026-03-04,P1068,2,0.15,6.3,Credit Card,Delivered
O103805,C11987,2026-05-19,P1056,2,0.1,145.79,Credit Card,Delivered
O103806,C10331,2026-05-08,P1131,4,0.0,36.94,UPI,Delivered
O103807,C11545,2026-08-09,P1075,4,0.0,5.71,Debit Card,Pending
O103808,C10709,2026-04-08,P1144,1,0.0,117.82,Net Banking,Delivered
O103809,C11671,2025-10-27,P1048,2,0.0,131.98,Credit Card,Shipped
O103810,C10725,2026-03-15,P1104,3,0.0,24.06,UPI,Delivered
O103811,C11682,2025-10-06,P1087,2,0.1,39.79,Credit Card,Delivered
O103812,C10101,2026-07-09,P1100,3,0.1,22.86,Credit Card,Cancelled
O103813,C11302,2026-02-14,P1123,1,0.05,17.69,Credit Card,Delivered
O103814,C11327,2026-07-16,P1030,3,0.0,116.24,Net Banking,Delivered
O103815,C10813,2026-01-15,P1126,1,0.0,119.98,Debit Card,Delivered
O103816,C10484,2026-01-13,P1002,1,0.0,97.55,COD,Delivered
O103817,C10470,2026-05-14,P1144,1,0.05,103.12,Debit Card,Shipped
O103818,C11338,2025-09-28,P1144,1,0.0,129.99,Debit Card,Delivered
O103819,C11820,2026-03-30,P1019,4,0.0,48.35,Credit Card,Shipped
O103820,C10358,2026-06-27,P1103,1,0.0,133.92,UPI,Delivered
O103821,C10588,2026-03-18,P1103,2,0.15,124.07,Credit Card,Delivered
O103822,C11475,2026-05-07,P1122,1,0.0,17.86,Debit Card,Delivered
O103823,C10643,2025-11-01,P1071,2,0.15,40.53,COD,Delivered
O103824,C10653,2026-03-25,P1065,1,0.1,118.55,Net Banking,Delivered
O103825,C10357,2026-01-17,P1018,1,0.0,108.75,Debit Card,Delivered
O103826,C11476,2025-11-17,P1069,2,0.15,143.14,UPI,Delivered
O103827,C11570,2026-06-03,P1088,1,0.0,114.76,Debit Card,Delivered
O103828,C10035,2026-07-12,P1146,2,0.1,46.96,UPI,Delivered
O103829,C10770,2026-03-12,P1055,1,0.0,42.87,Net Banking,Delivered
O103830,C11121,2026-02-22,P1128,4,0.0,139.07,Debit Card,Shipped
O103831,C10124,2026-04-24,P1123,1,0.0,75.57,UPI,Shipped
O103832,C10038,2026-07-28,P1065,2,0.15,42.54,Credit Card,Delivered
O103833,C10325,2026-02-20,P1004,2,0.2,138.62,UPI,Delivered
O103834,C11336,2026-03-12,P1128,2,0.0,30.69,UPI,Delivered
O103835,C11356,2026-05-11,P1023,4,0.05,95.2,Credit Card,Delivered
O103836,C11927,2025-09-25,P1052,2,0.0,11.55,Net Banking,Delivered
O103837,C11468,2026-04-01,P1111,2,0.05,85.95,Net Banking,Delivered
O103838,C11090,2026-03-10,P1146,1,0.05,111.35,COD,Delivered
O103839,C11160,2025-10-16,P1134,4,0.0,48.52,COD,Delivered
O103840,C10338,2025-11-29,P1110,1,0.0,114.49,COD,Returned
O103841,C10474,2026-06-19,P1021,1,0.0,66.88,Net Banking,Pending
O103842,C10380,2026-04-25,P1034,1,0.1,124.35,COD,Delivered
O103843,C11383,2025-11-27,P1008,2,0.1,40.05,COD,Pending
O103844,C11425,2026-02-10,P1148,3,0.05,39.36,Net Banking,Delivered
O103845,C10974,2026-01-28,P1140,3,0.2,19.37,COD,Delivered
O103846,C11722,2026-01-10,P1054,2,0.0,80.19,Net Banking,Returned
O103847,C11431,2025-11-10,P1080,4,0.15,39.66,Credit Card,Delivered
O103848,C10188,2025-12-09,P1098,1,0.0,145.16,Debit Card,Delivered
O103849,C10064,2026-05-21,P1132,3,0.0,92.06,Net Banking,Delivered
O103850,C10373,2025-10-14,P1060,1,0.15,115.2,UPI,Delivered
O103851,C10325,2026-07-10,P1031,2,0.1,87.54,Net Banking,Delivered
O103852,C11725,2026-05-15,P1007,1,0.0,8.41,Debit Card,Delivered
O103853,C10775,2026-05-03,P1070,1,0.1,59.25,Debit Card,Delivered
O103854,C10935,2025-09-12,P1073,1,0.15,126.64,COD,Delivered
O103855,C10103,2026-06-10,P1001,1,0.2,100.48,Credit Card,Delivered
O103856,C11150,2025-09-15,P1119,3,0.05,22.4,COD,Delivered
O103857,C11116,2025-10-03,P1112,3,0.05,11.72,COD,Delivered
O103858,C11173,2025-11-08,P1115,1,0.15,91.22,Net Banking,Delivered
O103859,C10634,2026-08-20,P1023,1,0.0,136.71,COD,Shipped
O103860,C10790,2026-05-01,P1089,3,0.0,94.15,COD,Delivered
O103861,C10070,2026-05-18,P1066,1,0.15,63.6,Debit Card,Delivered
O103862,C10833,2026-02-10,P1063,2,0.0,28.55,Debit Card,Delivered
O103863,C10452,2025-10-21,P1121,3,0.0,133.08,Credit Card,Delivered
O103864,C11514,2026-01-06,P1099,1,0.0,125.96,Debit Card,Delivered
O103865,C11263,2026-04-23,P1048,2,0.0,105.6,COD,Delivered
O103866,C10226,2026-01-09,P1145,4,0.15,72.4,Debit Card,Delivered
O103867,C11426,2026-08-06,P1098,1,0.15,87.77,Credit Card,Delivered
O103868,C10102,2026-03-20,P1095,1,0.0,113.65,Net Banking,Delivered
O103869,C10017,2026-04-02,P1046,1,0.15,90.8,Debit Card,Delivered
O103870,C10331,2026-02-02,P1136,4,0.2,39.1,Credit Card,Delivered
O103871,C11382,2026-06-22,P1053,1,0.15,103.42,COD,Delivered
O103872,C10161,2025-10-24,P1081,2,0.05,58.29,Net Banking,Delivered
O103873,C11075,2026-01-13,P1144,1,0.0,66.48,Net Banking,Shipped
O103874,C11253,2026-07-13,P1101,3,0.1,16.88,Debit Card,Returned
O103875,C10848,2026-03-06,P1112,1,0.1,55.1,Credit Card,Delivered
O103876,C10677,2025-09-14,P1068,1,0.05,36.69,Debit Card,Shipped
O103877,C10630,2026-07-12,P1066,1,0.0,52.66,UPI,Shipped
O103878,C10626,2025-08-23,P1032,3,0.0,19.26,COD,Delivered
O103879,C11236,2026-04-16,P1063,1,0.15,139.69,Net Banking,Delivered
O103880,C11446,2026-05-02,P1067,3,0.1,14.43,Debit Card,Delivered
O103881,C10584,2026-04-14,P1058,4,0.0,70.24,Net Banking,Returned
O103882,C11797,2026-08-13,P1105,1,0.0,108.11,Debit Card,Delivered
O103883,C11555,2026-01-14,P1144,4,0.0,93.63,Credit Card,Delivered
O103884,C10098,2026-06-02,P1085,1,0.1,146.69,Net Banking,Delivered
O103885,C11240,2025-12-25,P1123,1,0.0,124.62,Credit Card,Pending
O103886,C11371,2025-10-14,P1137,1,0.0,57.49,Net Banking,Delivered
O103887,C11913,2026-03-29,P1070,1,0.05,3.86,UPI,Delivered
O103888,C10213,2025-11-18,P1003,1,0.05,60.19,Net Banking,Delivered
O103889,C10126,2025-09-15,P1045,2,0.0,141.22,UPI,Cancelled
O103890,C11560,2025-12-10,P1012,1,0.1,144.18,COD,Delivered
O103891,C11842,2026-08-02,P1133,1,0.0,117.19,Debit Card,Delivered
O103892,C11291,2025-08-21,P1106,3,0.15,8.81,Debit Card,Delivered
O103893,C11640,2025-10-22,P1150,2,0.0,21.86,Credit Card,Cancelled
O103894,C10258,2026-04-19,P1010,3,0.05,36.48,Credit Card,Delivered
O103895,C10619,2025-11-12,P1072,1,0.1,73.75,Net Banking,Delivered
O103896,C10624,2026-07-04,P1098,3,0.15,108.43,UPI,Delivered
O103897,C11252,2026-07-23,P1058,4,0.2,64.13,Net Banking,Delivered
O103898,C10057,2026-01-28,P1037,4,0.0,93.77,Debit Card,Delivered
O103899,C11595,2025-09-12,P1030,2,0.0,53.48,Credit Card,Shipped
O103900,C10946,2026-05-14,P1086,1,0.0,129.37,COD,Cancelled
O103901,C11083,2025-12-05,P1101,3,0.05,103.55,Credit Card,Delivered
O103902,C10691,2025-12-27,P1121,4,0.05,114.15,UPI,Delivered
O103903,C10882,2026-03-01,P1021,1,0.05,8.67,Net Banking,Delivered
O103904,C11935,2026-03-05,P1018,2,0.0,117.26,Debit Card,Delivered
O103905,C11132,2025-11-07,P1077,1,0.2,25.15,Credit Card,Delivered
O103906,C10671,2025-09-02,P1102,4,0.0,107.69,COD,Delivered
O103907,C10149,2025-10-13,P1058,1,0.05,128.71,Net Banking,Delivered
O103908,C10099,2026-05-20,P1053,2,0.0,120.06,Debit Card,Returned
O103909,C10391,2026-04-21,P1105,1,0.15,14.63,Credit Card,Returned
O103910,C11518,2026-01-19,P1035,4,0.0,9.68,UPI,Cancelled
O103911,C10400,2026-02-21,P1080,1,0.05,81.55,COD,Delivered
O103912,C10543,2026-06-22,P1105,1,0.2,80.7,Credit Card,Delivered
O103913,C10039,2026-07-15,P1078,2,0.15,81.09,Credit Card,Delivered
O103914,C11463,2025-10-27,P1149,1,0.0,139.72,COD,Delivered
O103915,C11420,2026-06-18,P1102,4,0.2,93.02,Net Banking,Cancelled
O103916,C10067,2025-11-01,P1142,4,0.1,84.38,Debit Card,Delivered
O103917,C11838,2026-05-26,P1037,1,0.05,119.86,Net Banking,Cancelled
O103918,C10782,2026-04-17,P1150,1,0.0,77.18,UPI,Delivered
O103919,C11649,2025-10-26,P1023,1,0.1,16.43,COD,Delivered
O103920,C10586,2026-07-27,P1017,1,0.0,44.77,COD,Delivered
O103921,C10077,2026-04-13,P1078,3,0.0,1.05,Credit Card,Cancelled
O103922,C10120,2026-05-04,P1040,3,0.0,112.52,Credit Card,Delivered
O103923,C11621,2026-06-26,P1094,1,0.1,144.59,UPI,Delivered
O103924,C11670,2025-08-30,P1144,1,0.0,76.57,Net Banking,Pending
O103925,C10865,2026-02-03,P1101,1,0.0,116.51,Debit Card,Delivered
O103926,C11540,2026-05-17,P1087,2,0.0,98.77,Credit Card,Delivered
O103927,C10274,2025-12-03,P1134,4,0.0,62.23,Credit Card,Delivered
O103928,C10479,2026-06-15,P1003,2,0.05,133.03,Credit Card,Delivered
O103929,C10677,2026-05-05,P1103,1,0.0,30.87,Net Banking,Pending
O103930,C10442,2025-08-29,P1053,1,0.15,22.98,UPI,Delivered
O103931,C10450,2025-09-19,P1051,1,0.0,27.64,Debit Card,Delivered
O103932,C10904,2026-04-08,P1018,2,0.0,70.04,UPI,Delivered
O103933,C10877,2026-05-03,P1117,1,0.15,24.52,Debit Card,Returned
O103934,C10022,2026-08-19,P1113,1,0.15,70.51,COD,Delivered
O103935,C10980,2026-03-05,P1089,1,0.0,75.04,Debit Card,Delivered
O103936,C11533,2025-10-03,P1015,4,0.0,35.19,Credit Card,Delivered
O103937,C10759,2026-08-15,P1054,4,0.1,139.32,UPI,Delivered
O103938,C11851,2026-02-06,P1045,1,0.0,27.52,Credit Card,Shipped
O103939,C11139,2025-09-29,P1067,2,0.0,27.74,COD,Delivered
O103940,C10060,2025-11-27,P1056,3,0.0,11.44,Debit Card,Delivered
O103941,C11948,2026-05-15,P1034,3,0.15,146.76,UPI,Delivered
O103942,C10607,2025-12-02,P1118,3,0.0,53.17,UPI,Pending
O103943,C11638,2026-04-21,P1149,1,0.15,130.6,UPI,Delivered
O103944,C11470,2026-02-20,P1042,2,0.15,1.49,Credit Card,Delivered
O103945,C10272,2025-12-11,P1075,1,0.2,0.03,UPI,Returned
O103946,C10120,2026-06-20,P1113,2,0.05,38.92,COD,Returned
O103947,C10531,2026-06-14,P1140,1,0.0,58.76,COD,Shipped
O103948,C11963,2026-01-21,P1027,2,0.2,80.47,COD,Delivered
O103949,C11416,2026-05-07,P1127,4,0.0,52.67,Debit Card,Cancelled
O103950,C10848,2026-05-13,P1028,3,0.05,58.48,Net Banking,Shipped
O103951,C11231,2025-10-24,P1047,3,0.0,140.46,Debit Card,Delivered
O103952,C10737,2025-10-28,P1139,2,0.1,91.76,Credit Card,Delivered
O103953,C11886,2026-03-31,P1113,2,0.1,100.15,Credit Card,Shipped
O103954,C10961,2026-03-11,P1038,1,0.1,32.12,Debit Card,Delivered
O103955,C11907,2026-06-19,P1017,2,0.0,95.55,Credit Card,Delivered
O103956,C11227,2025-12-28,P1011,4,0.05,26.95,Net Banking,Shipped
O103957,C10703,2025-09-23,P1099,3,0.15,82.72,COD,Shipped
O103958,C10578,2026-02-04,P1066,3,0.1,97.93,Net Banking,Shipped
O103959,C10302,2025-12-15,P1064,3,0.2,16.56,COD,Delivered
O103960,C10385,2025-11-04,P1116,1,0.1,35.4,Net Banking,Shipped
O103961,C10157,2026-01-08,P1048,1,0.1,46.92,UPI,Delivered
O103962,C10177,2025-10-08,P1013,4,0.2,23.59,UPI,Delivered
O103963,C11979,2026-05-15,P1132,1,0.1,144.5,UPI,Delivered
O103964,C10710,2026-07-23,P1142,1,0.0,132.07,COD,Shipped
O103965,C11522,2026-03-11,P1013,1,0.0,1.95,UPI,Delivered
O103966,C10102,2026-05-26,P1125,2,0.0,37.1,Debit Card,Delivered
O103967,C11635,2026-07-29,P1058,2,0.0,69.74,Net Banking,Delivered
O103968,C10213,2025-08-26,P1065,2,0.1,7.01,Debit Card,Delivered
O103969,C10652,2026-04-24,P1029,4,0.0,24.79,COD,Delivered
O103970,C10360,2025-12-31,P1037,4,0.0,50.84,COD,Pending
O103971,C11533,2026-04-22,P1066,1,0.0,94.94,Credit Card,Delivered
O103972,C10931,2026-02-23,P1047,3,0.05,64.05,Credit Card,Delivered
O103973,C11756,2026-08-17,P1075,3,0.1,93.42,Credit Card,Delivered
O103974,C10770,2025-12-09,P1046,2,0.2,33.23,COD,Delivered
O103975,C11404,2025-11-10,P1067,2,0.2,79.47,Net Banking,Cancelled
O103976,C10784,2026-08-02,P1050,3,0.2,46.51,Credit Card,Shipped
O103977,C10004,2025-12-21,P1139,2,0.0,0.56,Credit Card,Delivered
O103978,C10594,2025-12-12,P1076,2,0.2,36.01,Debit Card,Delivered
O103979,C11854,2025-11-25,P1005,4,0.1,135.59,Debit Card,Delivered
O103980,C11063,2026-04-17,P1128,1,0.2,85.17,Net Banking,Delivered
O103981,C11890,2026-07-04,P1085,4,0.1,78.57,UPI,Delivered
O103982,C10043,2026-05-28,P1043,1,0.1,29.14,UPI,Cancelled
O103983,C11258,2025-11-29,P1097,1,0.2,65.25,Net Banking,Delivered
O103984,C10147,2025-11-22,P1081,1,0.0,77.11,Credit Card,Shipped
O103985,C10918,2026-02-01,P1128,2,0.15,134.06,Debit Card,Delivered
O103986,C11851,2026-04-18,P1047,4,0.2,133.6,COD,Delivered
O103987,C11348,2025-10-30,P1054,2,0.1,141.52,Credit Card,Pending
O103988,C11225,2025-11-04,P1082,4,0.0,22.71,COD,Delivered
O103989,C10379,2026-03-16,P1116,1,0.15,102.22,COD,Delivered
O103990,C11628,2026-03-18,P1044,2,0.0,116.7,Credit Card,Returned
O103991,C11162,2026-02-16,P1040,1,0.0,48.31,UPI,Delivered
O103992,C11815,2025-12-07,P1103,4,0.0,114.06,Debit Card,Delivered
O103993,C10291,2026-04-02,P1035,1,0.0,3.35,UPI,Delivered
O103994,C11173,2025-10-31,P1041,1,0.15,147.56,Credit Card,Delivered
O103995,C10240,2025-11-09,P1019,2,0.0,136.21,Debit Card,Returned
O103996,C11956,2026-03-24,P1106,1,0.0,9.97,Credit Card,Delivered
O103997,C11212,2026-06-09,P1082,2,0.1,67.66,Debit Card,Shipped
O103998,C11436,2025-11-24,P1149,1,0.05,47.82,COD,Delivered
O103999,C10501,2025-10-11,P1119,2,0.05,16.96,Credit Card,Delivered
O104000,C10353,2026-01-07,P1076,4,0.2,105.19,Credit Card,Delivered
O104001,C10773,2025-11-05,P1020,1,0.2,14.48,Debit Card,Delivered
O104002,C11277,2025-10-02,P1132,1,0.0,8.86,UPI,Delivered
O104003,C11129,2026-05-25,P1087,1,0.2,124.23,UPI,Delivered
O104004,C11483,2026-06-27,P1028,1,0.15,92.21,Credit Card,Delivered
O104005,C11558,2026-07-23,P1011,3,0.0,133.4,UPI,Delivered
O104006,C11095,2026-05-18,P1058,3,0.15,110.47,Credit Card,Delivered
O104007,C11316,2025-10-08,P1022,3,0.0,31.95,Credit Card,Cancelled
O104008,C10194,2026-03-12,P1045,1,0.0,62.86,UPI,Delivered
O104009,C10607,2026-01-15,P1131,1,0.1,3.58,UPI,Delivered
O104010,C11103,2025-10-21,P1040,1,0.0,145.5,COD,Delivered
O104011,C11098,2026-03-01,P1128,1,0.15,60.52,COD,Delivered
O104012,C10018,2025-11-17,P1027,1,0.0,101.08,Net Banking,Delivered
O104013,C10670,2026-03-20,P1068,2,0.1,76.7,Net Banking,Delivered
O104014,C10798,2025-08-31,P1080,2,0.0,101.6,Debit Card,Shipped
O104015,C11715,2026-01-02,P1001,4,0.1,30.86,UPI,Shipped
O104016,C10364,2026-07-19,P1146,4,0.15,118.96,Net Banking,Returned
O104017,C11020,2026-01-25,P1114,4,0.0,67.63,Net Banking,Delivered
O104018,C11704,2025-11-24,P1081,2,0.0,3.65,Net Banking,Delivered
O104019,C11509,2025-12-20,P1100,2,0.0,37.22,COD,Delivered
O104020,C11783,2026-01-25,P1103,4,0.15,74.35,Debit Card,Shipped
O104021,C10244,2025-12-24,P1112,4,0.15,130.38,Credit Card,Delivered
O104022,C11349,2026-06-07,P1047,2,0.15,15.89,UPI,Delivered
O104023,C11465,2025-09-26,P1112,1,0.1,20.73,Credit Card,Delivered
O104024,C10396,2026-07-21,P1047,2,0.0,91.49,UPI,Delivered
O104025,C10131,2026-07-18,P1012,1,0.0,69.94,Debit Card,Delivered
O104026,C10519,2025-11-11,P1137,1,0.0,101.49,Credit Card,Shipped
O104027,C10231,2026-02-08,P1073,1,0.0,26.14,COD,Returned
O104028,C99999,2026-02-15,P1146,1,0.1,17.43,UPI,Delivered
O104029,C11767,2026-01-11,P1115,1,0.2,35.28,Credit Card,Cancelled
O104030,C10833,2026-06-11,P1072,1,0.15,40.96,Net Banking,Delivered
O104031,C10198,2026-04-12,P1042,1,0.2,132.14,Net Banking,Delivered
O104032,C10228,2025-12-08,P1141,4,0.0,36.56,UPI,Delivered
O104033,C11793,2025-11-28,P1111,2,0.1,118.53,COD,Delivered
O104034,C11511,2026-01-09,P1044,1,0.2,78.99,UPI,Delivered
O104035,C10713,2026-01-22,P1051,2,0.0,146.0,Credit Card,Delivered
O104036,C10397,2025-12-24,P1140,1,0.05,26.7,COD,Delivered
O104037,C10198,2026-01-10,P1001,4,0.05,65.36,Debit Card,Delivered
O104038,C10669,2026-08-07,P1046,4,0.0,102.07,Debit Card,Delivered
O104039,C11085,2026-03-24,P1061,3,0.0,49.62,Net Banking,Delivered
O104040,C11916,2026-02-19,P1091,4,0.0,48.99,Net Banking,Delivered
O104041,C11895,2026-04-25,P1107,1,0.0,15.74,Net Banking,Delivered
O104042,C11595,2026-06-01,P1145,1,0.0,125.24,Net Banking,Delivered
O104043,C10924,2025-10-03,P1102,1,0.0,142.24,Net Banking,Delivered
O104044,C10336,2025-12-06,P1118,4,0.0,132.73,COD,Returned
O104045,C11757,2026-01-19,P1059,1,0.0,94.76,Credit Card,Cancelled
O104046,C11822,2026-01-19,P1053,1,0.0,80.19,Net Banking,Delivered
O104047,C10790,2025-12-16,P1053,1,0.15,20.18,Credit Card,Shipped
O104048,C10835,2026-03-17,P1022,1,0.15,87.57,Net Banking,Delivered
O104049,C10234,2025-09-04,P1139,2,0.0,74.97,COD,Delivered
O104050,C10932,2025-09-10,P1027,1,0.05,39.85,Credit Card,Delivered
O104051,C10625,2025-12-03,P1028,2,0.0,31.3,UPI,Pending
O104052,C10389,2025-09-18,P1040,1,0.15,22.08,Net Banking,Shipped
O104053,C10412,2026-06-28,P1058,1,0.1,109.33,Net Banking,Delivered
O104054,C11379,2026-04-16,P1139,2,0.0,18.99,Net Banking,Shipped
O104055,C10459,2025-11-21,P1090,2,0.0,68.07,Credit Card,Delivered
O104056,C11229,2026-03-25,P1017,1,0.1,113.4,Net Banking,Delivered
O104057,C11451,2025-10-20,P1006,4,0.0,24.47,COD,Pending
O104058,C10988,2025-12-27,P1127,3,0.0,22.22,COD,Delivered
O104059,C10089,2026-07-03,P1109,1,0.1,52.06,Debit Card,Cancelled
O104060,C10343,2026-07-06,P1002,4,0.0,78.39,Net Banking,Delivered
O104061,C11754,2025-08-30,P1069,4,0.2,116.68,Credit Card,Shipped
O104062,C11273,2025-10-28,P1033,2,0.15,60.2,COD,Delivered
O104063,C11959,2025-11-21,P1105,2,0.1,39.35,UPI,Delivered
O104064,C11031,2026-01-26,P1029,2,0.0,14.29,Debit Card,Pending
O104065,C10859,2026-07-09,P1149,2,0.2,46.11,Net Banking,Delivered
O104066,C11109,2026-06-20,P1077,2,0.05,34.82,Debit Card,Delivered
O104067,C10365,2025-08-30,P1005,1,0.0,20.12,Credit Card,Delivered
O104068,C10772,2026-04-20,P1095,1,0.15,40.76,COD,Delivered
O104069,C11565,2025-12-03,P1044,3,0.05,55.33,Net Banking,Cancelled
O104070,C11178,2026-01-02,P1025,1,0.15,76.54,Credit Card,Delivered
O104071,C10419,2026-04-21,P1079,1,0.0,51.02,Net Banking,Delivered
O104072,C11159,2026-06-28,P1042,2,0.0,62.4,Debit Card,Delivered
O104073,C11234,2026-08-10,P1070,2,0.1,125.34,COD,Delivered
O104074,C10019,2026-04-01,P1114,1,0.05,33.56,Debit Card,Returned
O104075,C11187,2026-08-12,P1006,1,0.15,110.39,COD,Delivered
O104076,C10974,2025-09-26,P1037,2,0.0,90.87,Net Banking,Delivered
O104077,C11209,2026-07-02,P1078,2,0.0,11.19,UPI,Shipped
O104078,C11176,2026-06-04,P1102,1,0.0,136.43,COD,Delivered
O104079,C10008,2025-09-28,P1142,2,0.0,112.15,Net Banking,Delivered
O104080,C11405,2026-02-04,P1128,1,0.2,39.45,Debit Card,Delivered
O104081,C11405,2026-07-11,P1147,4,0.0,146.65,Debit Card,Delivered
O104082,C10155,2025-09-29,P1131,2,0.0,39.94,Credit Card,Shipped
O104083,C11643,2026-04-28,P1130,1,0.1,147.63,Debit Card,Delivered
O104084,C10947,2026-06-11,P1063,4,0.0,48.84,Debit Card,Cancelled
O104085,C11063,2025-11-23,P1088,1,0.2,118.12,Credit Card,Delivered
O104086,C11191,2025-10-16,P1138,1,0.0,145.17,Net Banking,Delivered
O104087,C10780,2026-06-24,P1075,4,0.2,79.43,Net Banking,Delivered
O104088,C10544,2025-10-03,P1075,1,0.2,127.89,Debit Card,Delivered
O104089,C11239,2025-11-23,P1043,3,0.0,10.26,Net Banking,Shipped
O104090,C11794,2025-08-29,P1003,1,0.15,56.47,Debit Card,Pending
O104091,C10243,2025-12-05,P1009,2,0.2,63.33,Credit Card,Delivered
O104092,C11969,2026-05-18,P1118,1,0.0,58.0,UPI,Delivered
O104093,C10594,2026-08-18,P1142,4,0.0,9.4,Net Banking,Returned
O104094,C10038,2025-12-20,P1140,1,0.2,102.1,Credit Card,Delivered
O104095,C11708,2026-01-11,P1065,2,0.2,61.67,Debit Card,Delivered
O104096,C11578,2026-06-20,P1057,1,0.2,128.64,UPI,Delivered
O104097,C11106,2026-02-11,P1147,1,0.0,41.36,Net Banking,Delivered
O104098,C11364,2026-01-03,P1011,4,0.1,95.9,Debit Card,Delivered
O104099,C11366,2026-05-06,P1139,2,0.2,70.84,Net Banking,Delivered
O104100,C11219,2026-08-09,P1122,1,0.15,98.71,Debit Card,Cancelled
O104101,C11523,2025-11-02,P1028,2,0.15,98.62,Net Banking,Delivered
O104102,C11773,2025-09-05,P1061,2,0.1,18.73,UPI,Delivered
O104103,C11967,2026-03-17,P1115,3,0.15,48.62,Debit Card,Returned
O104104,C10097,2026-02-07,P1001,2,0.15,51.51,Credit Card,Delivered
O104105,C10707,2026-03-12,P1100,2,0.2,7.92,COD,Delivered
O104106,C11820,2026-04-04,P1092,4,0.0,33.42,Credit Card,Delivered
O104107,C11983,2025-09-28,P1092,1,0.15,1.71,COD,Delivered
O104108,C11143,2026-04-17,P1067,2,0.2,59.31,Net Banking,Delivered
O104109,C10898,2026-03-28,P1139,1,0.2,73.0,Debit Card,Delivered
O104110,C11167,2026-07-23,P1014,1,0.1,104.38,Net Banking,Shipped
O104111,C11872,2026-08-15,P1005,4,0.0,12.25,UPI,Delivered
O104112,C10332,2025-10-07,P1107,1,0.2,1.33,UPI,Delivered
O104113,C11293,2026-08-12,P1053,2,0.0,82.88,COD,Delivered
O104114,C11409,2026-04-01,P1032,4,0.15,148.87,UPI,Delivered
O104115,C11882,2026-08-08,P1076,1,0.0,107.52,Debit Card,Pending
O104116,C10517,2026-04-02,P1034,2,0.0,133.93,Net Banking,Delivered
O104117,C10089,2026-03-03,P1101,2,0.2,128.16,COD,Delivered
O104118,C10703,2025-10-20,P1109,1,0.2,14.93,Net Banking,Returned
O104119,C10821,2026-02-04,P1096,3,0.05,1.01,Credit Card,Delivered
O104120,C10080,2025-11-07,P1097,1,0.0,128.24,Credit Card,Shipped
O104121,C10259,2026-02-23,P1030,1,0.0,110.86,Debit Card,Returned
O104122,C11252,2025-10-07,P1112,1,0.0,22.27,COD,Delivered
O104123,C11910,2025-09-11,P1109,1,0.0,93.49,Credit Card,Delivered
O104124,C11752,2026-06-07,P1047,3,0.15,14.67,UPI,Delivered
O104125,C10680,2026-08-20,P1061,2,0.05,39.87,Credit Card,Returned
O104126,C11327,2026-06-08,P1076,1,0.0,57.27,COD,Shipped
O104127,C10530,2026-06-02,P1128,1,0.1,143.09,Debit Card,Delivered
O104128,C10797,2025-10-27,P1078,1,0.05,91.21,Net Banking,Delivered
O104129,C11609,2026-01-14,P1084,1,0.2,83.3,Debit Card,Delivered
O104130,C11231,2026-04-01,P1112,4,0.2,61.85,Debit Card,Delivered
O104131,C11737,2026-08-17,P1060,3,0.05,86.84,Net Banking,Delivered
O104132,C10013,2025-12-10,P1126,2,0.2,93.76,UPI,Pending
O104133,C10589,2025-09-05,P1086,2,0.05,138.81,Debit Card,Delivered
O104134,C10341,2026-07-07,P1015,2,0.0,29.38,UPI,Shipped
O104135,C10808,2025-12-09,P1033,2,0.2,73.52,Credit Card,Pending
O104136,C11906,2026-08-20,P1018,2,0.0,80.59,COD,Delivered
O104137,C11595,2026-06-19,P1037,1,0.0,22.34,COD,Delivered
O104138,C10872,2025-10-24,P1070,1,0.0,108.33,Net Banking,Delivered
O104139,C11499,2025-10-17,P1064,1,0.2,76.84,Net Banking,Delivered
O104140,C10658,2025-10-21,P1083,3,0.0,58.95,Net Banking,Delivered
O104141,C10371,2025-10-06,P1150,1,0.2,103.25,Debit Card,Delivered
O104142,C11724,2025-08-22,P1089,1,0.0,32.87,Credit Card,Delivered
O104143,C10641,2026-08-13,P1026,1,0.0,24.03,COD,Delivered
O104144,C11029,2025-12-20,P1084,2,0.0,36.49,COD,Delivered
O104145,C10173,2025-09-25,P1115,1,0.0,45.84,UPI,Delivered
O104146,C11877,2026-07-05,P1014,2,0.0,78.23,Net Banking,Cancelled
O104147,C10097,2026-06-06,P1093,1,0.0,9.24,Debit Card,Delivered
O104148,C10530,2026-05-30,P1115,2,0.05,141.57,COD,Delivered
O104149,C10966,2026-03-06,P1059,1,0.15,90.07,Debit Card,Delivered
O104150,C10731,2025-11-02,P1037,1,0.2,57.88,Debit Card,Delivered
O104151,C11084,2025-10-29,P1076,2,0.0,96.21,UPI,Cancelled
O104152,C11729,2025-10-15,P1119,4,0.0,91.99,UPI,Delivered
O104153,C10615,2025-10-12,P1147,1,0.1,35.61,COD,Delivered
O104154,C10593,2026-03-01,P1053,1,0.1,112.15,UPI,Delivered
O104155,C11001,2025-09-26,P1131,3,0.0,68.9,Net Banking,Delivered
O104156,C10400,2026-08-19,P1032,3,0.1,2.76,Net Banking,Delivered
O104157,C10171,2025-09-20,P1018,4,0.15,63.2,Credit Card,Delivered
O104158,C11320,2026-04-03,P1134,1,0.05,113.7,Net Banking,Pending
O104159,C10875,2026-01-08,P1010,3,0.0,76.59,Net Banking,Delivered
O104160,C11096,2026-06-12,P1045,1,0.0,141.83,Net Banking,Delivered
O104161,C11627,2025-08-30,P1045,2,0.2,89.75,COD,Delivered
O104162,C10403,2026-03-07,P1003,2,0.1,106.96,Debit Card,Cancelled
O104163,C10891,2026-06-27,P1048,2,0.15,128.96,Debit Card,Delivered
O104164,C10642,2026-07-07,P1047,2,0.05,25.28,UPI,Delivered
O104165,C10627,2026-05-03,P1105,2,0.2,78.51,Debit Card,Cancelled
O104166,C10436,2026-04-05,P1084,2,0.2,13.95,Credit Card,Delivered
O104167,C11651,2026-03-03,P1132,1,0.0,140.91,UPI,Delivered
O104168,C11157,2026-07-03,P1028,1,0.0,28.9,Debit Card,Delivered
O104169,C10980,2025-09-09,P1049,1,0.1,77.94,Debit Card,Delivered
O104170,C10782,2026-02-03,P1128,4,0.0,46.89,UPI,Shipped
O104171,C10907,2025-12-06,P1097,2,0.0,99.32,Credit Card,Delivered
O104172,C10815,2026-04-05,P1017,1,0.0,50.47,Debit Card,Delivered
O104173,C11667,2026-05-03,P1102,1,0.2,59.29,Credit Card,Delivered
O104174,C11179,2026-08-04,P1066,1,0.1,78.43,COD,Delivered
O104175,C10881,2026-05-18,P1068,4,0.15,65.12,Debit Card,Delivered
O104176,C11204,2026-01-03,P1148,2,0.15,24.14,Net Banking,Shipped
O104177,C11413,2025-12-14,P1010,2,0.0,147.87,UPI,Delivered
O104178,C11220,2026-01-14,P1142,2,0.15,1.58,Debit Card,Delivered
O104179,C11183,2025-11-25,P1005,3,0.05,84.14,Net Banking,Returned
O104180,C11706,2026-05-05,P1088,2,0.0,22.4,Credit Card,Delivered
O104181,C10175,2025-12-07,P1139,2,0.2,129.24,Net Banking,Delivered
O104182,C11070,2026-01-29,P1075,2,0.0,95.63,Debit Card,Delivered
O104183,C10604,2025-12-04,P1100,1,0.1,7.25,Debit Card,Shipped
O104184,C11054,2026-04-10,P1133,3,0.0,25.9,Debit Card,Delivered
O104185,C11924,2025-12-14,P1118,2,0.0,115.73,Net Banking,Delivered
O104186,C10350,2025-12-14,P1144,1,0.0,83.43,Debit Card,Cancelled
O104187,C11823,2026-05-01,P1126,2,0.0,5.4,Debit Card,Delivered
O104188,C11170,2025-08-29,P1090,2,0.0,91.36,Net Banking,Delivered
O104189,C11062,2026-01-03,P1029,4,0.0,105.47,Net Banking,Delivered
O104190,C10294,2025-09-23,P1019,4,0.1,100.42,COD,Shipped
O104191,C10948,2026-06-09,P1138,2,0.15,75.27,Net Banking,Delivered
O104192,C11357,2026-08-09,P1019,2,0.15,39.38,Credit Card,Delivered
O104193,C11107,2025-08-24,P1049,3,0.0,136.51,Net Banking,Returned
O104194,C10926,2026-08-20,P1021,2,0.0,126.92,COD,Delivered
O104195,C10673,2025-10-03,P1149,1,0.15,51.32,Net Banking,Delivered
O104196,C11978,2026-04-26,P1068,2,0.1,61.84,Debit Card,Shipped
O104197,C11618,2025-09-19,P1069,1,0.2,6.36,Credit Card,Delivered
O104198,C11558,2025-11-13,P1041,4,0.0,126.01,Net Banking,Pending
O104199,C11072,2025-12-27,P1027,3,0.0,121.08,UPI,Delivered
O104200,C10446,2026-06-05,P1008,3,0.0,75.9,Credit Card,Delivered
O104201,C10700,2025-10-07,P1112,2,0.2,89.72,Net Banking,Delivered
O104202,C10168,2025-10-01,P1148,1,0.15,91.65,Credit Card,Delivered
O104203,C11007,2026-02-22,P1138,3,0.0,114.21,UPI,Delivered
O104204,C11877,2025-10-03,P1087,4,0.0,131.52,Net Banking,Delivered
O104205,C11682,2025-12-13,P1006,1,0.15,73.09,Net Banking,Delivered
O104206,C11775,2026-02-17,P1147,2,0.0,54.26,Credit Card,Cancelled
O104207,C10912,2026-02-28,P1120,1,0.0,136.95,Net Banking,Delivered
O104208,C10647,2026-03-17,P1038,4,0.0,76.21,Net Banking,Cancelled
O104209,C11894,2025-11-03,P1109,4,0.0,124.69,Net Banking,Delivered
O104210,C11686,2026-02-02,P1096,1,0.05,66.04,UPI,Delivered
O104211,C11346,2025-10-27,P1081,1,0.1,91.72,Net Banking,Delivered
O104212,C10043,2025-10-05,P1119,1,0.15,20.31,UPI,Shipped
O104213,C11370,2026-06-16,P1082,4,0.0,63.79,Credit Card,Delivered
O104214,C10809,2025-12-30,P1006,2,0.2,134.44,UPI,Delivered
O104215,C10494,2025-12-27,P1150,2,0.0,25.79,UPI,Delivered
O104216,C11964,2025-11-30,P1137,4,0.0,117.09,Credit Card,Cancelled
O104217,C10972,2025-09-22,P1079,1,0.0,29.28,Credit Card,Delivered
O104218,C10646,2026-05-02,P1090,1,0.05,52.82,UPI,Delivered
O104219,C10874,2026-02-28,P1011,2,0.0,148.64,Net Banking,Delivered
O104220,C11088,2026-03-17,P1084,2,0.2,104.38,Net Banking,Shipped
O104221,C11753,2026-07-17,P1129,1,0.05,133.89,UPI,Delivered
O104222,C10672,2026-07-23,P1016,1,0.2,71.85,Credit Card,Delivered
O104223,C11464,2025-11-07,P1119,1,0.0,58.28,Credit Card,Delivered
O104224,C11856,2026-05-24,P1088,2,0.0,58.62,Net Banking,Delivered
O104225,C10777,2026-02-09,P1103,2,0.1,103.49,Credit Card,Returned
O104226,C10162,2025-12-21,P1056,2,0.1,76.33,Debit Card,Delivered
O104227,C11228,2026-08-03,P1103,1,0.0,61.75,Net Banking,Delivered
O104228,C10724,2026-07-29,P1062,2,0.05,68.4,Net Banking,Delivered
O104229,C10015,2026-05-26,P1086,1,0.0,2.09,Net Banking,Delivered
O104230,C11790,2026-04-24,P1111,1,0.2,15.37,UPI,Delivered
O104231,C11958,2026-07-30,P1075,4,0.05,9.94,COD,Delivered
O104232,C10177,2026-04-07,P1086,1,0.05,49.7,COD,Cancelled
O104233,C10491,2025-08-21,P1150,4,0.1,76.05,COD,Delivered
O104234,C10732,2026-05-24,P1089,2,0.05,149.38,UPI,Delivered
O104235,C10595,2026-06-01,P1064,2,0.0,59.69,COD,Pending
O104236,C11257,2026-02-25,P1011,2,0.0,105.81,Credit Card,Cancelled
O104237,C11866,2025-12-13,P1062,2,0.1,83.03,COD,Delivered
O104238,C10936,2026-06-27,P1008,1,0.1,71.6,Credit Card,Delivered
O104239,C10864,2026-03-15,P1097,3,0.05,127.79,COD,Delivered
O104240,C11873,2026-01-19,P1064,2,0.0,103.89,Debit Card,Delivered
O104241,C10169,2026-07-21,P1097,4,0.15,51.39,Debit Card,Delivered
O104242,C11674,2026-05-29,P1106,2,0.1,31.05,UPI,Delivered
O104243,C10215,2025-08-26,P1119,1,0.0,121.2,Debit Card,Delivered
O104244,C10420,2026-06-06,P1086,2,0.0,142.17,Net Banking,Cancelled
O104245,C11301,2026-06-28,P1077,2,0.0,118.23,COD,Cancelled
O104246,C10088,2026-07-18,P1096,4,0.2,125.01,UPI,Delivered
O104247,C11371,2026-06-21,P1144,4,0.0,34.09,Net Banking,Delivered
O104248,C11005,2026-04-08,P1055,1,0.0,112.78,UPI,Delivered
O104249,C10997,2026-07-29,P1108,1,0.0,30.79,Credit Card,Delivered
O104250,C11913,2026-07-27,P1131,2,0.2,72.56,UPI,Delivered
O104251,C10531,2026-04-02,P1070,3,0.05,63.32,COD,Delivered
O104252,C11547,2026-08-06,P1149,2,0.1,34.01,Credit Card,Delivered
O104253,C11627,2025-11-16,P1055,3,0.15,44.29,UPI,Delivered
O104254,C11178,2026-06-17,P1012,1,0.0,64.68,COD,Delivered
O104255,C10533,2026-07-11,P1001,1,0.2,39.16,Net Banking,Delivered
O104256,C11036,2026-06-16,P1138,2,0.2,145.77,Debit Card,Returned
O104257,C11043,2025-12-13,P1117,4,0.2,40.11,Debit Card,Cancelled
O104258,C11546,2026-03-28,P1090,1,0.15,105.24,UPI,Cancelled
O104259,C10486,2025-11-26,P1085,4,0.15,8.82,Net Banking,Shipped
O104260,C10930,2026-01-06,P1035,1,0.2,125.74,COD,Delivered
O104261,C10545,2026-04-13,P1051,1,0.0,0.1,UPI,Delivered
O104262,C10871,2026-05-13,P1142,1,0.05,54.43,Net Banking,Pending
O104263,C11616,2026-08-21,P1028,1,0.15,41.23,COD,Cancelled
O104264,C11681,2025-11-18,P1070,3,0.05,37.22,UPI,Delivered
O104265,C11940,2025-12-27,P1054,2,0.0,106.67,Net Banking,Delivered
O104266,C11071,2026-03-20,P1017,1,0.1,36.3,Net Banking,Delivered
O104267,C11124,2025-11-14,P1121,1,0.15,130.85,COD,Delivered
O104268,C10736,2026-06-21,P1132,2,0.2,143.96,Credit Card,Shipped
O104269,C10440,2026-01-11,P1104,2,0.0,67.2,Debit Card,Shipped
O104270,C10921,2026-07-14,P1004,2,0.15,143.3,Debit Card,Delivered
O104271,C11470,2026-05-08,P1003,3,0.1,56.66,Net Banking,Delivered
O104272,C11871,2026-01-20,P1029,2,0.0,55.06,Debit Card,Delivered
O104273,C11692,2025-11-23,P1108,3,0.15,37.48,UPI,Delivered
O104274,C10262,2026-05-04,P1102,1,0.1,56.91,Credit Card,Delivered
O104275,C11613,2025-12-19,P1043,2,0.2,78.24,UPI,Returned
O104276,C10139,2026-01-03,P1044,4,0.15,109.67,Credit Card,Returned
O104277,C11252,,P1009,3,0.0,103.57,Debit Card,Delivered
O104278,C10275,2026-01-11,P1002,1,0.0,71.61,Debit Card,Shipped
O104279,C10136,2026-05-19,P1006,2,0.1,136.8,UPI,Delivered
O104280,C11014,2026-04-29,P1070,3,0.0,126.79,UPI,Delivered
O104281,C10327,2026-01-04,P1070,1,0.0,124.21,Debit Card,Pending
O104282,C10492,2026-03-10,P1142,3,0.15,129.43,UPI,Delivered
O104283,C10989,2026-08-15,P1080,3,0.0,148.94,UPI,Pending
O104284,C11892,2025-11-30,P1037,3,0.2,64.53,Credit Card,Shipped
O104285,C11115,2025-10-13,P1120,1,0.15,125.42,UPI,Delivered
O104286,C11507,2025-12-10,P1143,2,0.2,124.75,COD,Delivered
O104287,C10799,2025-10-06,P1066,1,0.0,77.64,Net Banking,Delivered
O104288,C10376,2025-09-10,P1046,1,0.0,18.45,Debit Card,Delivered
O104289,C11016,2026-07-21,P1077,1,0.0,30.87,Credit Card,Delivered
O104290,C10029,2025-10-16,P1068,1,0.15,57.26,Credit Card,Delivered
O104291,C10205,2026-03-15,P1028,2,0.0,144.02,Net Banking,Cancelled
O104292,C10106,2026-03-28,P1010,2,0.15,96.86,Credit Card,Delivered
O104293,C11077,2026-03-13,P1111,3,0.05,103.54,UPI,Delivered
O104294,C10441,2026-05-11,P1013,3,0.05,85.03,COD,Delivered
O104295,C11119,2026-06-02,P1103,2,0.0,40.62,COD,Delivered
O104296,C10348,2026-01-12,P1015,2,0.0,64.28,Credit Card,Shipped
O104297,C10066,2026-01-08,P1086,2,0.1,16.19,Credit Card,Delivered
O104298,C11644,2026-02-19,P1107,2,0.0,56.43,Credit Card,Delivered
O104299,C10739,2026-06-29,P1051,2,0.0,1.19,COD,Pending
O104300,C11195,2025-12-20,P1008,1,0.0,74.55,UPI,Delivered
O104301,C10975,2025-12-06,P1081,1,0.0,86.13,UPI,Delivered
O104302,C11014,2026-02-18,P1063,1,0.2,98.34,Credit Card,Delivered
O104303,C11635,2026-03-12,P1145,1,0.1,119.02,UPI,Delivered
O104304,C10945,2026-01-07,P1056,1,0.0,138.75,Net Banking,Delivered
O104305,C10389,2026-02-25,P1009,2,0.2,36.25,COD,Delivered
O104306,C10192,2025-09-23,P1028,2,0.2,148.72,Credit Card,Delivered
O104307,C10780,2026-02-21,P1145,4,0.0,115.32,UPI,Shipped
O104308,C10968,2025-12-16,P1020,2,0.0,57.68,COD,Delivered
O104309,C10381,2025-10-16,P1031,2,0.15,65.88,UPI,Shipped
O104310,C10520,2026-08-10,P1081,2,0.05,33.03,Debit Card,Shipped
O104311,C11623,2025-09-30,P1029,1,0.0,128.79,COD,Delivered
O104312,C10343,2025-09-13,P1141,2,0.0,102.53,UPI,Delivered
O104313,C10013,2025-12-09,P1117,1,0.2,42.23,Debit Card,Delivered
O104314,C10834,2026-02-11,P1014,1,0.0,82.02,Credit Card,Cancelled
O104315,C11556,2025-12-17,P1078,2,0.05,49.83,Debit Card,Cancelled
O104316,C11907,2026-07-31,P1034,1,0.1,135.26,Credit Card,Delivered
O104317,C10191,2026-01-16,P1102,1,0.0,143.63,UPI,Delivered
O104318,C10371,2026-07-03,P1055,1,0.15,85.48,Net Banking,Delivered
O104319,C10169,2025-11-03,P1037,3,0.1,89.59,UPI,Delivered
O104320,C10625,2026-02-13,P1115,2,0.2,37.67,COD,Returned
O104321,C10770,2026-06-28,P1006,3,0.0,26.53,Credit Card,Delivered
O104322,C10862,2026-02-22,P1091,4,0.1,118.86,Debit Card,Delivered
O104323,C11891,2026-01-15,P1034,2,0.15,54.88,COD,Delivered
O104324,C11335,2026-06-23,P1120,1,0.2,97.25,Net Banking,Shipped
O104325,C11475,2025-09-11,P1143,3,0.05,66.92,UPI,Pending
O104326,C11387,2025-11-28,P1035,1,0.2,7.63,Debit Card,Pending
O104327,C11695,2026-07-29,P1092,1,0.15,111.57,Net Banking,Delivered
O104328,C10230,2026-06-02,P1098,2,0.15,110.91,UPI,Delivered
O104329,C10218,2026-08-14,P1148,4,0.0,93.64,UPI,Delivered
O104330,C11905,2026-02-19,P1138,2,0.15,105.25,Net Banking,Returned
O104331,C10187,2026-07-16,P1044,1,0.1,82.89,COD,Delivered
O104332,C10829,2026-01-02,P1074,2,0.15,81.54,Net Banking,Shipped
O104333,C11813,2026-05-30,P1106,3,0.0,39.77,Debit Card,Delivered
O104334,C10877,2026-06-23,P1132,3,0.1,83.57,COD,Delivered
O104335,C10950,2026-08-10,P1098,1,0.0,82.29,UPI,Returned
O104336,C11025,2026-02-16,P1135,3,0.15,69.15,Debit Card,Delivered
O104337,C10531,2026-02-04,P1007,1,0.0,125.69,Net Banking,Shipped
O104338,C10898,2026-02-15,P1143,1,0.05,47.83,UPI,Pending
O104339,C10225,2025-10-18,P1147,4,0.05,49.03,UPI,Delivered
O104340,C11270,2025-10-16,P1146,1,0.05,110.7,Credit Card,Delivered
O104341,C10616,2026-07-22,P1012,3,0.0,118.81,UPI,Delivered
O104342,C11510,2025-09-11,P1136,1,0.15,134.2,Credit Card,Delivered
O104343,C11971,2026-02-22,P1033,4,0.0,28.53,Credit Card,Shipped
O104344,C10472,2026-06-01,P1072,1,0.0,140.45,Net Banking,Delivered
O104345,C10896,2025-11-06,P1070,2,0.05,137.36,COD,Pending
O104346,C10081,2026-03-06,P1130,4,0.2,109.12,Credit Card,Delivered
O104347,C11176,2025-10-28,P1136,4,0.0,113.63,COD,Delivered
O104348,C10885,2025-10-01,P1048,1,0.2,7.35,Credit Card,Delivered
O104349,C10020,2026-08-05,P1044,1,0.0,78.01,UPI,Pending
O104350,C10409,2026-06-07,P1126,4,0.0,40.19,Credit Card,Cancelled
O104351,C10736,2026-04-05,P1085,1,0.0,131.65,UPI,Cancelled
O104352,C11560,2025-12-16,P1056,1,0.1,110.24,UPI,Delivered
O104353,C10038,2026-08-14,P1141,1,0.0,47.67,Net Banking,Delivered
O104354,C11625,2026-01-24,P1075,1,0.15,143.08,COD,Delivered
O104355,C11216,2025-09-03,P1029,1,0.1,2.15,Net Banking,Delivered
O104356,C11058,2026-08-12,P1134,3,0.0,116.24,Net Banking,Shipped
O104357,C11164,2025-10-30,P1024,1,0.15,32.77,UPI,Delivered
O104358,C10832,2026-07-24,P1001,1,0.15,30.26,UPI,Delivered
O104359,C11753,2025-12-03,P1024,1,0.05,141.74,COD,Delivered
O104360,C11519,2026-01-31,P1039,2,0.1,95.25,Credit Card,Delivered
O104361,C11013,2026-08-05,P1052,1,0.0,10.04,COD,Shipped
O104362,C11192,2025-09-10,P1137,2,0.15,35.53,Net Banking,Shipped
O104363,C11516,2026-05-03,P1012,1,0.0,87.59,COD,Delivered
O104364,C11629,2026-04-01,P1087,1,0.0,0.65,Debit Card,Delivered
O104365,C11726,2025-09-04,P1022,2,0.0,35.29,Net Banking,Delivered
O104366,C10529,2026-05-18,P1100,4,0.1,2.27,Credit Card,Delivered
O104367,C10048,2025-09-05,P1132,4,0.15,0.37,Debit Card,Delivered
O104368,C10511,2026-08-03,P1112,3,0.05,62.07,UPI,Returned
O104369,C11481,2026-05-11,P1063,3,0.2,91.7,COD,Delivered
O104370,C10197,2026-03-06,P1134,2,0.0,11.56,UPI,Delivered
O104371,C11357,2026-01-15,P1143,2,0.2,124.85,Debit Card,Delivered
O104372,C10676,2026-04-05,P1129,1,0.15,94.66,Credit Card,Shipped
O104373,C11972,2025-11-02,P1080,2,0.1,120.19,Credit Card,Pending
O104374,C10388,2026-07-21,P1067,2,0.2,149.38,UPI,Delivered
O104375,C10417,2025-11-03,P1083,1,0.2,103.21,Credit Card,Delivered
O104376,C10842,2026-05-10,P1008,2,0.0,95.48,COD,Delivered
O104377,C11933,2026-04-22,P1148,1,0.2,27.02,Net Banking,Delivered
O104378,C10581,2026-02-01,P1149,2,0.15,104.69,Debit Card,Cancelled
O104379,C10885,2026-08-21,P1114,2,0.2,83.53,Credit Card,Delivered
O104380,C10196,2025-10-17,P1015,1,0.0,50.91,Net Banking,Delivered
O104381,C11805,2025-11-03,P1005,1,0.0,62.33,Credit Card,Delivered
O104382,C11105,2026-07-10,P1024,1,0.1,131.22,Net Banking,Delivered
O104383,C10283,2026-01-21,P1057,1,0.0,20.47,Net Banking,Delivered
O104384,C11890,2026-07-10,P1074,1,0.0,14.21,UPI,Delivered
O104385,C11825,2025-10-04,P1101,2,0.05,98.54,Credit Card,Delivered
O104386,C10710,2026-08-06,P1129,1,0.1,41.72,UPI,Delivered
O104387,C11411,2026-01-03,P1084,4,0.05,40.05,Credit Card,Delivered
O104388,C11618,2026-02-09,P1092,1,0.2,63.47,Credit Card,Delivered
O104389,C10328,2026-08-02,P1057,1,0.1,26.74,Debit Card,Pending
O104390,C10036,2025-09-02,P1003,1,0.15,72.4,Debit Card,Delivered
O104391,C11270,2026-07-23,P1025,4,0.05,92.39,Net Banking,Pending
O104392,C11130,2025-09-20,P1085,1,0.15,93.18,UPI,Delivered
O104393,C11407,2026-04-06,P1108,2,0.0,103.43,UPI,Delivered
O104394,C11611,2026-03-20,P1084,3,0.2,50.45,Debit Card,Delivered
O104395,C10588,2026-08-10,P1102,2,0.15,47.13,UPI,Returned
O104396,C10125,2026-04-10,P1119,1,0.0,144.93,Net Banking,Delivered
O104397,C10114,2026-08-09,P1068,1,0.05,92.8,COD,Delivered
O104398,C10111,2025-11-14,P1022,4,0.0,5.11,Credit Card,Delivered
O104399,C11070,2026-06-25,P1037,1,0.05,64.38,COD,Delivered
O104400,C10184,2025-10-05,P1045,2,0.15,51.3,Credit Card,Pending
O104401,C10261,2026-07-24,P1146,1,0.0,45.32,COD,Delivered
O104402,C10184,2026-03-28,P1033,2,0.05,57.95,UPI,Delivered
O104403,C10542,2026-01-24,P1137,1,0.2,1.67,Debit Card,Delivered
O104404,C11507,2026-01-10,P1110,1,0.2,146.6,COD,Shipped
O104405,C10460,2025-09-10,P1067,4,0.0,112.63,Debit Card,Delivered
O104406,C10095,2025-08-23,P1079,2,0.1,14.13,Credit Card,Returned
O104407,C10901,2025-09-20,P1108,4,0.1,21.79,Credit Card,Cancelled
O104408,C10615,2026-06-01,P1099,2,0.2,18.93,UPI,Delivered
O104409,C10181,2025-12-25,P1086,2,0.1,22.53,Credit Card,Delivered
O104410,C11023,2025-10-18,P1053,1,0.2,85.82,Debit Card,Delivered
O104411,C10305,2026-01-27,P1067,1,0.05,131.29,Credit Card,Delivered
O104412,C11969,2026-06-01,P1108,1,0.2,139.95,UPI,Delivered
O104413,C10840,2026-04-16,P1137,4,0.2,51.37,Credit Card,Delivered
O104414,C10651,2026-04-11,P1026,3,0.2,18.37,Credit Card,Cancelled
O104415,C11369,2025-11-07,P1047,1,0.05,42.55,COD,Delivered
O104416,C10008,2026-01-26,P1131,1,0.1,135.8,COD,Cancelled
O104417,C11441,2025-09-19,P1100,2,0.2,63.47,Debit Card,Returned
O104418,C11604,2026-03-11,P1103,3,0.1,15.1,Credit Card,Cancelled
O104419,C10566,2026-08-11,P1020,1,0.0,80.23,Net Banking,Cancelled
O104420,C11811,2026-04-12,P1105,1,0.0,50.1,Net Banking,Delivered
O104421,C11754,2026-06-29,P1070,1,0.1,63.22,Net Banking,Delivered
O104422,C10957,2026-04-27,P1021,2,0.05,134.02,Credit Card,Delivered
O104423,C11309,2026-04-24,P1054,3,0.2,98.57,Debit Card,Delivered
O104424,C10846,2025-11-09,P1028,2,0.0,29.11,Net Banking,Delivered
O104425,C11159,2026-01-17,P1124,2,0.0,42.03,Debit Card,Pending
O104426,C10258,2025-10-06,P1061,3,0.2,110.75,Debit Card,Cancelled
O104427,C11663,2025-11-11,P1054,4,0.0,46.89,Debit Card,Delivered
O104428,C11487,2026-07-09,P1108,3,0.1,56.8,COD,Delivered
O104429,C11941,2025-11-14,P1029,2,0.0,0.2,Credit Card,Delivered
O104430,C11620,2025-12-26,P1111,1,0.0,115.65,Debit Card,Delivered
O104431,C11539,2026-08-18,P1092,1,0.2,128.67,Credit Card,Delivered
O104432,C11178,2026-03-28,P1045,1,0.15,62.02,UPI,Pending
O104433,C11352,2026-02-17,P1071,1,0.0,84.96,Debit Card,Delivered
O104434,C10181,2026-07-24,P1032,2,0.0,141.31,UPI,Delivered
O104435,C11255,2026-08-18,P1127,1,0.15,16.3,Credit Card,Delivered
O104436,C10165,2026-01-29,P1136,2,0.0,59.79,Credit Card,Delivered
O104437,C10006,2025-11-25,P1110,2,0.2,103.44,Credit Card,Delivered
O104438,C10691,2025-12-23,P1074,2,0.15,131.64,Net Banking,Cancelled
O104439,C11030,2026-01-15,P1046,1,0.2,22.07,UPI,Delivered
O104440,C10568,2026-05-31,P1108,3,0.1,55.75,Net Banking,Delivered
O104441,C10830,2026-07-26,P1104,2,0.0,96.75,Debit Card,Cancelled
O104442,C10038,2025-11-07,P1089,1,0.0,25.46,UPI,Shipped
O104443,C10090,2025-11-09,P1047,2,0.2,105.57,UPI,Delivered
O104444,C11799,2025-12-22,P1095,2,0.1,93.25,Debit Card,Delivered
O104445,C11536,2025-08-22,P1072,3,0.15,136.71,UPI,Shipped
O104446,C10382,2026-06-07,P1064,2,0.0,85.73,UPI,Delivered
O104447,C10823,2026-01-15,P1014,3,0.05,39.54,Debit Card,Delivered
O104448,C11948,2025-11-08,P1136,1,0.0,85.85,COD,Delivered
O104449,C11938,2025-12-15,P1062,1,0.2,91.54,COD,Delivered
O104450,C11462,2026-04-21,P1130,4,0.1,37.85,COD,Delivered
O104451,C10120,2025-09-06,P1052,3,0.2,19.6,Credit Card,Delivered
O104452,C11432,2026-04-21,P1052,2,0.0,45.14,UPI,Delivered
O104453,C11128,2026-07-03,P1013,4,0.0,2.98,UPI,Delivered
O104454,C10566,2025-12-18,P1009,2,0.0,4.83,UPI,Delivered
O104455,C11883,2025-10-11,P1122,1,0.0,67.57,UPI,Delivered
O104456,C11537,2026-06-08,P1128,2,0.15,7.13,UPI,Delivered
O104457,C10956,2026-04-28,P1143,2,0.15,101.21,COD,Delivered
O104458,C11535,2026-06-05,P1027,1,0.15,41.08,COD,Returned
O104459,C10319,2025-11-14,P1091,2,0.0,25.27,Net Banking,Pending
O104460,C10105,2026-04-25,P1130,1,0.15,46.72,Debit Card,Delivered
O104461,C11328,2026-06-08,P1073,1,0.2,105.75,COD,Cancelled
O104462,C10674,2026-05-28,P1094,2,0.2,133.81,UPI,Delivered
O104463,C10158,2026-07-05,P1053,1,0.05,149.87,COD,Delivered
O104464,C10692,2026-04-12,P1136,1,0.0,70.93,Credit Card,Delivered
O104465,C10047,2025-09-08,P1121,4,0.0,139.24,Credit Card,Delivered
O104466,C11385,2025-09-27,P1114,1,0.05,133.96,Net Banking,Shipped
O104467,C10966,2025-10-22,P1036,2,0.15,115.95,COD,Delivered
O104468,C10116,2026-04-23,P1059,2,0.0,94.17,COD,Delivered
O104469,C10851,2026-06-28,P1028,4,0.0,145.25,COD,Delivered
O104470,C11414,2026-08-05,P1132,1,0.1,94.99,UPI,Shipped
O104471,C10963,2026-08-18,P1040,2,0.0,91.82,Credit Card,Returned
O104472,C11387,2026-03-31,P1099,1,0.0,13.33,Debit Card,Delivered
O104473,C11587,2025-12-19,P1031,2,0.2,45.21,Net Banking,Delivered
O104474,C10694,2025-12-14,P1059,2,0.0,120.16,UPI,Delivered
O104475,C10859,2025-09-19,P1144,4,0.05,141.81,UPI,Returned
O104476,C10015,2026-04-07,P1047,2,0.2,32.69,Debit Card,Delivered
O104477,C11380,2026-04-13,P1141,1,0.0,14.43,Debit Card,Shipped
O104478,C10954,2025-11-06,P1129,3,0.1,42.4,UPI,Delivered
O104479,C11334,2026-07-27,P1066,4,0.0,53.94,Debit Card,Delivered
O104480,C11573,2026-04-02,P1035,2,0.2,142.98,Credit Card,Cancelled
O104481,C11975,2026-06-17,P1048,3,0.15,146.59,Credit Card,Pending
O104482,C10249,2026-06-06,P1101,4,0.1,132.0,Net Banking,Delivered
O104483,C10788,2025-10-15,P1098,1,0.2,75.38,Net Banking,Delivered
O104484,C10934,2026-03-11,P1067,2,0.0,13.04,COD,Delivered
O104485,C10041,2026-01-26,P1100,1,0.15,8.03,COD,Delivered
O104486,C10731,2025-12-06,P1017,1,0.0,121.91,COD,Delivered
O104487,C10243,2026-03-08,P1063,2,0.1,4.73,Net Banking,Cancelled
O104488,C11873,2026-04-24,P1094,2,0.15,21.93,Credit Card,Delivered
O104489,C10113,2026-04-21,P1030,1,0.05,139.5,COD,Returned
O104490,C11687,2026-02-26,P1038,2,0.2,117.4,COD,Delivered
O104491,C10984,2026-01-20,P1003,3,0.0,99.84,Credit Card,Delivered
O104492,C10096,2026-03-02,P1134,1,0.0,40.38,Debit Card,Returned
O104493,C10321,2026-08-07,P1073,4,0.0,48.45,Credit Card,Delivered
O104494,C11424,2026-08-14,P1029,4,0.0,34.43,Net Banking,Delivered
O104495,C10455,2025-10-13,P1148,2,0.0,97.27,Credit Card,Delivered
O104496,C11752,2025-11-10,P1075,4,0.0,15.55,Net Banking,Delivered
O104497,C10049,2026-08-18,P1003,1,0.15,48.49,Debit Card,Returned
O104498,C11513,2026-06-01,P1109,1,0.05,98.49,Net Banking,Shipped
O104499,C10153,2026-02-06,P1004,3,0.05,109.65,Debit Card,Cancelled
O104500,C10096,2025-12-11,P1038,1,0.0,96.67,UPI,Delivered
O104501,C10146,2025-10-07,P1097,2,0.1,147.31,COD,Delivered
O104502,C11564,2026-07-26,P1141,2,0.15,137.32,COD,Delivered
O104503,C10828,2025-11-23,P1063,1,0.0,29.76,Credit Card,Delivered
O104504,C11917,2026-04-17,P1085,4,0.0,78.42,Credit Card,Delivered
O104505,C10186,2026-03-25,P1024,3,0.2,130.42,UPI,Delivered
O104506,C11680,2026-05-12,P1031,1,0.05,138.95,Debit Card,Returned
O104507,C10862,2026-08-09,P1067,4,0.15,34.43,Credit Card,Delivered
O104508,C11680,2026-06-27,P1150,1,0.05,110.44,COD,Cancelled
O104509,C10251,2026-05-17,P1082,4,0.15,49.07,COD,Delivered
O104510,C10691,2025-08-25,P1083,2,0.0,43.28,UPI,Delivered
O104511,C11578,2026-01-28,P1020,3,0.0,53.92,COD,Returned
O104512,C10675,2025-09-06,P1026,2,0.1,61.01,Credit Card,Delivered
O104513,C10763,2026-02-21,P1145,1,0.0,78.39,COD,Delivered
O104514,C10700,2026-04-01,P1093,1,0.2,112.28,Debit Card,Delivered
O104515,C11750,2026-07-15,P1012,4,0.0,114.24,Net Banking,Delivered
O104516,C10466,2025-10-28,P1099,3,0.05,106.88,UPI,Delivered
O104517,C11612,2026-04-22,P1075,2,0.1,6.86,COD,Shipped
O104518,C11726,2025-11-06,P1095,3,0.15,122.22,Debit Card,Delivered
O104519,C10948,2026-07-21,P1120,1,0.05,110.66,Credit Card,Delivered
O104520,C10133,2026-04-14,P1114,2,0.05,47.58,UPI,Delivered
O104521,C10417,2026-01-26,P1016,4,0.2,108.03,Net Banking,Delivered
O104522,C10741,2026-04-13,P1099,2,0.1,108.19,Debit Card,Shipped
O104523,C10985,2025-11-08,P1137,1,0.0,42.87,Credit Card,Delivered
O104524,C11481,2026-07-24,P1016,1,0.15,134.01,Credit Card,Delivered
O104525,C10652,2026-08-17,P1079,2,0.0,16.36,Credit Card,Delivered
O104526,C11590,2026-03-27,P1048,3,0.05,91.75,COD,Delivered
O104527,C10150,2026-07-02,P1078,1,0.0,149.02,Net Banking,Cancelled
O104528,C11446,2025-09-30,P1118,4,0.0,52.46,Credit Card,Delivered
O104529,C10332,2026-06-16,P1145,1,0.05,70.96,Credit Card,Delivered
O104530,C11579,2026-04-14,P1101,2,0.15,76.87,Net Banking,Delivered
O104531,C10303,2025-10-16,P1116,1,0.1,8.28,Credit Card,Delivered
O104532,C11708,2026-02-13,P1077,4,0.15,17.05,UPI,Delivered
O104533,C10878,2025-08-26,P1065,1,0.0,29.28,Credit Card,Delivered
O104534,C11337,2026-02-05,P1097,1,0.05,69.1,Credit Card,Delivered
O104535,C11937,2026-03-25,P1018,4,0.0,86.51,Credit Card,Pending
O104536,C10427,2025-09-22,P1141,2,0.15,19.14,COD,Delivered
O104537,C11417,2026-07-01,P1036,2,0.1,118.13,Debit Card,Delivered
O104538,C10447,2026-07-03,P1136,2,0.2,108.09,COD,Shipped
O104539,C11712,2026-02-19,P1122,1,0.0,33.8,Net Banking,Delivered
O104540,C11835,2026-07-23,P1008,4,0.1,114.85,Debit Card,Delivered
O104541,C11918,2025-10-19,P1134,4,0.05,12.75,COD,Delivered
O104542,C10479,2026-07-22,P1046,3,0.15,30.62,UPI,Delivered
O104543,C11598,2026-07-03,P1095,3,0.0,27.2,Credit Card,Delivered
O104544,C10711,2026-05-04,P1007,2,0.15,69.27,Net Banking,Pending
O104545,C11237,2025-10-12,P1038,2,0.1,98.49,COD,Delivered
O104546,C10857,2026-08-11,P1022,2,0.1,2.51,Debit Card,Delivered
O104547,C10921,2026-03-30,P1110,1,0.1,50.0,Debit Card,Shipped
O104548,C10644,2025-08-30,P1050,2,0.0,79.55,Debit Card,Delivered
O104549,C10119,2026-04-14,P1122,2,0.2,90.25,Net Banking,Delivered
O104550,C10949,2025-10-25,P1128,1,0.2,27.75,Debit Card,Delivered
O104551,C10326,2025-10-23,P1112,2,0.15,79.67,UPI,Delivered
O104552,C11767,2025-09-06,P1008,4,0.15,5.11,Credit Card,Cancelled
O104553,C11080,2026-05-27,P1067,1,0.05,33.82,Credit Card,Cancelled
O104554,C10977,2026-07-08,P1054,1,0.15,91.84,COD,Shipped
O104555,C10267,2025-09-09,P1117,1,0.15,79.81,Credit Card,Delivered
O104556,C11447,2026-05-19,P1046,1,0.0,142.41,Credit Card,Pending
O104557,C10302,2025-09-06,P1124,2,0.0,32.66,UPI,Delivered
O104558,C10154,2026-05-20,P1119,4,0.0,111.2,Debit Card,Delivered
O104559,C11004,2025-10-19,P1110,2,0.0,111.94,Net Banking,Delivered
O104560,C11008,2025-11-29,P1028,3,0.05,52.29,COD,Delivered
O104561,C11597,2026-03-15,P1076,3,0.05,76.09,Credit Card,Delivered
O104562,C11113,2026-04-03,P1096,3,0.15,81.72,UPI,Delivered
O104563,C11715,2026-04-04,P1142,4,0.15,53.73,COD,Delivered
O104564,C10477,2026-06-16,P1009,1,0.05,143.6,Debit Card,Delivered
O104565,C10213,2026-07-07,P1109,4,0.1,41.15,Net Banking,Delivered
O104566,C11198,2025-10-29,P1046,2,0.0,131.98,Credit Card,Delivered
O104567,C10370,2025-12-21,P1106,4,0.05,41.36,Net Banking,Shipped
O104568,C10029,2026-06-10,P1025,4,0.2,4.93,Debit Card,Delivered
O104569,C10815,2025-09-11,P1069,1,0.2,80.29,COD,Cancelled
O104570,C10125,2026-01-06,P1109,1,0.05,33.81,Net Banking,Delivered
O104571,C10147,2026-04-25,P1116,1,0.2,11.43,COD,Returned
O104572,C11556,2026-06-11,P1005,4,0.05,28.75,Credit Card,Shipped
O104573,C10165,2026-05-29,P1103,1,0.1,106.28,Credit Card,Delivered
O104574,C11595,2025-11-30,P1011,2,0.05,44.92,Debit Card,Delivered
O104575,C11928,2026-06-05,P1009,3,0.2,114.95,Debit Card,Delivered
O104576,C10428,2025-09-21,P1048,1,0.0,137.7,COD,Cancelled
O104577,C10376,2026-06-30,P1065,1,0.15,93.34,Debit Card,Delivered
O104578,C10459,2026-03-12,P1029,2,0.1,122.25,COD,Delivered
O104579,C10571,2026-02-23,P1114,1,0.0,129.56,COD,Pending
O104580,C11876,2026-01-20,P1143,1,0.2,74.75,UPI,Delivered
O104581,C11962,2026-01-22,P1145,2,0.0,116.94,UPI,Shipped
O104582,C11549,2026-05-27,P1084,2,0.2,126.58,Debit Card,Delivered
O104583,C11805,2026-02-02,P1090,1,0.1,72.49,Net Banking,Shipped
O104584,C11675,2026-04-15,P1141,2,0.0,123.25,Debit Card,Delivered
O104585,C11237,2026-08-18,P1057,2,0.0,101.53,Net Banking,Delivered
O104586,C10947,2025-09-11,P1041,2,0.0,10.39,COD,Delivered
O104587,C11764,2026-04-27,P1023,2,0.0,77.59,Credit Card,Returned
O104588,C10242,2026-05-15,P1100,1,0.0,86.53,Credit Card,Delivered
O104589,C10098,2025-12-26,P1077,1,0.15,40.1,Net Banking,Shipped
O104590,C10122,2026-07-26,P1033,2,0.2,1.82,COD,Delivered
O104591,C10927,2025-10-31,P1102,1,0.0,113.79,Debit Card,Cancelled
O104592,C10930,2026-02-02,P1043,1,0.2,78.16,Net Banking,Delivered
O104593,C10729,2025-11-06,P1053,1,0.15,87.56,Net Banking,Delivered
O104594,C11277,2025-09-06,P1096,2,0.0,136.37,UPI,Delivered
O104595,C10002,2025-11-17,P1130,2,0.0,127.23,Net Banking,Delivered
O104596,C11672,2026-05-28,P1001,1,0.0,66.13,COD,Shipped
O104597,C10745,2025-09-13,P1106,4,0.2,84.77,UPI,Delivered
O104598,C11118,2026-01-23,P1003,2,0.2,34.89,UPI,Delivered
O104599,C11726,2026-01-24,P1044,4,0.1,88.95,Net Banking,Delivered
O104600,C10382,2026-01-13,P1020,1,0.0,79.07,Debit Card,Shipped
O104601,C11935,2025-10-10,P1077,1,0.0,62.21,Credit Card,Delivered
O104602,C10573,2025-09-13,P1067,4,0.0,92.37,Net Banking,Delivered
O104603,C10071,2026-04-11,P1150,1,0.0,31.44,Credit Card,Delivered
O104604,C10322,2025-10-21,P1090,4,0.05,37.03,Credit Card,Delivered
O104605,C10355,2026-01-23,P1002,1,0.15,111.58,Credit Card,Delivered
O104606,C10138,2026-03-27,P1011,4,0.1,41.43,Credit Card,Shipped
O104607,C11856,2026-01-26,P1085,3,0.1,92.2,Debit Card,Cancelled
O104608,C10122,2026-04-01,P1030,1,0.0,36.33,Net Banking,Returned
O104609,C10464,2026-04-21,P1087,2,0.1,103.21,Debit Card,Delivered
O104610,C11471,2025-11-16,P1009,1,0.0,22.79,Credit Card,Cancelled
O104611,C11190,2026-03-20,P1130,1,0.1,65.96,Net Banking,Shipped
O104612,C10584,2025-10-06,P1054,2,0.0,81.36,Net Banking,Delivered
O104613,C11589,2025-11-17,P1063,1,0.1,140.31,Credit Card,Cancelled
O104614,C10604,2026-03-11,P1064,1,0.2,86.46,COD,Returned
O104615,C11213,2025-11-06,P1110,1,0.0,138.47,Credit Card,Delivered
O104616,C11101,2026-05-03,P1007,2,0.05,14.9,Debit Card,Delivered
O104617,C11517,2026-04-24,P1138,3,0.0,114.7,Credit Card,Delivered
O104618,C11704,2025-08-24,P1069,2,0.0,15.99,Debit Card,Delivered
O104619,C11802,2026-05-25,P1149,3,0.0,84.29,UPI,Delivered
O104620,C10683,2026-04-30,P1101,1,0.15,127.71,Debit Card,Returned
O104621,C11253,2026-03-15,P1035,2,0.2,53.64,UPI,Delivered
O104622,C10498,2026-08-20,P1128,2,0.0,126.9,COD,Delivered
O104623,C10986,2026-07-15,P1118,1,0.0,9.17,Debit Card,Delivered
O104624,C10570,2026-07-07,P1041,1,0.0,6.04,UPI,Returned
O104625,C10787,2025-12-20,P1047,2,0.1,60.4,Net Banking,Shipped
O104626,C10550,2026-06-21,P1024,1,0.0,56.02,Net Banking,Delivered
O104627,C10918,2026-07-15,P1088,1,0.15,97.82,Net Banking,Pending
O104628,C10201,2026-04-13,P1034,1,0.0,63.03,Credit Card,Delivered
O104629,C10156,2026-07-13,P1059,2,0.1,61.06,UPI,Delivered
O104630,C10476,2025-11-23,P1103,1,0.1,60.43,Credit Card,Pending
O104631,C11751,2026-03-27,P1071,1,0.2,116.41,COD,Delivered
O104632,C11368,2025-11-10,P1131,1,0.0,122.66,COD,Delivered
O104633,C10211,2026-04-10,P1037,2,0.15,115.58,UPI,Returned
O104634,C10872,2026-02-10,P1031,1,0.0,35.77,COD,Shipped
O104635,C10469,2025-08-29,P1007,1,0.0,70.49,UPI,Delivered
O104636,C10325,2026-04-23,P1137,3,0.15,68.65,Debit Card,Delivered
O104637,C10282,2026-04-15,P1070,1,0.05,29.91,UPI,Delivered
O104638,C11445,2025-12-08,P1028,2,0.15,14.28,UPI,Delivered
O104639,C10472,2026-04-01,P1085,4,0.05,78.34,Debit Card,Delivered
O104640,C10193,2025-08-30,P1070,4,0.0,116.94,Credit Card,Delivered
O104641,C10286,2025-09-08,P1026,1,0.0,137.47,Net Banking,Delivered
O104642,C10614,2026-03-16,P1061,1,0.1,26.75,UPI,Delivered
O104643,C10905,2025-11-21,P1125,3,0.0,1.98,Net Banking,Delivered
O104644,C10287,2026-01-29,P1067,2,0.05,121.87,COD,Delivered
O104645,C10260,2025-09-25,P1096,2,0.0,105.83,Debit Card,Cancelled
O104646,C10315,2026-05-25,P1024,1,0.05,48.49,Net Banking,Delivered
O104647,C11451,2026-08-01,P1066,3,0.0,25.51,Debit Card,Delivered
O104648,C11106,2026-01-03,P1029,3,0.0,131.53,Net Banking,Delivered
O104649,C11900,2026-04-24,P1002,1,0.0,20.01,Debit Card,Shipped
O104650,C10990,2025-11-14,P1127,4,0.0,146.5,UPI,Delivered
O104651,C11299,2025-12-21,P1098,2,0.0,115.95,Net Banking,Delivered
O104652,C10428,2026-05-15,P1061,1,0.0,119.84,Credit Card,Delivered
O104653,C11144,2026-01-15,P1111,4,0.0,106.76,Debit Card,Delivered
O104654,C11788,2026-05-19,P1015,2,0.05,126.2,Credit Card,Delivered
O104655,C11468,2026-06-16,P1139,1,0.0,54.3,Debit Card,Pending
O104656,C10564,2026-05-22,P1015,3,0.05,133.94,Net Banking,Delivered
O104657,C11032,2026-01-30,P1092,2,0.0,108.39,Net Banking,Delivered
O104658,C11699,2025-08-30,P1139,1,0.2,96.3,Credit Card,Pending
O104659,C10657,2026-06-12,P1112,4,0.15,129.19,COD,Delivered
O104660,C11615,2026-06-19,P1045,1,0.0,71.12,UPI,Shipped
O104661,C10546,2025-08-26,P1102,3,0.1,22.03,COD,Delivered
O104662,C11198,2026-07-20,P1044,2,0.0,52.02,Debit Card,Delivered
O104663,C10444,2025-11-05,P1082,3,0.0,87.04,Debit Card,Delivered
O104664,C11200,2026-07-07,P1101,4,0.0,45.56,Credit Card,Delivered
O104665,C10354,2026-05-19,P1047,3,0.0,15.42,Debit Card,Delivered
O104666,C10218,2025-12-26,P1137,1,0.0,121.01,Credit Card,Delivered
O104667,C11630,2026-03-14,P1104,2,0.2,46.89,Credit Card,Shipped
O104668,C10615,2025-10-22,P1115,1,0.2,64.79,Credit Card,Delivered
O104669,C10387,2025-12-19,P1065,2,0.15,45.68,Credit Card,Delivered
O104670,C10186,2025-10-16,P1044,2,0.15,117.93,Credit Card,Delivered
O104671,C10561,2026-07-19,P1023,2,0.2,57.04,Debit Card,Delivered
O104672,C10359,2026-07-14,P1003,1,0.2,4.73,UPI,Delivered
O104673,C11342,2026-05-10,P1107,1,0.2,135.2,COD,Delivered
O104674,C11421,2026-06-29,P1114,4,0.15,100.48,UPI,Delivered
O104675,C10817,2026-07-04,P1001,3,0.05,38.13,Debit Card,Returned
O104676,C11827,2026-05-06,P1088,2,0.05,99.11,UPI,Pending
O104677,C10740,2025-12-16,P1111,2,0.0,71.08,Credit Card,Delivered
O104678,C10978,2026-07-10,P1073,2,0.0,32.19,UPI,Delivered
O104679,C10475,2026-07-04,P1020,3,0.0,130.37,UPI,Shipped
O104680,C10173,2025-08-24,P1148,3,0.0,58.75,Credit Card,Delivered
O104681,C11563,2026-07-22,P1052,3,0.15,123.35,Net Banking,Delivered
O104682,C10276,2026-01-17,P1042,1,0.0,76.73,Debit Card,Cancelled
O104683,C10192,2025-09-17,P1023,2,0.0,14.04,Net Banking,Delivered
O104684,C11746,2026-07-13,P1002,2,0.0,98.9,UPI,Delivered
O104685,C10044,2026-08-05,P1136,4,0.05,126.97,Credit Card,Delivered
O104686,C11350,2026-06-27,P1010,4,0.05,84.64,Debit Card,Delivered
O104687,C10820,2025-09-16,P1029,4,0.15,120.34,COD,Cancelled
O104688,C10113,2026-07-05,P1122,1,0.15,131.94,COD,Cancelled
O104689,C10801,2026-07-22,P1073,1,0.0,146.42,Credit Card,Delivered
O104690,C11461,2025-12-06,P1091,2,0.05,26.47,UPI,Delivered
O104691,C10667,2026-04-19,P1059,2,0.0,124.23,COD,Delivered
O104692,C10556,2026-04-14,P1109,3,0.15,7.39,UPI,Delivered
O104693,C10872,2026-08-09,P1038,2,0.1,133.22,Credit Card,Delivered
O104694,C10422,2025-08-28,P1051,4,0.0,93.73,COD,Delivered
O104695,C11317,2025-10-13,P1067,2,0.05,84.51,Debit Card,Delivered
O104696,C11977,2026-04-06,P1112,2,0.15,93.92,Debit Card,Delivered
O104697,C10410,2026-05-04,P1026,1,0.15,81.99,COD,Delivered
O104698,C11844,2026-01-02,P1074,4,0.0,114.05,UPI,Returned
O104699,C10403,2026-04-10,P1118,1,0.0,22.01,Credit Card,Delivered
O104700,C11349,2026-06-20,P1100,1,0.15,27.52,Net Banking,Delivered
O104701,C11948,2025-10-18,P1108,2,0.05,95.6,UPI,Delivered
O104702,C11419,2025-12-16,P1054,3,0.0,119.31,Debit Card,Delivered
O104703,C10369,2026-03-12,P1012,2,0.0,106.77,Debit Card,Cancelled
O104704,C11657,2026-08-06,P1018,4,0.1,124.37,COD,Delivered
O104705,C10697,2025-09-03,P1026,1,0.0,58.56,Net Banking,Delivered
O104706,C10041,2026-04-09,P1023,2,0.15,3.67,COD,Delivered
O104707,C11157,2026-04-29,P1049,1,0.0,69.1,Credit Card,Delivered
O104708,C10375,2026-04-16,P1011,4,0.0,69.65,Credit Card,Delivered
O104709,C10449,2026-07-28,P1114,3,0.15,55.08,Debit Card,Delivered
O104710,C10548,2025-11-04,P1020,4,0.2,136.92,COD,Delivered
O104711,C10551,2026-03-04,P1089,1,0.2,9.81,COD,Shipped
O104712,C11631,2026-03-03,P1051,3,0.2,66.23,Net Banking,Cancelled
O104713,C11173,2025-12-11,P1066,1,0.0,85.32,COD,Delivered
O104714,C10023,2025-11-28,P1043,1,0.0,119.84,Debit Card,Cancelled
O104715,C11583,2026-03-18,P1138,2,0.1,126.12,Debit Card,Shipped
O104716,C10776,2026-03-16,P1036,3,0.0,26.28,COD,Delivered
O104717,C10085,2025-09-18,P1072,1,0.0,8.78,COD,Delivered
O104718,C11057,2026-06-04,P1112,2,0.15,75.11,Debit Card,Delivered
O104719,C10025,2026-04-03,P1001,2,0.0,8.43,Net Banking,Delivered
O104720,C11026,2026-03-15,P1087,2,0.0,113.29,Debit Card,Delivered
O104721,C11933,2026-01-10,P1069,1,0.1,141.73,Credit Card,Delivered
O104722,C11488,2026-03-14,P1072,2,0.0,67.45,Credit Card,Delivered
O104723,C11209,2026-02-09,P1005,1,0.0,142.62,UPI,Delivered
O104724,C10452,2025-09-28,P1123,1,0.2,46.72,Net Banking,Delivered
O104725,C11377,2026-02-16,P1110,4,0.05,147.13,UPI,Delivered
O104726,C11734,2025-09-02,P1106,1,0.15,32.15,UPI,Delivered
O104727,C10934,2026-03-13,P1130,2,0.15,47.89,Net Banking,Delivered
O104728,C10435,2026-06-09,P1118,4,0.0,94.35,UPI,Delivered
O104729,C10769,2025-10-31,P1022,1,0.15,37.47,Net Banking,Shipped
O104730,C11727,2025-10-03,P1090,1,0.15,54.99,COD,Delivered
O104731,C10849,2025-12-27,P1120,2,0.05,29.12,Credit Card,Delivered
O104732,C10795,2025-10-31,P1060,1,0.1,16.26,COD,Delivered
O104733,C11658,2025-12-20,P1018,2,0.0,100.69,Debit Card,Delivered
O104734,C11807,2026-01-14,P1023,2,0.0,126.91,Net Banking,Delivered
O104735,C11060,2026-07-06,P1147,1,0.15,40.3,UPI,Returned
O104736,C10306,2026-07-13,P1116,2,0.0,84.36,COD,Returned
O104737,C10342,2025-11-04,P1148,1,0.0,120.35,UPI,Delivered
O104738,C11059,2026-02-05,P1079,2,0.15,90.06,Debit Card,Delivered
O104739,C10931,2025-12-31,P1144,4,0.05,5.91,COD,Delivered
O104740,C12000,2026-02-06,P1061,4,0.15,33.19,Debit Card,Delivered
O104741,C11807,2026-07-26,P1110,1,0.0,49.18,UPI,Delivered
O104742,C10075,2025-09-15,P1059,3,0.0,45.42,Credit Card,Delivered
O104743,C11874,2026-02-28,P1109,2,0.15,140.67,Net Banking,Delivered
O104744,C10433,2026-05-23,P1007,1,0.0,22.56,COD,Delivered
O104745,C10902,2026-02-17,P1055,2,0.0,55.61,UPI,Shipped
O104746,C10965,2025-09-25,P1031,3,0.1,117.08,Net Banking,Returned
O104747,C10375,2025-11-26,P1047,1,0.2,96.88,COD,Delivered
O104748,C11757,2026-04-22,P1122,1,0.2,47.06,Net Banking,Delivered
O104749,C11590,2026-04-30,P1021,3,0.0,35.88,Net Banking,Delivered
O104750,C11049,2026-05-23,P1116,3,0.1,101.27,Net Banking,Delivered
O104751,C10883,2025-12-10,P1085,1,0.0,65.37,Credit Card,Delivered
O104752,C10675,2026-02-02,P1012,1,0.15,0.1,COD,Delivered
O104753,C10421,2026-04-09,P1147,2,0.1,97.03,COD,Delivered
O104754,C11393,2025-10-27,P1044,2,0.1,75.17,Net Banking,Delivered
O104755,C11779,2026-01-25,P1129,2,0.0,47.0,COD,Pending
O104756,C10050,2025-12-14,P1081,3,0.15,19.76,Debit Card,Cancelled
O104757,C11729,2025-12-31,P1078,3,0.05,132.67,Net Banking,Delivered
O104758,C11697,2026-04-17,P1031,1,0.0,75.93,COD,Delivered
O104759,C11327,2026-07-18,P1144,1,0.0,101.31,COD,Shipped
O104760,C11567,2026-07-20,P1020,1,0.1,109.9,Net Banking,Cancelled
O104761,C11399,2025-09-23,P1114,1,0.1,120.14,UPI,Delivered
O104762,C10422,2026-03-30,P1048,1,0.0,143.82,UPI,Shipped
O104763,C10824,2026-02-11,P1042,4,0.0,121.25,Net Banking,Returned
O104764,C11385,2026-08-08,P1004,4,0.0,87.23,COD,Delivered
O104765,C11659,2026-05-12,P1149,1,0.0,23.05,Net Banking,Delivered
O104766,C11715,2026-05-24,P1131,4,0.2,36.08,Net Banking,Delivered
O104767,C11161,2026-04-22,P1138,1,0.0,106.7,Credit Card,Delivered
O104768,C11151,2025-09-15,P1040,1,0.0,29.65,COD,Delivered
O104769,C11978,2026-06-21,P1053,1,0.0,141.18,Credit Card,Delivered
O104770,C10938,2025-12-10,P1002,1,0.05,39.13,Net Banking,Delivered
O104771,C11701,2026-02-09,P1079,1,0.05,54.75,Net Banking,Delivered
O104772,C10830,2025-08-27,P1075,1,0.0,4.05,Credit Card,Delivered
O104773,C11471,2025-10-13,P1138,1,0.2,112.63,Credit Card,Pending
O104774,C10179,2025-12-15,P1061,1,0.0,101.8,Debit Card,Delivered
O104775,C11311,2026-08-14,P1005,2,0.2,27.6,UPI,Delivered
O104776,C11588,2026-07-09,P1145,1,0.15,129.73,Net Banking,Pending
O104777,C10921,2026-02-22,P1007,4,0.2,18.57,COD,Delivered
O104778,C10131,2026-06-12,P1088,3,0.2,122.25,Net Banking,Delivered
O104779,C10005,2025-12-27,P1095,1,0.15,140.46,Debit Card,Pending
O104780,C11087,2025-10-20,P1042,1,0.0,116.57,Debit Card,Delivered
O104781,C11869,2026-02-05,P1132,1,0.2,13.78,Debit Card,Delivered
O104782,C10503,2026-05-12,P1014,2,0.15,76.79,Credit Card,Shipped
O104783,C11421,2025-09-10,P1020,4,0.1,16.4,COD,Shipped
O104784,C10229,2025-10-28,P1107,3,0.0,11.79,COD,Delivered
O104785,C11900,2025-10-17,P1002,4,0.0,30.13,COD,Delivered
O104786,C11954,2025-10-04,P1070,2,0.15,37.01,Credit Card,Delivered
O104787,C10704,2025-11-15,P1136,1,0.1,59.81,Net Banking,Cancelled
O104788,C11554,2026-04-24,P1014,1,0.15,95.74,UPI,Delivered
O104789,C11743,2025-09-27,P1065,1,0.0,129.97,Net Banking,Returned
O104790,C11348,2026-03-27,P1037,2,0.0,110.47,Net Banking,Delivered
O104791,C10004,2025-12-15,P1052,1,0.15,110.06,COD,Shipped
O104792,C10235,2026-03-07,P1122,1,0.0,68.24,UPI,Returned
O104793,C10320,2025-12-18,P1106,1,0.2,91.17,Debit Card,Delivered
O104794,C11802,2026-05-13,P1013,2,0.0,11.44,Credit Card,Delivered
O104795,C11289,2026-08-12,P1139,4,0.2,41.31,UPI,Delivered
O104796,C11840,2025-12-14,P1017,3,0.0,86.6,COD,Delivered
O104797,C10308,2026-08-10,P1136,1,0.05,102.42,Credit Card,Delivered
O104798,C10850,2026-06-25,P1141,1,0.0,84.85,Credit Card,Delivered
O104799,C11578,2025-08-28,P1076,1,0.2,92.91,Debit Card,Cancelled
O104800,C10669,2025-08-26,P1008,2,0.0,134.95,UPI,Delivered
O104801,C11058,2026-03-10,P1130,2,0.0,146.87,Net Banking,Pending
O104802,C11949,2025-11-05,P1145,3,0.05,24.82,Credit Card,Delivered
O104803,C10957,2026-08-17,P1071,2,0.05,63.63,UPI,Delivered
O104804,C11106,2026-08-07,P1001,1,0.0,69.17,COD,Returned
O104805,C11404,2026-05-04,P1029,1,0.0,86.84,Net Banking,Returned
O104806,C10789,2025-10-19,P1029,4,0.2,110.36,Credit Card,Shipped
O104807,C10832,2025-09-23,P1101,1,0.15,0.79,Credit Card,Delivered
O104808,C10068,2026-01-14,P1136,2,0.0,100.41,Credit Card,Cancelled
O104809,C10492,2026-05-30,P1031,1,0.2,71.61,COD,Delivered
O104810,C11552,2026-06-24,P1045,4,0.1,132.58,COD,Delivered
O104811,C11846,2025-08-28,P1068,2,0.0,121.21,Debit Card,Delivered
O104812,C10668,2026-07-15,P1098,2,0.05,44.58,Credit Card,Delivered
O104813,C10685,2026-03-02,P1134,1,0.0,8.08,COD,Returned
O104814,C10167,2026-07-07,P1046,3,0.2,49.06,UPI,Shipped
O104815,C10605,2026-07-01,P1037,3,0.0,143.0,Debit Card,Delivered
O104816,C11796,2025-12-19,P1096,2,0.0,53.0,Credit Card,Delivered
O104817,C10039,2026-03-05,P1150,4,0.15,41.34,UPI,Returned
O104818,C10320,2025-11-29,P1058,1,0.2,124.59,COD,Delivered
O104819,C10019,2026-04-18,P1047,1,0.1,33.51,Net Banking,Returned
O104820,C11168,2026-03-21,P1116,1,0.0,92.31,COD,Cancelled
O104821,C11899,2025-10-22,P1016,1,0.1,38.37,Credit Card,Delivered
O104822,C11330,2026-02-08,P1115,1,0.15,83.17,UPI,Delivered
O104823,C11545,2025-12-26,P1076,1,0.0,123.43,Credit Card,Delivered
O104824,C10273,2026-07-26,P1079,1,0.0,144.16,UPI,Delivered
O104825,C10456,2026-08-18,P1109,1,0.1,57.89,Debit Card,Delivered
O104826,C10163,2025-12-06,P1137,1,0.0,103.05,COD,Shipped
O104827,C11596,2025-11-27,P1072,2,0.15,36.13,UPI,Pending
O104828,C11790,2026-07-14,P1103,2,0.0,53.79,Debit Card,Cancelled
O104829,C11841,2025-12-19,P1131,1,0.0,107.62,Net Banking,Delivered
O104830,C10722,2026-08-02,P1146,1,0.15,112.21,COD,Pending
O104831,C10510,2026-02-16,P1133,1,0.0,64.42,Debit Card,Delivered
O104832,C11459,2025-10-11,P1103,3,0.15,49.58,COD,Delivered
O104833,C10405,2025-10-05,P1033,1,0.2,30.01,Credit Card,Delivered
O104834,C10781,2026-04-19,P1104,2,0.05,2.23,COD,Delivered
O104835,C11280,2026-02-08,P1136,2,0.15,132.06,COD,Delivered
O104836,C10151,2026-01-12,P1034,1,0.15,5.4,Debit Card,Delivered
O104837,C11162,2025-08-29,P1125,3,0.0,99.51,Credit Card,Delivered
O104838,C10104,2026-06-06,P1066,4,0.2,120.49,Credit Card,Delivered
O104839,C10793,2026-03-29,P1048,1,0.0,52.49,Credit Card,Pending
O104840,C11155,2026-01-07,P1033,1,0.05,143.06,UPI,Delivered
O104841,C10816,2026-08-05,P1019,2,0.15,141.23,COD,Pending
O104842,C11166,2025-12-13,P1150,1,0.1,39.91,COD,Delivered
O104843,C11828,2026-01-18,P1089,4,0.2,77.43,COD,Delivered
O104844,C11209,2025-12-24,P1040,3,0.05,138.54,Net Banking,Returned
O104845,C11236,2026-01-04,P1141,1,0.0,99.02,Credit Card,Delivered
O104846,C11540,2025-12-20,P1142,1,0.2,17.23,COD,Cancelled
O104847,C10819,2026-04-22,P1143,1,0.15,116.59,Net Banking,Delivered
O104848,C11015,2026-08-02,P1116,2,0.0,53.65,Net Banking,Delivered
O104849,C11877,2026-07-07,P1112,2,0.05,84.16,UPI,Delivered
O104850,C10506,2026-04-24,P1066,3,0.15,8.13,Net Banking,Delivered
O104851,C11072,2025-10-31,P1065,3,0.0,132.15,Net Banking,Shipped
O104852,C10196,,P1084,1,0.0,19.17,Credit Card,Delivered
O104853,C11528,2025-11-03,P1049,1,0.1,60.26,Net Banking,Delivered
O104854,C10259,2025-11-10,P1104,2,0.1,133.89,UPI,Delivered
O104855,C11837,2025-10-31,P1018,2,0.0,47.9,Debit Card,Delivered
O104856,C11337,2026-03-03,P1120,4,0.15,16.57,COD,Delivered
O104857,C11264,2026-04-15,P1018,1,0.0,32.13,Debit Card,Shipped
O104858,C11355,2025-09-25,P1059,1,0.1,18.89,UPI,Cancelled
O104859,C11498,2025-09-09,P1145,1,0.05,17.74,UPI,Delivered
O104860,C10243,2026-06-19,P1005,1,0.1,52.8,Credit Card,Delivered
O104861,C11178,2025-11-16,P1127,4,0.0,8.91,Debit Card,Delivered
O104862,C11302,2026-05-06,P1140,1,0.2,62.08,COD,Delivered
O104863,C11212,2025-10-17,P1139,1,0.2,107.7,COD,Delivered
O104864,C11706,2026-04-24,P1099,1,0.0,52.75,Debit Card,Delivered
O104865,C11610,2026-05-03,P1035,1,0.2,143.54,Debit Card,Returned
O104866,C10675,2026-03-26,P1039,2,0.0,149.43,UPI,Delivered
O104867,C10479,2026-06-26,P1087,1,0.2,139.22,Credit Card,Delivered
O104868,C11910,2026-06-08,P1125,2,0.1,16.4,COD,Delivered
O104869,C11931,2026-03-02,P1027,1,0.2,90.26,Net Banking,Pending
O104870,C11145,2025-09-21,P1103,4,0.2,56.21,Credit Card,Returned
O104871,C11165,2026-05-02,P1140,1,0.05,85.62,UPI,Delivered
O104872,C11756,2025-11-27,P1095,1,0.05,34.47,COD,Delivered
O104873,C11801,2026-03-14,P1002,3,0.1,93.46,UPI,Delivered
O104874,C10747,2025-09-22,P1063,2,0.0,19.08,UPI,Delivered
O104875,C10837,2025-12-20,P1105,2,0.15,66.0,UPI,Returned
O104876,C10882,2026-04-24,P1147,1,0.15,76.4,Debit Card,Pending
O104877,C10314,2026-02-01,P1075,1,0.0,141.61,UPI,Delivered
O104878,C11629,2026-08-05,P1079,1,0.0,141.91,COD,Delivered
O104879,C11456,2026-07-14,P1042,3,0.05,77.9,Debit Card,Delivered
O104880,C10149,2025-09-29,P1050,3,0.0,88.33,COD,Delivered
O104881,C10647,2026-06-30,P1104,4,0.05,76.29,UPI,Delivered
O104882,C11017,2026-01-02,P1126,2,0.0,81.14,COD,Delivered
O104883,C10348,2026-06-28,P1019,3,0.15,83.02,COD,Pending
O104884,C10717,2025-11-07,P1016,4,0.0,112.18,Credit Card,Delivered
O104885,C11552,2026-04-09,P1148,2,0.15,56.67,Credit Card,Pending
O104886,C10301,2026-05-03,P1086,1,0.1,97.66,Net Banking,Shipped
O104887,C11196,2026-08-17,P1019,2,0.0,130.02,Net Banking,Delivered
O104888,C10992,2026-03-19,P1050,1,0.0,8.37,Credit Card,Delivered
O104889,C10389,2026-04-25,P1077,4,0.1,135.44,Credit Card,Shipped
O104890,C11745,2025-09-12,P1080,1,0.1,137.81,Debit Card,Cancelled
O104891,C10587,2026-02-24,P1141,2,0.15,108.19,Net Banking,Delivered
O104892,C10555,2026-06-17,P1127,3,0.05,54.5,COD,Delivered
O104893,C11536,2025-12-28,P1137,1,0.1,142.77,COD,Cancelled
O104894,C11587,2025-11-20,P1058,4,0.0,112.78,Debit Card,Pending
O104895,C11891,2026-02-22,P1002,2,0.05,148.66,COD,Delivered
O104896,C10157,2025-12-11,P1019,1,0.0,87.31,COD,Delivered
O104897,C11882,2025-11-27,P1143,2,0.2,32.11,Debit Card,Delivered
O104898,C11424,2025-09-18,P1062,2,0.1,16.25,Credit Card,Cancelled
O104899,C11215,2025-09-21,P1089,3,0.0,15.13,UPI,Delivered
O104900,C10786,2026-04-06,P1050,2,0.0,20.58,Debit Card,Delivered
O104901,C11667,2026-04-22,P1019,3,0.0,0.42,Net Banking,Shipped
O104902,C11043,2026-03-04,P1001,3,0.05,72.42,Debit Card,Delivered
O104903,C11520,2026-04-27,P1021,2,0.15,5.31,UPI,Delivered
O104904,C11711,2025-09-02,P1116,2,0.0,103.28,Debit Card,Delivered
O104905,C11640,2026-03-11,P1101,2,0.0,32.41,Debit Card,Delivered
O104906,C11365,2025-11-30,P1030,3,0.1,4.07,COD,Delivered
O104907,C11008,2026-03-23,P1122,2,0.2,35.86,UPI,Delivered
O104908,C10024,2026-01-23,P1063,3,0.05,32.58,UPI,Delivered
O104909,C10654,2025-11-24,P1080,2,0.05,60.85,UPI,Delivered
O104910,C10038,2025-10-14,P1064,1,0.05,4.76,Net Banking,Returned
O104911,C11458,2026-07-23,P1140,2,0.0,143.41,Credit Card,Delivered
O104912,C11648,2026-05-22,P1139,3,0.0,31.3,UPI,Delivered
O104913,C11206,2026-07-07,P1098,1,0.0,61.03,COD,Shipped
O104914,C11572,2026-07-13,P1011,1,0.0,111.18,Credit Card,Delivered
O104915,C11875,2025-11-26,P1140,1,0.1,67.53,Net Banking,Delivered
O104916,C11943,2026-03-09,P1072,3,0.1,109.66,UPI,Delivered
O104917,C11094,2026-02-18,P1139,1,0.1,78.65,UPI,Delivered
O104918,C10659,2026-04-10,P1041,1,0.0,132.26,Net Banking,Delivered
O104919,C10186,2026-05-10,P1098,3,0.15,108.06,Debit Card,Delivered
O104920,C11453,2026-07-24,P1053,1,0.0,64.58,Credit Card,Shipped
O104921,C10702,2025-10-11,P1107,1,0.0,61.58,Credit Card,Delivered
O104922,C11910,2025-09-03,P1049,1,0.0,0.59,Net Banking,Pending
O104923,C10615,2026-02-11,P1068,3,0.0,75.14,UPI,Delivered
O104924,C11039,2025-10-12,P1014,1,0.15,90.67,COD,Delivered
O104925,C11036,2026-03-12,P1143,1,0.15,113.64,COD,Pending
O104926,C10088,2026-04-04,P1044,2,0.15,47.8,UPI,Pending
O104927,C11466,2026-07-29,P1031,1,0.0,33.87,Net Banking,Delivered
O104928,C10190,2026-03-31,P1139,1,0.15,101.98,Debit Card,Cancelled
O104929,C10162,2026-03-03,P1024,3,0.0,87.68,Credit Card,Delivered
O104930,C11865,2026-08-10,P1038,1,0.2,96.28,COD,Delivered
O104931,C10198,2025-10-17,P1086,1,0.0,104.05,Net Banking,Delivered
O104932,C10694,2026-06-09,P1144,2,0.2,36.51,UPI,Delivered
O104933,C11640,2026-07-17,P1103,1,0.0,9.43,Credit Card,Delivered
O104934,C10245,2026-06-17,P1029,3,0.1,80.32,Net Banking,Delivered
O104935,C10067,2025-11-16,P1076,1,0.0,121.53,COD,Shipped
O104936,C11377,2025-10-20,P1041,2,0.0,112.03,Credit Card,Delivered
O104937,C10463,2026-06-22,P1121,3,0.0,61.43,UPI,Delivered
O104938,C11950,2026-04-15,P1070,2,0.0,120.27,Debit Card,Delivered
O104939,C10607,2025-11-09,P1123,1,0.1,142.02,UPI,Cancelled
O104940,C11391,2025-12-01,P1036,3,0.0,38.27,Credit Card,Delivered
O104941,C11538,2025-11-16,P1017,4,0.1,24.1,Debit Card,Delivered
O104942,C10151,2025-09-21,P1147,2,0.05,118.15,Debit Card,Shipped
O104943,C11181,2026-04-29,P1070,4,0.1,146.43,COD,Cancelled
O104944,C10996,2026-05-24,P1100,2,0.0,92.93,COD,Delivered
O104945,C10835,2025-09-30,P1047,1,0.0,140.3,Credit Card,Delivered
O104946,C11555,2026-07-20,P1148,3,0.0,124.16,COD,Returned
O104947,C10745,2026-05-24,P1060,2,0.2,90.42,UPI,Delivered
O104948,C10788,2025-09-26,P1019,1,0.2,46.21,Net Banking,Delivered
O104949,C10266,2025-11-16,P1096,1,0.1,62.1,COD,Shipped
O104950,C11858,2026-08-13,P1115,2,0.05,106.89,UPI,Delivered
O104951,C10796,2026-08-09,P1133,2,0.1,15.0,COD,Delivered
O104952,C11901,2025-12-09,P1014,1,0.15,72.51,COD,Delivered
O104953,C10812,2026-04-02,P1102,2,0.0,2.66,Credit Card,Delivered
O104954,C10018,2026-07-01,P1095,1,0.2,112.77,UPI,Delivered
O104955,C11088,2025-12-21,P1023,4,0.0,48.36,COD,Delivered
O104956,C10017,2025-11-14,P1140,2,0.1,138.87,Net Banking,Delivered
O104957,C11761,2025-10-20,P1056,4,0.0,80.88,Net Banking,Delivered
O104958,C10243,2026-01-20,P1043,1,0.0,104.1,UPI,Shipped
O104959,C10486,2026-08-08,P1008,3,0.2,51.88,Credit Card,Delivered
O104960,C10048,2026-06-09,P1068,4,0.2,18.05,Debit Card,Delivered
O104961,C10410,2025-09-05,P1118,2,0.1,80.48,Debit Card,Delivered
O104962,C11426,2026-03-11,P1094,2,0.15,91.44,Credit Card,Cancelled
O104963,C11177,2026-03-13,P1048,1,0.1,79.84,COD,Delivered
O104964,C11277,2025-10-25,P1137,1,0.1,77.13,COD,Delivered
O104965,C11768,2025-12-27,P1119,1,0.0,117.88,Debit Card,Returned
O104966,C11941,2025-09-08,P1127,1,0.05,80.82,Debit Card,Delivered
O104967,C10528,2026-04-13,P1070,2,0.15,41.46,Net Banking,Pending
O104968,C10090,2025-11-26,P1082,2,0.0,106.14,Debit Card,Shipped
O104969,C11972,2026-06-01,P1073,1,0.0,149.03,Debit Card,Returned
O104970,C10462,2025-12-08,P1132,2,0.0,76.6,UPI,Delivered
O104971,C10034,2026-03-11,P1144,1,0.2,0.88,UPI,Delivered
O104972,C11220,2025-12-05,P1100,2,0.15,70.97,Debit Card,Delivered
O104973,C11085,2025-10-11,P1055,3,0.1,0.42,Debit Card,Returned
O104974,C11732,2026-08-06,P1073,4,0.1,17.8,Debit Card,Delivered
O104975,C10832,2026-02-04,P1041,2,0.0,10.72,Credit Card,Delivered
O104976,C11405,2026-06-26,P1095,1,0.2,87.13,Credit Card,Delivered
O104977,C11263,2025-10-27,P1127,1,0.05,88.02,UPI,Delivered
O104978,C10835,2025-08-28,P1098,1,0.05,32.3,UPI,Delivered
O104979,C11663,2025-10-19,P1105,2,0.15,149.92,UPI,Shipped
O104980,C11722,2025-08-25,P1036,1,0.0,72.03,Debit Card,Delivered
O104981,C10063,2026-01-11,P1115,3,0.0,133.28,UPI,Delivered
O104982,C11769,2026-05-08,P1040,3,0.2,28.38,COD,Returned
O104983,C10832,2026-07-17,P1005,1,0.15,6.75,Credit Card,Delivered
O104984,C11638,2026-04-29,P1017,1,0.15,0.73,Debit Card,Delivered
O104985,C10056,2025-11-09,P1019,4,0.1,84.82,Debit Card,Pending
O104986,C11395,2026-05-10,P1002,1,0.05,148.2,UPI,Delivered
O104987,C11392,2026-07-16,P1024,3,0.15,123.81,COD,Delivered
O104988,C10193,2026-06-12,P1081,1,0.0,8.2,COD,Delivered
O104989,C11079,2025-12-23,P9999,1,0.2,93.59,Net Banking,Delivered
O104990,C10265,2026-04-17,P1046,3,0.0,145.95,Debit Card,Delivered
O104991,C10429,2026-08-14,P1063,1,0.05,72.13,Net Banking,Delivered
O104992,C10906,2026-06-01,P1146,1,0.0,3.83,Debit Card,Delivered
O104993,C10769,2026-06-09,P1068,3,0.0,47.84,Debit Card,Delivered
O104994,C11393,2026-05-30,P1082,2,0.05,90.97,COD,Delivered
O104995,C10654,2026-04-08,P1118,1,0.05,65.12,UPI,Delivered
O104996,C11506,2026-04-03,P1021,4,0.2,107.78,Net Banking,Delivered
O104997,C11089,2026-06-13,P1102,1,0.1,50.63,COD,Pending
O104998,C11919,2026-06-09,P1077,3,0.2,90.51,COD,Delivered
O104999,C10880,2025-09-05,P1085,1,0.15,19.61,COD,Returned
O105000,C11135,2026-05-16,P1061,1,0.2,142.25,Credit Card,Returned
O102673,C10543,2026-03-02,P1077,3,0.1,42.71,UPI,Shipped
O102024,C11666,2026-03-06,P1111,3,0.15,147.4,UPI,Delivered
O100471,C11110,2026-03-25,P1044,1,0.0,64.68,Debit Card,Delivered
O102665,C11254,2025-12-29,P1051,2,0.0,106.69,COD,Shipped
O100094,C10849,2026-05-26,P1036,1,0.0,66.86,Net Banking,Delivered
O100258,C10057,2025-09-21,P1014,1,0.1,35.13,Credit Card,Delivered
O103352,C10001,2026-07-05,P1129,2,0.15,86.61,Net Banking,Pending
O104707,C11157,2026-04-29,P1049,1,0.0,69.1,Credit Card,Delivered
O104182,C11070,2026-01-29,P1075,2,0.0,95.63,Debit Card,Delivered
O101707,C10816,2026-01-26,P1020,4,0.0,116.79,Credit Card,Delivered
O101328,C10377,2026-01-05,P1061,3,0.2,118.21,Net Banking,Delivered
O104260,C10930,2026-01-06,P1035,1,0.2,125.74,COD,Delivered
O102821,C10223,2026-07-28,P1112,1,0.05,140.03,Credit Card,Delivered
O101983,C11421,2026-02-02,P1136,2,0.15,101.05,Credit Card,Delivered
O102060,C11439,2026-06-23,P1064,3,0.0,119.89,Net Banking,Delivered
O102412,C10980,2025-11-25,P1011,1,0.15,114.76,COD,Pending
O100727,C10333,2025-09-27,P1050,1,0.0,48.71,COD,Pending
O104168,C11157,2026-07-03,P1028,1,0.0,28.9,Debit Card,Delivered
O100187,C11014,2025-11-28,P1097,1,0.0,99.91,Net Banking,Delivered
O102814,C11356,2025-11-15,P1116,2,0.0,36.68,Credit Card,Delivered
