session_id,customer_id,session_date,channel,device,pages_viewed,session_duration,added_to_cart,purchased
S1000001,,2026-06-10,Affiliate,Mobile,3,260.3,False,False
S1000002,C10136,2026-04-21,Instagram,Mobile,6,33.9,False,False
S1000003,,2026-02-27,Facebook,Mobile,1,45.1,False,False
S1000004,C11190,2026-06-15,Instagram,Mobile,4,242.2,True,False
S1000005,C11247,2026-04-30,Affiliate,Desktop,5,245.2,False,False
S1000006,C10344,2026-06-08,Facebook,Mobile,4,216.0,False,False
S1000007,C11036,2026-07-22,Instagram,Mobile,4,113.9,True,False
S1000008,C10842,2026-07-09,Google Ads,Mobile,6,272.4,True,False
S1000009,C10319,2026-05-25,Organic,Desktop,7,172.4,True,True
S1000010,C10817,2025-08-29,Google Ads,Mobile,3,49.6,False,False
S1000011,C10818,2026-03-25,Email,Mobile,5,180.6,True,True
S1000012,C11917,2026-06-12,Email,Desktop,7,83.6,False,False
S1000013,C10058,2026-03-03,Email,Mobile,5,80.0,False,False
S1000014,C10181,2025-10-17,Facebook,Desktop,5,166.3,False,False
S1000015,,2026-01-28,Google Ads,Tablet,3,159.2,False,False
S1000016,C11326,2025-11-09,Affiliate,Mobile,5,49.6,False,False
S1000017,C10793,2025-09-29,Organic,Desktop,4,137.8,False,False
S1000018,,2025-08-29,Google Ads,Desktop,5,137.6,False,False
S1000019,C11671,2026-07-08,Affiliate,Desktop,5,112.3,False,False
S1000020,C11001,2026-01-26,Google Ads,Mobile,3,57.6,False,False
S1000021,,2025-09-02,Affiliate,Desktop,8,62.6,False,False
S1000022,C11221,2026-08-14,Google Ads,Mobile,2,227.8,False,False
S1000023,C10932,2025-11-20,Email,Mobile,7,74.1,True,False
S1000024,C11597,2025-08-25,Google Ads,Mobile,5,249.4,False,False
S1000025,C10794,2026-08-10,Email,Desktop,7,124.4,False,False
S1000026,C10459,2026-01-26,Instagram,Desktop,4,239.8,False,False
S1000027,C11358,2025-10-09,Organic,Mobile,7,48.1,False,False
S1000028,C10623,2025-09-26,Email,Mobile,5,123.2,True,True
S1000029,C10095,2026-01-19,Instagram,Mobile,4,256.1,False,False
S1000030,C10862,2025-08-22,Facebook,Mobile,5,76.9,True,False
S1000031,C11258,2026-03-01,Facebook,Mobile,6,200.8,False,False
S1000032,C11495,2025-09-14,Organic,Tablet,6,292.4,False,False
S1000033,,2026-06-04,Google Ads,Mobile,7,199.9,True,False
S1000034,,2025-12-24,Facebook,Desktop,5,64.0,False,False
S1000035,C10906,2026-05-29,Instagram,Mobile,5,6.2,True,True
S1000036,C10350,2026-05-23,Organic,Desktop,7,134.4,True,False
S1000037,C11802,2025-09-02,Google Ads,Mobile,1,68.1,False,False
S1000038,,2026-01-23,Instagram,Mobile,7,282.1,True,True
S1000039,,2025-11-05,Organic,Mobile,4,68.8,False,False
S1000040,,2026-03-31,Email,Mobile,1,253.4,True,False
S1000041,C10261,2026-07-08,Email,Mobile,8,184.0,True,False
S1000042,C11266,2025-10-09,Email,Desktop,6,90.8,False,False
S1000043,C10456,2026-01-27,Facebook,Desktop,4,83.1,False,False
S1000044,C10574,2026-04-12,Instagram,Mobile,5,40.3,False,False
S1000045,C11043,2026-01-11,Facebook,Mobile,6,92.0,False,False
S1000046,C10157,2026-05-25,Instagram,Mobile,5,60.3,True,False
S1000047,C10990,2026-02-12,Organic,Desktop,5,62.1,False,False
S1000048,C11437,2025-08-21,Google Ads,Mobile,11,145.3,False,False
S1000049,,2026-07-22,Instagram,Desktop,5,213.7,False,False
S1000050,C10661,2026-01-04,Organic,Mobile,4,59.4,False,False
S1000051,C11098,2025-09-10,Organic,Mobile,2,127.2,False,False
S1000052,C11286,2026-02-15,Affiliate,Desktop,2,76.2,False,False
S1000053,C11591,2026-02-07,Facebook,Mobile,4,69.5,True,False
S1000054,C10077,2025-10-04,Email,Mobile,4,148.0,True,True
S1000055,C11788,2026-03-21,Facebook,Mobile,9,80.7,False,False
S1000056,C10110,2026-05-03,Organic,Mobile,7,336.6,True,False
S1000057,C11309,2026-08-12,Organic,Desktop,5,247.1,True,False
S1000058,C11286,2026-07-14,Instagram,Mobile,8,130.3,False,False
S1000059,,2026-06-15,Instagram,Mobile,4,135.7,False,False
S1000060,C10969,2026-05-24,Email,Mobile,8,399.4,False,False
S1000061,C11874,2025-10-13,Affiliate,Mobile,5,224.3,False,False
S1000062,C11582,2026-03-03,Facebook,Desktop,9,35.3,False,False
S1000063,C11954,2025-11-29,Instagram,Mobile,3,56.8,False,False
S1000064,C10885,2025-12-10,Google Ads,Mobile,4,62.7,False,False
S1000065,C10654,2026-07-14,Facebook,Desktop,6,100.2,True,False
S1000066,C11037,2026-05-08,Email,Desktop,4,82.1,False,False
S1000067,C10728,2026-02-28,Email,Mobile,4,84.1,False,False
S1000068,C10928,2026-02-24,Affiliate,Mobile,2,40.4,False,False
S1000069,,2026-03-25,Organic,Desktop,2,273.2,False,False
S1000070,C11357,2025-08-24,Facebook,Mobile,6,201.3,True,False
S1000071,C10806,2025-11-20,Organic,Desktop,3,121.1,False,False
S1000072,C10427,2025-09-06,Affiliate,Mobile,7,153.5,True,False
S1000073,C11700,2026-02-22,Google Ads,Mobile,4,419.6,True,False
S1000074,C11888,2026-04-08,Affiliate,Mobile,3,215.4,False,False
S1000075,C10336,2025-09-11,Organic,Mobile,7,36.5,False,False
S1000076,C10359,2026-05-14,Instagram,Mobile,6,257.6,True,True
S1000077,C11509,2026-02-21,Instagram,Mobile,2,70.1,False,False
S1000078,C11284,2025-11-02,Affiliate,Mobile,5,812.1,False,False
S1000079,C11195,2026-06-20,Facebook,Mobile,9,229.4,False,False
S1000080,C11939,2026-04-07,Facebook,Mobile,4,217.3,False,False
S1000081,C10598,2026-02-09,Affiliate,Desktop,6,331.4,False,False
S1000082,C11453,2025-10-07,Instagram,Mobile,7,292.5,True,False
S1000083,C10251,2026-01-14,Instagram,Desktop,8,209.5,True,False
S1000084,C10731,2025-11-23,Facebook,Desktop,6,191.9,False,False
S1000085,C11888,2025-10-18,Email,Mobile,2,125.8,False,False
S1000086,,2025-11-09,Organic,Tablet,7,87.3,False,False
S1000087,C10236,2026-01-22,Facebook,Mobile,5,32.2,True,False
S1000088,C10690,2026-01-07,Google Ads,Mobile,7,269.3,False,False
S1000089,C10340,2025-08-26,Google Ads,Desktop,6,373.7,False,False
S1000090,,2025-11-18,Facebook,Mobile,7,118.2,True,False
S1000091,C11323,2025-10-03,Organic,Mobile,8,47.8,False,False
S1000092,C10203,2025-09-16,Instagram,Desktop,3,198.6,False,False
S1000093,,2026-03-07,Organic,Desktop,2,333.5,False,False
S1000094,C10792,2026-08-09,Email,Mobile,10,88.4,True,False
S1000095,C11210,2026-03-17,Instagram,Mobile,6,412.3,False,False
S1000096,,2026-03-15,Email,Desktop,3,143.3,True,True
S1000097,C10590,2026-04-03,Google Ads,Tablet,5,79.4,False,False
S1000098,C11212,2025-08-23,Affiliate,Desktop,7,125.0,False,False
S1000099,,2026-03-30,Facebook,Mobile,4,284.0,True,False
S1000100,C11305,2025-11-29,Organic,Tablet,5,219.6,False,False
S1000101,C11579,2025-12-21,Organic,Desktop,6,183.0,False,False
S1000102,C10870,2026-08-20,Organic,Desktop,5,387.8,False,False
S1000103,C11986,2026-04-16,Organic,Mobile,2,136.9,False,False
S1000104,C11487,2026-06-17,Email,Mobile,9,142.0,True,True
S1000105,,2026-04-25,Affiliate,Mobile,4,193.5,False,False
S1000106,C11825,2026-04-23,Google Ads,Mobile,5,73.2,False,False
S1000107,C10942,2026-07-15,Google Ads,Desktop,5,221.3,False,False
S1000108,C10851,2026-02-03,Facebook,Tablet,4,338.7,True,True
S1000109,C10004,2026-02-10,Google Ads,Mobile,3,313.1,False,False
S1000110,C10808,2026-03-17,Organic,Mobile,8,310.4,True,False
S1000111,C11662,2026-03-10,Organic,Mobile,7,134.0,True,True
S1000112,C11625,2025-09-13,Organic,Mobile,8,19.0,False,False
S1000113,C11393,2026-08-15,Email,Mobile,7,133.3,False,False
S1000114,C11257,2025-08-29,Email,Mobile,4,32.6,False,False
S1000115,C11843,2025-08-26,Organic,Desktop,3,551.2,False,False
S1000116,C11991,2025-11-30,Facebook,Mobile,4,187.4,False,False
S1000117,C10863,2026-05-29,Facebook,Mobile,5,83.4,False,False
S1000118,C10034,2026-01-23,Google Ads,Desktop,1,208.6,False,False
S1000119,,2026-07-28,Email,Mobile,5,371.0,False,False
S1000120,C11302,2025-10-23,Instagram,Desktop,5,31.0,False,False
S1000121,,2026-01-13,Google Ads,Mobile,6,326.8,False,False
S1000122,,2026-03-28,Email,Mobile,5,65.4,True,False
S1000123,C11592,2026-07-03,Organic,Mobile,3,287.0,False,False
S1000124,C10623,2026-08-01,Organic,Desktop,7,61.1,False,False
S1000125,C10890,2026-01-09,Organic,Mobile,7,207.0,False,False
S1000126,C11657,2026-02-21,Instagram,Mobile,6,364.7,False,False
S1000127,C11126,2025-12-10,Instagram,Mobile,9,137.6,False,False
S1000128,C10263,2025-09-10,Instagram,Mobile,5,122.6,False,False
S1000129,,2025-11-03,Email,Desktop,3,212.3,False,False
S1000130,C11506,2026-02-15,Organic,Mobile,8,81.8,False,False
S1000131,C11255,2025-12-25,Email,Mobile,7,70.0,False,False
S1000132,C11553,2025-11-05,Google Ads,Mobile,4,354.5,False,False
S1000133,C11404,2026-02-15,Facebook,Desktop,3,286.3,False,False
S1000134,C10539,2026-03-26,Affiliate,Mobile,3,348.2,False,False
S1000135,,2025-09-04,Google Ads,Mobile,5,92.1,False,False
S1000136,,2025-12-28,Organic,Desktop,9,46.9,False,False
S1000137,C11668,2025-09-03,Facebook,Mobile,6,207.3,False,False
S1000138,C10367,2025-10-25,Affiliate,Mobile,6,260.2,True,False
S1000139,C10131,2026-02-24,Affiliate,Tablet,8,81.0,False,False
S1000140,C11704,2026-02-26,Organic,Tablet,7,24.8,False,False
S1000141,C11597,2025-09-13,Instagram,Desktop,5,142.4,True,False
S1000142,C11793,2026-03-23,Facebook,Mobile,6,573.2,False,False
S1000143,,2026-08-19,Google Ads,Desktop,5,9.8,False,False
S1000144,C10469,2026-05-01,Email,Mobile,4,75.4,False,False
S1000145,C11547,2026-05-15,Instagram,Mobile,3,93.0,False,False
S1000146,,2026-06-23,Instagram,Mobile,6,275.9,True,True
S1000147,C10775,2026-04-14,Affiliate,Desktop,4,538.1,True,False
S1000148,C10766,2026-04-06,Email,Mobile,3,419.2,False,False
S1000149,C11699,2025-10-05,Google Ads,Mobile,5,158.9,False,False
S1000150,,2026-08-16,Google Ads,,2,60.3,False,False
S1000151,C11205,2025-11-25,Facebook,Mobile,9,114.3,False,False
S1000152,C11208,2025-09-18,Organic,Mobile,4,66.5,False,False
S1000153,C10275,2026-02-08,Organic,Mobile,6,32.5,False,False
S1000154,C10029,2026-08-07,Email,Mobile,4,61.2,False,False
S1000155,C10903,2026-03-13,Facebook,Mobile,5,72.2,False,False
S1000156,C10195,2025-08-23,Facebook,Mobile,7,285.2,False,False
S1000157,,2025-09-03,Facebook,Mobile,4,321.1,False,False
S1000158,C10106,2026-01-19,Google Ads,Desktop,9,165.6,False,False
S1000159,C11098,2025-11-24,Facebook,Mobile,5,42.3,False,False
S1000160,C10640,2025-10-02,Google Ads,Mobile,4,96.5,True,True
S1000161,C10189,2025-08-26,Organic,Mobile,9,100.9,False,False
S1000162,C10888,2026-07-03,Facebook,Mobile,5,132.4,False,False
S1000163,C11293,2026-01-15,Google Ads,Desktop,4,248.8,False,False
S1000164,C10996,2026-06-02,Affiliate,Mobile,7,108.6,False,False
S1000165,,2025-09-22,Facebook,Mobile,3,242.2,False,False
S1000166,,2025-11-02,Email,Desktop,1,455.5,False,False
S1000167,,2026-01-05,Instagram,Mobile,5,580.3,False,False
S1000168,,2026-07-28,Instagram,Mobile,4,61.5,True,False
S1000169,,2026-03-21,Google Ads,Desktop,5,174.6,False,False
S1000170,C11335,2025-09-30,Organic,,6,270.1,True,False
S1000171,C10877,2025-09-22,Organic,Desktop,8,115.0,True,True
S1000172,C10501,2025-10-12,Organic,Desktop,7,126.6,False,False
S1000173,C10763,2026-07-24,Organic,Mobile,6,27.1,True,True
S1000174,C11522,2026-07-19,Google Ads,Mobile,4,138.9,False,False
S1000175,C10109,2025-12-02,Google Ads,Mobile,5,524.1,False,False
S1000176,,2026-07-01,Organic,Mobile,2,219.6,False,False
S1000177,C10687,2026-07-19,Organic,Desktop,4,38.7,True,False
S1000178,C10687,2025-08-28,Organic,Mobile,4,82.7,False,False
S1000179,C10669,2025-09-22,Organic,Mobile,6,61.8,True,False
S1000180,C10591,2026-03-10,Affiliate,Mobile,7,227.3,False,False
S1000181,C11615,2025-10-31,Google Ads,Mobile,2,224.7,False,False
S1000182,C10984,2026-03-30,Google Ads,Mobile,3,421.9,False,False
S1000183,C10525,2026-08-02,Instagram,Mobile,8,88.0,False,False
S1000184,C10291,2026-05-03,Google Ads,Tablet,3,150.6,False,False
S1000185,C10823,2026-07-16,Facebook,Mobile,3,141.2,False,False
S1000186,C11739,2026-07-02,Affiliate,Mobile,3,233.7,False,False
S1000187,C10278,2026-04-21,Organic,Mobile,3,196.2,False,False
S1000188,C10065,2026-02-10,Organic,Mobile,6,519.8,True,False
S1000189,,2026-03-09,Organic,Mobile,10,262.7,False,False
S1000190,C11362,2026-05-17,Google Ads,Mobile,6,332.1,False,False
S1000191,C10287,2025-10-10,Email,Mobile,6,255.6,False,False
S1000192,C11359,2026-06-22,Affiliate,Desktop,5,119.5,True,False
S1000193,C11742,2025-11-01,Google Ads,Desktop,7,43.2,False,False
S1000194,,2025-10-15,Instagram,Mobile,6,321.3,False,False
S1000195,C10458,2026-07-18,Email,Mobile,2,470.6,False,False
S1000196,,2026-02-25,Email,Mobile,6,131.3,False,False
S1000197,,2026-01-31,Facebook,Tablet,4,36.4,False,False
S1000198,C10240,2026-04-11,Affiliate,Mobile,7,42.6,False,False
S1000199,C11502,2026-02-16,Email,Mobile,3,150.8,False,False
S1000200,,2025-08-30,Organic,Desktop,3,221.7,True,True
S1000201,C10683,2026-01-02,Google Ads,Mobile,9,205.8,False,False
S1000202,C11026,2026-01-01,Instagram,Desktop,4,312.2,False,False
S1000203,C10611,2025-10-08,Email,Mobile,6,302.8,False,False
S1000204,C10011,2025-11-30,Google Ads,Mobile,2,347.1,False,False
S1000205,C10881,2026-03-02,Facebook,Mobile,6,123.7,False,False
S1000206,C11527,2025-12-23,Google Ads,Desktop,4,369.5,False,False
S1000207,,2026-05-05,Organic,Mobile,7,474.3,False,False
S1000208,C11537,2025-11-03,Facebook,Desktop,8,372.2,False,False
S1000209,,2026-03-28,Email,Desktop,8,107.5,False,False
S1000210,C10497,2026-03-03,Instagram,Mobile,5,238.5,False,False
S1000211,C11305,2026-06-02,Email,Mobile,11,81.0,False,False
S1000212,C10967,2026-01-12,Organic,Mobile,5,175.9,True,True
S1000213,C11710,2025-08-24,Affiliate,Mobile,2,233.3,False,False
S1000214,C10364,2025-11-10,Organic,Tablet,7,240.1,False,False
S1000215,C10828,2026-01-08,Instagram,Mobile,4,36.3,True,False
S1000216,C11735,2026-02-14,Google Ads,Mobile,4,298.0,False,False
S1000217,C11838,2026-01-24,Instagram,Mobile,2,115.3,False,False
S1000218,,2025-11-19,Affiliate,Desktop,4,234.0,True,False
S1000219,C11047,2026-07-26,Google Ads,Desktop,10,118.8,False,False
S1000220,C10853,2026-05-28,Instagram,Mobile,6,452.9,True,False
S1000221,C11604,2025-11-17,Organic,Mobile,8,62.4,False,False
S1000222,,2025-09-13,Facebook,Mobile,9,289.3,False,False
S1000223,C10760,2026-06-06,Google Ads,Desktop,5,177.6,True,False
S1000224,C11593,2026-06-04,Organic,Mobile,6,102.9,False,False
S1000225,C11567,2026-06-05,Instagram,Desktop,3,113.1,False,False
S1000226,C11366,2026-03-30,Instagram,Mobile,3,189.9,False,False
S1000227,C11189,2026-01-06,Email,Desktop,2,121.3,True,True
S1000228,C10836,2025-10-02,Google Ads,Desktop,4,34.4,False,False
S1000229,C11569,2025-11-27,Email,Desktop,5,118.4,False,False
S1000230,C11532,2026-05-08,Instagram,Mobile,5,377.6,False,False
S1000231,C11797,2026-08-06,Organic,Desktop,2,138.7,True,False
S1000232,C10796,2026-04-04,Facebook,Mobile,4,213.8,False,False
S1000233,C10610,2026-07-21,Google Ads,Mobile,4,211.5,False,False
S1000234,,2026-06-07,Google Ads,Mobile,7,333.4,False,False
S1000235,C11321,2026-04-13,Email,Mobile,6,371.3,False,False
S1000236,C10403,2026-08-02,Affiliate,Mobile,6,37.0,False,False
S1000237,,2026-07-23,Instagram,Mobile,4,142.1,True,False
S1000238,,2025-11-27,Organic,Mobile,6,222.6,False,False
S1000239,C11124,2026-03-29,Instagram,Desktop,5,238.4,False,False
S1000240,C10505,2026-08-17,Email,Mobile,6,405.6,True,False
S1000241,C11608,2025-10-17,Google Ads,Desktop,10,184.0,False,False
S1000242,C10302,2026-04-20,Instagram,Mobile,7,6.0,True,False
S1000243,C11309,2026-05-04,Instagram,Mobile,10,120.6,True,False
S1000244,C11822,2025-10-07,Affiliate,Desktop,5,242.8,False,False
S1000245,C10159,2025-10-06,Facebook,Mobile,3,350.8,False,False
S1000246,,2026-03-06,Instagram,Tablet,5,109.3,False,False
S1000247,C10171,2026-07-13,Google Ads,Desktop,2,125.6,False,False
S1000248,C11056,2026-01-01,Email,Desktop,4,183.5,True,False
S1000249,C10182,2026-08-01,Google Ads,Mobile,7,344.8,False,False
S1000250,C11652,2026-01-18,Google Ads,Mobile,6,176.7,True,False
S1000251,,2026-07-08,Google Ads,Desktop,4,121.5,False,False
S1000252,C11588,2025-10-22,Organic,,5,81.8,True,True
S1000253,C10196,2026-01-25,Instagram,Mobile,6,87.2,False,False
S1000254,C11669,2026-02-11,Facebook,Mobile,5,417.8,False,False
S1000255,C11458,2026-05-10,Google Ads,Desktop,3,554.0,True,False
S1000256,C10792,2026-01-16,Affiliate,Mobile,4,132.0,False,False
S1000257,C10242,2025-09-26,Google Ads,Mobile,3,119.1,False,False
S1000258,C10585,2025-11-06,Instagram,Mobile,7,241.3,False,False
S1000259,,2026-03-24,Affiliate,Desktop,2,143.7,False,False
S1000260,C10906,2026-06-15,Instagram,Mobile,9,359.4,False,False
S1000261,C10570,2026-08-17,Organic,Desktop,2,136.7,False,False
S1000262,C11703,2026-04-09,Email,Mobile,4,92.8,True,True
S1000263,C11439,2026-02-03,Instagram,Desktop,5,123.8,False,False
S1000264,C10421,2026-05-15,Organic,Mobile,3,204.9,False,False
S1000265,C10223,2026-06-11,Facebook,Desktop,6,231.7,False,False
S1000266,,2025-12-18,Email,Desktop,7,347.1,False,False
S1000267,C11292,2025-12-05,Organic,Mobile,2,9.2,False,False
S1000268,C10810,2026-03-12,Organic,Mobile,3,590.5,False,False
S1000269,C11734,2025-12-11,Email,Tablet,6,73.5,True,False
S1000270,C10225,2026-07-31,Google Ads,Mobile,6,101.4,True,False
S1000271,C11866,2025-10-29,Instagram,Mobile,1,238.8,False,False
S1000272,C10943,2026-02-09,Google Ads,Mobile,4,184.3,False,False
S1000273,C11377,2026-05-13,Google Ads,Desktop,8,580.0,False,False
S1000274,C11128,2025-11-05,Instagram,Mobile,7,234.3,False,False
S1000275,C11229,2025-09-21,Google Ads,Mobile,8,75.4,False,False
S1000276,C10798,2026-01-07,Google Ads,Mobile,8,447.3,False,False
S1000277,C11584,2025-10-24,Email,Mobile,3,63.0,False,False
S1000278,C11590,2025-09-03,Affiliate,Mobile,7,213.9,False,False
S1000279,C10558,2026-03-13,Affiliate,Mobile,5,102.2,False,False
S1000280,C11545,2025-10-25,Google Ads,Mobile,3,279.7,False,False
S1000281,,2026-08-07,Instagram,Mobile,3,134.4,True,True
S1000282,C10976,2025-12-12,Organic,Mobile,3,122.0,True,True
S1000283,C10988,2026-05-10,Email,Mobile,10,82.1,False,False
S1000284,C11405,2026-08-10,Instagram,Desktop,5,90.3,True,False
S1000285,C10577,2025-09-25,Google Ads,Mobile,5,152.0,True,False
S1000286,,2025-09-30,Affiliate,Mobile,8,232.7,False,False
S1000287,C11492,2026-04-03,Google Ads,Mobile,5,192.1,False,False
S1000288,,2026-06-22,Facebook,Mobile,5,154.2,False,False
S1000289,C10078,2026-07-29,Google Ads,Mobile,3,228.2,False,False
S1000290,C11115,2026-03-28,Google Ads,Mobile,7,210.8,False,False
S1000291,,2026-07-17,Organic,,6,87.2,False,False
S1000292,,2025-11-16,Affiliate,Desktop,8,78.5,False,False
S1000293,C10171,2025-10-11,Affiliate,Mobile,13,140.2,False,False
S1000294,C10639,2025-12-03,Email,Tablet,3,105.4,False,False
S1000295,,2026-05-17,Organic,Mobile,2,413.0,False,False
S1000296,C11085,2025-09-19,Email,Desktop,4,95.7,True,True
S1000297,C11748,2026-06-25,Facebook,Mobile,4,456.8,False,False
S1000298,C11876,2026-04-04,Facebook,Mobile,8,313.6,False,False
S1000299,,2026-07-30,Organic,Desktop,5,14.1,False,False
S1000300,C11234,2026-01-31,Google Ads,Mobile,3,131.1,False,False
S1000301,C10250,2026-03-27,Organic,Desktop,7,108.4,False,False
S1000302,C10529,2026-01-18,Facebook,Desktop,3,80.7,False,False
S1000303,C10675,2026-05-12,Instagram,Mobile,5,65.5,False,False
S1000304,C10320,2025-08-28,Organic,Mobile,5,154.0,False,False
S1000305,C10405,2025-10-26,Google Ads,Mobile,6,41.7,True,False
S1000306,C10980,2025-10-19,Email,Desktop,4,642.1,False,False
S1000307,,2025-09-03,Facebook,Tablet,5,353.7,False,False
S1000308,,2025-11-30,Email,Mobile,4,69.6,False,False
S1000309,C11114,2026-06-16,Instagram,Mobile,5,426.4,False,False
S1000310,C11613,2025-10-11,Facebook,Desktop,8,57.8,False,False
S1000311,C11810,2026-01-27,Google Ads,Mobile,4,217.4,False,False
S1000312,C10417,2026-05-16,Organic,Desktop,5,100.5,False,False
S1000313,C10201,2026-04-10,Email,Mobile,5,156.3,False,False
S1000314,C11736,2025-12-27,Affiliate,Tablet,3,57.1,False,False
S1000315,C10622,2026-08-06,Organic,Desktop,6,477.8,False,False
S1000316,C10009,2026-03-08,Google Ads,Tablet,2,210.5,False,False
S1000317,C11138,2026-08-20,Affiliate,Mobile,6,178.5,False,False
S1000318,C10189,2026-06-05,Google Ads,Desktop,6,225.8,False,False
S1000319,C10941,2026-01-31,Organic,Mobile,5,92.5,True,False
S1000320,C10280,2026-08-14,Organic,Tablet,8,97.4,False,False
S1000321,C10154,2026-01-31,Affiliate,Mobile,7,38.6,False,False
S1000322,C11987,2026-02-17,Facebook,Desktop,4,470.3,False,False
S1000323,C10755,2026-06-22,Facebook,Mobile,7,6.7,False,False
S1000324,,2025-09-10,Facebook,Mobile,3,201.1,False,False
S1000325,C10490,2025-12-06,Email,Tablet,7,272.0,False,False
S1000326,C10077,2025-09-06,Organic,Mobile,2,20.2,False,False
S1000327,C11259,2025-12-31,Organic,Desktop,5,176.4,False,False
S1000328,C10777,2025-10-12,Google Ads,Mobile,4,81.7,False,False
S1000329,C10587,2026-06-02,Google Ads,Desktop,5,311.3,False,False
S1000330,C10244,2025-12-27,Instagram,Desktop,7,144.6,False,False
S1000331,C10156,2026-02-22,Affiliate,Mobile,7,51.4,False,False
S1000332,C10688,2025-09-05,Google Ads,Mobile,5,174.7,False,False
S1000333,C11223,2025-10-06,Email,Tablet,3,180.4,False,False
S1000334,C10380,2025-10-09,Instagram,Mobile,4,91.3,False,False
S1000335,C10519,2026-03-25,Affiliate,Mobile,5,237.1,True,False
S1000336,C10662,2026-01-11,Google Ads,Desktop,6,82.7,False,False
S1000337,,2026-06-10,Affiliate,Desktop,4,295.1,True,False
S1000338,C10005,2025-12-16,Google Ads,Mobile,3,46.7,False,False
S1000339,C10997,2025-10-05,Affiliate,Mobile,3,69.1,False,False
S1000340,C11450,2026-01-24,Facebook,Mobile,2,124.8,False,False
S1000341,C11444,2026-02-25,Email,Mobile,3,110.8,False,False
S1000342,,2026-08-11,Organic,Mobile,2,78.8,False,False
S1000343,C10800,2026-06-25,Email,Mobile,5,346.8,False,False
S1000344,C11945,2025-12-22,Email,Tablet,8,244.6,True,True
S1000345,C10063,2026-01-24,Instagram,Mobile,2,108.8,False,False
S1000346,,2026-02-06,Email,Desktop,6,278.5,False,False
S1000347,C10887,2026-05-20,Facebook,Tablet,6,138.2,True,False
S1000348,C11879,2026-03-25,Facebook,Mobile,8,82.3,False,False
S1000349,C11594,2026-04-14,Facebook,Desktop,4,27.1,False,False
S1000350,,2025-12-23,Organic,Mobile,3,317.6,False,False
S1000351,C11307,2026-01-05,Affiliate,Mobile,7,220.4,False,False
S1000352,,2026-06-25,Instagram,Mobile,8,108.8,False,False
S1000353,,2025-12-10,Email,Mobile,4,290.7,True,False
S1000354,C10054,2026-06-24,Instagram,Desktop,3,58.3,False,False
S1000355,C10976,2026-04-01,Google Ads,Mobile,6,244.5,True,True
S1000356,C10603,2026-07-28,Organic,Desktop,6,352.4,True,False
S1000357,C10563,2026-06-25,Google Ads,Mobile,7,191.6,False,False
S1000358,C11677,2026-03-05,Instagram,Desktop,5,33.3,False,False
S1000359,,2025-12-19,Organic,Desktop,4,143.5,False,False
S1000360,C10534,2026-03-23,Google Ads,Desktop,4,106.5,False,False
S1000361,,2026-08-06,Facebook,Desktop,7,185.2,True,False
S1000362,C11796,2025-10-24,Google Ads,Tablet,2,42.2,False,False
S1000363,C11665,2025-12-18,Facebook,Mobile,5,160.8,False,False
S1000364,C10121,2025-10-10,Email,Tablet,3,73.1,False,False
S1000365,C11648,2026-05-30,Affiliate,Mobile,5,228.7,True,True
S1000366,C11099,2025-10-09,Google Ads,Mobile,4,289.6,False,False
S1000367,C10346,2025-10-01,Google Ads,Desktop,4,185.7,False,False
S1000368,C10250,2026-04-04,Instagram,Desktop,4,96.8,False,False
S1000369,C10331,2026-02-09,Google Ads,Mobile,8,512.0,False,False
S1000370,C10304,2026-03-19,Google Ads,Mobile,7,239.2,True,True
S1000371,C10582,2026-07-04,Google Ads,Mobile,3,323.0,False,False
S1000372,C10670,2026-07-22,Organic,Mobile,5,193.3,True,False
S1000373,,2026-04-24,Instagram,Mobile,6,207.1,True,False
S1000374,C11220,2026-01-02,Instagram,Mobile,5,200.5,False,False
S1000375,C10189,2025-09-09,Google Ads,Desktop,7,138.5,False,False
S1000376,C10549,2026-02-06,Facebook,Desktop,8,275.9,False,False
S1000377,C10468,2026-05-08,Instagram,Desktop,4,38.6,False,False
S1000378,C11443,2025-11-11,Google Ads,Mobile,6,170.0,False,False
S1000379,C11367,2026-08-01,Google Ads,Desktop,8,288.8,False,False
S1000380,C11586,2025-12-22,Instagram,Mobile,2,80.6,False,False
S1000381,C11597,2025-10-27,Organic,Tablet,6,40.3,True,False
S1000382,C10338,2026-01-18,Affiliate,Mobile,4,91.4,False,False
S1000383,,2026-03-27,Google Ads,Desktop,7,162.4,False,False
S1000384,C11622,2026-05-11,Organic,Mobile,7,28.8,True,True
S1000385,,2026-05-01,Email,Tablet,8,44.7,False,False
S1000386,C10737,2026-03-30,Organic,Mobile,5,60.5,True,False
S1000387,C10084,2025-11-21,Email,Mobile,5,61.9,False,False
S1000388,,2026-06-25,Instagram,,4,149.2,False,False
S1000389,C11107,2026-04-25,Google Ads,Mobile,6,140.2,True,True
S1000390,C11833,2026-04-13,Instagram,Desktop,5,125.4,False,False
S1000391,C11864,2026-05-25,Organic,Tablet,4,213.0,False,False
S1000392,C10497,2026-04-13,Instagram,Mobile,1,183.2,False,False
S1000393,C11786,2025-08-26,Affiliate,Desktop,5,279.8,False,False
S1000394,C11046,2026-01-25,Affiliate,Mobile,9,362.1,False,False
S1000395,C11344,2026-08-21,Instagram,Mobile,4,138.2,False,False
S1000396,C10840,2026-01-08,Affiliate,Mobile,2,125.3,False,False
S1000397,,2025-11-14,Organic,Mobile,6,96.7,True,True
S1000398,C10075,2026-06-11,Google Ads,Desktop,2,374.9,False,False
S1000399,C11381,2025-08-29,Email,Mobile,3,145.4,False,False
S1000400,C10047,2026-02-26,Instagram,Desktop,5,99.7,True,False
S1000401,C11020,2025-11-23,Organic,Mobile,3,176.4,False,False
S1000402,C11455,2026-02-16,Organic,Desktop,1,59.6,False,False
S1000403,C10466,2026-04-28,Facebook,Mobile,2,75.7,False,False
S1000404,C10237,2026-06-16,Email,Mobile,3,118.0,False,False
S1000405,,2025-10-09,Organic,Desktop,7,76.4,False,False
S1000406,C11854,2026-07-24,Affiliate,Mobile,3,62.6,False,False
S1000407,C11880,2025-09-06,Organic,Desktop,2,424.8,True,True
S1000408,,2026-02-09,Facebook,Mobile,2,198.8,False,False
S1000409,,2026-06-05,Instagram,Mobile,5,456.4,False,False
S1000410,C10662,2026-02-28,Organic,Desktop,8,7.0,False,False
S1000411,C11607,2025-11-26,Instagram,Mobile,5,127.3,False,False
S1000412,C11430,2026-04-25,Affiliate,Mobile,4,96.1,False,False
S1000413,C10570,2026-01-13,Google Ads,Desktop,4,103.8,False,False
S1000414,C10002,2025-12-20,Organic,Mobile,5,179.8,False,False
S1000415,C10881,2025-11-21,Email,Mobile,5,4.4,False,False
S1000416,,2025-10-17,Instagram,Desktop,5,143.8,False,False
S1000417,C11065,2026-07-08,Email,Mobile,3,106.3,False,False
S1000418,C10031,2025-11-29,Instagram,Desktop,6,316.7,False,False
S1000419,C10796,2026-03-13,Instagram,Mobile,5,31.9,False,False
S1000420,C10479,2026-03-03,Facebook,Mobile,3,134.0,False,False
S1000421,C10910,2025-10-17,Organic,Mobile,7,64.9,False,False
S1000422,C10652,2026-07-24,Google Ads,Mobile,6,281.3,False,False
S1000423,C11898,2026-07-31,Instagram,Desktop,5,154.3,False,False
S1000424,C10142,2026-06-15,Instagram,Desktop,5,157.3,True,False
S1000425,C10120,2026-01-02,Google Ads,Mobile,6,291.5,True,False
S1000426,C10042,2026-01-03,Facebook,Mobile,4,378.0,True,False
S1000427,C11481,2025-11-27,Instagram,Mobile,8,86.8,False,False
S1000428,C11312,2026-07-10,Email,Mobile,7,252.5,True,False
S1000429,C10552,2025-08-25,Instagram,Desktop,6,186.1,False,False
S1000430,C11022,2025-09-08,Organic,Mobile,9,234.4,False,False
S1000431,C11644,2026-08-07,Organic,Mobile,7,81.3,False,False
S1000432,C10578,2025-09-30,Email,Mobile,9,123.2,False,False
S1000433,C10289,2026-08-06,Organic,Mobile,3,193.1,True,False
S1000434,C10618,2026-08-04,Facebook,Desktop,5,64.3,True,True
S1000435,C10561,2025-10-19,Google Ads,Desktop,4,79.8,False,False
S1000436,C10631,2025-10-10,Google Ads,Mobile,4,131.1,True,False
S1000437,,2026-07-27,Instagram,Desktop,5,129.1,True,False
S1000438,C11230,2025-09-25,Google Ads,Mobile,4,183.0,False,False
S1000439,C10646,2026-02-11,Facebook,Desktop,3,105.5,False,False
S1000440,C11198,2025-09-15,Organic,Mobile,10,64.6,True,False
S1000441,C11709,2025-09-22,Facebook,Desktop,3,326.4,False,False
S1000442,C10031,2026-02-28,Google Ads,Mobile,2,105.9,False,False
S1000443,,2025-11-29,Facebook,Mobile,4,226.3,False,False
S1000444,C11563,2026-07-22,Google Ads,Desktop,5,120.7,False,False
S1000445,C11271,2026-02-27,Affiliate,Desktop,1,141.8,False,False
S1000446,C10597,2026-06-08,Instagram,Tablet,4,25.6,False,False
S1000447,C11738,2025-11-19,Google Ads,Desktop,4,62.3,True,False
S1000448,,2026-01-01,Organic,Mobile,7,18.2,True,False
S1000449,C10793,2025-12-27,Instagram,Mobile,4,254.3,False,False
S1000450,C11868,2025-12-01,Organic,Mobile,3,67.6,False,False
S1000451,C10804,2025-10-21,Google Ads,Desktop,5,670.7,False,False
S1000452,C11265,2026-07-18,Email,Mobile,4,337.6,False,False
S1000453,C10204,2026-07-18,Facebook,Tablet,4,219.9,False,False
S1000454,C11230,2026-05-31,Google Ads,Mobile,7,50.7,False,False
S1000455,C10619,2025-11-15,Google Ads,Mobile,5,102.4,False,False
S1000456,,2025-09-20,Organic,Mobile,5,101.3,True,False
S1000457,C10245,2025-12-25,Instagram,Mobile,3,74.8,True,False
S1000458,C10361,2026-05-31,Organic,Mobile,6,322.2,False,False
S1000459,C10430,2026-06-02,Facebook,Tablet,5,159.5,False,False
S1000460,C10011,2025-09-25,Instagram,Tablet,6,116.8,False,False
S1000461,C11679,2025-12-24,Instagram,Mobile,5,134.4,True,False
S1000462,C10442,2026-02-01,Google Ads,Mobile,4,270.5,True,True
S1000463,C10322,2026-05-02,Facebook,Mobile,5,150.2,False,False
S1000464,C11598,2026-01-18,Organic,Mobile,5,489.8,False,False
S1000465,C10379,2025-10-07,Google Ads,Mobile,5,211.0,False,False
S1000466,C11376,2025-11-12,Email,Mobile,4,268.9,True,False
S1000467,C10491,2026-03-25,Email,Mobile,6,86.7,False,False
S1000468,C11268,2026-02-04,Instagram,Mobile,6,129.5,False,False
S1000469,,2026-07-17,Google Ads,Mobile,3,37.9,False,False
S1000470,C10120,2026-08-06,Email,Mobile,5,187.0,False,False
S1000471,C11192,2026-06-10,Email,Mobile,10,64.9,False,False
S1000472,,2026-07-15,Instagram,Mobile,4,550.7,False,False
S1000473,C10698,2026-02-19,Instagram,Desktop,4,119.4,False,False
S1000474,C10576,2026-04-27,Affiliate,Mobile,1,295.7,False,False
S1000475,C11516,2025-08-28,Instagram,Tablet,8,127.3,True,True
S1000476,C10634,2025-10-29,Google Ads,Mobile,3,213.7,True,False
S1000477,C11274,2025-09-15,Affiliate,Mobile,6,115.6,False,False
S1000478,C10001,2025-11-21,Instagram,Desktop,5,255.6,False,False
S1000479,C11489,2026-01-06,Affiliate,Mobile,4,234.5,False,False
S1000480,C11522,2026-03-19,Instagram,Tablet,3,151.0,False,False
S1000481,C11334,2026-03-31,Email,Mobile,4,137.5,False,False
S1000482,,2026-03-02,Affiliate,Desktop,3,123.5,False,False
S1000483,,2026-05-29,Instagram,Mobile,3,118.1,True,False
S1000484,C10904,2025-11-16,Affiliate,Desktop,10,218.8,True,False
S1000485,C10910,2026-01-31,Google Ads,Desktop,7,249.2,True,False
S1000486,,2026-01-28,Email,Tablet,6,144.3,True,False
S1000487,C10723,2025-10-01,Google Ads,Mobile,5,210.9,False,False
S1000488,C11869,2026-04-05,Google Ads,Mobile,9,113.4,True,False
S1000489,,2026-03-31,Facebook,Mobile,5,183.1,True,False
S1000490,,2025-08-24,Organic,Desktop,5,73.1,False,False
S1000491,C10697,2026-04-22,Google Ads,Mobile,4,201.4,False,False
S1000492,C10965,2025-11-28,Email,Desktop,3,227.2,False,False
S1000493,C10138,2026-08-05,Google Ads,Desktop,5,36.8,False,False
S1000494,C10328,2026-05-10,Email,Desktop,8,372.2,True,True
S1000495,C11328,2025-10-23,Instagram,Mobile,6,20.9,True,False
S1000496,C10834,2025-09-24,Email,Desktop,3,185.9,False,False
S1000497,C11280,2026-05-17,Google Ads,Mobile,3,140.1,False,False
S1000498,C10142,2026-04-28,Email,Mobile,7,68.8,False,False
S1000499,,2025-11-09,Email,Desktop,7,41.2,False,False
S1000500,C10905,2026-01-27,Google Ads,Desktop,6,149.8,False,False
S1000501,C10979,2025-09-03,Email,Mobile,8,281.0,True,False
S1000502,C10504,2025-12-06,Google Ads,Mobile,4,296.4,False,False
S1000503,C10996,2025-09-19,Google Ads,Mobile,2,147.5,True,True
S1000504,C10319,2025-09-26,Google Ads,Mobile,5,261.9,False,False
S1000505,C11677,2025-09-10,Email,Desktop,4,67.9,False,False
S1000506,C11326,2025-08-26,Facebook,Mobile,4,106.7,True,False
S1000507,C11867,2025-10-28,Facebook,Mobile,7,298.6,False,False
S1000508,C11733,2026-06-28,Google Ads,Mobile,9,377.5,True,True
S1000509,C10045,2026-03-01,Google Ads,Tablet,2,291.0,False,False
S1000510,C10502,2026-01-20,Facebook,Mobile,6,258.7,False,False
S1000511,,2026-01-11,Organic,Mobile,3,183.7,False,False
S1000512,,2026-08-14,Facebook,Desktop,2,288.3,False,False
S1000513,C10305,2026-01-07,Organic,Desktop,8,197.2,False,False
S1000514,C10150,2025-09-14,Google Ads,Mobile,4,48.4,False,False
S1000515,C10706,2026-04-09,Email,Desktop,3,253.8,False,False
S1000516,C11744,2026-05-01,Instagram,Mobile,7,460.6,True,False
S1000517,C10260,2026-03-20,Organic,Desktop,5,217.9,True,False
S1000518,C11097,2026-03-16,Affiliate,Mobile,6,93.6,True,True
S1000519,C11350,2026-06-20,Email,Desktop,7,628.6,True,True
S1000520,C11018,2025-12-02,Facebook,Mobile,7,94.2,False,False
S1000521,C11808,2025-12-24,Organic,Desktop,4,302.9,False,False
S1000522,C11883,2026-02-10,Facebook,Mobile,7,114.6,False,False
S1000523,C10202,2026-06-15,Affiliate,Desktop,5,114.5,True,True
S1000524,C10063,2026-03-22,Affiliate,Desktop,2,133.0,False,False
S1000525,,2025-11-26,Google Ads,Mobile,3,350.0,False,False
S1000526,C10600,2026-01-06,Google Ads,Mobile,3,70.6,False,False
S1000527,,2025-11-03,Affiliate,Mobile,5,50.3,False,False
S1000528,C11818,2025-12-26,Instagram,Desktop,5,36.1,False,False
S1000529,,2025-12-21,Facebook,Tablet,2,28.8,False,False
S1000530,C10648,2026-01-01,Organic,Mobile,4,93.1,False,False
S1000531,C11655,2026-06-12,Organic,Mobile,2,210.2,True,False
S1000532,C11709,2026-01-04,Instagram,Mobile,4,163.0,False,False
S1000533,C11906,2025-12-30,Affiliate,Mobile,3,295.0,True,False
S1000534,C10842,2025-09-29,Instagram,Mobile,2,197.4,False,False
S1000535,C10602,2026-04-25,Email,Mobile,2,49.2,False,False
S1000536,C10571,2026-08-18,Affiliate,Mobile,3,245.9,False,False
S1000537,C11451,2026-05-26,Instagram,Mobile,8,161.6,False,False
S1000538,C10629,2025-11-04,Facebook,Mobile,5,376.9,False,False
S1000539,C10012,2026-01-11,Organic,Mobile,5,87.6,False,False
S1000540,C11988,2026-02-23,Email,Mobile,9,181.8,True,False
S1000541,,2026-04-04,Facebook,Mobile,8,315.1,False,False
S1000542,C10225,2026-06-13,Google Ads,Desktop,6,236.5,True,True
S1000543,C11775,2026-02-03,Facebook,,3,347.4,False,False
S1000544,C10917,2025-09-28,Organic,Desktop,7,318.6,False,False
S1000545,C10368,2026-03-12,Email,Mobile,7,39.0,False,False
S1000546,,2026-03-25,Instagram,Mobile,3,74.9,False,False
S1000547,C10903,2026-01-22,Email,Mobile,7,104.0,False,False
S1000548,C11403,2026-07-28,Organic,Desktop,4,67.2,False,False
S1000549,,2026-01-24,Google Ads,Mobile,3,315.8,False,False
S1000550,C10617,2025-10-23,Facebook,Desktop,7,153.2,False,False
S1000551,C10761,2026-03-28,Organic,Mobile,4,442.5,False,False
S1000552,C11613,2026-02-23,Google Ads,Desktop,5,216.6,False,False
S1000553,C10946,2026-01-30,Email,Desktop,5,526.8,False,False
S1000554,C11915,2025-12-30,Organic,Desktop,4,37.1,True,True
S1000555,C11432,2025-11-29,Google Ads,Desktop,1,364.9,False,False
S1000556,C11992,2026-07-23,Facebook,Mobile,4,498.8,False,False
S1000557,C11758,2026-06-13,Organic,Mobile,4,10.8,False,False
S1000558,C11770,2026-05-26,Facebook,Desktop,3,142.3,False,False
S1000559,,2026-03-27,Google Ads,Mobile,7,120.3,False,False
S1000560,C10472,2025-10-12,Email,Mobile,6,726.3,True,False
S1000561,,2026-05-28,Google Ads,Mobile,2,190.2,False,False
S1000562,C11394,2026-06-17,Organic,Tablet,3,244.0,False,False
S1000563,C11941,2026-04-19,Google Ads,Mobile,3,155.4,False,False
S1000564,,2025-11-04,Facebook,Desktop,5,156.2,False,False
S1000565,C10320,2026-01-15,Email,Tablet,5,77.3,True,False
S1000566,C11431,2025-11-17,Affiliate,Mobile,4,20.6,True,True
S1000567,,2025-12-04,Affiliate,Mobile,5,190.6,False,False
S1000568,C10820,2025-12-16,Affiliate,Mobile,3,104.4,False,False
S1000569,C10810,2026-06-22,Google Ads,Desktop,4,122.7,True,False
S1000570,C11375,2026-08-16,Google Ads,Desktop,7,133.2,False,False
S1000571,C11655,2025-09-18,Facebook,Mobile,3,184.3,False,False
S1000572,C10232,2025-09-13,Google Ads,Mobile,5,143.4,True,False
S1000573,,2026-05-08,Affiliate,Mobile,7,72.9,False,False
S1000574,C11683,2026-05-11,Organic,Mobile,7,207.4,True,True
S1000575,C11819,2025-11-09,Affiliate,Mobile,7,94.7,False,False
S1000576,C11031,2026-04-11,Organic,Mobile,3,409.6,False,False
S1000577,C11674,2026-02-19,Instagram,Tablet,7,130.9,False,False
S1000578,C11113,2026-08-12,Google Ads,Tablet,6,200.3,True,False
S1000579,C10436,2026-02-02,Facebook,Mobile,4,588.1,False,False
S1000580,C11181,2026-04-14,Instagram,Tablet,6,456.8,True,True
S1000581,C11044,2026-02-04,Google Ads,Tablet,10,55.4,True,False
S1000582,C11107,2026-07-16,Email,Mobile,4,585.8,False,False
S1000583,,2025-11-26,Affiliate,Mobile,5,213.7,False,False
S1000584,C10424,2026-08-05,Instagram,Desktop,4,139.1,True,False
S1000585,C11311,2025-09-11,Email,Mobile,8,183.9,False,False
S1000586,,2026-01-18,Instagram,Mobile,3,63.0,False,False
S1000587,,2025-12-28,Organic,Mobile,4,146.0,True,False
S1000588,C11152,2025-11-18,Organic,Desktop,4,401.6,False,False
S1000589,,2025-12-23,Instagram,Desktop,3,408.9,False,False
S1000590,C10107,2025-10-02,Google Ads,Mobile,1,151.2,False,False
S1000591,,2025-09-19,Instagram,Mobile,3,87.7,False,False
S1000592,C11776,2025-10-10,Google Ads,Mobile,8,594.3,False,False
S1000593,C10441,2025-09-17,Instagram,Desktop,5,93.4,False,False
S1000594,,2026-01-12,Organic,Desktop,3,179.7,True,False
S1000595,,2026-01-28,Google Ads,Desktop,4,489.0,False,False
S1000596,C10598,2026-01-12,Instagram,Mobile,9,43.3,False,False
S1000597,,2025-10-15,Affiliate,Mobile,2,215.1,False,False
S1000598,C11416,2026-02-05,Organic,Desktop,6,94.1,False,False
S1000599,C11108,2026-03-02,Organic,Mobile,5,416.6,False,False
S1000600,C11073,2025-12-11,Affiliate,Mobile,3,27.5,False,False
S1000601,C11552,2025-08-23,Affiliate,Mobile,4,197.6,False,False
S1000602,C10523,2025-11-16,Email,Mobile,9,247.9,False,False
S1000603,C10126,2025-11-11,Instagram,Mobile,7,148.4,False,False
S1000604,C10831,2026-05-31,Instagram,Mobile,6,149.8,False,False
S1000605,C10156,2026-06-22,Email,Desktop,6,193.8,False,False
S1000606,,2025-11-27,Google Ads,Desktop,3,225.6,False,False
S1000607,C10212,2026-03-06,Instagram,Desktop,5,293.2,True,False
S1000608,C10978,2026-03-06,Instagram,Mobile,1,103.9,False,False
S1000609,,2025-11-25,Facebook,Mobile,5,61.4,False,False
S1000610,C11279,2026-01-05,Email,Mobile,2,137.9,False,False
S1000611,,2026-03-03,Facebook,Tablet,8,23.6,False,False
S1000612,,2026-03-16,Instagram,Mobile,5,127.6,True,True
S1000613,C10998,2026-03-10,Organic,Mobile,5,210.7,False,False
S1000614,,2026-02-11,Instagram,Mobile,5,36.6,False,False
S1000615,C11899,2026-07-18,Email,Mobile,3,69.7,False,False
S1000616,C10948,2026-01-14,Affiliate,Desktop,5,24.4,False,False
S1000617,C10830,2025-11-08,Organic,Mobile,7,232.7,False,False
S1000618,C11145,2026-06-07,Email,Mobile,3,92.4,False,False
S1000619,,2026-08-18,Affiliate,Mobile,6,77.7,False,False
S1000620,C10219,2026-05-21,Instagram,Tablet,7,162.0,False,False
S1000621,C10869,2026-08-01,Organic,Mobile,3,52.7,True,False
S1000622,C10866,2025-09-22,Google Ads,Mobile,5,185.4,False,False
S1000623,,2026-03-24,Facebook,Desktop,9,404.7,True,False
S1000624,C10899,2026-06-20,Instagram,Desktop,5,221.4,True,False
S1000625,C11068,2025-12-21,Google Ads,Mobile,2,136.6,False,False
S1000626,,2026-03-06,Facebook,Mobile,5,34.3,True,True
S1000627,,2025-10-05,Google Ads,Mobile,3,141.0,False,False
S1000628,C10058,2026-05-16,Instagram,Tablet,3,11.3,False,False
S1000629,C10425,2025-11-13,Instagram,Mobile,4,95.9,False,False
S1000630,,2026-08-12,Email,Mobile,5,58.5,False,False
S1000631,C10713,2026-01-30,Facebook,Mobile,3,143.0,False,False
S1000632,C10308,2026-05-25,Facebook,Mobile,6,49.5,False,False
S1000633,C11950,2026-06-11,Instagram,Mobile,1,214.2,False,False
S1000634,C11344,2025-12-31,Email,Desktop,5,197.6,False,False
S1000635,C10335,2025-12-19,Instagram,Mobile,5,86.8,True,True
S1000636,,2025-12-21,Email,Mobile,5,281.1,True,False
S1000637,C11855,2026-05-17,Affiliate,Mobile,6,82.0,False,False
S1000638,,2025-11-19,Email,Mobile,4,116.6,False,False
S1000639,C10677,2025-10-30,Facebook,Mobile,6,100.5,True,True
S1000640,C10872,2026-03-24,Facebook,Mobile,7,23.5,True,False
S1000641,C11780,2026-08-02,Google Ads,Desktop,6,191.4,False,False
S1000642,C11591,2026-06-01,Google Ads,Mobile,4,58.0,False,False
S1000643,C11056,2025-12-11,Instagram,Mobile,3,322.6,False,False
S1000644,C11692,2025-09-19,Facebook,Mobile,3,102.0,False,False
S1000645,C10787,2026-07-17,Facebook,Mobile,3,143.7,False,False
S1000646,,2026-04-18,Email,Mobile,3,410.2,False,False
S1000647,C10143,2025-08-26,Email,Desktop,4,310.1,False,False
S1000648,C11455,2026-02-04,Google Ads,Mobile,4,54.7,True,False
S1000649,C11792,2026-05-22,Facebook,Tablet,7,201.3,True,True
S1000650,C10874,2025-09-28,Google Ads,Mobile,5,201.9,True,False
S1000651,C11647,2026-04-27,Facebook,Desktop,5,149.1,False,False
S1000652,C11928,2026-07-18,Organic,Mobile,7,221.8,False,False
S1000653,C11156,2026-07-09,Organic,Mobile,2,175.6,False,False
S1000654,C11479,2025-08-27,Organic,Desktop,7,67.6,False,False
S1000655,C11568,2025-12-04,Organic,Mobile,3,149.4,False,False
S1000656,C11465,2025-10-16,Organic,Tablet,10,175.2,True,False
S1000657,C11625,2025-09-18,Facebook,Mobile,5,156.6,False,False
S1000658,C11530,2025-09-17,Organic,Mobile,3,279.0,False,False
S1000659,C11800,2025-12-26,Affiliate,Mobile,2,159.5,False,False
S1000660,C10654,2026-08-11,Google Ads,Desktop,2,259.0,False,False
S1000661,C11337,2025-12-26,Facebook,Mobile,4,291.0,False,False
S1000662,C10003,2026-01-16,Affiliate,Mobile,5,292.6,False,False
S1000663,C10907,2025-09-19,Organic,Mobile,5,174.2,False,False
S1000664,,2026-04-15,Google Ads,Mobile,8,51.1,False,False
S1000665,C11757,2026-01-31,Instagram,Mobile,7,114.5,False,False
S1000666,C11383,2026-06-26,Instagram,Mobile,3,229.2,False,False
S1000667,C11389,2026-04-10,Organic,Mobile,5,225.5,False,False
S1000668,C11349,2025-10-10,Facebook,Desktop,9,68.4,True,False
S1000669,C11357,2026-07-01,Facebook,Mobile,3,239.7,False,False
S1000670,C11552,2025-12-05,Email,Tablet,2,373.3,False,False
S1000671,C11458,2026-04-08,Organic,Tablet,7,175.9,False,False
S1000672,,2025-09-21,Email,Mobile,3,418.6,False,False
S1000673,C10973,2025-11-18,Google Ads,Mobile,7,156.7,True,False
S1000674,C11250,2025-09-02,Facebook,Desktop,5,215.9,False,False
S1000675,C10825,2025-09-26,Affiliate,Mobile,6,70.4,False,False
S1000676,,2026-05-14,Google Ads,Mobile,1,94.9,False,False
S1000677,,2025-10-12,Email,Mobile,6,464.3,True,False
S1000678,C10481,2026-03-02,Google Ads,Desktop,6,88.7,False,False
S1000679,C10033,2026-01-09,Google Ads,Desktop,6,219.0,False,False
S1000680,C10312,2025-11-01,Google Ads,Desktop,4,167.7,False,False
S1000681,,2025-11-05,Instagram,Mobile,10,186.4,True,False
S1000682,C11382,2025-10-01,Instagram,Desktop,7,302.1,False,False
S1000683,C10402,2025-09-04,Affiliate,Desktop,8,247.2,False,False
S1000684,C11961,2025-08-30,Email,Mobile,3,169.1,False,False
S1000685,C10181,2025-12-01,Email,Desktop,5,162.1,True,True
S1000686,C10500,2026-05-20,Organic,Desktop,5,549.0,True,False
S1000687,,2025-09-16,Facebook,Mobile,7,232.2,False,False
S1000688,C10583,2026-05-06,Facebook,Mobile,2,23.7,True,True
S1000689,C10103,2026-07-11,Affiliate,Mobile,3,101.3,False,False
S1000690,C11616,2026-02-17,Email,Mobile,4,261.9,True,False
S1000691,C11860,2026-03-17,Organic,Mobile,6,82.6,True,False
S1000692,C11438,2026-04-12,Google Ads,Mobile,6,429.1,False,False
S1000693,C11452,2026-07-18,Organic,Mobile,7,229.6,False,False
S1000694,C10019,2026-06-27,Google Ads,Mobile,7,266.1,False,False
S1000695,C10822,2026-03-23,Instagram,Mobile,10,383.0,False,False
S1000696,,2026-01-27,Google Ads,Mobile,4,267.8,True,True
S1000697,C10960,2026-02-26,Organic,Mobile,4,25.1,True,False
S1000698,C11769,2026-05-21,Email,Desktop,6,305.0,False,False
S1000699,C10452,2026-03-03,Instagram,Mobile,6,293.5,False,False
S1000700,,2025-08-23,Affiliate,Mobile,7,171.9,False,False
S1000701,,2025-09-29,Organic,Mobile,2,125.3,True,True
S1000702,,2025-12-13,Google Ads,Mobile,2,17.1,False,False
S1000703,C10967,2025-12-27,Email,Desktop,4,205.2,False,False
S1000704,C10788,2026-05-20,Instagram,Desktop,7,180.8,False,False
S1000705,C11035,2026-08-09,Organic,Tablet,5,150.4,True,True
S1000706,,2026-06-29,Instagram,Mobile,4,69.4,False,False
S1000707,C11704,2026-05-31,Instagram,Mobile,2,92.9,False,False
S1000708,C11796,2025-11-04,Google Ads,Tablet,5,224.2,True,True
S1000709,C11946,2026-01-31,Facebook,Mobile,4,372.6,True,False
S1000710,C11347,2026-01-18,Facebook,Mobile,4,147.8,False,False
S1000711,C11595,2025-09-09,Facebook,Mobile,2,87.9,False,False
S1000712,C11104,2026-01-13,Instagram,Desktop,4,77.6,False,False
S1000713,C11213,2026-06-18,Organic,Tablet,4,54.9,True,False
S1000714,C11021,2026-07-08,Email,Mobile,5,134.1,False,False
S1000715,C10081,2026-04-12,Affiliate,Desktop,4,175.6,False,False
S1000716,C11505,2026-05-02,Email,Mobile,13,144.0,True,True
S1000717,C11119,2025-11-28,Instagram,Mobile,3,52.4,False,False
S1000718,C10623,2025-09-01,Email,Mobile,6,111.2,False,False
S1000719,,2025-08-31,Google Ads,Mobile,6,136.2,True,True
S1000720,C10050,2026-03-06,Email,Mobile,2,49.4,False,False
S1000721,,2026-04-03,Google Ads,Mobile,9,383.2,False,False
S1000722,C11797,2026-06-01,Google Ads,Tablet,6,137.9,False,False
S1000723,C10416,2026-07-17,Affiliate,Desktop,9,269.3,False,False
S1000724,C11426,2026-01-08,Affiliate,Tablet,5,135.2,True,True
S1000725,C10656,2026-05-31,Organic,Desktop,6,43.0,True,False
S1000726,C11863,2026-06-25,Google Ads,Mobile,6,118.7,False,False
S1000727,C11562,2025-09-11,Organic,Mobile,2,334.1,False,False
S1000728,C10027,2026-06-07,Google Ads,Mobile,2,23.0,False,False
S1000729,C11480,2026-03-29,Google Ads,Mobile,6,708.9,False,False
S1000730,C11681,2025-12-01,Email,Mobile,4,213.6,True,False
S1000731,C11133,2026-02-22,Facebook,Mobile,5,52.6,True,True
S1000732,C10008,2026-06-09,Affiliate,Mobile,7,220.5,False,False
S1000733,C11688,2026-04-30,Facebook,Mobile,4,186.5,True,False
S1000734,C11079,2026-07-16,Email,Tablet,9,168.1,False,False
S1000735,C10688,2026-06-21,Email,Mobile,1,91.9,False,False
S1000736,C10687,2026-03-07,Facebook,Tablet,4,81.2,False,False
S1000737,C11549,2025-09-15,Google Ads,Desktop,3,59.3,False,False
S1000738,C11274,2026-07-10,Affiliate,Mobile,6,85.4,False,False
S1000739,C10538,2026-05-01,Affiliate,Desktop,6,433.6,True,True
S1000740,C10855,2026-05-21,Facebook,Mobile,3,153.0,False,False
S1000741,C10856,2026-02-18,Instagram,Mobile,8,338.9,False,False
S1000742,C11317,2025-10-09,Google Ads,Desktop,4,123.3,False,False
S1000743,,2026-07-23,Google Ads,Tablet,5,223.1,False,False
S1000744,C11382,2026-06-24,Email,Mobile,6,224.3,True,False
S1000745,C10715,2026-05-02,Organic,Desktop,3,110.0,False,False
S1000746,C11172,2026-02-03,Instagram,Mobile,4,269.0,False,False
S1000747,C11429,2025-09-27,Organic,Desktop,5,207.4,True,False
S1000748,,2026-03-18,Organic,Desktop,5,175.3,False,False
S1000749,C11867,2025-11-10,Affiliate,Mobile,4,166.4,False,False
S1000750,,2026-04-08,Organic,Tablet,6,255.1,False,False
S1000751,,2025-12-30,Google Ads,Mobile,8,161.9,True,True
S1000752,C11124,2025-09-28,Organic,Desktop,5,79.7,False,False
S1000753,C11519,2026-04-30,Instagram,Desktop,7,184.0,False,False
S1000754,C10887,2026-07-09,Facebook,Mobile,2,106.8,False,False
S1000755,,2025-11-07,Facebook,Mobile,5,264.8,False,False
S1000756,C10286,2025-11-17,Google Ads,Mobile,8,414.9,False,False
S1000757,,2026-04-04,Google Ads,Mobile,4,171.7,True,False
S1000758,C11367,2025-08-22,Facebook,Mobile,4,85.6,False,False
S1000759,C10836,2026-05-23,Affiliate,Mobile,6,78.3,False,False
S1000760,C10059,2025-10-20,Affiliate,Mobile,4,112.8,True,False
S1000761,C11664,2026-04-26,Facebook,Mobile,5,234.2,True,False
S1000762,C11776,2026-02-04,Google Ads,Mobile,3,90.6,False,False
S1000763,C10816,2026-04-28,Organic,Mobile,2,180.3,False,False
S1000764,C11088,2026-01-22,Facebook,Tablet,3,54.5,True,False
S1000765,C10838,2026-03-13,Organic,,6,132.4,True,False
S1000766,C11078,2025-12-15,Organic,Desktop,5,154.4,False,False
S1000767,C10051,2026-05-12,Google Ads,Desktop,7,43.9,False,False
S1000768,,2025-10-05,Organic,Desktop,3,82.4,False,False
S1000769,C10331,2026-04-28,Facebook,Mobile,4,228.7,True,True
S1000770,,2026-05-18,Email,Mobile,2,108.5,False,False
S1000771,C10886,2026-04-08,Facebook,Mobile,3,115.8,False,False
S1000772,C11416,2026-08-21,Facebook,Mobile,3,159.4,False,False
S1000773,C11409,2025-12-05,Google Ads,Desktop,11,40.4,False,False
S1000774,C10176,2026-04-26,Organic,Tablet,4,169.7,False,False
S1000775,,2026-03-15,Instagram,Mobile,7,53.7,False,False
S1000776,C11878,2025-12-25,Email,Desktop,4,223.0,False,False
S1000777,C11463,2026-05-23,Facebook,Mobile,6,53.6,False,False
S1000778,C10950,2026-02-12,Instagram,Mobile,5,277.9,False,False
S1000779,,2026-01-24,Affiliate,Mobile,3,110.7,False,False
S1000780,C10218,2025-09-09,Google Ads,Mobile,5,79.8,False,False
S1000781,C10977,2025-11-27,Facebook,Mobile,4,402.7,True,False
S1000782,C10661,2025-12-09,Organic,Desktop,3,42.5,False,False
S1000783,C10779,2026-02-10,Instagram,Mobile,7,124.0,False,False
S1000784,C10385,2026-02-10,Organic,Mobile,6,44.6,False,False
S1000785,C11520,2026-07-13,Facebook,Mobile,4,28.6,True,True
S1000786,C11893,2025-09-22,Google Ads,Desktop,6,29.7,True,False
S1000787,,2026-03-08,Organic,Mobile,6,58.7,False,False
S1000788,C10903,2026-03-13,Google Ads,Tablet,4,362.3,False,False
S1000789,,2025-11-01,Instagram,Mobile,4,56.1,False,False
S1000790,C11194,2026-06-05,Google Ads,Mobile,10,168.9,False,False
S1000791,C11686,2026-04-06,Google Ads,Tablet,2,323.1,False,False
S1000792,C11768,2025-10-29,Instagram,Mobile,6,274.2,False,False
S1000793,C11642,2025-11-07,Google Ads,Mobile,4,138.3,True,False
S1000794,C10165,2026-03-21,Email,Desktop,8,264.9,False,False
S1000795,C10632,2026-08-14,Facebook,Mobile,13,96.1,False,False
S1000796,C11788,2026-05-13,Email,Desktop,8,144.5,False,False
S1000797,C10009,2026-07-04,Affiliate,Mobile,3,179.8,False,False
S1000798,C10553,2026-02-09,Email,Desktop,7,286.2,False,False
S1000799,C11071,2026-03-08,Organic,Mobile,4,11.0,False,False
S1000800,C11821,2025-09-09,Facebook,Desktop,6,79.1,False,False
S1000801,C10102,2025-10-28,Email,Desktop,8,154.2,False,False
S1000802,,2025-12-04,Affiliate,Mobile,6,187.5,False,False
S1000803,C10037,2026-01-13,Google Ads,Desktop,4,640.9,True,True
S1000804,,2026-03-04,Google Ads,Desktop,10,252.8,True,False
S1000805,C10131,2026-05-01,Email,Mobile,7,135.6,False,False
S1000806,,2026-05-01,Email,Mobile,7,171.8,False,False
S1000807,C10351,2025-12-24,Email,Tablet,6,122.1,False,False
S1000808,C10823,2025-12-07,Email,Mobile,6,316.1,False,False
S1000809,C10306,2026-07-26,Organic,Mobile,6,255.8,False,False
S1000810,C11743,2026-02-06,Google Ads,Mobile,4,112.8,False,False
S1000811,C11682,2025-10-04,Google Ads,Mobile,3,276.1,False,False
S1000812,C10788,2025-11-10,Google Ads,Mobile,7,188.4,False,False
S1000813,,2025-11-15,Affiliate,Mobile,7,218.3,False,False
S1000814,C10401,2025-10-08,Google Ads,Mobile,4,223.8,True,False
S1000815,C10536,2026-02-25,Affiliate,Desktop,4,91.6,False,False
S1000816,C11334,2025-12-15,Affiliate,Mobile,8,55.8,True,False
S1000817,,2025-12-05,Affiliate,Mobile,8,77.0,True,False
S1000818,C10745,2025-11-11,Instagram,Tablet,5,80.2,False,False
S1000819,,2026-04-01,Affiliate,Mobile,8,180.8,False,False
S1000820,,2026-06-20,Google Ads,Desktop,4,120.4,False,False
S1000821,C11014,2026-05-25,Organic,Desktop,3,68.9,False,False
S1000822,C11653,2025-12-10,Email,Mobile,6,256.3,True,False
S1000823,C10801,2026-06-25,Organic,Tablet,4,349.2,True,False
S1000824,C10753,2026-05-10,Organic,Desktop,9,292.2,True,False
S1000825,,2025-12-11,Organic,Mobile,4,105.8,False,False
S1000826,C11476,2026-07-12,Instagram,Desktop,6,13.9,False,False
S1000827,C11616,2026-05-21,Google Ads,Desktop,5,222.3,True,False
S1000828,C10519,2026-06-16,Organic,Mobile,2,77.9,False,False
S1000829,C10677,2026-07-06,Affiliate,Mobile,5,172.7,False,False
S1000830,C11343,2025-09-28,Facebook,Mobile,5,206.9,True,True
S1000831,C11099,2025-09-09,Email,Mobile,4,294.3,False,False
S1000832,C11900,2026-02-05,Organic,Mobile,4,49.6,False,False
S1000833,C11531,2025-09-15,Organic,Mobile,5,217.7,False,False
S1000834,C11611,2026-06-08,Instagram,Desktop,2,173.4,True,False
S1000835,C10469,2026-05-05,Email,Tablet,4,115.4,True,False
S1000836,,2025-12-31,Email,Tablet,4,49.6,False,False
S1000837,C11291,2026-07-03,Google Ads,Mobile,6,202.4,True,False
S1000838,C11013,2026-06-12,Google Ads,Tablet,4,102.1,False,False
S1000839,C11700,2026-06-29,Instagram,Mobile,5,363.3,True,True
S1000840,C10316,2025-10-31,Google Ads,Desktop,9,276.1,False,False
S1000841,C10944,2025-12-26,Facebook,Mobile,7,63.1,True,True
S1000842,C10010,2025-10-17,Organic,Desktop,7,31.5,True,False
S1000843,C10596,2025-10-06,Instagram,Desktop,2,138.3,False,False
S1000844,C11333,2026-04-07,Facebook,Desktop,2,335.0,False,False
S1000845,,2026-08-15,Email,Desktop,8,228.4,False,False
S1000846,C11329,2026-07-24,Instagram,Mobile,4,272.2,True,False
S1000847,C11998,2025-12-02,Affiliate,Tablet,4,302.2,False,False
S1000848,C11415,2026-02-08,Instagram,Mobile,4,196.7,False,False
S1000849,C10730,2025-12-23,Google Ads,Desktop,6,181.7,False,False
S1000850,C10626,2026-03-29,Instagram,Mobile,8,201.8,True,False
S1000851,C11477,2026-04-15,Google Ads,Mobile,8,212.9,True,False
S1000852,C10552,2026-05-28,Facebook,Mobile,2,124.9,False,False
S1000853,C11685,2026-08-02,Google Ads,Mobile,7,94.2,False,False
S1000854,C10575,2026-01-25,Google Ads,Tablet,3,129.0,False,False
S1000855,C11236,2026-08-09,Affiliate,Mobile,5,27.5,False,False
S1000856,C11428,2026-03-26,Facebook,Mobile,10,193.6,False,False
S1000857,C11513,2026-01-10,Facebook,Mobile,4,141.3,False,False
S1000858,C11991,2026-02-02,Email,Mobile,7,72.6,True,False
S1000859,C11615,2025-09-07,Organic,Desktop,2,96.8,False,False
S1000860,C11986,2025-09-30,Email,Mobile,8,210.4,False,False
S1000861,C11896,2026-03-01,Google Ads,Mobile,6,279.6,True,True
S1000862,C10687,2026-07-20,Email,Mobile,3,29.3,False,False
S1000863,C10726,2026-04-16,Google Ads,,7,158.5,False,False
S1000864,C11428,2025-11-12,Email,Mobile,5,55.5,True,False
S1000865,C10704,2026-01-13,Google Ads,Mobile,7,81.7,False,False
S1000866,C11152,2025-12-12,Google Ads,Mobile,5,107.2,True,True
S1000867,,2025-10-29,Instagram,Mobile,4,404.6,False,False
S1000868,C11862,2026-02-27,Facebook,Mobile,7,303.3,True,False
S1000869,C11401,2026-04-21,Email,Desktop,2,49.6,True,False
S1000870,C11689,2025-09-20,Instagram,Mobile,4,159.3,True,False
S1000871,,2025-10-24,Organic,Desktop,3,180.1,False,False
S1000872,,2025-10-21,Google Ads,Desktop,6,58.8,True,True
S1000873,C11485,2026-05-22,Organic,Mobile,6,40.0,True,True
S1000874,C10490,2026-02-09,Email,Mobile,6,27.7,False,False
S1000875,C10563,2026-01-27,Organic,Mobile,2,90.9,False,False
S1000876,C10734,2026-05-28,Google Ads,Mobile,3,64.5,True,True
S1000877,C10542,2026-02-14,Google Ads,Mobile,4,68.0,False,False
S1000878,,2026-02-24,Email,Desktop,5,206.9,False,False
S1000879,C11651,2026-04-07,Email,Mobile,6,331.4,False,False
S1000880,C10105,2026-06-14,Facebook,Mobile,5,189.5,True,False
S1000881,,2026-08-15,Facebook,Mobile,4,236.5,False,False
S1000882,C11387,2026-02-17,Instagram,Mobile,4,124.7,False,False
S1000883,C11955,2026-06-04,Google Ads,Desktop,4,107.1,False,False
S1000884,,2025-09-06,Facebook,Mobile,7,143.0,True,True
S1000885,,2025-12-13,Email,Desktop,1,87.9,False,False
S1000886,C10166,2026-03-17,Email,Mobile,10,250.6,False,False
S1000887,C10161,2026-01-06,Facebook,Desktop,8,380.0,False,False
S1000888,C10624,2026-01-22,Instagram,Mobile,10,58.5,False,False
S1000889,C11548,2026-07-22,Email,Desktop,4,280.3,False,False
S1000890,C11431,2026-05-29,Google Ads,Desktop,6,369.4,False,False
S1000891,,2026-02-14,Google Ads,Mobile,9,262.5,False,False
S1000892,,2026-01-29,Organic,Mobile,3,657.7,True,False
S1000893,C10410,2026-08-14,Instagram,Mobile,5,40.9,False,False
S1000894,,2026-03-19,Google Ads,Desktop,5,156.6,False,False
S1000895,C11733,2025-12-17,Google Ads,Mobile,3,45.2,False,False
S1000896,C10975,2026-01-08,Instagram,Mobile,3,136.2,False,False
S1000897,C11479,2026-08-10,Affiliate,Desktop,6,626.2,False,False
S1000898,,2026-02-04,Affiliate,Mobile,5,262.9,False,False
S1000899,C10208,2026-04-08,Google Ads,Mobile,7,22.4,True,False
S1000900,C11053,2026-01-21,Instagram,Mobile,3,117.8,False,False
S1000901,,2025-09-19,Organic,Desktop,4,512.2,False,False
S1000902,,2026-01-28,Instagram,Mobile,5,130.6,False,False
S1000903,C11273,2026-02-08,Organic,Mobile,5,54.6,False,False
S1000904,,2026-01-15,Instagram,Mobile,8,108.8,False,False
S1000905,C10884,2025-11-21,Instagram,Desktop,6,62.1,False,False
S1000906,C10482,2026-02-03,Organic,Mobile,4,446.5,True,False
S1000907,,2026-02-16,Organic,Mobile,4,369.8,True,False
S1000908,C11012,2026-04-12,Organic,Mobile,4,69.1,True,True
S1000909,C10067,2025-08-31,Affiliate,Desktop,4,112.9,True,True
S1000910,C11683,2026-05-02,Email,Mobile,5,71.1,False,False
S1000911,C11682,2026-06-06,Google Ads,Desktop,6,485.8,True,False
S1000912,C11482,2025-12-15,Facebook,Mobile,4,507.9,True,False
S1000913,C11647,2025-11-27,Google Ads,Mobile,7,271.9,True,True
S1000914,C11558,2025-11-26,Google Ads,Desktop,2,239.4,False,False
S1000915,,2026-08-10,Organic,Mobile,3,220.4,False,False
S1000916,C11139,2026-06-19,Facebook,Mobile,5,267.4,True,True
S1000917,C11029,2025-11-08,Instagram,Tablet,5,136.6,False,False
S1000918,C11347,2026-03-25,Instagram,Mobile,9,162.2,False,False
S1000919,C10298,2025-12-14,Instagram,Desktop,6,106.2,False,False
S1000920,C10821,2025-12-26,Instagram,Mobile,7,204.4,False,False
S1000921,C11392,2025-09-17,Google Ads,Mobile,2,151.6,False,False
S1000922,C11480,2025-12-17,Instagram,Mobile,8,332.8,False,False
S1000923,,2026-05-10,Google Ads,Mobile,7,120.6,False,False
S1000924,C10760,2026-01-10,Facebook,Mobile,10,109.3,False,False
S1000925,,2026-01-05,Email,Mobile,6,57.2,False,False
S1000926,C11472,2025-10-03,Instagram,Mobile,9,307.6,False,False
S1000927,C11533,2026-03-18,Instagram,Mobile,5,178.6,True,False
S1000928,C11834,2025-11-21,Google Ads,Desktop,4,156.5,False,False
S1000929,C10416,2026-06-01,Email,Mobile,3,125.7,False,False
S1000930,,2025-11-27,Organic,Mobile,5,452.5,False,False
S1000931,,2026-04-08,Organic,Mobile,5,132.6,False,False
S1000932,,2026-04-15,Google Ads,Desktop,5,288.4,True,False
S1000933,C10322,2026-04-04,Email,,8,237.4,False,False
S1000934,,2026-02-13,Facebook,Desktop,2,145.4,False,False
S1000935,C10220,2025-09-09,Instagram,Mobile,5,249.5,False,False
S1000936,C11400,2026-07-01,Email,Tablet,7,145.9,False,False
S1000937,C11918,2026-02-02,Facebook,Mobile,9,219.5,False,False
S1000938,C11850,2026-08-21,Affiliate,Mobile,3,156.7,False,False
S1000939,C10132,2026-05-05,Organic,Mobile,6,395.5,False,False
S1000940,C10332,2025-11-10,Facebook,Desktop,7,114.0,False,False
S1000941,C10290,2026-05-19,Email,Mobile,2,107.5,False,False
S1000942,C10110,2026-03-04,Affiliate,Mobile,7,60.1,False,False
S1000943,C11680,2025-10-17,Email,Mobile,4,211.7,False,False
S1000944,C11216,2026-01-04,Facebook,Mobile,5,32.9,False,False
S1000945,C11843,2026-01-06,Google Ads,Mobile,4,535.8,False,False
S1000946,C10447,2026-06-06,Email,Mobile,3,162.1,False,False
S1000947,C10992,2026-01-17,Google Ads,Mobile,4,10.0,False,False
S1000948,C10281,2025-11-19,Email,Desktop,5,282.1,True,False
S1000949,,2026-03-26,Facebook,Mobile,3,170.4,False,False
S1000950,,2025-11-03,Instagram,Desktop,2,133.9,False,False
S1000951,,2026-03-19,Affiliate,Desktop,2,296.0,False,False
S1000952,C10166,2026-04-14,Instagram,Mobile,7,22.8,False,False
S1000953,C10521,2026-07-16,Instagram,Mobile,3,295.4,False,False
S1000954,,2026-05-16,Affiliate,Mobile,4,148.8,False,False
S1000955,C10269,2026-02-09,Affiliate,Mobile,5,618.6,False,False
S1000956,C11653,2026-07-02,Facebook,Mobile,4,122.7,False,False
S1000957,,2026-02-12,Email,Mobile,4,152.7,False,False
S1000958,,2025-10-13,Google Ads,Tablet,4,33.3,False,False
S1000959,C11307,2025-10-28,Instagram,Mobile,7,149.7,False,False
S1000960,,2025-10-13,Email,Mobile,4,63.5,False,False
S1000961,,2026-04-26,Facebook,Mobile,3,191.5,False,False
S1000962,C10487,2026-02-04,Email,Mobile,7,120.8,True,False
S1000963,C10018,2025-10-23,Email,Desktop,7,3.3,False,False
S1000964,C10422,2025-11-05,Instagram,Desktop,5,269.1,False,False
S1000965,C10941,2026-01-17,Email,Mobile,4,48.6,False,False
S1000966,C10141,2026-05-08,Facebook,Desktop,3,207.6,False,False
S1000967,,2026-05-05,Instagram,Mobile,5,972.4,False,False
S1000968,C11035,2026-05-09,Google Ads,Mobile,5,162.0,False,False
S1000969,C10499,2025-12-21,Organic,Desktop,4,92.3,True,True
S1000970,C10915,2025-11-29,Google Ads,Mobile,6,65.1,False,False
S1000971,C11537,2025-10-23,Instagram,Mobile,4,110.9,False,False
S1000972,C10576,2025-11-04,Instagram,Mobile,4,189.0,False,False
S1000973,C10636,2026-06-28,Google Ads,Mobile,1,94.5,False,False
S1000974,,2026-01-12,Instagram,Desktop,6,425.3,True,False
S1000975,C10347,2026-05-10,Instagram,Mobile,5,156.8,False,False
S1000976,C10065,2026-06-10,Affiliate,Desktop,4,104.5,False,False
S1000977,C11404,2025-11-17,Affiliate,Desktop,3,114.9,False,False
S1000978,C11377,2026-08-12,Instagram,Mobile,6,244.2,True,False
S1000979,C11597,2026-04-04,Email,Mobile,6,97.3,False,False
S1000980,C11723,2025-11-06,Google Ads,Mobile,4,130.0,False,False
S1000981,C11386,2026-03-31,Email,Mobile,3,156.2,False,False
S1000982,C11922,2026-06-05,Affiliate,Tablet,6,392.9,True,False
S1000983,,2025-10-14,Affiliate,Mobile,2,202.9,False,False
S1000984,C10955,2026-03-08,Affiliate,Mobile,10,1.5,False,False
S1000985,C10628,2026-05-23,Email,Mobile,4,190.5,False,False
S1000986,C10378,2026-04-22,Google Ads,Mobile,7,421.6,False,False
S1000987,C10266,2026-01-21,Google Ads,Desktop,2,211.0,False,False
S1000988,C10205,2026-08-04,Affiliate,Tablet,5,90.4,False,False
S1000989,C11871,2026-05-14,Google Ads,Mobile,8,216.7,False,False
S1000990,C10495,2025-09-01,Instagram,Mobile,4,110.7,False,False
S1000991,C11627,2025-08-30,Google Ads,Desktop,3,285.2,False,False
S1000992,C11092,2026-05-20,Organic,Mobile,5,150.2,False,False
S1000993,C10370,2026-08-09,Google Ads,Mobile,3,169.0,False,False
S1000994,C10761,2025-12-10,Google Ads,Mobile,6,394.6,False,False
S1000995,C11600,2026-01-18,Email,Mobile,7,450.4,False,False
S1000996,,2025-12-18,Instagram,Desktop,7,72.3,False,False
S1000997,C10741,2026-08-09,Instagram,Mobile,10,31.9,False,False
S1000998,,2025-11-24,Email,Mobile,6,68.1,False,False
S1000999,,2026-01-22,Instagram,Mobile,6,41.1,False,False
S1001000,C11685,2026-04-02,Google Ads,Mobile,5,224.0,True,False
S1001001,,2026-06-05,Facebook,Mobile,5,44.1,True,False
S1001002,C10900,2025-11-30,Facebook,Desktop,5,151.0,False,False
S1001003,C10239,2026-01-29,Email,Desktop,3,219.8,False,False
S1001004,C11025,2026-06-01,Facebook,Mobile,6,175.2,True,True
S1001005,C10872,2025-10-30,Instagram,Mobile,6,109.7,False,False
S1001006,C10219,2025-12-17,Google Ads,Mobile,4,158.3,False,False
S1001007,,2026-03-15,Organic,,4,381.4,False,False
S1001008,C10903,2026-03-13,Facebook,Tablet,8,200.3,True,False
S1001009,,2026-08-14,Instagram,Mobile,5,63.5,False,False
S1001010,,2026-03-09,Facebook,Mobile,4,303.5,False,False
S1001011,C11733,2025-09-03,Organic,Mobile,6,146.1,True,True
S1001012,C10587,2026-05-01,Organic,Mobile,7,234.8,False,False
S1001013,C11494,2026-06-15,Google Ads,Desktop,3,160.6,False,False
S1001014,C11900,2025-09-11,Affiliate,Tablet,7,179.8,False,False
S1001015,C11367,2025-11-03,Instagram,Mobile,9,178.6,False,False
S1001016,,2025-11-16,Instagram,Mobile,4,9.3,False,False
S1001017,C10781,2026-05-02,Google Ads,Mobile,3,80.9,False,False
S1001018,,2026-06-26,Affiliate,Mobile,3,62.9,False,False
S1001019,,2026-02-08,Organic,Mobile,5,56.8,True,False
S1001020,C11650,2026-03-05,Facebook,Desktop,5,424.4,False,False
S1001021,C11402,2025-09-10,Instagram,Desktop,5,138.2,True,True
S1001022,C10210,2025-10-14,Instagram,Mobile,1,158.1,False,False
S1001023,C10465,2026-02-28,Google Ads,Mobile,6,100.7,False,False
S1001024,,2026-07-14,Facebook,Mobile,7,46.8,False,False
S1001025,C11817,2025-11-09,Organic,Mobile,3,152.5,True,False
S1001026,C10056,2025-09-18,Organic,Mobile,3,10.4,False,False
S1001027,C10773,2026-03-13,Facebook,Mobile,4,180.8,False,False
S1001028,C11215,2025-09-27,Facebook,Mobile,4,130.3,False,False
S1001029,C10045,2026-04-26,Google Ads,Mobile,6,446.3,True,False
S1001030,,2025-12-05,Affiliate,Mobile,4,38.8,False,False
S1001031,C10058,2026-01-31,Instagram,Mobile,5,137.1,True,False
S1001032,,2025-11-23,Email,Tablet,7,156.0,False,False
S1001033,C10467,2025-08-29,Facebook,Mobile,8,125.7,False,False
S1001034,C11727,2025-09-21,Google Ads,Mobile,7,184.1,False,False
S1001035,C11998,2026-05-23,Google Ads,Tablet,5,147.5,True,False
S1001036,C11597,2025-11-10,Organic,Tablet,5,79.8,False,False
S1001037,C11217,2026-02-27,Google Ads,Desktop,3,115.8,False,False
S1001038,C10989,2025-11-08,Organic,Mobile,3,45.1,False,False
S1001039,C11226,2026-01-24,Instagram,Mobile,12,266.4,False,False
S1001040,,2025-12-01,Organic,,5,180.4,False,False
S1001041,C11522,2025-10-22,Organic,Mobile,6,54.5,False,False
S1001042,,2025-09-05,Google Ads,Mobile,5,324.2,True,False
S1001043,C10349,2026-01-03,Google Ads,Mobile,5,242.8,False,False
S1001044,C10983,2026-07-23,Google Ads,Mobile,2,166.6,False,False
S1001045,C10180,2025-10-03,Facebook,Mobile,6,255.1,False,False
S1001046,C11195,2026-04-13,Affiliate,Tablet,3,284.7,False,False
S1001047,C11336,2026-01-06,Google Ads,Desktop,7,195.0,False,False
S1001048,C10686,2025-08-21,Email,Mobile,2,85.3,False,False
S1001049,,2026-06-26,Affiliate,Desktop,2,42.8,True,False
S1001050,C11067,2025-10-14,Email,Desktop,4,303.8,True,True
S1001051,C10978,2026-06-05,Organic,Mobile,5,88.0,False,False
S1001052,,2026-05-02,Facebook,Mobile,3,78.1,False,False
S1001053,C10647,2025-10-26,Google Ads,Desktop,5,174.4,False,False
S1001054,,2026-06-03,Google Ads,Mobile,8,116.8,False,False
S1001055,C10572,2025-09-18,Facebook,Mobile,5,91.7,True,False
S1001056,C10688,2026-07-31,Organic,Mobile,6,202.2,False,False
S1001057,C11511,2025-10-05,Google Ads,Mobile,4,8.3,False,False
S1001058,C11358,2026-02-03,Google Ads,Tablet,8,125.3,True,False
S1001059,C11983,2026-06-11,Google Ads,Mobile,5,312.7,False,False
S1001060,C10433,2026-03-20,Email,Desktop,4,153.2,False,False
S1001061,C11962,2025-12-03,Organic,Mobile,6,116.3,False,False
S1001062,C11765,2026-05-31,Instagram,Tablet,7,11.5,True,False
S1001063,C10410,2025-12-17,Organic,Mobile,3,126.2,False,False
S1001064,,2026-01-15,Facebook,Tablet,4,300.1,True,False
S1001065,C11706,2025-11-09,Instagram,Desktop,4,145.1,False,False
S1001066,C11526,2026-07-11,Organic,Mobile,2,157.6,False,False
S1001067,C10858,2025-12-20,Email,Mobile,5,235.1,True,True
S1001068,C10447,2025-09-15,Facebook,Mobile,6,109.0,True,False
S1001069,,2025-10-28,Google Ads,Mobile,4,138.7,False,False
S1001070,,2025-11-17,Organic,Mobile,7,33.1,False,False
S1001071,C11413,2025-11-06,Affiliate,Desktop,6,46.1,False,False
S1001072,C11817,2025-10-24,Email,Mobile,8,412.7,False,False
S1001073,C11942,2025-11-19,Google Ads,Mobile,4,206.2,False,False
S1001074,C11564,2025-09-29,Google Ads,Desktop,5,40.1,False,False
S1001075,C11024,2025-09-14,Google Ads,Tablet,3,130.7,False,False
S1001076,C10713,2026-03-16,Google Ads,Desktop,3,12.0,False,False
S1001077,C10352,2025-09-30,Google Ads,Mobile,2,108.2,False,False
S1001078,,2025-11-05,Organic,Mobile,9,257.2,False,False
S1001079,C11887,2025-09-24,Google Ads,Desktop,5,293.0,False,False
S1001080,,2025-10-15,Google Ads,Mobile,6,27.2,False,False
S1001081,C11080,2026-05-20,Instagram,Mobile,8,394.3,True,False
S1001082,C11545,2026-08-06,Organic,Mobile,4,30.1,True,False
S1001083,C11234,2026-03-07,Organic,Mobile,2,57.0,False,False
S1001084,,2026-06-01,Email,Mobile,4,115.8,False,False
S1001085,C11536,2025-12-16,Instagram,Mobile,7,95.6,False,False
S1001086,C10682,2026-05-29,Facebook,Mobile,4,383.6,False,False
S1001087,C10863,2025-12-15,Organic,Desktop,6,137.2,False,False
S1001088,,2026-05-10,Instagram,Mobile,5,129.0,True,True
S1001089,C11201,2026-07-21,Facebook,Desktop,1,55.1,False,False
S1001090,,2026-04-09,Google Ads,Desktop,4,290.8,False,False
S1001091,C11501,2025-08-26,Google Ads,Desktop,6,83.1,True,False
S1001092,C10298,2026-06-30,Organic,Desktop,5,46.0,True,False
S1001093,C11827,2025-10-22,Instagram,Mobile,5,80.2,False,False
S1001094,,2026-01-07,Instagram,Desktop,6,230.7,False,False
S1001095,C11435,2026-02-11,Affiliate,Mobile,5,111.1,False,False
S1001096,C11804,2026-01-09,Organic,Desktop,5,358.4,False,False
S1001097,C11727,2026-05-19,Organic,Tablet,6,132.8,False,False
S1001098,C10521,2026-07-24,Organic,Desktop,9,112.3,False,False
S1001099,C11840,2026-03-29,Google Ads,Tablet,5,227.0,True,False
S1001100,C11678,2026-06-28,Affiliate,Mobile,6,94.7,False,False
S1001101,,2026-06-28,Google Ads,Desktop,6,70.4,False,False
S1001102,C10249,2026-05-17,Email,Mobile,5,31.1,True,True
S1001103,C11171,2025-11-30,Email,Mobile,6,367.8,False,False
S1001104,C10201,2026-06-25,Organic,Desktop,6,122.1,False,False
S1001105,C11137,2025-12-20,Instagram,Mobile,4,38.9,False,False
S1001106,C10643,2026-06-12,Instagram,Desktop,2,184.6,False,False
S1001107,C11236,2026-07-16,Instagram,Desktop,6,386.5,False,False
S1001108,C11641,2026-06-27,Facebook,Mobile,4,177.3,False,False
S1001109,C11355,2025-10-14,Affiliate,Desktop,5,113.5,True,False
S1001110,C11274,2026-04-03,Google Ads,Mobile,4,170.1,False,False
S1001111,C11425,2026-03-25,Email,Mobile,9,261.6,True,False
S1001112,C11615,2026-05-29,Email,Mobile,3,76.2,False,False
S1001113,C11290,2026-08-04,Instagram,Desktop,6,323.7,True,False
S1001114,C11152,2026-06-05,Organic,Mobile,6,329.8,True,True
S1001115,C11775,2026-07-11,Google Ads,Mobile,7,60.8,False,False
S1001116,C10991,2026-03-13,Email,Desktop,2,83.3,False,False
S1001117,C10674,2025-09-06,Email,Desktop,5,226.8,False,False
S1001118,C10191,2026-07-04,Facebook,Mobile,6,73.7,True,False
S1001119,C10137,2026-03-07,Organic,Mobile,2,125.4,False,False
S1001120,C11274,2026-04-22,Facebook,Tablet,5,271.7,True,True
S1001121,,2026-07-23,Facebook,Mobile,3,173.4,False,False
S1001122,C10279,2026-05-31,Google Ads,Desktop,6,86.5,False,False
S1001123,C11448,2025-12-29,Instagram,Mobile,8,121.5,False,False
S1001124,C11884,2025-12-14,Google Ads,Mobile,6,65.4,False,False
S1001125,,2025-09-23,Google Ads,Mobile,13,182.0,False,False
S1001126,,2025-11-22,Organic,Mobile,4,174.7,False,False
S1001127,C11410,2026-02-17,Email,Desktop,1,116.1,True,True
S1001128,C11720,2026-06-02,Affiliate,Desktop,4,262.3,False,False
S1001129,C10126,2026-06-09,Facebook,Desktop,9,140.7,True,False
S1001130,C10379,2026-04-24,Affiliate,Mobile,5,191.6,True,False
S1001131,C10632,2026-05-17,Organic,Mobile,5,124.7,True,False
S1001132,C11115,2025-12-13,Google Ads,Desktop,8,75.4,False,False
S1001133,,2025-09-01,Instagram,Mobile,5,249.2,False,False
S1001134,,2026-03-20,Affiliate,Mobile,5,197.1,True,True
S1001135,C11747,2026-08-05,Instagram,Desktop,5,43.5,False,False
S1001136,,2025-11-19,Email,Mobile,7,265.3,False,False
S1001137,C10573,2026-08-12,Instagram,Desktop,6,103.8,False,False
S1001138,C10754,2026-08-12,Google Ads,Mobile,4,178.2,False,False
S1001139,C10900,2026-01-10,Facebook,Desktop,6,122.8,False,False
S1001140,C11921,2025-10-12,Google Ads,Desktop,1,335.4,False,False
S1001141,C11055,2026-06-15,Facebook,Mobile,6,195.0,True,True
S1001142,C10689,2025-09-13,Facebook,Mobile,7,150.1,True,True
S1001143,C11255,2026-06-06,Affiliate,Mobile,6,41.6,False,False
S1001144,C10633,2025-11-03,Facebook,Mobile,3,151.4,False,False
S1001145,C11105,2026-07-12,Email,Mobile,7,233.8,True,True
S1001146,C10395,2026-02-22,Facebook,Mobile,5,31.0,False,False
S1001147,C11702,2025-09-17,Email,Mobile,7,286.3,False,False
S1001148,C10666,2026-02-06,Organic,Desktop,3,65.0,False,False
S1001149,C11278,2026-03-15,Google Ads,Desktop,5,352.6,False,False
S1001150,C10367,2026-01-10,Instagram,Mobile,4,23.3,True,False
S1001151,C11847,2025-11-23,Organic,Mobile,6,273.8,True,False
S1001152,C11317,2025-09-26,Google Ads,Mobile,2,163.0,False,False
S1001153,,2026-04-26,Email,Mobile,6,126.8,True,True
S1001154,,2025-08-30,Email,Tablet,6,194.8,True,False
S1001155,,2026-07-25,Google Ads,Tablet,3,136.9,False,False
S1001156,,2025-09-25,Instagram,Mobile,4,305.3,False,False
S1001157,C10782,2025-10-25,Facebook,Desktop,8,19.9,False,False
S1001158,,2026-08-09,Organic,Mobile,3,60.8,False,False
S1001159,C11588,2026-03-05,Google Ads,Mobile,5,177.7,False,False
S1001160,C10475,2026-02-09,Facebook,Mobile,4,161.1,False,False
S1001161,C10513,2026-02-12,Google Ads,Mobile,5,532.7,False,False
S1001162,C11685,2026-05-12,Facebook,Desktop,3,388.5,False,False
S1001163,C11247,2026-02-21,Email,Desktop,10,234.5,False,False
S1001164,C11625,2025-10-01,Instagram,Desktop,3,404.8,False,False
S1001165,C10260,2026-05-03,Instagram,Desktop,2,14.1,False,False
S1001166,,2025-08-21,Google Ads,Mobile,5,209.0,False,False
S1001167,,2026-03-22,Facebook,Mobile,5,150.3,False,False
S1001168,C11526,2025-10-21,Google Ads,Mobile,4,195.9,False,False
S1001169,C10413,2025-10-23,Affiliate,Desktop,8,146.9,True,True
S1001170,C11104,2025-10-26,Email,Tablet,9,250.2,False,False
S1001171,C10528,2026-01-07,Google Ads,Mobile,6,45.6,False,False
S1001172,C11924,2026-05-21,Organic,Mobile,8,196.7,True,False
S1001173,,2025-11-20,Facebook,Mobile,5,268.2,False,False
S1001174,,2025-09-14,Affiliate,Mobile,3,36.6,False,False
S1001175,C11590,2026-04-26,Affiliate,Desktop,4,323.0,False,False
S1001176,C10360,2026-01-17,Instagram,Desktop,4,375.7,False,False
S1001177,C10362,2026-07-26,Instagram,Desktop,8,210.3,False,False
S1001178,,2025-10-03,Google Ads,Mobile,8,350.7,False,False
S1001179,C10043,2025-08-25,Facebook,Mobile,2,325.3,False,False
S1001180,C11682,2026-02-18,Organic,Mobile,7,201.1,True,False
S1001181,C10712,2026-01-03,Google Ads,Desktop,5,180.0,False,False
S1001182,C11146,2025-09-26,Email,Tablet,4,263.9,False,False
S1001183,,2026-01-01,Affiliate,Tablet,4,110.6,False,False
S1001184,C11247,2026-04-21,Instagram,Tablet,4,221.9,False,False
S1001185,C10983,2026-06-24,Organic,Desktop,5,92.1,False,False
S1001186,C10510,2025-10-01,Email,Desktop,4,182.8,True,False
S1001187,C11240,2025-09-12,Organic,Mobile,6,170.4,False,False
S1001188,,2025-08-26,Instagram,Mobile,6,232.7,True,True
S1001189,C10197,2026-07-14,Organic,Mobile,3,116.9,False,False
S1001190,C10673,2026-05-27,Google Ads,Mobile,5,180.9,False,False
S1001191,C11644,2026-08-12,Facebook,Mobile,4,173.4,False,False
S1001192,C10078,2026-01-23,Affiliate,Desktop,7,222.8,False,False
S1001193,C10697,2025-12-05,Instagram,Mobile,4,196.4,False,False
S1001194,C11945,2026-01-13,Facebook,Tablet,2,112.4,True,False
S1001195,C10584,2026-02-01,Affiliate,Mobile,7,175.3,True,True
S1001196,C10824,2026-05-23,Email,Mobile,4,402.7,False,False
S1001197,C10889,2025-11-10,Facebook,Mobile,5,128.7,False,False
S1001198,C11252,2026-08-07,Email,Mobile,3,96.5,False,False
S1001199,C10837,2026-08-04,Affiliate,Mobile,4,329.2,True,False
S1001200,C11748,2026-01-16,Organic,Mobile,2,144.2,False,False
S1001201,,2026-03-17,Organic,Desktop,5,67.0,False,False
S1001202,C11197,2025-09-23,Google Ads,Desktop,7,290.8,True,False
S1001203,C11273,2025-11-02,Facebook,Mobile,6,97.8,False,False
S1001204,C10054,2026-03-16,Organic,Mobile,6,64.6,True,False
S1001205,C11073,2026-05-06,Instagram,Tablet,7,37.0,False,False
S1001206,C11467,2025-09-04,Organic,Mobile,4,113.4,True,True
S1001207,C10690,2026-04-10,Instagram,Desktop,5,152.2,False,False
S1001208,C10858,2026-04-23,Facebook,Mobile,7,191.0,False,False
S1001209,C11337,2026-07-15,Instagram,Mobile,2,77.0,False,False
S1001210,C11035,2025-12-26,Facebook,Mobile,8,149.3,False,False
S1001211,C10197,2026-06-21,Instagram,Desktop,11,144.4,False,False
S1001212,C10535,2025-10-09,Email,Desktop,8,255.3,False,False
S1001213,C10371,2026-01-30,Google Ads,Desktop,4,403.6,True,True
S1001214,C11986,2026-07-18,Organic,Mobile,8,186.1,True,False
S1001215,C11311,2026-04-25,Organic,Mobile,4,92.6,True,False
S1001216,C10672,2026-05-15,Google Ads,Tablet,4,149.5,False,False
S1001217,C11898,2026-05-25,Instagram,Desktop,2,261.7,False,False
S1001218,C10035,2025-09-23,Email,Desktop,4,313.0,False,False
S1001219,C10837,2025-11-10,Organic,Mobile,2,47.6,False,False
S1001220,C11943,2025-12-04,Instagram,Mobile,5,173.6,False,False
S1001221,C10094,2026-03-03,Google Ads,Desktop,4,254.1,False,False
S1001222,C11846,2026-07-19,Instagram,Mobile,5,57.6,False,False
S1001223,,2026-01-03,Email,Mobile,2,129.5,False,False
S1001224,C11703,2026-08-14,Affiliate,Mobile,6,475.7,True,False
S1001225,,2026-06-30,Organic,Desktop,6,361.9,False,False
S1001226,C10255,2026-04-09,Instagram,Mobile,3,488.6,False,False
S1001227,C10267,2026-07-23,Instagram,Tablet,3,106.1,False,False
S1001228,C11398,2026-04-09,Organic,Mobile,5,268.4,True,True
S1001229,,2026-08-01,Organic,Tablet,6,520.0,False,False
S1001230,C10877,2026-08-13,Affiliate,Desktop,4,411.8,False,False
S1001231,,2025-10-21,Organic,Mobile,5,255.7,False,False
S1001232,C11618,2025-09-15,Google Ads,Mobile,5,379.1,True,True
S1001233,,2026-05-02,Affiliate,Mobile,4,273.3,False,False
S1001234,,2026-03-29,Instagram,Mobile,4,436.6,True,False
S1001235,C11534,2025-09-27,Facebook,Mobile,2,162.8,False,False
S1001236,C10107,2026-02-07,Email,Mobile,4,99.8,False,False
S1001237,C11049,2026-03-11,Instagram,Mobile,4,149.2,False,False
S1001238,,2025-09-28,Organic,Mobile,3,23.8,False,False
S1001239,C10163,2025-09-15,Organic,Mobile,9,140.8,False,False
S1001240,C11125,2026-01-09,Email,Mobile,6,40.9,False,False
S1001241,C10173,2026-05-08,Organic,Mobile,9,456.9,True,False
S1001242,C10427,2026-08-06,Google Ads,Mobile,2,201.6,False,False
S1001243,C11886,2026-04-10,Facebook,Mobile,7,163.6,True,False
S1001244,,2026-05-01,Organic,Desktop,2,145.8,False,False
S1001245,C11003,2025-08-22,Facebook,Mobile,5,130.5,True,False
S1001246,C11555,2026-07-08,Facebook,Desktop,4,36.5,False,False
S1001247,C10794,2026-02-22,Instagram,Mobile,7,298.4,False,False
S1001248,,2026-01-22,Organic,Desktop,5,158.4,False,False
S1001249,C10442,2025-11-15,Instagram,Desktop,1,126.9,False,False
S1001250,C10433,2025-12-11,Email,Mobile,8,190.6,False,False
S1001251,C11042,2026-07-30,Affiliate,Mobile,3,381.2,False,False
S1001252,C11513,2026-02-25,Affiliate,Mobile,6,259.6,False,False
S1001253,C11101,2026-08-07,Google Ads,Tablet,8,131.1,True,False
S1001254,C10402,2026-02-09,Instagram,Mobile,4,57.0,False,False
S1001255,C10864,2026-04-22,Google Ads,Desktop,7,115.0,True,True
S1001256,C11522,2026-06-02,Organic,Mobile,5,140.0,False,False
S1001257,C10451,2025-09-01,Organic,Desktop,4,188.4,False,False
S1001258,,2026-07-06,Instagram,Desktop,5,158.5,False,False
S1001259,C10945,2026-04-20,Facebook,Mobile,4,336.3,False,False
S1001260,C11383,2026-01-09,Facebook,Mobile,13,58.1,False,False
S1001261,,2026-03-21,Instagram,Mobile,5,131.3,True,False
S1001262,C11103,2025-10-17,Instagram,Mobile,2,103.3,False,False
S1001263,C11258,2025-08-23,Organic,Mobile,3,104.8,True,False
S1001264,C11816,2026-08-10,Email,Desktop,1,117.7,False,False
S1001265,,2025-10-29,Instagram,Mobile,4,47.2,False,False
S1001266,C11584,2026-02-12,Organic,Mobile,6,23.4,True,True
S1001267,C11402,2026-05-04,Instagram,Mobile,5,157.6,False,False
S1001268,C10585,2026-07-22,Organic,Desktop,7,144.1,False,False
S1001269,C10284,2026-05-13,Email,Desktop,9,205.8,True,True
S1001270,,2026-01-09,Facebook,Mobile,4,227.5,False,False
S1001271,,2025-11-09,Instagram,Desktop,5,296.0,True,False
S1001272,,2026-07-24,Google Ads,Desktop,6,39.3,True,False
S1001273,C10492,2026-02-08,Facebook,Mobile,2,210.4,False,False
S1001274,,2026-03-03,Email,Mobile,2,7.0,False,False
S1001275,C10544,2025-11-09,Organic,Mobile,4,162.6,False,False
S1001276,,2025-10-02,Organic,Mobile,4,433.3,False,False
S1001277,,2025-12-30,Instagram,Mobile,6,161.8,True,False
S1001278,C10912,2025-09-09,Instagram,Mobile,9,243.0,False,False
S1001279,C10156,2026-03-14,Instagram,Mobile,7,412.8,False,False
S1001280,C10426,2026-05-02,Email,Mobile,5,325.3,True,True
S1001281,C11274,2026-05-19,Email,Desktop,9,176.7,False,False
S1001282,C11318,2026-04-18,Affiliate,Mobile,2,36.3,False,False
S1001283,C10569,2026-01-17,Affiliate,Desktop,5,195.2,True,True
S1001284,C10764,2026-07-29,Instagram,Desktop,6,652.9,True,False
S1001285,C10308,2025-08-28,Instagram,Mobile,6,94.9,False,False
S1001286,C10540,2025-11-25,Instagram,Mobile,6,118.4,False,False
S1001287,C11964,2026-04-22,Affiliate,Desktop,3,131.4,False,False
S1001288,C10866,2026-03-27,Instagram,Mobile,7,155.7,False,False
S1001289,C10370,2026-03-10,Organic,Desktop,4,231.3,True,False
S1001290,C10267,2025-09-08,Organic,Mobile,4,169.6,False,False
S1001291,C10066,2025-12-21,Email,Desktop,5,142.2,False,False
S1001292,C11375,2026-03-20,Affiliate,Desktop,10,96.1,True,False
S1001293,C10076,2026-05-26,Instagram,Mobile,4,114.6,False,False
S1001294,C11169,2026-04-21,Affiliate,Mobile,4,57.2,False,False
S1001295,C11507,2025-11-24,Instagram,Mobile,3,330.3,False,False
S1001296,C11544,2025-11-24,Email,Desktop,4,262.3,False,False
S1001297,C10160,2026-02-22,Google Ads,Desktop,7,98.8,False,False
S1001298,C11225,2025-11-08,Facebook,Mobile,9,87.5,False,False
S1001299,,2025-11-29,Instagram,Mobile,4,207.4,True,False
S1001300,,2026-05-13,Google Ads,Mobile,5,50.6,True,False
S1001301,C11399,2026-08-19,Organic,Mobile,7,61.6,False,False
S1001302,C11534,2026-04-08,Organic,Desktop,4,92.4,False,False
S1001303,C10567,2026-08-09,Facebook,Mobile,5,80.0,False,False
S1001304,C11496,2026-05-22,Instagram,Mobile,11,117.0,True,False
S1001305,C11891,2026-04-03,Google Ads,Desktop,8,362.2,True,True
S1001306,C11327,2026-03-21,Facebook,Mobile,9,486.0,False,False
S1001307,C10001,2026-08-03,Instagram,Mobile,6,131.9,False,False
S1001308,C11196,2026-06-30,Facebook,Desktop,5,85.6,False,False
S1001309,C11759,2026-01-12,Affiliate,Mobile,4,90.6,False,False
S1001310,C11814,2025-11-26,Google Ads,Mobile,7,68.5,False,False
S1001311,C11517,2026-05-28,Instagram,Mobile,4,203.1,True,True
S1001312,C10828,2025-09-28,Instagram,Mobile,5,579.1,True,False
S1001313,C10768,2026-02-16,Google Ads,Desktop,8,481.0,False,False
S1001314,C10139,2025-10-19,Instagram,Mobile,4,183.5,False,False
S1001315,,2026-06-03,Instagram,Mobile,4,146.1,True,True
S1001316,C11496,2026-04-02,Google Ads,Desktop,4,41.2,False,False
S1001317,C11017,2025-09-29,Facebook,Mobile,4,455.0,False,False
S1001318,,2026-06-23,Google Ads,Mobile,3,133.1,False,False
S1001319,C10986,2026-01-30,Email,Desktop,5,292.0,True,False
S1001320,,2025-09-15,Facebook,Desktop,4,64.3,False,False
S1001321,C10138,2026-08-20,Instagram,Mobile,4,415.6,True,False
S1001322,C10443,2026-05-01,Organic,Mobile,6,182.3,True,False
S1001323,C10771,2025-12-12,Google Ads,Mobile,5,287.9,True,False
S1001324,,2026-04-30,Facebook,Mobile,2,140.6,False,False
S1001325,C11131,2026-02-04,Email,Mobile,7,93.3,False,False
S1001326,,2025-12-24,Facebook,Desktop,6,279.3,False,False
S1001327,C10696,2026-07-20,Google Ads,Mobile,6,42.3,True,False
S1001328,C11771,2026-07-05,Instagram,Mobile,4,251.1,True,False
S1001329,C10385,2025-10-04,Instagram,Mobile,5,305.9,False,False
S1001330,C10212,2025-09-18,Google Ads,Desktop,4,23.2,False,False
S1001331,C11790,2026-01-21,Email,Desktop,2,354.0,False,False
S1001332,,2025-11-24,Instagram,Mobile,2,81.1,False,False
S1001333,,2026-06-08,Email,Desktop,7,47.0,True,True
S1001334,C10169,2026-08-21,Facebook,Desktop,5,161.3,True,False
S1001335,C11433,2026-07-02,Affiliate,Mobile,6,116.2,False,False
S1001336,C10636,2026-07-19,Organic,Desktop,9,35.1,False,False
S1001337,,2026-07-23,Facebook,Mobile,4,322.9,False,False
S1001338,,2026-03-15,Google Ads,Mobile,5,56.5,False,False
S1001339,,2025-12-05,Instagram,Mobile,9,92.2,False,False
S1001340,C10385,2026-08-02,Google Ads,Mobile,2,21.3,False,False
S1001341,C10766,2025-12-08,Google Ads,Desktop,4,190.9,False,False
S1001342,C11988,2025-09-17,Facebook,Mobile,5,393.5,False,False
S1001343,C11669,2026-05-21,Google Ads,Mobile,6,72.1,False,False
S1001344,,2025-12-10,Email,Mobile,2,295.5,False,False
S1001345,,2025-08-28,Facebook,Desktop,3,193.5,False,False
S1001346,C11421,2026-02-22,Google Ads,Mobile,5,217.7,False,False
S1001347,C10672,2025-12-12,Instagram,Desktop,8,131.4,False,False
S1001348,C11270,2026-05-28,Google Ads,Mobile,4,198.2,False,False
S1001349,C10622,2026-01-09,Affiliate,Desktop,6,165.7,True,False
S1001350,,2026-02-28,Organic,Desktop,8,43.2,True,False
S1001351,C11989,2025-11-13,Organic,Tablet,6,93.6,False,False
S1001352,C10677,2026-04-12,Instagram,Mobile,8,126.7,False,False
S1001353,C11817,2026-07-04,Organic,Mobile,5,86.2,True,True
S1001354,C10944,2026-02-10,Instagram,Desktop,8,105.4,False,False
S1001355,,2026-03-06,Google Ads,Mobile,4,720.4,False,False
S1001356,C11749,2026-05-16,Google Ads,Mobile,6,470.7,True,False
S1001357,C11091,2026-07-21,Affiliate,Mobile,5,250.6,True,False
S1001358,,2026-07-10,Facebook,Desktop,5,14.2,True,False
S1001359,C10085,2025-12-25,Affiliate,Tablet,3,277.4,False,False
S1001360,C11968,2026-01-14,Facebook,Desktop,7,336.1,True,False
S1001361,,2026-01-11,Organic,Mobile,4,458.2,False,False
S1001362,C10261,2026-03-11,Affiliate,Tablet,7,82.8,False,False
S1001363,C10355,2026-04-29,Instagram,Mobile,3,84.3,False,False
S1001364,C11412,2025-10-24,Email,Mobile,5,330.5,False,False
S1001365,C10949,2025-12-14,Affiliate,Mobile,6,144.5,True,False
S1001366,C11563,2025-11-05,Organic,Desktop,6,141.3,False,False
S1001367,,2025-12-22,Affiliate,Mobile,6,157.2,False,False
S1001368,,2026-07-28,Google Ads,Mobile,6,214.3,True,True
S1001369,C10968,2026-01-24,Organic,Mobile,7,111.4,False,False
S1001370,C10179,2025-09-25,Instagram,Mobile,7,51.3,True,True
S1001371,C10403,2025-09-15,Instagram,Mobile,6,347.0,True,False
S1001372,C11314,2026-04-02,Instagram,Mobile,6,275.3,True,True
S1001373,C10111,2026-06-02,Organic,Mobile,6,332.6,False,False
S1001374,C10080,2025-10-25,Google Ads,,5,153.4,True,True
S1001375,C10608,2026-01-22,Google Ads,Mobile,7,286.6,False,False
S1001376,C10181,2025-12-24,Email,Mobile,4,597.5,False,False
S1001377,C10098,2025-11-04,Email,Desktop,4,65.1,True,True
S1001378,C10835,2026-05-19,Instagram,Mobile,6,97.7,False,False
S1001379,C11360,2025-08-30,Affiliate,Mobile,5,177.5,True,True
S1001380,,2026-06-21,Facebook,Desktop,3,123.2,False,False
S1001381,C10886,2025-11-04,Instagram,Desktop,2,227.4,True,False
S1001382,C10667,2025-09-20,Organic,Mobile,2,153.4,True,False
S1001383,C11604,2026-02-15,Email,Tablet,5,156.2,False,False
S1001384,C11224,2026-04-09,Email,Mobile,5,206.6,False,False
S1001385,C11923,2025-10-17,Email,Desktop,10,132.7,True,True
S1001386,C10547,2026-06-23,Instagram,Mobile,3,115.4,False,False
S1001387,,2026-07-30,Instagram,Mobile,4,158.7,True,False
S1001388,C11266,2025-09-11,Organic,Desktop,8,216.8,False,False
S1001389,C10047,2026-03-13,Facebook,Mobile,4,21.6,True,False
S1001390,,2025-10-06,Email,Mobile,4,74.7,False,False
S1001391,C11313,2026-02-17,Instagram,Mobile,4,125.8,True,False
S1001392,,2026-06-15,Google Ads,Desktop,5,266.9,False,False
S1001393,C11820,2026-06-07,Organic,Desktop,4,162.6,False,False
S1001394,C11079,2025-10-25,Email,Mobile,5,268.8,True,False
S1001395,C10513,2026-04-14,Google Ads,Desktop,2,186.5,False,False
S1001396,,2025-11-18,Facebook,Mobile,4,38.2,False,False
S1001397,C11689,2026-03-30,Facebook,Mobile,3,66.5,False,False
S1001398,C11408,2025-12-12,Google Ads,Desktop,4,318.7,False,False
S1001399,C10729,2026-07-28,Organic,Mobile,7,161.1,False,False
S1001400,C11332,2025-11-09,Affiliate,Desktop,7,30.7,True,True
S1001401,,2025-10-13,Email,Mobile,5,144.4,True,False
S1001402,,2025-12-10,Google Ads,Mobile,5,208.7,True,True
S1001403,C11294,2026-02-25,Instagram,,3,161.5,False,False
S1001404,C11910,2025-09-18,Affiliate,Desktop,8,214.2,True,True
S1001405,C10023,2026-01-26,Instagram,Mobile,7,441.2,True,False
S1001406,C11356,2026-06-16,Affiliate,Desktop,6,310.0,True,False
S1001407,,2025-12-21,Organic,Desktop,9,37.8,False,False
S1001408,C11009,2026-02-06,Google Ads,Mobile,5,334.8,False,False
S1001409,C11285,2025-10-16,Facebook,Desktop,7,235.5,True,True
S1001410,C10324,2026-08-08,Google Ads,Mobile,4,253.2,False,False
S1001411,C11322,2026-03-02,Email,Desktop,4,162.7,False,False
S1001412,,2026-04-28,Instagram,Mobile,6,65.0,False,False
S1001413,C11011,2026-03-20,Affiliate,Mobile,4,1.6,False,False
S1001414,,2025-10-26,Google Ads,Mobile,5,145.8,False,False
S1001415,,2026-01-15,Google Ads,Mobile,2,133.8,False,False
S1001416,C10181,2026-04-28,Instagram,Mobile,5,52.5,True,False
S1001417,C11469,2026-07-22,Affiliate,Mobile,8,55.4,False,False
S1001418,C11049,2026-04-17,Organic,Desktop,4,160.5,True,False
S1001419,C10048,2025-08-25,Affiliate,Mobile,5,359.7,False,False
S1001420,C11294,2026-05-15,Organic,Mobile,7,153.5,False,False
S1001421,C11651,2026-07-28,Instagram,Mobile,1,155.8,False,False
S1001422,,2026-07-13,Google Ads,Desktop,5,132.7,False,False
S1001423,C11704,2025-09-04,Google Ads,Mobile,3,61.5,False,False
S1001424,C11604,2025-12-27,Instagram,Mobile,7,298.2,False,False
S1001425,,2026-07-09,Facebook,Mobile,4,265.4,False,False
S1001426,C11648,2026-02-26,Instagram,Tablet,5,279.3,False,False
S1001427,,2026-05-23,Organic,Mobile,7,114.5,False,False
S1001428,C11187,2026-06-23,Google Ads,Desktop,5,92.8,True,False
S1001429,,2026-05-05,Email,Tablet,8,255.2,True,False
S1001430,C11197,2026-02-04,Facebook,Mobile,6,187.6,False,False
S1001431,C11973,2025-11-16,Email,Mobile,5,55.6,False,False
S1001432,C10193,2025-12-29,Organic,Mobile,8,78.9,False,False
S1001433,C11723,2026-05-24,Instagram,Desktop,4,302.3,True,False
S1001434,C10452,2026-07-02,Facebook,Mobile,3,43.4,False,False
S1001435,C11042,2025-08-23,Organic,Mobile,5,120.2,False,False
S1001436,C11803,2026-06-01,Instagram,Mobile,5,195.7,False,False
S1001437,C11867,2026-05-25,Organic,Desktop,7,169.0,False,False
S1001438,C10487,2025-08-24,Google Ads,Mobile,5,373.6,False,False
S1001439,C11964,2026-03-18,Google Ads,Desktop,3,98.3,False,False
S1001440,C11813,2025-12-09,Organic,Desktop,6,90.2,False,False
S1001441,C10048,2026-06-30,Organic,Tablet,8,68.3,True,True
S1001442,C11638,2025-11-25,Affiliate,Mobile,5,177.0,False,False
S1001443,,2026-05-14,Instagram,Tablet,7,95.4,False,False
S1001444,C10988,2026-07-20,Organic,Mobile,4,163.7,False,False
S1001445,C11543,2026-07-17,Facebook,Desktop,5,196.2,False,False
S1001446,,2026-07-08,Affiliate,Mobile,4,75.8,True,True
S1001447,C10439,2026-04-02,Facebook,Mobile,4,190.8,False,False
S1001448,C10249,2026-06-07,Affiliate,Desktop,11,186.3,False,False
S1001449,C11755,2026-01-02,Organic,Mobile,6,66.7,False,False
S1001450,C11568,2026-05-07,Instagram,Mobile,10,113.0,True,False
S1001451,C10346,2026-04-09,Organic,Mobile,7,125.6,False,False
S1001452,C10631,2026-06-20,Google Ads,Desktop,2,114.4,False,False
S1001453,,2026-04-13,Google Ads,Mobile,6,130.5,False,False
S1001454,C11154,2026-01-21,Affiliate,,2,142.8,False,False
S1001455,C10478,2026-05-29,Instagram,Mobile,2,361.3,False,False
S1001456,C10491,2026-06-02,Email,Desktop,2,159.4,False,False
S1001457,C11961,2025-08-30,Affiliate,Mobile,2,532.8,False,False
S1001458,C11310,2026-02-01,Google Ads,Mobile,3,4.8,False,False
S1001459,C11493,2026-04-04,Instagram,Desktop,3,89.7,False,False
S1001460,C10807,2026-01-19,Facebook,Desktop,3,170.5,False,False
S1001461,C10524,2025-12-25,Organic,Desktop,5,184.2,True,False
S1001462,C10828,2026-06-16,Affiliate,Mobile,4,86.6,False,False
S1001463,,2026-01-08,Affiliate,Desktop,1,190.7,False,False
S1001464,,2026-06-14,Instagram,Desktop,3,439.5,False,False
S1001465,C10306,2025-09-21,Email,Mobile,6,69.7,True,False
S1001466,,2025-08-21,Affiliate,Tablet,2,150.6,False,False
S1001467,C11096,2025-10-27,Email,Desktop,5,223.4,True,False
S1001468,,2026-06-18,Google Ads,Desktop,5,294.1,True,True
S1001469,C11469,2026-08-05,Facebook,Mobile,3,84.8,False,False
S1001470,,2026-04-25,Affiliate,Mobile,3,88.6,False,False
S1001471,C10316,2025-10-03,Instagram,Mobile,4,190.5,False,False
S1001472,C10895,2026-04-14,Organic,Mobile,4,274.7,False,False
S1001473,C10875,2026-05-01,Facebook,Mobile,5,37.1,False,False
S1001474,C11930,2026-07-08,Organic,Mobile,7,145.7,False,False
S1001475,C10839,2026-05-29,Email,Mobile,3,396.4,False,False
S1001476,,2025-11-08,Email,Mobile,5,130.3,False,False
S1001477,C10664,2026-06-14,Affiliate,Mobile,2,290.7,False,False
S1001478,C11994,2026-07-18,Instagram,Mobile,3,193.9,False,False
S1001479,,2026-07-22,Instagram,Mobile,3,447.3,False,False
S1001480,C10686,2026-04-05,Google Ads,Mobile,3,332.1,False,False
S1001481,C11303,2025-10-06,Google Ads,Tablet,5,54.4,False,False
S1001482,,2026-03-26,Instagram,Mobile,4,214.5,False,False
S1001483,C11613,2026-03-23,Affiliate,Mobile,8,491.3,False,False
S1001484,C10325,2025-11-14,Organic,Desktop,2,80.8,False,False
S1001485,C11001,2026-07-26,Instagram,Desktop,4,374.9,True,False
S1001486,C11978,2026-04-01,Instagram,Tablet,7,409.4,False,False
S1001487,C10132,2026-02-14,Affiliate,Mobile,3,413.5,False,False
S1001488,,2026-05-24,Facebook,Desktop,3,206.7,False,False
S1001489,C11902,2025-11-29,Google Ads,Mobile,7,45.8,True,False
S1001490,C11558,2025-08-23,Google Ads,,5,92.9,False,False
S1001491,C10242,2025-11-08,Affiliate,Mobile,1,23.8,False,False
S1001492,C10870,2026-04-29,Instagram,Mobile,6,484.6,False,False
S1001493,C11256,2026-06-12,Facebook,Desktop,8,11.4,False,False
S1001494,,2025-12-18,Google Ads,Mobile,9,331.5,False,False
S1001495,C11314,2025-10-10,Facebook,Desktop,3,305.7,False,False
S1001496,C11253,2026-08-13,Facebook,Mobile,3,64.7,True,False
S1001497,C10875,2026-06-18,Instagram,Desktop,5,64.8,True,False
S1001498,C11871,2026-08-06,Affiliate,Mobile,4,273.5,False,False
S1001499,C10424,2025-10-08,Instagram,Mobile,5,287.8,True,True
S1001500,C10377,2025-12-16,Google Ads,Mobile,7,93.5,True,True
S1001501,C11607,2026-04-06,Google Ads,Mobile,2,406.5,False,False
S1001502,C11554,2026-06-28,Affiliate,Mobile,1,209.9,True,False
S1001503,C11336,2025-12-01,Email,Mobile,7,252.8,False,False
S1001504,C10576,2026-03-05,Google Ads,Mobile,5,108.9,True,True
S1001505,C11556,2025-08-28,Facebook,Desktop,5,114.9,False,False
S1001506,C10626,2026-04-18,Affiliate,Mobile,7,422.1,True,False
S1001507,,2026-06-03,Facebook,Mobile,2,194.8,False,False
S1001508,C10100,2025-10-24,Email,Mobile,2,149.4,False,False
S1001509,C10521,2025-11-21,Facebook,Desktop,7,222.3,True,False
S1001510,C11956,2026-03-08,Google Ads,Desktop,6,103.1,True,False
S1001511,C11037,2025-09-15,Organic,Mobile,4,163.1,False,False
S1001512,C11626,2025-09-21,Google Ads,Desktop,6,67.2,False,False
S1001513,C11134,2026-04-11,Google Ads,Desktop,4,81.3,False,False
S1001514,C10684,2025-10-20,Organic,Mobile,3,128.3,False,False
S1001515,C10496,2026-08-20,Instagram,Desktop,5,231.9,True,False
S1001516,C10818,2026-03-25,Facebook,Desktop,4,127.3,False,False
S1001517,C10214,2025-12-29,Organic,Mobile,7,81.0,False,False
S1001518,C10559,2026-03-07,Facebook,Mobile,4,290.3,False,False
S1001519,C10502,2026-06-19,Email,Desktop,2,36.4,False,False
S1001520,C10084,2025-10-22,Email,Mobile,5,97.4,False,False
S1001521,C11753,2025-09-19,Instagram,Desktop,3,113.9,False,False
S1001522,C10826,2026-02-06,Email,Mobile,3,140.7,False,False
S1001523,C10279,2026-01-23,Google Ads,Mobile,8,137.3,False,False
S1001524,,2025-11-03,Google Ads,Tablet,7,236.7,False,False
S1001525,,2026-04-14,Organic,Mobile,3,155.6,False,False
S1001526,C11175,2026-05-14,Google Ads,Mobile,3,177.2,False,False
S1001527,C10314,2026-01-02,Affiliate,Desktop,4,116.8,True,False
S1001528,C10715,2025-08-21,Facebook,Desktop,7,251.8,True,True
S1001529,,2026-05-25,Organic,Mobile,5,182.0,True,False
S1001530,C11027,2026-05-01,Instagram,Mobile,6,33.8,True,False
S1001531,C10176,2026-02-16,Organic,Tablet,3,128.6,False,False
S1001532,C11987,2026-07-02,Instagram,Desktop,7,124.3,False,False
S1001533,C11607,2025-10-07,Email,Desktop,6,167.1,True,False
S1001534,,2026-04-05,Email,Desktop,9,138.2,False,False
S1001535,,2025-10-20,Email,Mobile,6,155.9,False,False
S1001536,C11792,2026-03-11,Instagram,Mobile,6,41.1,False,False
S1001537,C11873,2026-05-14,Google Ads,Mobile,6,169.6,False,False
S1001538,C10533,2026-05-20,Google Ads,Mobile,5,481.9,False,False
S1001539,C10815,2025-12-31,Facebook,Mobile,4,122.6,False,False
S1001540,C10591,2026-06-09,Affiliate,Mobile,6,304.3,True,False
S1001541,C11150,2025-11-03,Email,Desktop,2,52.4,False,False
S1001542,C11703,2026-01-25,Facebook,Mobile,5,36.1,False,False
S1001543,C11365,2025-11-30,Affiliate,Mobile,4,252.7,True,True
S1001544,C11167,2025-11-12,Organic,Mobile,3,264.5,False,False
S1001545,C10133,2026-07-24,Facebook,Mobile,10,189.7,False,False
S1001546,C10141,2026-02-06,Google Ads,Desktop,2,66.8,False,False
S1001547,,2026-07-18,Instagram,Mobile,5,132.6,False,False
S1001548,,2025-10-23,Instagram,Desktop,4,229.8,True,False
S1001549,C10695,2026-02-06,Google Ads,Mobile,4,110.8,True,True
S1001550,C11880,2025-11-12,Instagram,Mobile,5,319.7,False,False
S1001551,C11065,2026-03-02,Affiliate,Desktop,5,428.6,False,False
S1001552,C11060,2025-09-04,Affiliate,Mobile,3,197.3,False,False
S1001553,C11169,2026-03-20,Facebook,Mobile,4,62.3,True,False
S1001554,,2026-04-27,Facebook,Mobile,3,192.9,False,False
S1001555,,2025-11-22,Instagram,Desktop,9,149.3,False,False
S1001556,C10986,2026-01-29,Google Ads,Mobile,4,116.1,False,False
S1001557,C11486,2025-09-19,Email,Desktop,4,75.9,False,False
S1001558,C11451,2025-09-07,Google Ads,Desktop,7,26.9,False,False
S1001559,C10456,2026-08-09,Organic,Mobile,5,56.4,True,False
S1001560,C10965,2026-06-01,Email,Mobile,3,207.6,False,False
S1001561,C11761,2025-12-11,Facebook,Mobile,6,128.8,True,False
S1001562,C11948,2026-01-13,Google Ads,Mobile,6,203.4,False,False
S1001563,C11193,2026-03-10,Instagram,Mobile,6,29.8,True,False
S1001564,C11839,2026-05-07,Google Ads,Mobile,3,234.4,False,False
S1001565,C11945,2025-12-08,Email,Mobile,2,312.7,False,False
S1001566,C10231,2026-03-07,Instagram,Mobile,6,166.5,False,False
S1001567,C10950,2026-04-10,Facebook,Tablet,3,321.9,False,False
S1001568,C11360,2026-01-15,Google Ads,Mobile,4,118.0,False,False
S1001569,C10683,2026-03-10,Email,Mobile,2,116.7,False,False
S1001570,C11759,2025-11-02,Instagram,Mobile,3,240.9,False,False
S1001571,C11969,2026-08-10,Instagram,Desktop,4,90.3,False,False
S1001572,C11677,2025-09-26,Organic,Mobile,8,55.7,True,False
S1001573,,2026-05-31,Facebook,Mobile,3,154.8,False,False
S1001574,C10722,2026-06-22,Organic,Mobile,7,150.0,True,True
S1001575,C11025,2025-09-20,Instagram,Mobile,5,33.8,True,True
S1001576,C10458,2025-10-07,Instagram,Desktop,5,129.7,False,False
S1001577,C11498,2026-01-13,Email,Mobile,4,274.3,False,False
S1001578,C10806,2025-10-26,Facebook,Desktop,1,311.7,False,False
S1001579,C10767,2026-03-17,Facebook,Mobile,4,563.4,False,False
S1001580,C10644,2026-03-13,Google Ads,Desktop,7,97.9,True,False
S1001581,C11099,2026-03-24,Instagram,Mobile,6,25.1,True,True
S1001582,C11132,2026-07-08,Google Ads,Desktop,3,57.5,False,False
S1001583,C11536,2025-09-25,Email,Tablet,9,51.7,False,False
S1001584,C10705,2025-11-11,Facebook,Mobile,6,182.0,True,True
S1001585,C11706,2026-01-23,Facebook,Tablet,5,162.7,False,False
S1001586,,2025-12-11,Google Ads,Mobile,6,95.7,False,False
S1001587,C10091,2026-02-04,Google Ads,Desktop,5,235.2,False,False
S1001588,C11088,2026-03-03,Affiliate,Mobile,6,136.7,False,False
S1001589,C11312,2025-12-21,Google Ads,Mobile,5,46.6,False,False
S1001590,,2026-02-08,Google Ads,Mobile,3,154.2,True,False
S1001591,C11508,2026-01-11,Email,Tablet,8,197.2,False,False
S1001592,C10619,2026-07-15,Facebook,Mobile,6,192.1,False,False
S1001593,,2025-12-31,Facebook,Mobile,8,152.1,False,False
S1001594,,2026-04-25,Affiliate,,4,75.1,False,False
S1001595,C10911,2026-07-30,Email,Mobile,3,139.3,False,False
S1001596,C11495,2026-05-19,Organic,Desktop,4,53.0,False,False
S1001597,C11002,2025-08-28,Affiliate,Desktop,7,149.8,False,False
S1001598,C11421,2025-12-10,Instagram,Mobile,6,214.3,True,False
S1001599,C11139,2026-04-22,Instagram,Mobile,5,276.7,False,False
S1001600,C10697,2026-05-10,Organic,Mobile,6,341.1,True,False
S1001601,C10444,2026-02-24,Facebook,Mobile,7,278.2,False,False
S1001602,C11463,2026-02-13,Affiliate,Mobile,3,297.3,False,False
S1001603,,2026-04-20,Facebook,Mobile,4,334.1,False,False
S1001604,,2025-11-11,Organic,Mobile,6,302.6,True,True
S1001605,,2025-09-12,Google Ads,Mobile,7,67.9,False,False
S1001606,C11389,2026-07-25,Google Ads,Desktop,4,178.6,True,False
S1001607,C11553,2025-12-09,Google Ads,,5,78.2,False,False
S1001608,C11926,2025-11-16,Instagram,Mobile,4,44.0,False,False
S1001609,C11324,2026-06-14,Instagram,Mobile,7,101.4,True,True
S1001610,,2025-10-13,Facebook,Desktop,3,131.4,False,False
S1001611,C10365,2025-09-10,Organic,Mobile,7,76.6,True,False
S1001612,,2026-07-23,Email,Mobile,7,106.1,False,False
S1001613,C11442,2025-10-30,Google Ads,Desktop,5,25.5,True,True
S1001614,,2026-01-09,Instagram,Desktop,4,102.3,False,False
S1001615,C10485,2025-09-18,Email,Desktop,4,109.5,False,False
S1001616,,2026-02-10,Organic,Mobile,4,213.4,True,False
S1001617,C10823,2026-02-06,Email,Mobile,7,128.8,True,False
S1001618,C10406,2026-01-06,Affiliate,Mobile,3,144.9,False,False
S1001619,C10492,2026-02-15,Instagram,Desktop,8,303.1,False,False
S1001620,,2026-06-08,Instagram,Mobile,6,213.5,False,False
S1001621,C10835,2026-06-16,Google Ads,Mobile,4,189.0,False,False
S1001622,C10263,2025-11-23,Google Ads,Mobile,4,195.8,False,False
S1001623,C10554,2026-02-08,Affiliate,Tablet,4,130.0,False,False
S1001624,C10473,2026-04-10,Affiliate,Desktop,4,34.7,True,False
S1001625,,2026-03-04,Affiliate,Mobile,3,100.2,False,False
S1001626,C10153,2025-09-28,Instagram,Mobile,6,74.0,True,False
S1001627,C10959,2025-10-09,Organic,Mobile,6,382.7,True,False
S1001628,C11009,2025-12-16,Email,Tablet,4,105.8,False,False
S1001629,C10465,2026-01-27,Facebook,Desktop,9,150.0,False,False
S1001630,,2025-09-17,Organic,Mobile,5,162.9,False,False
S1001631,C11459,2026-06-27,Affiliate,Mobile,3,85.1,False,False
S1001632,C10905,2026-02-23,Affiliate,Desktop,5,144.3,True,False
S1001633,,2026-01-21,Organic,Mobile,4,124.8,False,False
S1001634,C11973,2026-01-30,Google Ads,Desktop,3,385.1,False,False
S1001635,C11750,2025-12-31,Organic,Desktop,4,118.2,True,False
S1001636,C11361,2025-09-01,Google Ads,Mobile,7,202.8,False,False
S1001637,,2025-12-18,Affiliate,Desktop,5,200.8,True,True
S1001638,,2025-10-26,Affiliate,Mobile,8,201.8,False,False
S1001639,C10748,2025-12-26,Email,Mobile,9,307.4,True,True
S1001640,C11689,2026-03-13,Google Ads,Mobile,4,110.2,False,False
S1001641,C11741,2026-06-04,Instagram,Tablet,12,166.1,False,False
S1001642,C11371,2026-01-16,Facebook,Desktop,6,343.9,False,False
S1001643,C10965,2026-07-03,Affiliate,Tablet,5,182.7,True,False
S1001644,C11450,2026-05-14,Affiliate,Mobile,6,141.4,True,True
S1001645,C11816,2025-12-29,Facebook,Desktop,3,111.6,False,False
S1001646,C10800,2025-09-30,Facebook,Mobile,5,391.2,True,True
S1001647,,2025-10-10,Google Ads,Mobile,5,355.8,False,False
S1001648,C10264,2025-10-03,Organic,Desktop,7,312.0,False,False
S1001649,C10341,2026-05-01,Google Ads,Desktop,3,316.3,True,False
S1001650,,2026-07-03,Google Ads,Desktop,3,76.6,False,False
S1001651,C11649,2026-08-07,Instagram,Tablet,6,197.3,False,False
S1001652,C11200,2026-07-13,Facebook,Desktop,6,182.1,False,False
S1001653,,2026-08-17,Email,Tablet,3,38.4,False,False
S1001654,C11727,2026-04-17,Instagram,Mobile,4,144.9,False,False
S1001655,C10627,2025-09-28,Instagram,Desktop,4,385.8,True,False
S1001656,,2026-06-09,Instagram,Tablet,3,269.7,False,False
S1001657,C11289,2026-06-13,Email,Mobile,5,181.6,True,False
S1001658,C10763,2026-04-29,Affiliate,Mobile,7,471.9,False,False
S1001659,C11406,2025-10-22,Affiliate,Mobile,3,150.1,False,False
S1001660,,2026-03-29,Organic,Mobile,4,100.0,False,False
S1001661,C10200,2026-04-03,Affiliate,Desktop,6,60.7,False,False
S1001662,C11364,2026-06-30,Organic,Desktop,5,318.8,False,False
S1001663,C10702,2025-09-30,Google Ads,Mobile,5,226.4,False,False
S1001664,C10922,2026-08-02,Google Ads,Tablet,2,43.1,False,False
S1001665,C11408,2026-07-19,Instagram,Mobile,3,69.5,False,False
S1001666,C11132,2025-11-29,Organic,Desktop,4,68.3,True,False
S1001667,C10206,2026-06-24,Email,Mobile,9,266.2,False,False
S1001668,C11716,2026-04-11,Organic,Mobile,2,196.2,False,False
S1001669,C10617,2025-09-04,Affiliate,Mobile,5,263.2,False,False
S1001670,C11839,2025-11-11,Instagram,Mobile,4,223.6,False,False
S1001671,,2026-08-17,Google Ads,Mobile,4,74.8,True,False
S1001672,C10276,2026-01-16,Google Ads,Tablet,8,153.3,False,False
S1001673,C10535,2026-08-21,Email,Mobile,4,137.0,True,False
S1001674,C10498,2026-01-27,Instagram,Tablet,6,39.6,True,False
S1001675,C11842,2025-09-26,Google Ads,Mobile,6,173.5,False,False
S1001676,C10347,2025-11-25,Facebook,Desktop,4,38.8,False,False
S1001677,,2025-12-26,Google Ads,Mobile,6,148.2,False,False
S1001678,,2025-09-17,Facebook,Desktop,5,373.7,False,False
S1001679,C11885,2026-03-16,Instagram,Desktop,7,252.2,False,False
S1001680,C10095,2025-10-05,Affiliate,Mobile,3,365.7,False,False
S1001681,C10864,2025-12-02,Email,Mobile,4,17.6,True,False
S1001682,C10223,2026-02-18,Organic,Mobile,3,148.6,False,False
S1001683,C10953,2025-10-25,Instagram,Desktop,5,299.8,False,False
S1001684,C10765,2026-06-17,Google Ads,Mobile,5,105.1,False,False
S1001685,C10989,2026-01-08,Email,Mobile,4,406.2,False,False
S1001686,C10853,2025-11-30,Google Ads,Mobile,1,163.3,True,False
S1001687,C10302,2025-12-21,Google Ads,Mobile,4,124.2,False,False
S1001688,,2026-05-12,Organic,Mobile,1,332.7,False,False
S1001689,C10102,2026-04-14,Email,Mobile,6,76.0,True,True
S1001690,,2025-09-07,Instagram,Mobile,8,147.9,True,False
S1001691,,2025-09-25,Google Ads,Desktop,4,60.4,False,False
S1001692,C11375,2026-05-18,Google Ads,Desktop,2,191.3,False,False
S1001693,C11341,2026-08-14,Instagram,Mobile,5,106.6,False,False
S1001694,,2026-04-25,Email,Mobile,3,142.7,False,False
S1001695,,2026-07-24,Google Ads,Mobile,4,46.8,False,False
S1001696,C10822,2026-04-10,Google Ads,Desktop,7,38.1,False,False
S1001697,C11403,2026-03-14,Affiliate,Mobile,2,303.9,False,False
S1001698,C10042,2025-11-07,Instagram,Desktop,5,131.0,False,False
S1001699,C11631,2026-04-05,Affiliate,Mobile,6,109.8,True,True
S1001700,C11157,2026-08-16,Affiliate,Desktop,3,269.3,False,False
S1001701,C11322,2025-09-14,Google Ads,Mobile,3,176.5,False,False
S1001702,C10689,2025-10-15,Affiliate,Tablet,5,236.4,False,False
S1001703,C11445,2026-04-15,Organic,Mobile,4,317.0,False,False
S1001704,C10109,2026-02-02,Google Ads,Mobile,4,44.7,False,False
S1001705,C11769,2025-12-01,Instagram,Mobile,3,132.0,False,False
S1001706,,2026-02-18,Google Ads,Tablet,2,276.4,False,False
S1001707,C10292,2026-02-18,Email,Mobile,4,106.5,False,False
S1001708,C10023,2026-01-05,Facebook,Mobile,5,84.4,False,False
S1001709,C11968,2025-12-06,Instagram,Mobile,7,123.5,False,False
S1001710,,2025-12-27,Email,Desktop,2,206.2,False,False
S1001711,C10816,2025-10-04,Affiliate,Desktop,2,307.4,False,False
S1001712,C10699,2026-01-02,Organic,Mobile,4,236.9,False,False
S1001713,C10008,2025-08-30,Google Ads,Mobile,5,227.8,False,False
S1001714,,2026-03-28,Email,,7,229.8,False,False
S1001715,C10052,2025-09-26,Email,Mobile,5,73.6,True,False
S1001716,C10752,2025-11-14,Affiliate,Mobile,3,51.0,False,False
S1001717,C10290,2026-05-20,Organic,Tablet,2,179.9,False,False
S1001718,C10475,2026-02-01,Google Ads,Tablet,5,30.8,False,False
S1001719,C11117,2026-07-24,Instagram,Mobile,4,160.8,False,False
S1001720,C10611,2025-10-21,Google Ads,Desktop,6,156.8,False,False
S1001721,C11309,2026-05-05,Google Ads,Mobile,2,276.8,False,False
S1001722,C10919,2026-04-02,Instagram,Desktop,3,491.0,False,False
S1001723,,2025-11-16,Organic,Mobile,5,33.0,False,False
S1001724,C10693,2026-05-31,Organic,Mobile,4,316.5,False,False
S1001725,C10446,2025-09-25,Affiliate,Desktop,7,246.8,False,False
S1001726,C10251,2026-04-04,Google Ads,Mobile,8,6.3,False,False
S1001727,C10167,2026-07-30,Instagram,Desktop,7,150.4,True,False
S1001728,C11568,2026-06-23,Google Ads,Desktop,6,69.4,False,False
S1001729,C10501,2026-07-17,Google Ads,Mobile,4,181.5,False,False
S1001730,C10753,2025-12-08,Facebook,Desktop,5,136.9,True,True
S1001731,C11447,2025-10-25,Facebook,Mobile,7,135.4,False,False
S1001732,C11909,2025-11-07,Instagram,Desktop,6,104.3,False,False
S1001733,C11767,2026-04-04,Email,Mobile,6,151.5,False,False
S1001734,C11903,2025-09-29,Facebook,Desktop,5,83.7,False,False
S1001735,,2025-12-28,Email,Mobile,5,129.0,False,False
S1001736,C10708,2026-01-18,Facebook,Mobile,6,207.0,False,False
S1001737,C10117,2025-10-11,Organic,Mobile,4,202.1,False,False
S1001738,,2026-02-20,Google Ads,Desktop,3,39.9,False,False
S1001739,C11431,2026-08-01,Instagram,Mobile,7,39.0,False,False
S1001740,C11973,2025-09-13,Instagram,Mobile,4,77.8,False,False
S1001741,,2026-07-15,Instagram,Desktop,3,171.9,True,True
S1001742,C11138,2025-08-28,Email,Mobile,4,240.8,False,False
S1001743,C10918,2026-08-20,Instagram,Mobile,5,6.4,True,False
S1001744,C11549,2026-01-16,Email,Desktop,4,93.4,False,False
S1001745,C10827,2026-03-27,Facebook,Desktop,7,30.2,False,False
S1001746,C10893,2025-09-15,Organic,Mobile,7,191.0,True,False
S1001747,,2026-01-05,Instagram,Mobile,4,34.7,False,False
S1001748,C11929,2025-09-22,Organic,Desktop,9,54.1,False,False
S1001749,C11908,2025-09-27,Email,Desktop,6,372.8,False,False
S1001750,C11386,2026-02-16,Email,Desktop,2,69.5,False,False
S1001751,C11726,2026-01-20,Google Ads,Desktop,6,78.4,False,False
S1001752,C11558,2025-08-23,Instagram,Mobile,6,278.7,False,False
S1001753,C10363,2026-06-27,Instagram,Desktop,8,165.9,False,False
S1001754,C11533,2026-07-18,Organic,Desktop,3,84.3,False,False
S1001755,C10683,2026-07-21,Organic,Tablet,7,108.0,False,False
S1001756,C11836,2026-04-09,Organic,Tablet,5,71.3,False,False
S1001757,C10697,2026-05-13,Google Ads,Mobile,4,139.4,False,False
S1001758,C11112,2026-04-20,Instagram,Mobile,6,102.6,False,False
S1001759,C10089,2025-12-13,Email,Desktop,6,42.5,True,True
S1001760,C10899,2026-07-14,Affiliate,Mobile,5,49.2,False,False
S1001761,C10240,2025-10-27,Facebook,Tablet,3,62.8,False,False
S1001762,,2026-08-20,Instagram,Desktop,6,441.7,False,False
S1001763,C11731,2025-10-12,Instagram,Mobile,8,28.3,False,False
S1001764,C10932,2026-08-02,Email,Desktop,5,187.2,False,False
S1001765,C11825,2026-01-11,Organic,Desktop,9,22.0,False,False
S1001766,,2026-04-29,Affiliate,Mobile,8,122.2,False,False
S1001767,C10978,2026-07-25,Facebook,Mobile,7,85.5,True,False
S1001768,,2025-11-10,Google Ads,Mobile,2,39.6,False,False
S1001769,C11180,2026-08-10,Facebook,Mobile,5,75.0,False,False
S1001770,C10921,2025-10-14,Instagram,Desktop,7,41.1,False,False
S1001771,,2025-11-05,Instagram,Mobile,6,537.8,False,False
S1001772,C10307,2026-03-17,Facebook,Desktop,4,273.2,False,False
S1001773,,2025-12-23,Google Ads,Mobile,6,72.5,False,False
S1001774,C11181,2026-07-24,Google Ads,Mobile,3,896.0,False,False
S1001775,C10550,2026-01-04,Organic,Desktop,4,233.4,False,False
S1001776,C11553,2025-11-30,Google Ads,Mobile,4,409.7,False,False
S1001777,C11040,2026-04-09,Instagram,Desktop,6,248.1,True,False
S1001778,C11083,2026-07-09,Organic,Desktop,4,243.3,False,False
S1001779,,2025-11-29,Google Ads,Mobile,5,36.8,False,False
S1001780,C11482,2026-02-23,Email,Mobile,5,180.2,False,False
S1001781,C11889,2026-05-28,Organic,Desktop,6,185.5,False,False
S1001782,C11768,2026-07-18,Facebook,Mobile,5,19.4,False,False
S1001783,,2025-11-22,Google Ads,Mobile,6,84.1,False,False
S1001784,C11123,2026-04-03,Facebook,Desktop,7,31.0,False,False
S1001785,C11766,2025-09-21,Facebook,Mobile,3,86.7,False,False
S1001786,C10935,2025-10-27,Facebook,Mobile,8,182.5,False,False
S1001787,C10084,2026-06-23,Affiliate,Mobile,5,166.2,False,False
S1001788,,2025-10-06,Email,Desktop,8,61.0,False,False
S1001789,C10296,2025-10-24,Instagram,Mobile,7,154.4,True,False
S1001790,C11207,2025-11-25,Google Ads,Desktop,5,148.9,True,False
S1001791,C11555,2026-01-28,Organic,Mobile,4,426.4,True,True
S1001792,C11609,2026-03-23,Google Ads,Tablet,7,209.0,False,False
S1001793,C11556,2025-09-30,Instagram,Mobile,5,261.7,True,False
S1001794,C10267,2026-02-06,Email,Mobile,4,133.3,False,False
S1001795,C10384,2026-03-22,Email,Mobile,5,323.3,False,False
S1001796,C11106,2026-01-29,Organic,,7,289.1,False,False
S1001797,C10344,2025-11-02,Instagram,Mobile,3,105.8,False,False
S1001798,C10395,2025-10-10,Email,Desktop,4,60.1,False,False
S1001799,C10107,2025-08-24,Affiliate,Mobile,5,226.3,False,False
S1001800,,2026-08-19,Email,Mobile,4,151.2,False,False
S1001801,C10574,2026-05-12,Instagram,Desktop,5,85.3,False,False
S1001802,,2026-05-03,Affiliate,Desktop,4,148.1,False,False
S1001803,C11710,2025-11-04,Organic,Tablet,2,438.3,False,False
S1001804,C11160,2026-08-12,Organic,Mobile,5,154.0,True,True
S1001805,C10465,2026-04-23,Email,Mobile,6,101.6,False,False
S1001806,C11254,2026-07-12,Instagram,Mobile,12,373.5,True,False
S1001807,C10699,2025-09-05,Facebook,Desktop,5,150.2,False,False
S1001808,C10662,2026-04-09,Affiliate,Mobile,5,149.2,False,False
S1001809,,2026-02-20,Google Ads,Mobile,2,36.8,False,False
S1001810,C10497,2026-02-28,Facebook,Desktop,3,147.1,True,False
S1001811,C10068,2025-11-02,Affiliate,Desktop,6,114.3,False,False
S1001812,,2025-12-04,Instagram,Mobile,5,214.0,False,False
S1001813,,2025-11-12,Organic,Mobile,5,85.6,True,True
S1001814,C11089,2026-01-28,Facebook,Tablet,6,153.8,False,False
S1001815,C10503,2026-01-10,Google Ads,Tablet,6,107.5,False,False
S1001816,C11294,2026-05-03,Affiliate,Desktop,3,366.5,False,False
S1001817,,2026-05-05,Affiliate,Mobile,3,201.0,True,False
S1001818,,2026-07-28,Instagram,Tablet,2,107.9,False,False
S1001819,,2025-09-01,Organic,Mobile,7,34.4,False,False
S1001820,,2026-07-16,Google Ads,Mobile,7,239.6,False,False
S1001821,,2025-12-26,Facebook,Desktop,6,221.0,False,False
S1001822,C10620,2025-12-13,Organic,Mobile,4,82.0,False,False
S1001823,C11640,2026-01-20,Google Ads,Mobile,3,264.3,False,False
S1001824,,2026-08-09,Organic,Mobile,5,80.6,False,False
S1001825,C11086,2025-09-26,Email,Mobile,6,164.5,True,False
S1001826,C10813,2026-03-02,Google Ads,Mobile,2,226.6,False,False
S1001827,C10469,2026-06-12,Affiliate,Tablet,3,264.4,False,False
S1001828,C10346,2025-12-24,Google Ads,Desktop,5,497.5,False,False
S1001829,,2026-05-11,Organic,Mobile,4,594.9,False,False
S1001830,,2025-10-10,Organic,Desktop,5,115.6,False,False
S1001831,C11469,2026-03-09,Organic,Mobile,7,378.2,True,True
S1001832,C11976,2025-10-08,Facebook,Mobile,7,179.2,False,False
S1001833,C11213,2026-04-27,Affiliate,Desktop,5,258.7,False,False
S1001834,C11106,2026-08-17,Affiliate,Mobile,5,112.8,False,False
S1001835,C11591,2026-01-31,Facebook,Desktop,7,132.6,False,False
S1001836,C11064,2026-07-30,Facebook,Desktop,6,30.9,False,False
S1001837,,2026-06-07,Email,Mobile,6,13.0,False,False
S1001838,C10323,2026-07-01,Affiliate,Mobile,5,454.7,False,False
S1001839,C11633,2025-09-24,Facebook,Mobile,8,244.0,False,False
S1001840,C10232,2026-04-21,Facebook,Desktop,8,68.5,True,False
S1001841,C10804,2026-02-15,Instagram,Mobile,3,123.8,False,False
S1001842,C10018,2025-11-15,Instagram,Desktop,5,38.4,False,False
S1001843,C11110,2026-06-13,Email,Mobile,4,122.3,False,False
S1001844,C10010,2026-07-15,Google Ads,Mobile,4,23.5,False,False
S1001845,C10085,2026-02-11,Google Ads,Mobile,5,26.8,False,False
S1001846,C10694,2025-08-24,Email,Mobile,5,110.5,False,False
S1001847,C10044,2025-09-16,Google Ads,Mobile,3,136.0,False,False
S1001848,C11441,2026-01-25,Email,Mobile,6,276.9,False,False
S1001849,C11482,2025-10-14,Organic,Mobile,4,103.0,True,False
S1001850,C10751,2026-05-04,Organic,Mobile,11,236.3,True,False
S1001851,C10565,2026-01-24,Facebook,Mobile,4,411.6,False,False
S1001852,C11349,2026-06-15,Organic,Mobile,3,288.3,False,False
S1001853,C11779,2026-02-20,Organic,Mobile,4,133.4,True,False
S1001854,C10270,2026-02-08,Organic,Mobile,4,59.7,True,True
S1001855,C11515,2026-01-07,Google Ads,Mobile,3,220.6,True,False
S1001856,,2025-09-04,Google Ads,Desktop,7,90.5,False,False
S1001857,,2025-11-11,Email,Mobile,4,301.0,True,True
S1001858,C10350,2026-05-23,Organic,Mobile,4,96.0,False,False
S1001859,C11478,2025-12-06,Instagram,Mobile,3,373.5,True,False
S1001860,C11861,2025-10-27,Affiliate,Mobile,6,167.8,False,False
S1001861,C11112,2026-04-28,Organic,Desktop,7,225.2,False,False
S1001862,,2026-02-23,Google Ads,Mobile,3,57.8,False,False
S1001863,C10763,2026-04-05,Facebook,Mobile,5,402.0,False,False
S1001864,C11848,2026-01-21,Instagram,Mobile,6,63.6,False,False
S1001865,C10815,2026-03-08,Facebook,Desktop,6,14.4,False,False
S1001866,C10873,2025-12-31,Google Ads,Mobile,3,105.9,False,False
S1001867,C10532,2025-10-04,Instagram,Tablet,5,125.4,False,False
S1001868,C10315,2025-12-27,Instagram,Mobile,6,394.6,False,False
S1001869,C10155,2025-12-06,Instagram,Desktop,4,25.6,True,False
S1001870,C10701,2026-07-04,Facebook,Mobile,2,97.1,False,False
S1001871,C11299,2026-01-30,Facebook,Mobile,6,75.3,True,True
S1001872,C10091,2026-07-12,Affiliate,Mobile,4,635.5,False,False
S1001873,C11017,2026-01-24,Email,Desktop,3,545.4,False,False
S1001874,,2026-03-26,Facebook,Mobile,4,213.9,True,False
S1001875,C11265,2025-08-27,Google Ads,Mobile,4,22.8,False,False
S1001876,C10268,2026-05-20,Google Ads,Desktop,1,213.5,False,False
S1001877,C10317,2026-05-01,Facebook,Desktop,4,153.2,True,True
S1001878,,2025-10-14,Google Ads,Mobile,6,148.6,False,False
S1001879,C10306,2026-01-31,Organic,Mobile,11,183.1,False,False
S1001880,C10008,2026-07-01,Organic,Mobile,4,218.8,False,False
S1001881,C11743,2025-12-31,Google Ads,Mobile,4,344.8,False,False
S1001882,C10698,2026-04-08,Facebook,Mobile,2,217.3,False,False
S1001883,C10212,2025-12-05,Instagram,Tablet,7,242.5,False,False
S1001884,C11294,2026-01-26,Organic,Desktop,2,211.6,False,False
S1001885,C11661,2026-05-19,Google Ads,Mobile,5,329.9,False,False
S1001886,,2026-03-27,Google Ads,Mobile,6,171.0,True,False
S1001887,C10909,2026-07-06,Google Ads,Mobile,2,151.2,False,False
S1001888,C11994,2025-09-02,Google Ads,Desktop,9,132.9,False,False
S1001889,C10685,2025-12-11,Organic,Mobile,6,277.1,False,False
S1001890,C11426,2025-10-22,Organic,,7,107.4,True,True
S1001891,C11973,2026-08-08,Instagram,Mobile,4,74.1,False,False
S1001892,C11150,2026-02-06,Affiliate,Desktop,7,112.4,False,False
S1001893,C11194,2026-07-16,Facebook,Mobile,4,339.9,False,False
S1001894,C10709,2026-02-20,Email,Mobile,9,116.6,False,False
S1001895,C11118,2026-03-12,Instagram,Mobile,8,18.3,False,False
S1001896,C10616,2026-03-09,Email,Tablet,2,239.1,False,False
S1001897,,2026-01-02,Organic,Desktop,4,140.3,True,True
S1001898,,2026-04-20,Affiliate,Mobile,4,110.2,False,False
S1001899,C11893,2025-11-19,Email,Desktop,3,77.1,False,False
S1001900,C10945,2025-10-07,Facebook,Desktop,5,87.5,True,False
S1001901,C10529,2026-07-19,Instagram,Desktop,8,280.2,False,False
S1001902,C10405,2026-05-16,Email,Mobile,9,79.4,False,False
S1001903,C10624,2025-08-26,Email,Mobile,6,196.5,False,False
S1001904,,2026-03-01,Facebook,Mobile,7,168.7,False,False
S1001905,C11776,2026-02-26,Instagram,Mobile,6,70.3,True,False
S1001906,,2025-10-11,Instagram,Mobile,8,87.7,False,False
S1001907,,2026-04-18,Affiliate,Mobile,8,405.4,False,False
S1001908,C11832,2026-01-19,Facebook,Desktop,6,38.6,False,False
S1001909,C10089,2026-03-02,Organic,Mobile,6,216.0,False,False
S1001910,C11171,2026-07-07,Google Ads,Desktop,5,130.2,False,False
S1001911,C10554,2025-12-29,Organic,Desktop,4,439.6,True,False
S1001912,C11313,2026-04-26,Instagram,Mobile,4,175.1,False,False
S1001913,C11191,2025-08-29,Organic,Tablet,10,99.5,False,False
S1001914,,2025-10-21,Email,Desktop,6,480.3,False,False
S1001915,C11163,2025-11-09,Instagram,Mobile,3,45.3,False,False
S1001916,,2025-10-13,Facebook,Mobile,9,127.8,False,False
S1001917,C10468,2025-09-18,Facebook,Mobile,4,107.4,True,True
S1001918,C11801,2025-10-21,Google Ads,Mobile,3,20.9,False,False
S1001919,C11596,2026-05-16,Organic,Desktop,7,295.5,False,False
S1001920,C10258,2026-02-16,Instagram,Mobile,9,132.8,True,True
S1001921,C11890,2026-05-04,Google Ads,Mobile,7,35.3,False,False
S1001922,C11228,2025-11-27,Instagram,Mobile,2,252.2,False,False
S1001923,C10174,2026-02-04,Affiliate,Mobile,3,370.5,False,False
S1001924,C11701,2026-04-27,Email,Mobile,5,151.8,False,False
S1001925,C10206,2025-10-08,Email,Mobile,3,349.6,False,False
S1001926,C10496,2026-07-26,Google Ads,Desktop,8,56.2,False,False
S1001927,C11541,2026-04-27,Facebook,Desktop,4,609.6,False,False
S1001928,C10812,2026-01-18,Instagram,Mobile,6,173.8,True,False
S1001929,C11007,2026-04-19,Organic,Mobile,4,46.5,False,False
S1001930,,2026-08-08,Email,Desktop,6,24.2,False,False
S1001931,C11800,2026-07-27,Google Ads,Mobile,7,121.3,False,False
S1001932,,2025-09-16,Instagram,Desktop,4,177.9,True,True
S1001933,C11633,2026-05-18,Instagram,Tablet,8,84.6,False,False
S1001934,C11251,2025-10-06,Facebook,Desktop,7,209.7,True,False
S1001935,C10919,2025-11-11,Affiliate,Mobile,3,427.4,False,False
S1001936,C11179,2026-07-10,Facebook,Mobile,7,42.4,True,False
S1001937,C11626,2026-03-30,Organic,Desktop,5,81.4,False,False
S1001938,C10662,2025-08-21,Email,Desktop,1,430.2,False,False
S1001939,C11867,2025-11-22,Email,Desktop,4,235.4,False,False
S1001940,C11633,2026-05-11,Organic,Tablet,3,485.0,False,False
S1001941,,2026-06-17,Instagram,Mobile,8,178.9,True,False
S1001942,C11618,2026-04-26,Google Ads,Mobile,3,131.1,False,False
S1001943,,2026-07-17,Organic,Desktop,3,131.5,False,False
S1001944,C10953,2025-09-08,Affiliate,Mobile,4,51.3,True,False
S1001945,C10665,2026-08-06,Google Ads,Desktop,11,538.9,False,False
S1001946,C10294,2026-04-04,Email,Mobile,10,9.8,False,False
S1001947,C10078,2025-11-08,Affiliate,Desktop,2,302.9,False,False
S1001948,C10886,2026-05-05,Instagram,Mobile,4,503.3,False,False
S1001949,C10139,2026-01-08,Organic,Desktop,5,15.9,False,False
S1001950,C10617,2025-12-10,Google Ads,Mobile,4,29.7,False,False
S1001951,C10511,2026-02-02,Organic,Desktop,6,29.4,False,False
S1001952,C10652,2026-07-25,Instagram,Tablet,2,194.3,False,False
S1001953,C11464,2026-06-09,Organic,Mobile,5,157.8,False,False
S1001954,C10510,2026-04-06,Google Ads,Mobile,7,7.6,False,False
S1001955,C11227,2025-10-10,Google Ads,Desktop,3,155.2,False,False
S1001956,,2025-09-15,Google Ads,Mobile,3,136.2,False,False
S1001957,C11947,2026-02-10,Instagram,Desktop,8,181.5,False,False
S1001958,C11938,2026-03-22,Email,Desktop,4,72.8,True,True
S1001959,C10627,2025-12-23,Organic,Desktop,5,306.1,True,True
S1001960,C10820,2026-05-04,Email,Mobile,5,393.7,False,False
S1001961,,2026-07-23,Organic,Desktop,4,184.1,True,True
S1001962,,2026-01-02,Email,Desktop,6,74.8,True,False
S1001963,C11621,2025-09-10,Organic,Mobile,5,416.8,True,False
S1001964,C11052,2025-09-10,Facebook,Desktop,3,69.2,False,False
S1001965,C10685,2025-11-03,Facebook,Mobile,3,130.3,False,False
S1001966,,2026-06-09,Affiliate,Mobile,5,235.1,True,True
S1001967,C11827,2025-12-23,Instagram,Mobile,9,243.5,True,False
S1001968,C10986,2026-06-12,Instagram,Mobile,3,162.7,False,False
S1001969,C11289,2025-10-31,Organic,Desktop,5,10.3,False,False
S1001970,C10104,2025-10-31,Google Ads,Mobile,4,60.0,False,False
S1001971,C10636,2026-04-13,Google Ads,Mobile,6,238.5,False,False
S1001972,C10601,2026-07-22,Affiliate,Tablet,8,199.5,True,False
S1001973,C10045,2025-11-28,Email,Mobile,6,117.5,True,False
S1001974,,2026-06-12,Google Ads,Desktop,12,396.8,False,False
S1001975,,2025-12-11,Google Ads,Mobile,6,159.0,False,False
S1001976,C10711,2025-09-30,Google Ads,Desktop,6,237.1,False,False
S1001977,,2025-10-17,Instagram,Mobile,7,124.3,False,False
S1001978,C11683,2026-01-18,Google Ads,Mobile,5,43.2,False,False
S1001979,C10059,2026-04-11,Facebook,Mobile,6,306.8,True,False
S1001980,,2026-02-21,Organic,Mobile,4,138.0,False,False
S1001981,C11760,2025-12-20,Facebook,Desktop,5,126.7,False,False
S1001982,C11958,2026-08-04,Organic,Desktop,2,166.9,False,False
S1001983,C11431,2025-10-27,Google Ads,Mobile,8,96.8,True,False
S1001984,C11834,2026-06-26,Email,Desktop,5,163.2,False,False
S1001985,C10613,2025-10-11,Organic,Mobile,1,317.1,False,False
S1001986,C10146,2026-04-01,Google Ads,Desktop,7,121.7,False,False
S1001987,C10761,2026-06-12,Affiliate,Desktop,7,298.0,False,False
S1001988,C10270,2026-06-06,Instagram,Mobile,6,114.9,True,False
S1001989,C11665,2026-03-16,Google Ads,Mobile,4,118.6,True,True
S1001990,,2025-10-15,Facebook,Mobile,10,58.5,True,True
S1001991,,2026-03-10,Organic,Desktop,3,56.0,False,False
S1001992,,2025-12-03,Affiliate,Desktop,6,143.5,False,False
S1001993,C11851,2026-08-21,Google Ads,Desktop,4,117.0,False,False
S1001994,C10458,2026-03-17,Affiliate,Mobile,5,227.4,False,False
S1001995,,2026-03-21,Organic,Tablet,4,212.8,False,False
S1001996,C11995,2025-09-14,Google Ads,Desktop,4,141.5,False,False
S1001997,C10964,2026-05-29,Google Ads,Desktop,4,234.0,False,False
S1001998,C11758,2026-02-22,Affiliate,Mobile,8,63.5,False,False
S1001999,,2026-02-26,Organic,Desktop,4,161.2,False,False
S1002000,C10804,2026-06-01,Facebook,Mobile,4,84.3,False,False
S1002001,C11964,2026-08-15,Facebook,Desktop,3,173.4,False,False
S1002002,C10569,2025-11-08,Facebook,Mobile,4,135.5,True,False
S1002003,C11606,2026-07-15,Facebook,Desktop,2,57.8,False,False
S1002004,,2025-09-19,Google Ads,Desktop,5,185.6,True,False
S1002005,C11375,2026-01-17,Email,Mobile,8,237.8,False,False
S1002006,C10747,2026-04-01,Organic,Desktop,6,559.3,False,False
S1002007,C10487,2026-02-21,Instagram,Mobile,3,143.1,False,False
S1002008,C11596,2025-08-30,Google Ads,Mobile,1,214.7,False,False
S1002009,,2026-03-03,Google Ads,Mobile,5,208.5,False,False
S1002010,,2025-12-26,Google Ads,Mobile,7,45.6,False,False
S1002011,C11152,2026-08-19,Email,Mobile,3,154.8,False,False
S1002012,C10735,2026-06-22,Email,Mobile,4,245.2,False,False
S1002013,C10913,2026-02-14,Facebook,Mobile,8,94.7,False,False
S1002014,C10389,2025-12-11,Email,Desktop,3,79.5,False,False
S1002015,,2026-01-20,Facebook,Desktop,6,415.8,False,False
S1002016,,2026-07-15,Facebook,Desktop,4,84.8,True,False
S1002017,C11215,2026-04-09,Google Ads,Mobile,5,122.9,True,True
S1002018,C11877,2026-01-28,Instagram,Desktop,3,185.7,False,False
S1002019,C11501,2026-05-11,Google Ads,Mobile,2,687.3,False,False
S1002020,C10444,2025-12-24,Email,Mobile,5,236.6,False,False
S1002021,C11052,2026-07-03,Facebook,Mobile,3,407.2,False,False
S1002022,,2026-05-23,Facebook,Mobile,7,117.4,False,False
S1002023,C10576,2026-07-29,Affiliate,Desktop,5,171.7,False,False
S1002024,,2026-07-06,Email,Mobile,6,71.1,True,False
S1002025,C10498,2026-02-26,Email,Mobile,6,47.2,True,True
S1002026,,2026-05-01,Organic,Mobile,5,104.7,False,False
S1002027,C11098,2025-09-27,Affiliate,Mobile,8,39.4,False,False
S1002028,C11674,2026-06-12,Email,Tablet,6,124.1,True,False
S1002029,C11907,2025-10-16,Email,Tablet,4,41.5,False,False
S1002030,C11286,2026-04-08,Google Ads,Mobile,4,110.9,False,False
S1002031,,2025-10-29,Instagram,Mobile,9,189.6,False,False
S1002032,,2025-11-15,Email,Desktop,5,474.8,False,False
S1002033,C10779,2026-01-07,Facebook,Mobile,4,278.6,False,False
S1002034,C10025,2026-03-02,Facebook,Mobile,5,35.9,False,False
S1002035,,2026-01-04,Facebook,Desktop,3,122.0,False,False
S1002036,,2026-03-26,Affiliate,Tablet,3,85.4,False,False
S1002037,C10230,2025-10-18,Email,Tablet,3,93.0,True,True
S1002038,C10595,2026-05-25,Facebook,Desktop,4,279.7,False,False
S1002039,C10939,2026-06-01,Google Ads,Mobile,5,221.5,False,False
S1002040,C10037,2025-11-30,Facebook,Mobile,6,46.5,False,False
S1002041,C11484,2026-03-03,Affiliate,Mobile,3,20.7,False,False
S1002042,C11093,2026-02-24,Instagram,Desktop,4,79.7,True,True
S1002043,C11237,2026-01-03,Facebook,Desktop,3,113.8,False,False
S1002044,C11557,2026-06-20,Email,Desktop,5,31.5,False,False
S1002045,C11167,2026-06-11,Instagram,Desktop,5,169.1,True,True
S1002046,C10710,2026-07-29,Organic,Mobile,5,266.8,True,False
S1002047,C10419,2026-08-14,Facebook,Desktop,4,388.3,False,False
S1002048,C10533,2025-09-07,Instagram,Mobile,5,475.5,True,False
S1002049,C10073,2026-01-18,Organic,Mobile,3,331.2,False,False
S1002050,C11055,2026-03-20,Affiliate,Mobile,3,251.5,False,False
S1002051,C10141,2026-02-23,Organic,Mobile,4,174.8,False,False
S1002052,C11007,2026-07-14,Organic,Mobile,9,50.0,False,False
S1002053,C10624,2025-12-22,Instagram,Mobile,5,196.8,True,True
S1002054,C11370,2026-03-12,Email,Mobile,4,141.4,False,False
S1002055,C10824,2026-04-26,Google Ads,Mobile,3,23.5,False,False
S1002056,C11897,2026-06-28,Affiliate,Mobile,6,153.1,True,False
S1002057,C11877,2026-04-27,Email,Mobile,6,455.3,False,False
S1002058,C11206,2026-08-04,Organic,Mobile,3,58.2,False,False
S1002059,C10067,2026-07-30,Google Ads,Mobile,3,105.4,False,False
S1002060,C11969,2026-05-25,Instagram,Mobile,4,126.8,False,False
S1002061,,2025-09-27,Affiliate,Mobile,4,34.6,False,False
S1002062,C10962,2025-12-14,Affiliate,Mobile,6,136.2,False,False
S1002063,,2025-11-22,Instagram,Desktop,4,68.3,True,True
S1002064,C10204,2025-08-25,Instagram,Desktop,7,78.6,False,False
S1002065,C10986,2025-10-21,Google Ads,Desktop,6,265.0,False,False
S1002066,C11720,2026-03-30,Facebook,Mobile,4,405.2,True,False
S1002067,C11122,2026-03-23,Facebook,Mobile,4,47.8,True,False
S1002068,,2026-07-02,Organic,Mobile,5,82.6,True,False
S1002069,C11362,2026-06-10,Google Ads,Tablet,4,288.4,True,False
S1002070,C11957,2025-09-30,Affiliate,Mobile,6,70.7,False,False
S1002071,,2026-07-30,Google Ads,Mobile,8,343.3,False,False
S1002072,C10701,2026-02-21,Instagram,Tablet,4,159.3,False,False
S1002073,,2026-07-04,Facebook,Desktop,6,64.5,False,False
S1002074,C10075,2026-02-25,Email,Mobile,7,223.9,True,False
S1002075,C11128,2026-07-19,Organic,Mobile,5,218.4,False,False
S1002076,,2026-03-26,Facebook,Desktop,9,228.2,False,False
S1002077,C10486,2025-10-09,Facebook,Mobile,4,402.0,False,False
S1002078,C10635,2025-10-31,Instagram,Mobile,3,198.3,False,False
S1002079,C10028,2026-04-19,Google Ads,Desktop,9,180.2,True,False
S1002080,C10578,2026-03-23,Instagram,Mobile,4,295.3,False,False
S1002081,,2026-05-02,Email,Mobile,5,39.7,False,False
S1002082,,2025-09-17,Email,Mobile,2,104.7,True,False
S1002083,C10641,2025-10-22,Google Ads,Mobile,5,412.3,False,False
S1002084,C11919,2026-05-09,Instagram,Mobile,9,182.6,False,False
S1002085,C11417,2025-09-29,Organic,Mobile,7,232.9,False,False
S1002086,C10897,2026-06-25,Organic,Mobile,6,251.6,True,True
S1002087,C11319,2025-12-12,Facebook,Tablet,7,132.8,False,False
S1002088,C10847,2026-07-14,Affiliate,Mobile,3,155.3,False,False
S1002089,C11269,2025-11-21,Facebook,Mobile,6,278.3,False,False
S1002090,C10205,2026-08-01,Facebook,Desktop,5,27.6,False,False
S1002091,,2026-07-01,Google Ads,Mobile,5,26.9,False,False
S1002092,C10927,2026-02-28,Affiliate,Desktop,5,50.1,False,False
S1002093,C10115,2025-09-25,Google Ads,Mobile,3,189.6,False,False
S1002094,C10077,2026-05-09,Google Ads,Desktop,4,468.1,True,False
S1002095,C10588,2025-12-20,Google Ads,Mobile,9,369.4,False,False
S1002096,C10959,2026-07-11,Facebook,Desktop,6,212.3,False,False
S1002097,,2025-11-10,Organic,Mobile,2,113.0,False,False
S1002098,C10162,2025-11-30,Email,Mobile,6,168.8,False,False
S1002099,C11509,2026-05-22,Google Ads,Mobile,5,77.8,False,False
S1002100,C11891,2026-04-07,Facebook,Desktop,6,15.5,False,False
S1002101,C11582,2025-11-28,Organic,Desktop,2,23.5,False,False
S1002102,C10025,2026-04-10,Instagram,Mobile,3,48.5,True,False
S1002103,C10884,2026-07-08,Google Ads,Mobile,6,94.9,False,False
S1002104,C10236,2026-05-26,Organic,Mobile,9,56.4,True,True
S1002105,C10261,2026-01-24,Facebook,Mobile,3,179.7,False,False
S1002106,C11580,2026-04-03,Instagram,Desktop,5,27.0,True,False
S1002107,C10069,2026-07-27,Email,Mobile,7,338.6,True,False
S1002108,,2026-01-25,Google Ads,Mobile,5,130.2,False,False
S1002109,C10288,2026-06-22,Facebook,Mobile,2,119.8,False,False
S1002110,C11699,2025-12-28,Email,Desktop,5,330.7,False,False
S1002111,C11757,2025-08-28,Instagram,Mobile,4,45.1,False,False
S1002112,,2025-10-17,Google Ads,Mobile,2,388.6,False,False
S1002113,C10532,2026-05-24,Email,Mobile,5,43.3,False,False
S1002114,C11100,2026-02-17,Facebook,Mobile,2,524.3,False,False
S1002115,C11484,2026-07-15,Google Ads,Desktop,2,160.7,False,False
S1002116,C10481,2026-07-15,Facebook,Mobile,3,201.1,False,False
S1002117,,2025-08-31,Google Ads,Tablet,4,218.5,False,False
S1002118,C11716,2025-11-12,Organic,Mobile,6,357.7,False,False
S1002119,,2025-09-21,Facebook,Desktop,2,139.5,False,False
S1002120,,2026-02-03,Instagram,Mobile,3,107.2,False,False
S1002121,C11203,2025-11-08,Affiliate,Tablet,5,199.7,False,False
S1002122,C11614,2025-12-17,Google Ads,Desktop,4,85.5,True,True
S1002123,,2026-07-10,Email,Mobile,5,21.8,True,False
S1002124,C10785,2026-08-14,Google Ads,Mobile,10,77.1,False,False
S1002125,C11907,2026-01-21,Affiliate,Mobile,6,191.8,True,True
S1002126,C11027,2026-06-19,Email,Desktop,6,638.3,False,False
S1002127,C11702,2026-01-21,Google Ads,Mobile,4,90.5,False,False
S1002128,C11638,2026-08-11,Email,Desktop,10,70.8,False,False
S1002129,C11735,2026-07-18,Organic,Tablet,5,112.1,True,False
S1002130,C11386,2026-08-09,Email,Desktop,2,152.5,False,False
S1002131,C11488,2026-03-30,Facebook,Mobile,7,34.4,False,False
S1002132,C11371,2026-06-15,Affiliate,Mobile,3,364.4,False,False
S1002133,C11985,2026-08-18,Google Ads,Mobile,4,59.7,True,True
S1002134,C10576,2025-10-29,Google Ads,Desktop,4,105.6,False,False
S1002135,C11057,2025-12-07,Google Ads,Tablet,5,54.4,True,False
S1002136,C11751,2026-04-04,Email,Mobile,6,123.0,False,False
S1002137,C10020,2025-10-16,Organic,Mobile,1,88.7,False,False
S1002138,,2025-12-26,Google Ads,Desktop,5,549.9,False,False
S1002139,C10321,2025-08-22,Instagram,Mobile,8,308.7,False,False
S1002140,C11790,2026-08-20,Email,Mobile,2,180.6,False,False
S1002141,,2026-08-19,Instagram,Mobile,9,112.4,False,False
S1002142,C10740,2025-12-15,Facebook,Mobile,8,183.2,False,False
S1002143,,2026-03-10,Instagram,Mobile,7,439.4,False,False
S1002144,C11849,2026-01-25,Instagram,Mobile,9,209.0,True,True
S1002145,C11353,2026-04-14,Affiliate,Mobile,1,124.3,False,False
S1002146,C10436,2026-03-29,Google Ads,Mobile,6,15.5,False,False
S1002147,C10538,2025-12-06,Affiliate,Mobile,7,212.4,False,False
S1002148,C11865,2026-01-21,Instagram,Mobile,8,126.2,False,False
S1002149,C10257,2026-03-22,Organic,Mobile,7,124.0,True,True
S1002150,C10672,2025-10-19,Email,Mobile,7,88.3,True,False
S1002151,C10551,2026-02-15,Affiliate,Mobile,6,131.8,False,False
S1002152,C10549,2025-10-19,Google Ads,Mobile,4,502.3,False,False
S1002153,C11920,2026-05-27,Facebook,Mobile,8,200.3,False,False
S1002154,,2025-09-11,Email,Mobile,7,165.4,False,False
S1002155,C11986,2026-03-08,Facebook,Mobile,4,262.7,False,False
S1002156,,2025-09-24,Organic,Mobile,5,124.5,False,False
S1002157,C10219,2025-08-28,Affiliate,Mobile,3,82.5,False,False
S1002158,C11986,2025-09-04,Organic,Mobile,3,274.1,False,False
S1002159,C10381,2025-12-02,Affiliate,Mobile,4,176.2,False,False
S1002160,C10616,2026-08-17,Google Ads,Desktop,4,207.4,False,False
S1002161,,2026-03-18,Google Ads,Mobile,2,126.1,False,False
S1002162,C11555,2025-12-16,Affiliate,Mobile,5,113.5,False,False
S1002163,C11926,2025-10-11,Google Ads,Desktop,3,340.6,False,False
S1002164,C10094,2026-02-12,Instagram,Tablet,6,215.9,False,False
S1002165,C10813,2025-12-31,Instagram,Desktop,6,180.6,False,False
S1002166,C10075,2025-10-19,Google Ads,Tablet,6,119.0,True,False
S1002167,C11235,2025-12-03,Facebook,Mobile,4,104.4,False,False
S1002168,C10834,2026-03-02,Affiliate,Mobile,12,165.3,True,True
S1002169,C10463,2026-05-08,Instagram,Mobile,4,159.4,False,False
S1002170,C10592,2026-02-22,Google Ads,Mobile,3,32.3,False,False
S1002171,C10596,2025-11-04,Organic,Mobile,6,15.1,False,False
S1002172,C11228,2026-04-07,Instagram,Mobile,5,171.9,False,False
S1002173,C11587,2026-01-04,Email,Mobile,5,568.1,False,False
S1002174,C11063,2026-07-09,Email,Mobile,7,206.7,False,False
S1002175,C11059,2026-06-30,Google Ads,Mobile,7,106.9,True,True
S1002176,,2025-12-18,Email,Mobile,6,93.9,False,False
S1002177,,2026-06-01,Google Ads,Tablet,5,67.8,False,False
S1002178,,2026-07-01,Organic,Mobile,4,133.4,True,False
S1002179,C10960,2026-05-20,Google Ads,Mobile,3,24.1,False,False
S1002180,,2026-07-09,Facebook,Tablet,3,515.8,False,False
S1002181,C11765,2025-12-09,Instagram,Mobile,6,419.9,False,False
S1002182,C11176,2026-02-28,Organic,Mobile,1,112.6,False,False
S1002183,C11657,2025-09-08,Google Ads,Tablet,4,111.7,False,False
S1002184,C10076,2026-05-30,Facebook,Mobile,4,143.7,True,False
S1002185,C11908,2025-09-04,Organic,Mobile,3,56.5,False,False
S1002186,C11176,2025-11-06,Affiliate,Mobile,4,147.8,False,False
S1002187,C10107,2026-03-22,Organic,Mobile,4,200.7,True,False
S1002188,C10049,2025-11-23,Google Ads,Mobile,9,180.2,False,False
S1002189,C10587,2026-01-11,Instagram,Tablet,7,90.3,False,False
S1002190,C11660,2025-09-05,Instagram,Desktop,6,143.8,False,False
S1002191,C10867,2026-01-27,Facebook,Mobile,1,236.7,False,False
S1002192,C10478,2026-02-13,Email,Mobile,2,50.4,False,False
S1002193,C11360,2026-06-25,Email,Mobile,2,145.2,False,False
S1002194,C11437,2026-05-24,Organic,Mobile,5,198.6,True,True
S1002195,,2026-07-05,Google Ads,Mobile,5,145.2,False,False
S1002196,C10224,2026-01-15,Facebook,Desktop,3,145.8,False,False
S1002197,C11677,2026-02-16,Google Ads,Mobile,5,138.6,False,False
S1002198,,2026-05-01,Instagram,Mobile,4,80.8,False,False
S1002199,C11919,2025-08-29,Affiliate,Mobile,4,93.1,False,False
S1002200,C11423,2026-01-23,Affiliate,Mobile,6,67.7,False,False
S1002201,C10788,2025-12-21,Email,Tablet,13,348.4,True,True
S1002202,C10440,2025-09-01,Affiliate,Desktop,5,188.9,False,False
S1002203,C11961,2026-01-23,Affiliate,Mobile,11,14.7,False,False
S1002204,C11703,2025-11-04,Facebook,Mobile,3,239.4,False,False
S1002205,C10931,2025-11-23,Google Ads,Mobile,3,145.9,False,False
S1002206,,2026-04-23,Instagram,Mobile,5,206.2,True,False
S1002207,C11870,2025-10-19,Google Ads,Mobile,3,155.5,False,False
S1002208,C11470,2026-07-18,Affiliate,Tablet,3,105.9,False,False
S1002209,C10402,2026-04-27,Affiliate,Desktop,6,182.0,True,True
S1002210,C11685,2025-11-21,Instagram,Mobile,5,15.7,False,False
S1002211,C11757,2025-10-20,Instagram,Desktop,8,48.6,True,False
S1002212,C11712,2025-12-25,Email,Desktop,3,167.1,False,False
S1002213,C11350,2025-10-09,Affiliate,Mobile,3,100.2,False,False
S1002214,C11360,2026-03-14,Google Ads,Desktop,5,128.6,False,False
S1002215,C11896,2026-03-06,Organic,,6,414.2,False,False
S1002216,,2026-06-17,Google Ads,Mobile,5,226.8,False,False
S1002217,,2026-01-11,Affiliate,,3,276.6,False,False
S1002218,C10800,2026-05-05,Facebook,Mobile,4,431.6,False,False
S1002219,C10013,2025-10-09,Instagram,Mobile,6,224.8,False,False
S1002220,C10208,2026-07-17,Facebook,Mobile,4,266.2,False,False
S1002221,,2025-10-09,Instagram,Mobile,8,218.2,False,False
S1002222,C10243,2026-01-05,Organic,Mobile,3,33.1,False,False
S1002223,,2025-10-07,Google Ads,Mobile,1,207.0,False,False
S1002224,C11429,2026-07-01,Affiliate,Mobile,4,108.4,False,False
S1002225,,2025-08-24,Google Ads,Desktop,7,244.0,True,False
S1002226,C11537,2026-06-23,Instagram,Mobile,3,254.0,False,False
S1002227,C10428,2026-06-21,Affiliate,Mobile,6,80.2,False,False
S1002228,C11221,2025-10-28,Facebook,Mobile,2,185.6,False,False
S1002229,C10607,2026-04-18,Email,Desktop,7,64.4,False,False
S1002230,,2025-08-22,Instagram,Mobile,5,167.8,False,False
S1002231,C11735,2025-11-04,Organic,Mobile,9,238.9,False,False
S1002232,,2026-05-05,Instagram,Desktop,8,89.7,False,False
S1002233,C10974,2026-01-08,Email,Tablet,2,380.3,False,False
S1002234,C11484,2026-04-21,Facebook,Mobile,7,222.1,False,False
S1002235,C11954,2025-08-28,Affiliate,Tablet,2,95.1,False,False
S1002236,C10742,2026-04-12,Instagram,Mobile,4,306.6,False,False
S1002237,C11746,2026-05-27,Email,Mobile,4,48.2,False,False
S1002238,C11273,2026-08-16,Organic,Mobile,5,66.1,False,False
S1002239,C10110,2026-02-03,Google Ads,Desktop,5,26.2,True,False
S1002240,,2026-06-14,Affiliate,Desktop,9,130.2,False,False
S1002241,C10228,2026-03-04,Email,Desktop,6,150.3,False,False
S1002242,,2025-08-25,Google Ads,Mobile,9,203.4,False,False
S1002243,C10152,2026-03-26,Facebook,Desktop,5,385.1,False,False
S1002244,C10942,2025-10-22,Google Ads,Mobile,4,105.3,False,False
S1002245,C10517,2025-11-18,Organic,Desktop,5,291.2,False,False
S1002246,C11284,2025-09-15,Facebook,Mobile,6,349.3,False,False
S1002247,C10180,2025-10-12,Organic,Mobile,6,166.5,False,False
S1002248,C11378,2026-01-19,Affiliate,Mobile,5,53.7,False,False
S1002249,C11342,2026-07-17,Affiliate,Mobile,4,259.7,True,False
S1002250,C10621,2026-05-13,Email,Mobile,4,110.0,False,False
S1002251,C11174,2025-09-28,Email,,6,114.5,False,False
S1002252,C11407,2026-03-28,Organic,Desktop,4,42.8,False,False
S1002253,C11680,2026-05-07,Email,Mobile,4,242.3,True,True
S1002254,C10262,2026-03-14,Google Ads,Tablet,4,178.0,False,False
S1002255,C10151,2025-12-11,Google Ads,Desktop,4,96.4,False,False
S1002256,C11084,2025-12-13,Google Ads,Desktop,7,209.2,False,False
S1002257,C11934,2025-09-28,Organic,Tablet,1,165.4,False,False
S1002258,C10502,2025-11-17,Email,Mobile,5,118.7,True,True
S1002259,C11846,2026-08-12,Organic,Tablet,9,118.3,False,False
S1002260,C11485,2026-02-27,Facebook,Mobile,6,56.1,True,False
S1002261,C10259,2026-05-07,Organic,Desktop,4,96.7,True,True
S1002262,C11087,2025-08-29,Facebook,Desktop,7,242.1,True,False
S1002263,,2025-09-06,Google Ads,Mobile,5,23.9,True,True
S1002264,C10168,2026-07-04,Facebook,Tablet,9,308.7,False,False
S1002265,C11684,2025-12-18,Instagram,Mobile,5,163.2,False,False
S1002266,C10130,2026-02-28,Email,Desktop,9,133.7,True,False
S1002267,C11471,2025-10-16,Instagram,Mobile,7,67.9,True,False
S1002268,,2026-05-13,Google Ads,Mobile,2,141.8,False,False
S1002269,C10239,2025-08-24,Email,Mobile,6,208.6,True,True
S1002270,C10489,2026-07-20,Facebook,Mobile,4,120.3,False,False
S1002271,C11870,2026-01-01,Email,Mobile,5,31.1,False,False
S1002272,C10848,2025-10-08,Organic,Mobile,4,108.5,True,False
S1002273,C10031,2025-10-26,Organic,Mobile,5,38.3,False,False
S1002274,C11601,2026-03-14,Email,Mobile,4,594.1,False,False
S1002275,C11171,2026-08-06,Affiliate,Desktop,4,478.0,False,False
S1002276,C10704,2026-04-27,Google Ads,Desktop,5,271.5,False,False
S1002277,C10306,2026-06-27,Organic,Desktop,5,164.1,False,False
S1002278,C10824,2026-05-25,Affiliate,Desktop,4,310.3,False,False
S1002279,C10359,2025-09-18,Instagram,Mobile,2,144.6,False,False
S1002280,C10945,2025-12-23,Email,Mobile,4,236.4,False,False
S1002281,C11280,2026-04-29,Email,Desktop,4,204.9,False,False
S1002282,C10339,2026-05-22,Organic,Mobile,5,230.7,False,False
S1002283,C11858,2026-03-15,Email,Desktop,4,162.8,False,False
S1002284,C10529,2025-12-14,Instagram,Mobile,3,219.8,False,False
S1002285,,2025-12-01,Affiliate,Mobile,5,263.0,False,False
S1002286,C11888,2026-05-26,Affiliate,Mobile,7,193.8,False,False
S1002287,C11441,2026-07-24,Affiliate,Mobile,6,159.0,False,False
S1002288,C10232,2025-12-12,Organic,Desktop,1,198.3,False,False
S1002289,,2025-09-20,Google Ads,,6,7.4,False,False
S1002290,C10456,2026-07-31,Instagram,Mobile,2,175.6,False,False
S1002291,C10050,2025-08-23,Email,Mobile,3,330.4,False,False
S1002292,,2026-02-03,Instagram,Mobile,4,22.1,False,False
S1002293,C10175,2025-12-26,Organic,Mobile,3,266.0,False,False
S1002294,C10713,2025-11-09,Email,Desktop,9,293.7,False,False
S1002295,C11422,2026-02-07,Google Ads,Desktop,3,106.2,False,False
S1002296,C10796,2026-04-29,Email,Mobile,4,93.4,True,False
S1002297,C10987,2026-03-09,Facebook,Tablet,1,410.1,False,False
S1002298,C10107,2026-04-13,Google Ads,Mobile,5,478.5,False,False
S1002299,C10201,2025-11-17,Email,Mobile,4,398.9,True,True
S1002300,C11495,2025-10-04,Instagram,Mobile,7,125.1,False,False
S1002301,,2026-05-14,Instagram,Mobile,2,73.1,False,False
S1002302,C10845,2026-04-27,Google Ads,Desktop,3,457.1,False,False
S1002303,C10813,2026-04-22,Instagram,Mobile,5,626.5,False,False
S1002304,C10299,2025-09-07,Google Ads,Mobile,2,140.4,False,False
S1002305,,2026-03-17,Google Ads,Desktop,5,28.8,False,False
S1002306,C10359,2025-09-05,Email,Mobile,3,93.8,False,False
S1002307,,2026-04-03,Email,Mobile,5,73.3,False,False
S1002308,C11003,2026-08-10,Facebook,Mobile,3,368.3,False,False
S1002309,C10933,2026-07-12,Organic,Desktop,4,183.8,False,False
S1002310,C10401,2026-07-09,Email,Mobile,6,201.1,False,False
S1002311,C11002,2025-10-05,Organic,Mobile,2,41.5,False,False
S1002312,C10710,2026-08-13,Google Ads,Tablet,2,141.1,False,False
S1002313,,2025-09-20,Affiliate,,4,49.7,False,False
S1002314,C10925,2026-04-30,Instagram,Mobile,2,165.6,False,False
S1002315,C10132,2026-06-15,Facebook,Mobile,4,190.1,False,False
S1002316,C10802,2025-12-17,Organic,Mobile,6,176.8,True,False
S1002317,C10448,2026-07-02,Affiliate,Mobile,4,287.8,True,False
S1002318,C11969,2025-11-19,Instagram,Tablet,6,47.4,False,False
S1002319,,2026-04-16,Facebook,Mobile,3,274.3,False,False
S1002320,C10212,2025-09-12,Google Ads,,8,83.3,False,False
S1002321,C10598,2025-11-11,Affiliate,Mobile,9,94.9,True,True
S1002322,C10426,2026-01-01,Google Ads,Mobile,8,24.4,True,False
S1002323,C10088,2026-08-11,Instagram,Tablet,5,76.1,True,False
S1002324,C10066,2026-08-16,Affiliate,Mobile,2,319.5,False,False
S1002325,C10300,2026-07-15,Email,Mobile,3,335.0,False,False
S1002326,C10518,2026-04-08,Organic,Mobile,9,225.7,False,False
S1002327,C11048,2026-03-23,Facebook,Tablet,7,228.4,False,False
S1002328,C11718,2026-06-27,Organic,Desktop,8,359.5,False,False
S1002329,C10081,2026-06-16,Organic,Desktop,10,164.6,True,False
S1002330,C11069,2026-02-10,Facebook,Mobile,5,132.1,False,False
S1002331,C11304,2026-03-30,Facebook,Desktop,3,77.7,True,True
S1002332,C10724,2025-11-14,Affiliate,Mobile,5,26.8,False,False
S1002333,C10715,2026-04-02,Google Ads,Mobile,9,168.5,False,False
S1002334,C10274,2026-04-12,Google Ads,Mobile,7,254.5,True,True
S1002335,,2025-11-13,Organic,Mobile,6,250.2,True,True
S1002336,C10283,2026-07-08,Facebook,Mobile,7,29.1,False,False
S1002337,,2025-12-09,Email,Mobile,8,553.6,False,False
S1002338,C11468,2025-11-16,Google Ads,Mobile,6,98.0,False,False
S1002339,C10881,2026-08-17,Affiliate,Mobile,5,133.0,False,False
S1002340,C10811,2026-02-20,Instagram,Mobile,7,394.7,True,False
S1002341,,2026-03-01,Affiliate,Mobile,5,69.4,False,False
S1002342,C10680,2026-01-03,Google Ads,Desktop,5,102.5,True,False
S1002343,C10038,2025-11-06,Organic,Desktop,6,46.2,False,False
S1002344,C10067,2026-06-29,Facebook,Mobile,6,572.3,False,False
S1002345,,2026-08-05,Email,Desktop,2,157.9,False,False
S1002346,,2026-04-02,Affiliate,Mobile,6,25.5,False,False
S1002347,C11797,2025-12-11,Google Ads,Desktop,5,96.8,False,False
S1002348,C10027,2026-05-06,Google Ads,Mobile,8,301.3,False,False
S1002349,C10926,2025-11-18,Google Ads,Mobile,5,172.4,False,False
S1002350,,2026-04-08,Google Ads,Desktop,2,328.5,False,False
S1002351,,2025-11-24,Facebook,Mobile,10,298.1,True,True
S1002352,C11853,2026-04-03,Google Ads,Mobile,4,86.1,False,False
S1002353,C10292,2025-10-26,Organic,Desktop,4,243.9,False,False
S1002354,,2025-11-05,Google Ads,Mobile,7,111.5,False,False
S1002355,C11653,2026-03-09,Google Ads,Mobile,8,213.7,False,False
S1002356,C10891,2025-09-05,Affiliate,Mobile,5,182.2,False,False
S1002357,C11960,2026-01-14,Email,Desktop,5,23.0,False,False
S1002358,C10230,2026-04-23,Organic,,3,106.5,True,False
S1002359,C10453,2025-10-30,Google Ads,Desktop,6,99.1,False,False
S1002360,C11607,2026-04-22,Facebook,Mobile,5,233.4,False,False
S1002361,C11144,2026-03-03,Facebook,Desktop,4,208.6,False,False
S1002362,,2026-03-30,Google Ads,Mobile,4,347.1,True,True
S1002363,C10003,2026-07-16,Instagram,Mobile,4,121.1,False,False
S1002364,C10518,2026-01-15,Google Ads,Mobile,5,156.8,True,False
S1002365,,2025-08-25,Google Ads,Mobile,3,12.8,False,False
S1002366,,2026-01-19,Email,Mobile,4,302.3,False,False
S1002367,C11405,2026-08-07,Facebook,Mobile,5,109.1,False,False
S1002368,C11505,2026-07-07,Instagram,Mobile,6,103.2,False,False
S1002369,C10675,2026-07-06,Affiliate,Mobile,7,120.2,False,False
S1002370,,2025-10-01,Facebook,Mobile,9,182.1,True,True
S1002371,C11937,2026-01-02,Facebook,Desktop,3,319.0,False,False
S1002372,C11057,2025-09-28,Google Ads,Mobile,6,250.4,True,False
S1002373,C10197,2025-11-02,Google Ads,Mobile,8,169.8,False,False
S1002374,C11676,2026-07-02,Google Ads,Mobile,5,89.2,True,False
S1002375,C11651,2026-08-17,Facebook,Mobile,7,152.8,False,False
S1002376,,2026-04-20,Affiliate,Mobile,4,211.1,False,False
S1002377,,2026-07-20,Affiliate,Mobile,6,44.5,False,False
S1002378,C10676,2025-09-27,Organic,Desktop,5,69.7,False,False
S1002379,C10763,2025-10-26,Google Ads,Mobile,3,386.3,False,False
S1002380,C10334,2026-07-16,Google Ads,Desktop,6,275.1,True,False
S1002381,C11132,2025-12-26,Organic,Mobile,5,56.1,False,False
S1002382,,2026-03-29,Organic,Mobile,5,56.1,False,False
S1002383,C10934,2026-06-13,Email,Desktop,6,191.4,True,False
S1002384,,2026-04-24,Instagram,Tablet,1,94.5,True,False
S1002385,C11516,2026-08-06,Google Ads,Desktop,5,337.5,False,False
S1002386,C11461,2026-01-03,Instagram,Tablet,7,30.5,False,False
S1002387,C10358,2026-02-21,Organic,Desktop,3,207.7,False,False
S1002388,C11386,2026-08-02,Google Ads,Mobile,5,32.6,False,False
S1002389,C11581,2025-12-04,Google Ads,Mobile,4,167.4,False,False
S1002390,C10676,2025-10-24,Affiliate,Desktop,8,287.8,False,False
S1002391,C10655,2025-09-29,Facebook,Mobile,5,158.5,False,False
S1002392,,2025-09-08,Google Ads,Mobile,7,174.9,True,False
S1002393,,2026-08-08,Facebook,Mobile,2,107.8,False,False
S1002394,C10824,2026-05-18,Google Ads,Mobile,7,207.7,False,False
S1002395,C10912,2025-11-14,Instagram,Mobile,3,181.3,True,False
S1002396,C11986,2025-10-17,Instagram,Mobile,5,688.4,False,False
S1002397,C11974,2026-01-08,Instagram,Desktop,6,74.0,False,False
S1002398,,2026-01-19,Organic,Mobile,5,143.2,True,False
S1002399,C11448,2026-05-02,Affiliate,Mobile,4,77.2,True,False
S1002400,C11714,2026-01-06,Facebook,Mobile,4,536.8,False,False
S1002401,C11821,2025-10-13,Organic,Mobile,2,138.8,False,False
S1002402,,2026-06-25,Organic,Mobile,9,742.4,False,False
S1002403,C11829,2026-04-28,Instagram,Tablet,7,342.7,False,False
S1002404,C10673,2025-12-14,Organic,Desktop,5,101.1,False,False
S1002405,,2026-03-24,Email,Mobile,8,90.4,True,True
S1002406,C11801,2025-10-13,Google Ads,Mobile,6,153.1,True,True
S1002407,C11625,2025-11-29,Instagram,Mobile,6,234.9,True,False
S1002408,C10658,2025-08-31,Facebook,Mobile,2,51.8,False,False
S1002409,,2026-05-02,Organic,Mobile,4,90.0,False,False
S1002410,C11394,2026-04-29,Google Ads,Mobile,8,149.0,False,False
S1002411,C11214,2026-07-22,Affiliate,Mobile,7,41.3,True,True
S1002412,C11452,2026-04-17,Instagram,Mobile,5,209.0,True,False
S1002413,C10844,2025-12-22,Organic,Mobile,3,243.7,False,False
S1002414,C10513,2026-01-17,Instagram,Desktop,2,22.2,False,False
S1002415,C10214,2026-06-14,Google Ads,Mobile,4,116.1,False,False
S1002416,C11126,2025-10-09,Email,Desktop,3,249.7,True,False
S1002417,,2026-04-13,Instagram,Mobile,4,276.0,True,False
S1002418,C10952,2025-09-15,Organic,Mobile,8,32.5,False,False
S1002419,C11550,2025-11-05,Google Ads,Mobile,3,248.3,False,False
S1002420,,2026-03-09,Organic,Mobile,6,235.4,False,False
S1002421,C10239,2025-12-12,Affiliate,Mobile,7,106.6,False,False
S1002422,C11453,2025-12-17,Facebook,Desktop,7,129.0,False,False
S1002423,C10125,2026-04-11,Google Ads,Mobile,5,52.6,True,True
S1002424,C10558,2026-06-06,Facebook,Desktop,3,159.9,False,False
S1002425,C10145,2026-01-20,Google Ads,Mobile,10,67.6,True,False
S1002426,,2026-01-28,Email,Mobile,2,9.9,False,False
S1002427,C11265,2025-09-18,Affiliate,Mobile,2,238.0,False,False
S1002428,C11886,2026-03-15,Facebook,Mobile,6,66.4,False,False
S1002429,C10217,2025-09-15,Affiliate,Desktop,4,115.4,False,False
S1002430,,2025-12-19,Affiliate,Mobile,5,197.6,True,False
S1002431,C11547,2026-02-26,Email,Mobile,3,6.2,False,False
S1002432,,2026-03-23,Organic,Mobile,4,211.8,True,False
S1002433,C10956,2025-10-26,Google Ads,Desktop,6,26.0,False,False
S1002434,C10673,2026-03-17,Email,Tablet,12,221.8,False,False
S1002435,,2026-07-06,Organic,Desktop,7,224.4,False,False
S1002436,C10452,2026-04-20,Google Ads,Desktop,7,136.2,False,False
S1002437,C11533,2026-06-10,Facebook,Mobile,7,141.7,False,False
S1002438,C10723,2025-12-13,Organic,Mobile,8,24.5,True,False
S1002439,C10749,2025-11-24,Affiliate,Tablet,4,249.4,False,False
S1002440,C11149,2025-12-11,Organic,Mobile,2,117.7,False,False
S1002441,C11050,2025-10-06,Email,Mobile,5,105.9,False,False
S1002442,C11571,2026-05-08,Instagram,Mobile,3,108.0,False,False
S1002443,C11179,2025-10-03,Facebook,Desktop,2,220.2,False,False
S1002444,C10105,2026-01-12,Affiliate,Desktop,4,65.6,True,False
S1002445,C10018,2026-05-31,Email,Mobile,7,155.5,False,False
S1002446,C11017,2025-09-25,Email,Mobile,5,90.0,False,False
S1002447,C11253,2025-10-28,Organic,Tablet,5,391.7,False,False
S1002448,C11339,2026-04-05,Organic,Desktop,7,118.7,True,False
S1002449,C10641,2026-02-06,Facebook,Desktop,4,331.0,True,True
S1002450,C11351,2025-09-09,Instagram,Desktop,8,94.2,False,False
S1002451,C10568,2026-07-30,Google Ads,Tablet,7,55.8,False,False
S1002452,C10926,2026-06-13,Facebook,Desktop,5,73.8,False,False
S1002453,C10349,2026-08-08,Affiliate,Mobile,5,266.4,False,False
S1002454,C11312,2026-02-17,Affiliate,Mobile,6,214.5,True,False
S1002455,,2026-05-14,Email,Mobile,4,230.1,False,False
S1002456,C10926,2026-02-21,Organic,Tablet,7,132.7,False,False
S1002457,C10224,2026-04-14,Email,Mobile,8,132.2,False,False
S1002458,,2025-11-14,Affiliate,Mobile,2,230.5,True,False
S1002459,C10699,2025-12-26,Email,Desktop,5,273.0,False,False
S1002460,C10429,2026-04-05,Organic,Mobile,5,60.4,False,False
S1002461,,2025-10-08,Organic,Desktop,2,122.8,True,False
S1002462,C11766,2026-02-12,Email,Mobile,9,84.2,True,True
S1002463,C11664,2026-05-03,Email,Desktop,3,172.4,False,False
S1002464,,2025-10-04,Organic,Mobile,6,225.0,False,False
S1002465,C11752,2026-02-24,Instagram,Mobile,8,78.9,True,False
S1002466,C10457,2026-06-04,Organic,Mobile,3,80.5,True,True
S1002467,C10854,2026-07-31,Email,Desktop,6,376.1,False,False
S1002468,C10148,2025-10-08,Instagram,Mobile,5,318.0,False,False
S1002469,C11688,2026-03-15,Google Ads,Mobile,6,163.1,True,False
S1002470,C10080,2026-03-11,Facebook,Tablet,5,252.2,True,True
S1002471,C10432,2025-10-12,Google Ads,Mobile,7,234.0,False,False
S1002472,C11373,2025-10-04,Google Ads,Desktop,4,131.3,False,False
S1002473,C10955,2026-04-29,Facebook,Mobile,5,221.8,False,False
S1002474,C11803,2025-10-24,Organic,Desktop,4,133.9,True,True
S1002475,C10396,2026-07-22,Instagram,Mobile,4,130.2,False,False
S1002476,C11283,2025-08-24,Google Ads,Mobile,4,330.6,False,False
S1002477,C10447,2026-07-25,Instagram,Mobile,5,172.2,True,True
S1002478,C10391,2026-04-03,Google Ads,Desktop,5,236.3,False,False
S1002479,C10659,2025-09-17,Instagram,Mobile,5,198.6,False,False
S1002480,,2026-06-19,Google Ads,Mobile,10,312.3,False,False
S1002481,C11238,2026-06-23,Instagram,Tablet,3,280.9,False,False
S1002482,C10683,2025-09-30,Email,Mobile,4,50.9,False,False
S1002483,C10384,2025-11-29,Instagram,Desktop,6,103.6,True,False
S1002484,C11971,2026-04-24,Google Ads,Desktop,8,411.1,False,False
S1002485,C11641,2025-11-13,Instagram,Mobile,6,117.3,False,False
S1002486,C10940,2025-09-24,Instagram,Desktop,6,156.0,True,False
S1002487,C11456,2026-04-16,Instagram,Mobile,2,136.3,False,False
S1002488,,2026-07-11,Email,Mobile,3,54.3,False,False
S1002489,C11217,2026-06-28,Email,Mobile,4,148.5,False,False
S1002490,C11984,2025-12-25,Google Ads,Mobile,6,138.1,False,False
S1002491,C10998,2026-03-02,Google Ads,Mobile,3,40.6,False,False
S1002492,,2026-02-10,Email,Desktop,4,79.0,False,False
S1002493,C11199,2026-03-03,Instagram,Mobile,3,52.9,False,False
S1002494,C10754,2025-12-16,Instagram,Mobile,5,72.9,True,False
S1002495,C10086,2025-11-14,Organic,Mobile,9,30.4,True,False
S1002496,C10084,2026-03-28,Facebook,Mobile,6,419.2,False,False
S1002497,C10151,2026-02-11,Google Ads,Tablet,5,81.2,True,False
S1002498,C10544,2025-09-27,Organic,Desktop,3,85.4,True,True
S1002499,C11155,2025-12-18,Instagram,Mobile,3,326.2,False,False
S1002500,C10803,2026-07-26,Google Ads,Mobile,5,70.3,False,False
S1002501,C11129,2025-10-10,Email,Tablet,6,90.5,False,False
S1002502,C11223,2026-01-19,Google Ads,Desktop,3,188.5,False,False
S1002503,C10979,2026-01-28,Email,Desktop,7,210.2,False,False
S1002504,C10030,2026-07-16,Organic,Mobile,4,158.6,False,False
S1002505,C10897,2025-12-23,Affiliate,Mobile,9,101.3,True,False
S1002506,,2026-01-16,Google Ads,Desktop,8,153.2,True,True
S1002507,C11857,2026-08-11,Organic,Desktop,2,85.8,False,False
S1002508,,2026-05-26,Email,Desktop,3,106.1,False,False
S1002509,C10747,2025-11-16,Instagram,Mobile,9,53.6,True,False
S1002510,C11142,2025-12-12,Email,Mobile,4,229.3,False,False
S1002511,C10009,2025-12-21,Organic,Mobile,5,226.6,True,True
S1002512,C10664,2025-08-21,Affiliate,Mobile,7,337.0,True,False
S1002513,C10682,2025-09-10,Google Ads,Tablet,6,287.9,False,False
S1002514,,2025-09-01,Google Ads,Mobile,4,79.5,True,False
S1002515,C10014,2026-06-30,Facebook,Mobile,5,120.4,False,False
S1002516,C11104,2026-08-04,Email,Desktop,3,52.6,False,False
S1002517,C11891,2025-10-27,Affiliate,Mobile,4,134.7,True,False
S1002518,C10281,2026-08-08,Facebook,Desktop,6,64.1,True,True
S1002519,C10393,2025-09-05,Email,Mobile,4,185.8,True,False
S1002520,,2026-08-09,Instagram,Desktop,3,126.7,False,False
S1002521,C10073,2025-11-22,Google Ads,Mobile,6,112.7,False,False
S1002522,C11520,2026-08-08,Organic,Mobile,7,104.4,False,False
S1002523,C10773,2025-11-11,Affiliate,Tablet,4,509.5,False,False
S1002524,C11711,2025-09-21,Google Ads,Tablet,3,125.0,False,False
S1002525,,2026-05-13,Organic,Mobile,3,464.6,False,False
S1002526,C10377,2026-01-27,Organic,Mobile,5,174.4,False,False
S1002527,C10128,2026-08-01,Email,Mobile,4,126.0,False,False
S1002528,,2025-09-24,Instagram,Mobile,8,106.2,False,False
S1002529,C10214,2026-03-24,Facebook,Mobile,4,144.5,False,False
S1002530,C10885,2026-03-19,Email,Desktop,6,16.1,False,False
S1002531,C10049,2025-09-27,Organic,Mobile,3,334.7,False,False
S1002532,C10698,2026-01-08,Email,Mobile,7,131.9,True,False
S1002533,C10115,2026-08-08,Google Ads,Desktop,3,109.8,False,False
S1002534,,2025-11-24,Instagram,Mobile,1,79.3,False,False
S1002535,C10937,2026-02-01,Facebook,Mobile,7,267.8,True,True
S1002536,C10336,2026-07-06,Organic,Mobile,7,411.3,False,False
S1002537,C11492,2025-12-27,Google Ads,Desktop,6,96.1,False,False
S1002538,C11405,2026-02-06,Instagram,Desktop,8,95.5,False,False
S1002539,C10474,2026-02-05,Email,Desktop,4,179.8,True,False
S1002540,C11719,2026-04-28,Google Ads,Mobile,3,246.0,False,False
S1002541,C11184,2025-09-18,Organic,Desktop,4,146.1,True,False
S1002542,C11249,2026-06-10,Google Ads,Mobile,2,75.0,True,False
S1002543,C10691,2025-09-08,Instagram,Mobile,8,84.6,True,False
S1002544,C10327,2026-01-04,Google Ads,Mobile,3,155.4,False,False
S1002545,C11774,2026-05-28,Google Ads,Mobile,5,161.3,False,False
S1002546,C11812,2025-11-15,Google Ads,Mobile,3,328.4,False,False
S1002547,C10949,2026-07-21,Facebook,Mobile,8,122.8,True,True
S1002548,C10930,2025-09-01,Affiliate,Mobile,2,205.7,False,False
S1002549,C11271,2025-11-27,Email,Mobile,3,14.8,False,False
S1002550,C11109,2025-09-22,Facebook,Mobile,7,369.7,False,False
S1002551,C10342,2025-09-10,Organic,Tablet,4,238.9,False,False
S1002552,C10128,2025-10-24,Facebook,Mobile,5,159.9,False,False
S1002553,,2026-06-10,Email,Mobile,5,220.6,False,False
S1002554,C11421,2026-01-06,Affiliate,Mobile,8,240.5,True,False
S1002555,C10163,2025-12-08,Organic,Mobile,4,141.1,False,False
S1002556,C11999,2026-03-11,Email,Mobile,3,17.5,False,False
S1002557,,2026-04-20,Instagram,Mobile,4,97.5,True,False
S1002558,C10859,2025-09-07,Instagram,Mobile,6,263.1,False,False
S1002559,C10282,2026-02-23,Affiliate,Mobile,11,57.2,False,False
S1002560,C10837,2026-08-11,Google Ads,Mobile,6,342.7,True,True
S1002561,,2025-11-29,Affiliate,Desktop,1,39.6,False,False
S1002562,C11325,2025-12-06,Facebook,Desktop,5,386.8,True,False
S1002563,,2026-02-15,Instagram,Mobile,5,139.6,True,False
S1002564,,2026-03-19,Email,Desktop,5,107.3,False,False
S1002565,,2026-08-09,Organic,Mobile,4,80.2,True,False
S1002566,C10945,2025-09-23,Google Ads,Mobile,6,145.3,False,False
S1002567,C11424,2026-04-25,Instagram,Mobile,2,112.5,False,False
S1002568,C11856,2026-02-16,Facebook,Mobile,5,275.4,True,False
S1002569,C10008,2025-09-11,Affiliate,Desktop,6,85.2,False,False
S1002570,C10559,2026-05-23,Facebook,Mobile,4,157.9,False,False
S1002571,C10939,2026-04-29,Affiliate,Mobile,4,103.2,False,False
S1002572,,2025-12-06,Facebook,Mobile,5,525.3,False,False
S1002573,C11260,2025-08-28,Facebook,Mobile,3,83.7,False,False
S1002574,C11953,2025-12-05,Organic,Mobile,3,47.7,False,False
S1002575,C10318,2026-06-22,Instagram,Mobile,2,355.7,True,False
S1002576,,2026-03-31,Email,Mobile,5,223.2,True,True
S1002577,C10301,2025-10-09,Organic,Desktop,9,130.0,False,False
S1002578,,2026-03-11,Google Ads,Desktop,3,530.9,False,False
S1002579,,2026-01-20,Instagram,Mobile,9,193.7,False,False
S1002580,C10055,2026-04-08,Google Ads,Mobile,3,202.3,False,False
S1002581,C11010,2026-04-10,Google Ads,Mobile,6,210.0,True,False
S1002582,C10869,2026-02-14,Google Ads,Mobile,7,61.6,True,True
S1002583,C11469,2025-11-23,Instagram,Mobile,5,7.9,False,False
S1002584,C11628,2026-05-29,Google Ads,Desktop,5,11.2,False,False
S1002585,C11974,2026-07-22,Email,Mobile,5,28.1,False,False
S1002586,,2026-01-13,Organic,Tablet,4,85.0,False,False
S1002587,C11183,2026-05-07,Organic,Desktop,4,97.7,True,False
S1002588,C10296,2026-03-17,Facebook,Mobile,4,32.7,False,False
S1002589,C11839,2025-10-01,Google Ads,Mobile,3,130.0,False,False
S1002590,,2026-06-03,Affiliate,Mobile,3,136.7,False,False
S1002591,C11141,2025-11-24,Email,Mobile,3,72.7,False,False
S1002592,C10765,2026-03-24,Email,Mobile,2,68.9,True,False
S1002593,C11718,2026-03-29,Instagram,Mobile,2,103.1,False,False
S1002594,C11182,2026-01-29,Email,Tablet,1,167.0,False,False
S1002595,,2025-09-16,Email,Mobile,5,340.9,True,True
S1002596,C10041,2026-06-07,Facebook,Mobile,3,195.4,False,False
S1002597,,2026-01-31,Affiliate,Mobile,6,162.2,False,False
S1002598,C11418,2025-10-24,Facebook,Desktop,3,15.2,False,False
S1002599,C10820,2025-10-12,Facebook,Desktop,5,161.8,False,False
S1002600,C10752,2025-12-29,Google Ads,Mobile,3,245.4,False,False
S1002601,C11329,2025-09-01,Google Ads,Tablet,7,174.9,False,False
S1002602,C10966,2026-03-28,Organic,Mobile,6,78.3,False,False
S1002603,C10464,2026-08-05,Instagram,Tablet,5,221.0,False,False
S1002604,,2026-02-22,Email,Desktop,8,395.9,False,False
S1002605,,2025-11-07,Email,Mobile,6,487.9,False,False
S1002606,C10311,2026-02-07,Email,Mobile,5,110.2,True,False
S1002607,,2026-06-28,Google Ads,Mobile,5,59.6,False,False
S1002608,C11996,2026-07-16,Google Ads,Mobile,5,336.0,False,False
S1002609,C11698,2026-06-28,Email,Mobile,7,123.8,False,False
S1002610,C11386,2026-01-28,Facebook,Desktop,2,310.5,False,False
S1002611,C11017,2026-01-25,Email,Mobile,4,212.9,False,False
S1002612,C11488,2026-01-18,Google Ads,Mobile,8,269.8,False,False
S1002613,C10305,2026-06-15,Instagram,Mobile,2,284.4,False,False
S1002614,C10970,2026-06-05,Google Ads,Desktop,5,73.2,False,False
S1002615,C11284,2026-05-01,Instagram,Desktop,3,290.1,False,False
S1002616,C10360,2025-09-24,Google Ads,Mobile,7,276.9,False,False
S1002617,C11382,2026-06-13,Google Ads,Desktop,9,63.3,True,False
S1002618,,2026-03-03,Facebook,Desktop,8,162.8,True,False
S1002619,C11620,2025-10-14,Email,Mobile,1,438.7,False,False
S1002620,,2026-04-19,Facebook,Desktop,8,22.1,False,False
S1002621,C11360,2025-09-12,Organic,Mobile,8,221.5,False,False
S1002622,,2026-02-13,Instagram,Mobile,2,117.9,False,False
S1002623,C10659,2026-01-12,Email,Desktop,6,388.3,False,False
S1002624,C10925,2025-11-18,Affiliate,Mobile,3,321.4,False,False
S1002625,C11557,2025-12-06,Google Ads,Mobile,4,18.4,False,False
S1002626,,2025-11-13,Email,Desktop,2,470.0,False,False
S1002627,C11564,2025-12-31,Affiliate,,5,119.4,True,True
S1002628,C10340,2026-01-27,Google Ads,Mobile,4,76.6,True,True
S1002629,,2026-03-14,Instagram,Mobile,4,402.8,True,False
S1002630,C11473,2025-12-08,Google Ads,Mobile,5,159.5,True,False
S1002631,C11928,2026-06-22,Affiliate,Desktop,4,208.0,False,False
S1002632,C10751,2026-07-18,Google Ads,Desktop,8,98.5,False,False
S1002633,,2025-09-19,Google Ads,Mobile,5,279.5,False,False
S1002634,C11600,2026-04-01,Organic,Desktop,2,177.0,False,False
S1002635,C11779,2026-03-21,Facebook,Mobile,6,235.7,False,False
S1002636,C11540,2025-09-17,Instagram,Mobile,4,157.3,False,False
S1002637,C11605,2026-08-12,Email,Mobile,5,209.7,False,False
S1002638,,2025-10-12,Facebook,Desktop,3,164.5,False,False
S1002639,C11845,2026-03-22,Instagram,Desktop,2,146.5,False,False
S1002640,C11716,2026-06-10,Facebook,Mobile,6,33.1,False,False
S1002641,C11571,2025-11-09,Google Ads,Desktop,2,123.6,False,False
S1002642,C10617,2026-07-16,Email,Mobile,4,343.1,True,True
S1002643,C10744,2025-11-28,Facebook,Mobile,5,41.9,False,False
S1002644,C10801,2025-10-24,Facebook,Mobile,10,204.3,True,False
S1002645,C10559,2026-08-16,Email,Mobile,6,233.3,True,False
S1002646,C10120,2026-04-08,Google Ads,Desktop,5,278.1,False,False
S1002647,C10692,2025-10-20,Facebook,Mobile,6,625.4,False,False
S1002648,,2026-04-23,Affiliate,Desktop,2,150.1,False,False
S1002649,C10910,2025-12-16,Instagram,Mobile,4,128.3,True,False
S1002650,C11157,2025-12-28,Email,Mobile,7,146.0,False,False
S1002651,C10429,2026-02-08,Google Ads,Mobile,5,439.0,False,False
S1002652,C10499,2026-07-14,Instagram,Tablet,7,262.8,False,False
S1002653,C11509,2026-01-17,Email,Mobile,4,414.6,False,False
S1002654,,2026-02-19,Google Ads,Desktop,4,75.4,False,False
S1002655,C10117,2025-12-19,Organic,Mobile,4,333.2,False,False
S1002656,C11640,2026-02-01,Email,Mobile,2,123.6,False,False
S1002657,C11095,2026-06-25,Instagram,Desktop,8,71.1,False,False
S1002658,C11838,2026-01-29,Facebook,Mobile,11,160.3,True,True
S1002659,C11489,2026-01-20,Instagram,Mobile,4,274.6,False,False
S1002660,C10340,2026-01-13,Google Ads,Mobile,9,79.1,False,False
S1002661,,2026-04-11,Email,Mobile,4,207.8,False,False
S1002662,,2026-05-14,Email,Mobile,2,88.4,False,False
S1002663,,2026-06-10,Email,Desktop,7,129.0,False,False
S1002664,C10407,2025-09-25,Email,Desktop,6,158.5,False,False
S1002665,C11744,2025-11-27,Facebook,Desktop,6,28.8,True,True
S1002666,C10082,2026-06-07,Organic,Mobile,3,274.8,False,False
S1002667,C11759,2025-10-03,Facebook,Mobile,6,24.6,False,False
S1002668,C11262,2025-10-24,Organic,Mobile,4,69.1,False,False
S1002669,C11910,2026-06-19,Google Ads,Mobile,4,482.1,True,False
S1002670,C10680,2026-07-17,Instagram,Desktop,6,171.3,False,False
S1002671,C11685,2026-06-04,Email,Desktop,7,362.3,True,False
S1002672,C11899,2025-10-07,Facebook,Desktop,6,48.7,False,False
S1002673,C11771,2025-12-03,Google Ads,Mobile,5,20.3,False,False
S1002674,C11984,2026-01-03,Google Ads,Desktop,6,193.3,False,False
S1002675,C10578,2025-09-28,Facebook,Desktop,5,65.0,False,False
S1002676,C11247,2026-06-26,Affiliate,Mobile,6,190.7,False,False
S1002677,C10625,2025-12-06,Instagram,Mobile,6,109.1,True,False
S1002678,C11196,2026-07-28,Instagram,Mobile,4,198.1,False,False
S1002679,C10213,2026-08-21,Facebook,,6,149.2,False,False
S1002680,C10517,2026-04-07,Email,Tablet,3,105.0,False,False
S1002681,C11802,2026-03-17,Google Ads,Mobile,4,443.1,False,False
S1002682,C10161,2026-05-31,Facebook,Mobile,4,4.7,True,False
S1002683,C11097,2026-02-03,Google Ads,Mobile,6,61.2,True,True
S1002684,,2025-11-30,Affiliate,Desktop,5,87.0,True,False
S1002685,C11838,2026-04-04,Google Ads,Mobile,9,126.6,False,False
S1002686,,2026-01-30,Organic,Mobile,4,88.4,False,False
S1002687,,2026-03-03,Organic,Mobile,5,244.8,True,False
S1002688,C11268,2025-11-09,Facebook,Tablet,8,232.4,False,False
S1002689,C11075,2025-11-22,Facebook,Mobile,6,171.8,False,False
S1002690,C10601,2025-10-31,Instagram,Mobile,4,42.8,True,False
S1002691,C11810,2026-06-23,Facebook,Mobile,8,369.9,False,False
S1002692,,2025-11-05,Google Ads,Mobile,4,112.6,True,False
S1002693,,2025-10-23,Google Ads,Mobile,5,303.7,True,False
S1002694,C10279,2026-03-22,Affiliate,Mobile,4,208.3,False,False
S1002695,C11418,2025-09-27,Organic,Mobile,2,173.0,False,False
S1002696,C11824,2026-05-31,Organic,Desktop,3,127.6,False,False
S1002697,C11972,2025-09-05,Email,Mobile,4,48.5,False,False
S1002698,C10930,2025-12-23,Instagram,Tablet,4,142.2,False,False
S1002699,C11431,2026-03-16,Email,Mobile,6,422.7,False,False
S1002700,C11835,2026-07-24,Instagram,Mobile,4,162.5,False,False
S1002701,C10228,2026-01-02,Google Ads,Mobile,5,230.8,False,False
S1002702,,2026-01-23,Organic,Mobile,5,159.9,False,False
S1002703,C10604,2026-03-21,Facebook,Mobile,5,116.3,True,False
S1002704,C11473,2025-11-06,Affiliate,Mobile,5,307.6,False,False
S1002705,C10244,2025-11-28,Organic,,4,123.8,False,False
S1002706,C10738,2026-01-26,Facebook,Desktop,4,180.8,True,False
S1002707,C10279,2026-07-10,Affiliate,Desktop,6,422.1,False,False
S1002708,,2026-03-28,Instagram,Desktop,6,110.2,False,False
S1002709,C11979,2026-04-07,Organic,Mobile,2,53.3,False,False
S1002710,C11347,2026-05-20,Facebook,Mobile,5,359.8,False,False
S1002711,,2026-05-07,Facebook,Desktop,5,34.0,False,False
S1002712,C11983,2026-08-05,Instagram,Mobile,5,94.9,True,False
S1002713,C10269,2026-04-17,Affiliate,Mobile,2,148.1,False,False
S1002714,C11892,2026-07-29,Instagram,Mobile,5,433.5,False,False
S1002715,C10437,2026-08-13,Organic,Tablet,5,77.1,False,False
S1002716,C10361,2025-09-27,Affiliate,Desktop,4,195.8,False,False
S1002717,C11466,2025-10-26,Affiliate,Mobile,5,384.2,False,False
S1002718,,2026-05-14,Facebook,Desktop,4,179.6,False,False
S1002719,C10332,2025-10-07,Instagram,Mobile,4,44.2,False,False
S1002720,C11791,2026-06-08,Instagram,Mobile,7,296.5,False,False
S1002721,C10129,2026-02-09,Affiliate,Mobile,9,106.7,False,False
S1002722,,2025-09-12,Email,Mobile,8,30.4,False,False
S1002723,,2026-04-10,Email,Mobile,9,280.7,False,False
S1002724,,2025-10-01,Organic,Mobile,3,43.0,False,False
S1002725,C11000,2026-05-13,Facebook,Desktop,4,113.7,True,False
S1002726,,2025-10-29,Organic,Mobile,3,265.9,False,False
S1002727,C10654,2026-01-11,Email,Mobile,5,353.3,False,False
S1002728,C11276,2025-09-15,Organic,Mobile,7,120.4,False,False
S1002729,C10822,2026-03-30,Instagram,Mobile,3,143.9,False,False
S1002730,C10668,2026-01-07,Affiliate,Mobile,1,156.3,False,False
S1002731,,2026-07-19,Facebook,Mobile,6,117.7,False,False
S1002732,,2026-03-03,Email,Mobile,6,118.1,True,False
S1002733,C11070,2026-03-07,Google Ads,Mobile,4,54.2,True,False
S1002734,C11922,2025-10-06,Google Ads,Desktop,7,99.9,False,False
S1002735,,2026-07-10,Affiliate,Mobile,7,410.2,False,False
S1002736,C11197,2026-07-13,Google Ads,Tablet,2,303.9,False,False
S1002737,C11709,2026-02-21,Organic,Mobile,9,159.6,False,False
S1002738,C11207,2026-05-02,Organic,Mobile,4,65.3,True,True
S1002739,C11559,2025-10-23,Instagram,Mobile,5,149.2,False,False
S1002740,,2026-03-23,Organic,Tablet,3,98.0,False,False
S1002741,C11722,2025-08-30,Facebook,Mobile,6,251.5,True,False
S1002742,C11810,2025-12-10,Google Ads,Mobile,5,95.1,False,False
S1002743,C10497,2026-02-27,Google Ads,Mobile,4,141.3,False,False
S1002744,C11382,2026-05-24,Google Ads,Mobile,6,67.6,True,False
S1002745,C11138,2026-02-10,Organic,Mobile,4,290.4,False,False
S1002746,,2025-10-06,Affiliate,Desktop,5,314.6,False,False
S1002747,C10344,2025-09-17,Google Ads,Mobile,4,52.5,True,False
S1002748,C10035,2026-04-06,Google Ads,Mobile,4,360.7,True,True
S1002749,,2026-02-05,Instagram,Mobile,6,93.9,False,False
S1002750,C10601,2026-04-19,Google Ads,Mobile,6,271.4,False,False
S1002751,C11788,2026-05-22,Affiliate,Mobile,9,20.0,False,False
S1002752,C10279,2025-11-12,Facebook,Mobile,3,13.9,False,False
S1002753,,2025-12-15,Email,Mobile,6,200.1,False,False
S1002754,,2026-01-28,Facebook,Mobile,7,162.7,False,False
S1002755,C11514,2025-11-02,Instagram,Mobile,6,304.5,False,False
S1002756,C10499,2025-11-29,Google Ads,Mobile,6,300.7,True,True
S1002757,C11870,2025-11-21,Facebook,Mobile,3,106.0,False,False
S1002758,C11703,2026-01-05,Instagram,Tablet,10,157.4,False,False
S1002759,C11960,2026-08-05,Affiliate,Mobile,4,21.8,False,False
S1002760,C11364,2025-11-24,Facebook,Desktop,3,143.0,False,False
S1002761,,2026-06-06,Instagram,,3,57.2,False,False
S1002762,C11666,2026-06-26,Organic,Desktop,8,182.5,True,True
S1002763,C11958,2026-03-17,Email,Mobile,6,126.2,True,False
S1002764,C10498,2025-09-08,Instagram,Mobile,5,96.3,False,False
S1002765,C10396,2026-01-09,Organic,Mobile,7,90.2,True,True
S1002766,C11648,2025-09-20,Organic,Mobile,7,29.9,False,False
S1002767,C11320,2026-08-12,Affiliate,Mobile,6,129.3,False,False
S1002768,C10522,2025-12-10,Instagram,Mobile,4,144.9,False,False
S1002769,C10731,2026-05-24,Affiliate,Mobile,6,267.1,False,False
S1002770,C10125,2026-08-07,Organic,Desktop,4,90.7,False,False
S1002771,,2026-07-08,Instagram,Desktop,8,127.6,False,False
S1002772,C11690,2025-11-23,Google Ads,Mobile,4,54.9,False,False
S1002773,C11671,2026-01-02,Organic,Mobile,7,234.9,False,False
S1002774,,2026-04-18,Organic,Mobile,5,56.9,False,False
S1002775,C10335,2026-05-20,Affiliate,Mobile,6,71.3,False,False
S1002776,C11489,2026-03-05,Organic,Mobile,3,192.7,False,False
S1002777,C10692,2026-05-29,Instagram,Mobile,4,125.4,False,False
S1002778,C11237,2026-06-26,Affiliate,Desktop,8,362.1,False,False
S1002779,C10457,2026-02-22,Organic,Desktop,5,41.8,False,False
S1002780,,2026-06-15,Organic,Tablet,6,121.7,False,False
S1002781,C11330,2026-01-11,Google Ads,Mobile,7,32.4,True,True
S1002782,,2025-10-19,Facebook,Tablet,5,375.7,False,False
S1002783,C11101,2026-07-06,Organic,Mobile,5,112.7,False,False
S1002784,C11616,2026-05-24,Email,Desktop,5,365.3,False,False
S1002785,C11770,2026-02-01,Instagram,Desktop,7,411.5,False,False
S1002786,C10943,2026-03-25,Instagram,Mobile,5,112.6,False,False
S1002787,C11612,2025-10-16,Organic,Mobile,6,157.4,False,False
S1002788,,2026-04-24,Email,Mobile,4,125.3,True,True
S1002789,C11978,2026-08-13,Instagram,Desktop,8,137.8,False,False
S1002790,C11839,2026-07-01,Instagram,Desktop,9,184.6,True,False
S1002791,C11023,2026-01-18,Affiliate,Mobile,3,140.3,False,False
S1002792,C11458,2026-05-30,Google Ads,,5,226.3,False,False
S1002793,C11976,2026-05-29,Email,Mobile,6,316.8,True,True
S1002794,C11234,2026-04-25,Instagram,Mobile,6,498.5,False,False
S1002795,C11881,2026-05-24,Email,Mobile,1,622.6,True,False
S1002796,,2026-03-11,Email,Mobile,6,187.5,False,False
S1002797,,2026-03-29,Google Ads,Desktop,6,230.8,False,False
S1002798,C10537,2026-02-15,Organic,Mobile,6,134.1,False,False
S1002799,C11215,2025-08-28,Email,Mobile,7,69.1,True,False
S1002800,C10327,2025-12-01,Facebook,Mobile,7,133.1,False,False
S1002801,C10845,2026-05-11,Google Ads,Mobile,5,150.1,False,False
S1002802,,2026-04-29,Instagram,Mobile,5,50.7,False,False
S1002803,,2026-03-31,Google Ads,Desktop,3,88.8,False,False
S1002804,C10462,2025-11-15,Organic,Mobile,3,545.5,False,False
S1002805,C11048,2026-07-03,Google Ads,Mobile,2,213.0,False,False
S1002806,,2025-10-06,Affiliate,,9,181.6,False,False
S1002807,C10187,2026-07-22,Organic,Mobile,3,275.4,False,False
S1002808,C11115,2026-05-21,Instagram,Mobile,4,65.6,False,False
S1002809,C11126,2026-04-18,Email,Mobile,6,159.4,False,False
S1002810,C11818,2026-01-13,Facebook,Tablet,5,98.4,False,False
S1002811,C10079,2026-02-09,Facebook,Mobile,11,708.4,False,False
S1002812,C10240,2026-04-20,Instagram,Mobile,2,195.5,False,False
S1002813,,2025-10-19,Facebook,Desktop,2,37.1,False,False
S1002814,C10405,2025-09-16,Instagram,Mobile,6,283.1,False,False
S1002815,C10265,2026-05-19,Email,Mobile,4,175.4,True,False
S1002816,,2026-04-12,Google Ads,Desktop,6,143.9,True,False
S1002817,C10146,2026-05-12,Organic,Tablet,7,170.5,False,False
S1002818,C10750,2026-03-23,Email,Desktop,9,179.9,False,False
S1002819,C10754,2025-11-17,Facebook,Desktop,8,159.4,False,False
S1002820,C11368,2026-01-07,Organic,Mobile,1,99.7,False,False
S1002821,C11014,2026-04-20,Instagram,Mobile,6,147.1,True,True
S1002822,C11168,2025-11-20,Instagram,Mobile,5,50.4,True,True
S1002823,C11825,2025-12-15,Instagram,Desktop,6,126.0,True,False
S1002824,C10492,2026-03-09,Email,Mobile,4,214.5,True,False
S1002825,C11154,2026-03-24,Affiliate,Mobile,5,107.7,False,False
S1002826,C10235,2026-05-29,Instagram,Mobile,4,239.4,False,False
S1002827,C11823,2026-05-31,Organic,Mobile,4,313.3,True,False
S1002828,C10153,2026-06-18,Email,Desktop,5,580.9,False,False
S1002829,C11930,2026-07-29,Google Ads,Mobile,4,156.9,False,False
S1002830,C11514,2026-03-02,Organic,Desktop,2,170.5,False,False
S1002831,,2026-06-30,Google Ads,Tablet,8,357.3,False,False
S1002832,C11931,2026-02-11,Facebook,Desktop,2,512.3,False,False
S1002833,C11085,2025-12-13,Email,Mobile,8,248.4,False,False
S1002834,C11587,2026-07-01,Affiliate,Mobile,8,122.9,True,False
S1002835,,2026-03-07,Instagram,Desktop,4,180.5,False,False
S1002836,C11250,2026-02-12,Email,Mobile,5,168.6,False,False
S1002837,C10614,2026-07-05,Organic,Mobile,4,166.4,True,True
S1002838,C10605,2026-01-15,Affiliate,Mobile,6,102.9,True,True
S1002839,C10123,2026-02-26,Affiliate,Mobile,4,93.0,False,False
S1002840,C11653,2025-11-21,Email,Mobile,4,45.0,True,False
S1002841,,2026-07-28,Instagram,Desktop,5,37.6,False,False
S1002842,C10537,2026-05-25,Facebook,Mobile,4,85.7,False,False
S1002843,C11497,2026-05-19,Affiliate,Mobile,9,141.1,True,True
S1002844,C11948,2026-06-26,Google Ads,Desktop,3,208.0,False,False
S1002845,C10743,2026-07-25,Email,Mobile,2,132.2,False,False
S1002846,C11482,2026-06-24,Organic,Desktop,3,200.5,False,False
S1002847,C11512,2026-06-20,Organic,Desktop,1,86.0,False,False
S1002848,C10586,2026-04-25,Google Ads,Desktop,10,79.2,False,False
S1002849,C11194,2026-08-20,Google Ads,,5,213.7,False,False
S1002850,C10479,2026-05-13,Instagram,Desktop,5,151.1,False,False
S1002851,C11610,2025-12-18,Google Ads,Mobile,6,20.9,True,True
S1002852,C10361,2025-10-31,Affiliate,Mobile,6,376.9,True,True
S1002853,C11130,2026-01-30,Organic,Mobile,9,335.1,False,False
S1002854,C11701,2025-09-03,Email,Mobile,4,38.0,True,False
S1002855,C11171,2025-10-07,Instagram,Mobile,8,113.5,True,False
S1002856,C11449,2026-04-02,Google Ads,Tablet,4,125.0,False,False
S1002857,,2026-05-24,Facebook,Desktop,3,119.8,False,False
S1002858,C10182,2026-07-21,Google Ads,Desktop,5,101.3,True,True
S1002859,,2026-07-04,Instagram,Mobile,3,199.3,False,False
S1002860,C10620,2026-01-23,Facebook,,4,224.2,False,False
S1002861,C11844,2026-04-04,Email,Tablet,3,95.0,True,True
S1002862,,2025-12-20,Affiliate,Mobile,4,44.4,True,False
S1002863,C10620,2025-11-25,Affiliate,Desktop,9,325.7,False,False
S1002864,C10478,2025-11-28,Instagram,Mobile,4,88.2,True,False
S1002865,C10752,2026-05-19,Facebook,Mobile,4,320.2,False,False
S1002866,C11231,2025-09-24,Affiliate,Desktop,12,44.7,False,False
S1002867,C11418,2026-01-08,Google Ads,Mobile,4,402.1,True,False
S1002868,,2026-05-01,Facebook,Mobile,1,190.9,False,False
S1002869,C11011,2025-10-05,Instagram,Desktop,5,484.8,False,False
S1002870,C10238,2026-04-21,Affiliate,Mobile,4,204.2,False,False
S1002871,C11584,2026-08-13,Google Ads,Mobile,6,119.4,False,False
S1002872,C11426,2025-09-06,Affiliate,Mobile,3,329.9,False,False
S1002873,C10459,2026-06-03,Google Ads,Mobile,7,203.8,False,False
S1002874,C11760,2026-06-24,Instagram,Mobile,2,255.3,False,False
S1002875,C11266,2026-07-19,Facebook,Mobile,6,55.1,True,False
S1002876,C11139,2026-01-15,Facebook,Mobile,6,293.4,False,False
S1002877,C10144,2026-08-20,Email,Desktop,4,311.1,False,False
S1002878,C10619,2025-12-21,Affiliate,Mobile,4,192.4,True,False
S1002879,C10240,2026-06-14,Organic,Mobile,4,47.3,False,False
S1002880,C11180,2026-01-11,Organic,Mobile,4,232.4,False,False
S1002881,C10316,2026-07-10,Google Ads,Mobile,1,416.0,False,False
S1002882,C10658,2026-07-18,Instagram,Mobile,2,105.0,False,False
S1002883,C11673,2026-02-09,Email,Mobile,7,575.2,True,False
S1002884,C11965,2025-12-04,Google Ads,Desktop,11,56.4,False,False
S1002885,,2026-06-25,Organic,,5,87.0,True,False
S1002886,C11002,2026-04-14,Google Ads,Mobile,6,49.3,False,False
S1002887,C11896,2026-01-25,Affiliate,Desktop,5,189.2,True,True
S1002888,C10142,2026-02-25,Organic,Mobile,6,214.7,False,False
S1002889,C11758,2025-11-03,Email,Desktop,7,173.3,False,False
S1002890,C11848,2026-02-03,Email,Mobile,6,119.6,False,False
S1002891,C11819,2026-03-22,Facebook,Desktop,3,118.2,True,True
S1002892,C10596,2026-06-03,Google Ads,Desktop,5,85.2,False,False
S1002893,C10062,2026-06-12,Google Ads,Desktop,4,200.1,False,False
S1002894,,2026-04-29,Affiliate,Mobile,5,536.9,True,False
S1002895,C11818,2026-05-07,Organic,Mobile,1,28.2,True,False
S1002896,C11637,2025-10-24,Instagram,Mobile,5,111.4,True,False
S1002897,C10057,2026-06-24,Organic,Mobile,6,243.4,True,True
S1002898,C11832,2025-10-08,Facebook,Desktop,4,333.7,True,True
S1002899,C10707,2026-05-04,Google Ads,Desktop,4,360.5,True,True
S1002900,C10930,2026-04-20,Instagram,Desktop,9,272.9,False,False
S1002901,C10734,2026-03-30,Affiliate,Desktop,5,130.7,True,False
S1002902,C10312,2026-02-02,Instagram,Desktop,3,379.8,False,False
S1002903,,2026-05-25,Affiliate,Mobile,3,822.2,False,False
S1002904,C10808,2025-10-10,Google Ads,Mobile,6,205.3,False,False
S1002905,C11019,2025-12-28,Organic,Mobile,9,279.2,True,False
S1002906,C10158,2026-04-23,Google Ads,Tablet,3,59.1,False,False
S1002907,C11376,2026-01-20,Affiliate,Desktop,2,72.4,False,False
S1002908,C10647,2026-06-11,Affiliate,Desktop,6,484.7,False,False
S1002909,C10901,2026-08-18,Organic,Tablet,3,282.3,False,False
S1002910,C11955,2026-08-03,Google Ads,Desktop,3,128.0,False,False
S1002911,,2026-05-29,Email,Desktop,4,116.0,True,False
S1002912,C10422,2025-11-12,Google Ads,Mobile,9,296.5,False,False
S1002913,C10946,2026-04-14,Google Ads,Mobile,2,278.1,False,False
S1002914,C11245,2026-02-11,Instagram,Desktop,5,257.8,False,False
S1002915,C11767,2026-07-07,Organic,Mobile,2,101.2,False,False
S1002916,,2026-03-01,Email,Mobile,6,69.7,False,False
S1002917,C11466,2025-11-16,Google Ads,Desktop,8,166.4,True,False
S1002918,C10447,2025-08-25,Email,Mobile,7,33.2,False,False
S1002919,,2025-12-29,Facebook,Desktop,7,266.0,False,False
S1002920,C10652,2025-10-31,Facebook,Mobile,6,276.8,False,False
S1002921,C10055,2025-10-15,Email,Desktop,4,153.9,False,False
S1002922,C10135,2025-11-03,Instagram,Mobile,4,170.2,True,False
S1002923,,2025-11-22,Facebook,Mobile,4,146.5,False,False
S1002924,C10443,2025-12-17,Instagram,Desktop,3,204.3,False,False
S1002925,C11637,2025-09-17,Affiliate,Mobile,2,261.0,False,False
S1002926,C11095,2025-09-24,Affiliate,Mobile,5,92.6,False,False
S1002927,C11806,2026-06-15,Email,Desktop,3,207.4,False,False
S1002928,C11131,2025-12-10,Google Ads,Desktop,6,127.5,True,False
S1002929,,2026-08-01,Google Ads,Mobile,4,18.1,False,False
S1002930,C11229,2026-01-05,Affiliate,Desktop,6,85.6,False,False
S1002931,C11010,2026-05-05,Google Ads,Mobile,4,120.9,False,False
S1002932,C11822,2025-08-21,Instagram,Mobile,2,108.1,False,False
S1002933,C11419,2026-07-23,Google Ads,Mobile,4,131.7,False,False
S1002934,C11937,2026-01-15,Instagram,Mobile,5,112.3,True,False
S1002935,C10648,2026-02-27,Organic,Mobile,1,442.3,False,False
S1002936,C11271,2025-09-04,Affiliate,Desktop,5,247.9,True,False
S1002937,,2026-01-13,Organic,Desktop,2,226.4,False,False
S1002938,,2025-09-04,Organic,Desktop,4,23.2,False,False
S1002939,C11064,2025-10-04,Organic,Desktop,4,14.3,False,False
S1002940,C10482,2026-01-07,Facebook,Mobile,4,34.8,False,False
S1002941,C11862,2026-08-09,Google Ads,Desktop,3,131.7,False,False
S1002942,C10401,2025-10-20,Instagram,Mobile,8,233.5,False,False
S1002943,C11301,2025-11-17,Google Ads,Tablet,4,55.5,False,False
S1002944,C11090,2026-05-06,Google Ads,Mobile,3,342.4,False,False
S1002945,,2026-06-26,Instagram,Mobile,3,29.7,False,False
S1002946,C10746,2026-05-07,Facebook,Mobile,3,46.7,False,False
S1002947,C11841,2025-11-21,Affiliate,Mobile,9,77.0,True,False
S1002948,C11512,2025-12-19,Facebook,Desktop,4,142.4,False,False
S1002949,C10202,2025-10-20,Instagram,Mobile,4,525.0,False,False
S1002950,C10181,2026-03-20,Google Ads,Mobile,8,349.4,False,False
S1002951,C10217,2026-07-16,Facebook,Mobile,5,282.9,True,True
S1002952,,2026-01-14,Google Ads,Mobile,4,149.4,False,False
S1002953,C10819,2026-07-13,Google Ads,Mobile,3,172.9,False,False
S1002954,C11052,2026-05-31,Instagram,Mobile,7,121.8,True,True
S1002955,C10228,2026-04-19,Affiliate,Mobile,4,3.3,True,False
S1002956,C11637,2025-10-30,Google Ads,Mobile,4,104.1,False,False
S1002957,C11115,2026-03-22,Google Ads,Mobile,5,140.4,False,False
S1002958,C10439,2025-10-02,Affiliate,Desktop,4,200.4,True,False
S1002959,C10149,2026-02-05,Facebook,Mobile,6,178.5,True,False
S1002960,C10209,2025-11-11,Instagram,Desktop,5,201.7,False,False
S1002961,,2025-11-05,Organic,Desktop,4,134.3,True,False
S1002962,C10156,2025-08-26,Google Ads,Mobile,3,131.1,False,False
S1002963,C10819,2026-06-26,Affiliate,Mobile,5,105.9,True,False
S1002964,C10682,2026-04-20,Instagram,Desktop,4,209.1,False,False
S1002965,C10553,2026-02-13,Instagram,Mobile,4,102.7,False,False
S1002966,C10529,2025-08-27,Google Ads,Mobile,4,102.1,True,False
S1002967,,2026-05-17,Organic,Mobile,11,69.3,False,False
S1002968,C11543,2025-11-04,Instagram,Desktop,2,147.9,False,False
S1002969,,2026-08-18,Affiliate,Desktop,6,77.7,False,False
S1002970,C10475,2026-02-04,Facebook,Mobile,2,37.8,False,False
S1002971,,2025-10-16,Instagram,Mobile,3,199.8,False,False
S1002972,C10595,2026-01-25,Organic,Desktop,10,69.9,False,False
S1002973,C11295,2026-08-14,Email,Mobile,2,124.4,False,False
S1002974,C10693,2025-09-07,Organic,Mobile,7,244.5,False,False
S1002975,C10841,2026-03-08,Affiliate,Mobile,4,82.5,True,False
S1002976,,2026-02-28,Instagram,Mobile,5,339.7,True,True
S1002977,C10177,2025-09-01,Google Ads,Tablet,4,93.3,False,False
S1002978,,2025-09-28,Email,Mobile,7,33.1,False,False
S1002979,C11017,2025-10-10,Affiliate,Tablet,3,121.5,False,False
S1002980,,2025-11-15,Organic,Mobile,5,78.5,False,False
S1002981,C11203,2026-06-21,Facebook,Mobile,4,534.6,False,False
S1002982,C10258,2026-02-01,Email,Desktop,5,130.5,False,False
S1002983,C11489,2026-03-09,Organic,Mobile,7,588.1,False,False
S1002984,C11787,2026-02-06,Affiliate,Mobile,4,47.6,False,False
S1002985,C11087,2026-03-26,Instagram,Mobile,6,46.0,False,False
S1002986,C11610,2025-12-26,Organic,Tablet,2,112.9,False,False
S1002987,C10666,2025-12-04,Organic,Desktop,6,66.3,False,False
S1002988,,2026-01-02,Google Ads,Desktop,5,92.8,False,False
S1002989,C10397,2025-09-21,Instagram,Desktop,4,139.2,True,True
S1002990,C11239,2026-02-09,Email,Mobile,8,493.9,False,False
S1002991,C11882,2026-04-08,Organic,Mobile,4,236.2,True,False
S1002992,C10233,2026-07-13,Google Ads,,7,152.4,True,False
S1002993,C11420,2026-03-14,Affiliate,Desktop,6,184.1,True,False
S1002994,C11544,2026-08-15,Affiliate,Mobile,6,169.1,True,True
S1002995,,2026-05-30,Instagram,Mobile,7,21.4,True,True
S1002996,C10516,2025-10-26,Email,Mobile,7,414.0,False,False
S1002997,,2026-02-17,Affiliate,Mobile,6,313.5,True,True
S1002998,,2026-01-20,Facebook,Mobile,4,142.0,True,False
S1002999,C10861,2025-12-13,Google Ads,Mobile,7,87.1,False,False
S1003000,C11169,2026-04-23,Instagram,Desktop,8,124.1,False,False
S1003001,C10687,2026-03-24,Organic,Mobile,6,103.6,False,False
S1003002,C11662,2025-12-24,Google Ads,Tablet,2,260.4,False,False
S1003003,C10523,2026-07-28,Instagram,Desktop,6,73.9,False,False
S1003004,C10877,2025-10-24,Email,Mobile,6,115.4,False,False
S1003005,C11711,2026-03-26,Google Ads,Desktop,6,388.3,True,True
S1003006,C11427,2026-03-01,Facebook,Desktop,5,72.6,False,False
S1003007,C11985,2025-09-12,Instagram,Mobile,4,66.3,True,False
S1003008,C10973,2026-02-10,Instagram,Mobile,3,130.8,False,False
S1003009,,2026-05-28,Organic,Mobile,3,169.8,False,False
S1003010,C11981,2026-07-20,Organic,Desktop,5,273.5,True,True
S1003011,C11819,2026-04-04,Organic,Desktop,7,237.3,False,False
S1003012,C11328,2026-04-15,Organic,Mobile,5,217.7,True,False
S1003013,C10627,2026-04-13,Facebook,Desktop,10,66.7,False,False
S1003014,C10583,2026-05-25,Email,Mobile,8,470.4,False,False
S1003015,C10378,2026-06-25,Instagram,Desktop,5,239.1,True,False
S1003016,C11672,2025-12-04,Facebook,Mobile,8,453.3,False,False
S1003017,C10467,2025-09-22,Organic,Mobile,6,164.6,False,False
S1003018,C11863,2026-05-07,Affiliate,,6,383.7,True,False
S1003019,C11472,2026-07-25,Google Ads,Tablet,4,235.1,False,False
S1003020,C11746,2026-08-13,Google Ads,Mobile,7,232.2,False,False
S1003021,C10027,2025-09-15,Facebook,Tablet,5,385.2,False,False
S1003022,C10212,2026-08-10,Google Ads,Desktop,6,313.7,True,False
S1003023,C10582,2026-08-01,Email,Mobile,7,393.0,False,False
S1003024,,2026-06-15,Facebook,Mobile,5,80.8,False,False
S1003025,C11513,2026-04-10,Instagram,,3,514.2,False,False
S1003026,C11790,2025-08-27,Organic,Tablet,3,195.3,False,False
S1003027,C11160,2026-01-10,Instagram,Mobile,5,336.6,False,False
S1003028,C11432,2026-03-26,Organic,Mobile,4,194.2,False,False
S1003029,C11282,2026-03-30,Affiliate,Desktop,7,405.9,False,False
S1003030,C11822,2026-02-07,Affiliate,Mobile,4,141.5,False,False
S1003031,C10719,2026-05-22,Affiliate,Desktop,7,28.7,False,False
S1003032,C11817,2026-05-24,Affiliate,Mobile,5,116.0,False,False
S1003033,,2026-07-17,Email,Mobile,4,130.4,True,False
S1003034,,2026-02-17,Email,Desktop,2,282.4,False,False
S1003035,C11461,2025-10-05,Instagram,Mobile,6,123.4,True,False
S1003036,C11008,2026-06-18,Email,Mobile,5,119.3,False,False
S1003037,C11351,2026-04-24,Google Ads,Desktop,10,303.1,True,False
S1003038,C10850,2026-08-05,Organic,Mobile,5,712.2,False,False
S1003039,C11306,2026-06-05,Facebook,Desktop,6,171.0,True,False
S1003040,C10197,2025-09-10,Organic,Mobile,5,162.3,False,False
S1003041,C11148,2026-02-28,Google Ads,Desktop,9,297.3,False,False
S1003042,C10133,2026-06-02,Organic,Desktop,8,179.0,False,False
S1003043,C11967,2025-11-24,Facebook,Mobile,4,84.6,True,False
S1003044,C11823,2025-09-10,Facebook,Mobile,5,26.4,False,False
S1003045,,2025-08-26,Google Ads,Desktop,3,11.6,False,False
S1003046,C10005,2026-07-13,Facebook,Mobile,4,140.4,True,True
S1003047,C10238,2026-02-21,Organic,Mobile,4,23.9,False,False
S1003048,C10616,2026-06-25,Organic,Mobile,3,418.7,False,False
S1003049,C10782,2026-03-07,Affiliate,Mobile,6,68.5,False,False
S1003050,C10212,2026-06-13,Organic,Desktop,2,186.7,False,False
S1003051,C10494,2025-12-20,Google Ads,Mobile,8,321.5,True,False
S1003052,C10744,2025-08-23,Affiliate,Mobile,5,303.1,False,False
S1003053,C11572,2026-03-20,Instagram,Desktop,7,94.4,False,False
S1003054,C10436,2025-12-19,Organic,Desktop,6,55.9,False,False
S1003055,C11374,2025-11-18,Facebook,Mobile,2,190.0,False,False
S1003056,C11335,2026-02-11,Affiliate,Tablet,6,58.0,False,False
S1003057,C10379,2025-12-03,Instagram,Tablet,7,233.3,True,True
S1003058,C11371,2026-07-26,Facebook,Mobile,8,152.0,True,False
S1003059,C11382,2026-07-29,Organic,Desktop,2,30.3,True,True
S1003060,C10939,2025-11-11,Google Ads,Mobile,4,107.3,True,True
S1003061,C11148,2025-12-04,Organic,Desktop,6,116.4,True,False
S1003062,,2026-01-21,Instagram,Mobile,8,384.9,True,True
S1003063,C11908,2026-03-27,Google Ads,Mobile,6,88.4,False,False
S1003064,C11331,2025-10-26,Affiliate,Mobile,5,127.6,False,False
S1003065,C10064,2026-07-04,Email,Mobile,5,83.3,False,False
S1003066,C10340,2025-11-16,Facebook,Mobile,4,441.0,True,True
S1003067,C11200,2026-06-06,Google Ads,Mobile,7,138.7,True,False
S1003068,C10832,2025-09-10,Facebook,Mobile,1,45.3,False,False
S1003069,C11109,2025-12-13,Facebook,Desktop,6,124.2,True,False
S1003070,C11728,2026-05-25,Google Ads,Tablet,5,166.6,False,False
S1003071,C11698,2026-03-07,Email,Tablet,8,315.5,True,False
S1003072,C10941,2026-03-10,Google Ads,Mobile,6,188.9,True,True
S1003073,C11553,2025-12-25,Organic,Mobile,5,31.4,False,False
S1003074,C11997,2026-02-07,Google Ads,Desktop,7,163.2,False,False
S1003075,C11699,2026-06-10,Google Ads,Desktop,5,337.4,False,False
S1003076,,2026-05-28,Affiliate,Mobile,6,77.0,False,False
S1003077,C11551,2026-02-26,Affiliate,Desktop,4,78.7,False,False
S1003078,C10044,2026-04-29,Facebook,Desktop,4,228.0,False,False
S1003079,C10999,2026-08-16,Facebook,Mobile,2,256.4,False,False
S1003080,C11294,2026-05-08,Facebook,Desktop,4,57.1,False,False
S1003081,C11883,2026-06-28,Affiliate,Desktop,8,88.2,False,False
S1003082,,2026-03-31,Affiliate,Tablet,7,104.5,False,False
S1003083,C10461,2026-03-23,Google Ads,Mobile,3,104.5,False,False
S1003084,C11722,2026-06-06,Affiliate,Desktop,6,185.1,True,True
S1003085,C11169,2026-06-18,Organic,Desktop,3,98.1,False,False
S1003086,C10481,2026-03-09,Instagram,Mobile,7,131.5,False,False
S1003087,,2025-10-15,Google Ads,Desktop,4,378.9,False,False
S1003088,C10892,2025-09-01,Facebook,Mobile,5,154.0,True,False
S1003089,C10902,2026-03-08,Organic,Tablet,2,161.7,True,True
S1003090,C10361,2026-04-11,Email,Mobile,8,172.8,False,False
S1003091,C11746,2026-07-29,Facebook,Mobile,9,158.1,False,False
S1003092,,2025-12-11,Organic,Desktop,2,74.0,False,False
S1003093,C10809,2026-03-23,Instagram,Mobile,4,147.2,True,False
S1003094,C10965,2026-02-21,Instagram,Desktop,5,82.0,False,False
S1003095,,2025-11-20,Google Ads,Mobile,4,179.9,False,False
S1003096,C10329,2026-02-14,Facebook,Mobile,5,180.5,True,True
S1003097,,2026-07-13,Email,Mobile,2,210.9,True,True
S1003098,C11183,2026-01-28,Instagram,Desktop,3,233.7,False,False
S1003099,C11652,2026-07-02,Google Ads,Mobile,6,27.3,True,False
S1003100,,2026-07-17,Affiliate,Desktop,2,239.4,False,False
S1003101,C10125,2025-11-29,Google Ads,Tablet,4,106.2,False,False
S1003102,C10814,2025-08-25,Email,Tablet,7,52.5,True,True
S1003103,C10120,2026-04-09,Google Ads,Desktop,8,355.0,False,False
S1003104,C10797,2025-09-25,Email,Desktop,7,22.7,False,False
S1003105,C10708,2026-07-16,Google Ads,Tablet,7,171.7,False,False
S1003106,C11951,2026-01-28,Facebook,Mobile,5,111.3,False,False
S1003107,C11253,2026-05-13,Organic,Desktop,11,67.8,False,False
S1003108,,2026-06-10,Organic,Mobile,5,31.7,False,False
S1003109,C11588,2026-05-13,Organic,Desktop,6,145.7,True,False
S1003110,C10081,2025-12-31,Affiliate,Mobile,2,147.5,False,False
S1003111,C10178,2025-10-08,Facebook,Mobile,9,274.9,False,False
S1003112,,2025-11-15,Email,Mobile,4,66.4,True,True
S1003113,,2026-05-31,Instagram,Mobile,2,148.2,False,False
S1003114,C10251,2026-02-21,Google Ads,Desktop,4,362.4,True,True
S1003115,C10410,2026-04-03,Facebook,Desktop,3,57.8,False,False
S1003116,C11216,2026-06-23,Organic,Mobile,3,298.0,False,False
S1003117,,2025-11-24,Affiliate,Desktop,2,120.0,False,False
S1003118,,2026-03-27,Organic,Mobile,4,197.0,False,False
S1003119,C11893,2026-03-08,Affiliate,Mobile,2,133.2,False,False
S1003120,C10428,2025-10-25,Google Ads,Mobile,3,409.0,False,False
S1003121,C10473,2026-05-22,Google Ads,Mobile,5,253.4,False,False
S1003122,C10307,2026-07-23,Facebook,Mobile,5,215.0,False,False
S1003123,C10820,2026-05-19,Google Ads,Tablet,4,94.6,True,False
S1003124,C11065,2026-02-06,Instagram,Mobile,3,155.5,False,False
S1003125,,2025-12-14,Affiliate,Desktop,5,27.5,False,False
S1003126,C10449,2025-11-30,Facebook,Mobile,3,729.2,False,False
S1003127,,2025-09-26,Instagram,Mobile,2,225.6,False,False
S1003128,C10209,2025-11-22,Google Ads,Desktop,3,532.0,False,False
S1003129,,2025-10-09,Affiliate,Desktop,9,564.8,False,False
S1003130,C11502,2026-01-09,Email,Desktop,9,93.4,False,False
S1003131,C10015,2026-03-14,Facebook,Mobile,11,101.2,True,False
S1003132,C10292,2026-06-09,Email,Mobile,5,164.4,True,False
S1003133,,2026-06-11,Organic,Mobile,6,75.1,True,False
S1003134,C10913,2025-09-29,Google Ads,Mobile,3,547.5,False,False
S1003135,C10478,2026-07-27,Organic,Mobile,3,278.3,False,False
S1003136,C10254,2026-02-03,Email,Mobile,6,368.9,True,False
S1003137,C11661,2025-08-24,Facebook,Mobile,6,329.2,False,False
S1003138,C10752,2025-11-09,Instagram,Desktop,7,132.1,False,False
S1003139,C10169,2025-12-17,Google Ads,Desktop,4,257.4,False,False
S1003140,C11825,2026-05-18,Facebook,Tablet,8,417.5,False,False
S1003141,C10552,2026-01-23,Facebook,Mobile,6,402.3,False,False
S1003142,C11214,2026-02-08,Facebook,Desktop,5,134.0,False,False
S1003143,C11283,2026-03-11,Instagram,Tablet,5,621.8,False,False
S1003144,C11388,2026-07-22,Google Ads,Tablet,6,173.7,False,False
S1003145,,2026-08-14,Email,Mobile,4,124.0,True,False
S1003146,C10034,2026-05-26,Organic,Desktop,4,89.8,False,False
S1003147,C10791,2025-08-31,Instagram,Desktop,5,23.0,False,False
S1003148,C10731,2026-07-23,Instagram,Desktop,4,18.0,False,False
S1003149,C11416,2026-08-08,Google Ads,Mobile,3,76.9,False,False
S1003150,C11364,2026-03-22,Email,Desktop,7,18.7,False,False
S1003151,C10950,2026-01-04,Email,Mobile,5,209.7,True,False
S1003152,C10593,2026-03-22,Google Ads,Mobile,5,183.6,False,False
S1003153,C10298,2026-01-31,Email,Mobile,7,330.4,False,False
S1003154,C11327,2025-12-31,Organic,Tablet,5,18.3,False,False
S1003155,,2026-02-27,Facebook,Mobile,5,213.4,False,False
S1003156,C11264,2026-04-14,Google Ads,Desktop,7,46.1,False,False
S1003157,C10272,2026-03-28,Facebook,Mobile,3,16.2,False,False
S1003158,C11302,2026-04-28,Affiliate,Mobile,3,212.3,False,False
S1003159,C11236,2026-07-25,Facebook,Desktop,6,212.8,False,False
S1003160,C10960,2026-03-01,Organic,Desktop,2,37.4,False,False
S1003161,C11061,2025-10-17,Organic,Desktop,3,85.5,False,False
S1003162,C10165,2026-03-05,Email,Mobile,5,29.7,False,False
S1003163,C10338,2025-11-19,Google Ads,Mobile,5,157.2,False,False
S1003164,C11552,2025-09-27,Email,Desktop,11,285.6,True,False
S1003165,C11975,2026-03-13,Instagram,Mobile,6,88.6,False,False
S1003166,C10166,2026-03-05,Email,Desktop,7,69.4,True,False
S1003167,,2026-05-20,Google Ads,Mobile,2,352.2,False,False
S1003168,C10893,2025-12-01,Facebook,Desktop,3,109.4,False,False
S1003169,C11330,2026-07-07,Facebook,Desktop,4,185.9,True,False
S1003170,C11572,2026-05-13,Google Ads,Desktop,3,337.7,False,False
S1003171,C10458,2025-09-17,Organic,Mobile,8,125.7,False,False
S1003172,C10965,2026-06-28,Google Ads,Mobile,5,177.7,False,False
S1003173,,2026-04-03,Email,Desktop,4,194.0,True,False
S1003174,C10878,2026-04-21,Instagram,Mobile,4,50.4,False,False
S1003175,,2026-04-16,Instagram,Mobile,3,8.4,False,False
S1003176,C11824,2026-05-08,Affiliate,Mobile,7,190.3,False,False
S1003177,C10686,2026-03-17,Google Ads,Mobile,3,83.0,False,False
S1003178,C10962,2025-12-12,Instagram,Mobile,4,58.4,False,False
S1003179,C10667,2026-08-04,Instagram,Desktop,5,53.1,False,False
S1003180,C10496,2026-01-12,Organic,Mobile,3,130.3,False,False
S1003181,C10422,2026-05-19,Email,Tablet,4,49.3,True,False
S1003182,,2026-03-09,Instagram,Mobile,7,71.3,False,False
S1003183,C11260,2026-07-09,Instagram,Mobile,9,61.8,False,False
S1003184,C10015,2026-08-19,Google Ads,Mobile,5,304.9,True,False
S1003185,C10657,2026-06-01,Affiliate,Mobile,5,74.4,False,False
S1003186,C10742,2026-02-27,Facebook,Desktop,6,263.6,True,True
S1003187,,2026-06-05,Instagram,Mobile,5,209.9,False,False
S1003188,C10120,2026-08-14,Facebook,Mobile,1,184.2,False,False
S1003189,C10110,2026-03-29,Google Ads,Desktop,3,426.9,True,False
S1003190,,2025-12-01,Google Ads,Mobile,3,116.3,False,False
S1003191,C11653,2026-03-31,Organic,Tablet,4,120.8,False,False
S1003192,C10779,2025-10-16,Email,Mobile,9,209.9,False,False
S1003193,C11522,2025-10-14,Organic,Mobile,3,132.8,False,False
S1003194,C10800,2026-02-14,Email,Mobile,8,135.4,False,False
S1003195,,2026-01-09,Affiliate,Desktop,6,310.0,True,True
S1003196,C10349,2025-11-25,Organic,Mobile,5,121.3,False,False
S1003197,,2026-05-28,Organic,Mobile,5,310.6,False,False
S1003198,C11156,2026-03-21,Google Ads,Tablet,5,102.0,False,False
S1003199,,2025-10-28,Facebook,Mobile,3,173.2,False,False
S1003200,C11633,2026-04-24,Google Ads,Mobile,4,136.3,False,False
S1003201,C11236,2026-04-04,Google Ads,Mobile,7,247.9,False,False
S1003202,C10883,2025-10-20,Instagram,Tablet,4,95.3,False,False
S1003203,C10047,2026-02-05,Affiliate,Mobile,5,31.2,True,True
S1003204,C11759,2025-12-31,Affiliate,Mobile,5,164.4,False,False
S1003205,,2025-12-20,Instagram,,8,406.7,False,False
S1003206,C11585,2026-01-06,Affiliate,Desktop,6,78.4,False,False
S1003207,C11287,2026-06-13,Email,Desktop,5,38.8,False,False
S1003208,,2026-07-04,Facebook,Mobile,4,80.8,False,False
S1003209,C11291,2025-11-13,Organic,Mobile,2,101.1,False,False
S1003210,C10883,2025-08-30,Affiliate,Desktop,4,140.0,False,False
S1003211,,2026-02-27,Email,Mobile,2,102.3,False,False
S1003212,,2025-10-02,Google Ads,Mobile,5,218.3,False,False
S1003213,,2025-11-06,Facebook,Desktop,6,56.4,False,False
S1003214,C11580,2026-04-04,Affiliate,Desktop,6,55.8,False,False
S1003215,C11308,2025-11-06,Organic,Mobile,6,448.8,True,False
S1003216,C10585,2026-03-25,Instagram,Mobile,3,301.8,False,False
S1003217,C10506,2026-01-15,Affiliate,Mobile,7,97.6,True,False
S1003218,C11969,2026-06-29,Email,Mobile,7,249.3,False,False
S1003219,C11873,2026-07-20,Facebook,Mobile,2,183.3,False,False
S1003220,C11967,2025-12-06,Organic,Mobile,7,131.7,False,False
S1003221,,2025-12-10,Affiliate,Desktop,3,86.5,False,False
S1003222,C11525,2025-09-17,Affiliate,Desktop,3,65.0,False,False
S1003223,C11458,2026-03-17,Instagram,Mobile,5,84.9,False,False
S1003224,C11173,2026-03-15,Google Ads,Mobile,5,50.8,False,False
S1003225,,2026-07-15,Facebook,Desktop,6,232.2,False,False
S1003226,C10180,2026-01-18,Email,Mobile,2,70.4,False,False
S1003227,C11637,2026-08-02,Organic,Desktop,4,449.0,False,False
S1003228,C10907,2025-10-23,Google Ads,Mobile,5,181.0,False,False
S1003229,,2026-06-14,Affiliate,Mobile,3,80.4,True,False
S1003230,C10912,2026-01-25,Instagram,Desktop,5,184.2,True,False
S1003231,C10727,2025-08-31,Google Ads,Desktop,5,126.2,True,False
S1003232,C11041,2026-03-11,Instagram,Mobile,6,452.7,True,False
S1003233,C10084,2026-05-04,Instagram,Desktop,5,352.1,False,False
S1003234,C10119,2025-11-19,Google Ads,Mobile,7,93.1,False,False
S1003235,C11763,2026-05-24,Email,Mobile,6,222.0,True,False
S1003236,C11379,2025-09-17,Instagram,Mobile,4,67.8,False,False
S1003237,C11246,2026-01-04,Organic,Mobile,6,268.7,True,False
S1003238,C11906,2025-12-02,Instagram,Desktop,5,127.2,False,False
S1003239,C10476,2026-05-21,Instagram,Mobile,4,136.2,False,False
S1003240,C11219,2026-07-19,Instagram,Tablet,5,48.6,False,False
S1003241,C10383,2026-07-18,Organic,Desktop,4,377.6,False,False
S1003242,C10797,2026-04-13,Google Ads,Mobile,3,36.9,False,False
S1003243,C10926,2025-09-12,Google Ads,Mobile,7,224.7,False,False
S1003244,C10093,2026-03-09,Google Ads,Desktop,6,174.4,False,False
S1003245,C10860,2026-07-06,Email,Mobile,5,66.1,False,False
S1003246,,2026-03-01,Google Ads,Mobile,4,79.3,False,False
S1003247,C11644,2026-07-13,Google Ads,Mobile,2,104.1,True,True
S1003248,C10532,2026-07-25,Facebook,Mobile,7,59.8,False,False
S1003249,C11505,2026-05-27,Organic,Mobile,6,144.2,False,False
S1003250,C11519,2025-12-25,Organic,Mobile,7,583.5,True,False
S1003251,,2025-10-06,Google Ads,Mobile,3,241.5,False,False
S1003252,C10693,2025-09-25,Google Ads,Desktop,8,185.9,False,False
S1003253,C11489,2025-08-31,Email,Desktop,2,395.7,False,False
S1003254,,2025-10-24,Email,Tablet,5,338.0,True,False
S1003255,C11129,2026-08-09,Affiliate,Desktop,6,102.0,False,False
S1003256,,2025-10-08,Affiliate,Desktop,6,514.6,True,True
S1003257,C11308,2025-10-11,Email,Desktop,6,230.1,True,True
S1003258,C10087,2025-11-03,Affiliate,Mobile,5,279.0,True,False
S1003259,C10643,2026-07-11,Facebook,Mobile,4,229.5,False,False
S1003260,,2025-12-20,Google Ads,Mobile,8,243.7,False,False
S1003261,C11114,2025-09-03,Facebook,Desktop,5,219.4,False,False
S1003262,C10822,2026-08-17,Google Ads,Desktop,4,41.3,False,False
S1003263,C11056,2026-04-15,Instagram,Desktop,6,72.4,False,False
S1003264,C11570,2026-03-04,Organic,Mobile,5,149.5,False,False
S1003265,C10694,2025-08-25,Affiliate,Mobile,8,272.8,True,False
S1003266,C11618,2026-08-07,Facebook,Mobile,3,200.4,False,False
S1003267,C11794,2026-08-05,Organic,Mobile,11,189.6,False,False
S1003268,C11753,2026-02-23,Instagram,Mobile,6,34.4,True,False
S1003269,,2025-11-16,Facebook,Tablet,7,305.9,True,False
S1003270,C10190,2025-11-30,Organic,Mobile,6,565.6,False,False
S1003271,C10789,2026-06-26,Affiliate,Desktop,5,70.6,False,False
S1003272,C10186,2025-12-26,Email,Mobile,4,509.0,False,False
S1003273,,2026-06-07,Affiliate,Mobile,5,160.5,False,False
S1003274,,2026-03-01,Organic,Desktop,4,58.7,False,False
S1003275,,2026-07-21,Affiliate,Mobile,8,86.9,False,False
S1003276,,2026-02-09,Instagram,Mobile,4,428.4,True,False
S1003277,C10195,2026-01-12,Email,Desktop,7,119.7,True,False
S1003278,,2026-03-22,Email,Desktop,2,50.7,False,False
S1003279,C11181,2026-06-07,Facebook,Mobile,6,59.6,True,False
S1003280,C11028,2026-06-10,Facebook,Desktop,10,254.4,False,False
S1003281,C10158,2026-02-02,Facebook,Mobile,5,81.7,False,False
S1003282,C11315,2026-05-01,Instagram,Tablet,4,47.6,False,False
S1003283,,2026-06-28,Email,Mobile,5,154.0,False,False
S1003284,,2026-01-03,Google Ads,Desktop,6,118.2,False,False
S1003285,C11963,2026-02-27,Organic,Desktop,3,73.8,False,False
S1003286,C11955,2026-04-19,Affiliate,Tablet,6,34.8,False,False
S1003287,,2025-11-01,Instagram,Mobile,4,203.4,True,True
S1003288,C11868,2025-11-08,Affiliate,Mobile,3,170.2,False,False
S1003289,C10172,2025-12-06,Google Ads,Mobile,8,75.0,True,True
S1003290,C10426,2026-04-29,Affiliate,Mobile,8,79.8,False,False
S1003291,C10399,2026-03-30,Instagram,,3,67.9,False,False
S1003292,C11970,2026-08-15,Google Ads,Mobile,6,322.5,False,False
S1003293,,2026-07-19,Organic,Desktop,4,410.3,False,False
S1003294,C10544,2025-11-15,Google Ads,Mobile,3,95.7,True,False
S1003295,C11694,2026-04-27,Google Ads,Desktop,4,71.2,True,False
S1003296,C10150,2025-08-30,Organic,Mobile,5,411.6,False,False
S1003297,C10744,2025-12-20,Facebook,Mobile,7,66.5,False,False
S1003298,C10317,2025-11-22,Affiliate,,4,22.2,True,True
S1003299,C10015,2025-12-29,Instagram,Mobile,4,201.5,True,True
S1003300,,2025-09-13,Email,Desktop,7,211.1,True,True
S1003301,,2025-10-09,Organic,Desktop,3,276.9,False,False
S1003302,C11616,2026-06-29,Organic,Mobile,6,303.9,False,False
S1003303,C10068,2026-06-20,Email,Desktop,4,272.2,False,False
S1003304,C10796,2025-08-30,Email,Desktop,5,45.5,True,False
S1003305,C11932,2026-07-07,Google Ads,Mobile,8,61.0,False,False
S1003306,C11380,2026-01-04,Google Ads,Mobile,5,100.4,False,False
S1003307,C11136,2026-04-16,Facebook,Desktop,7,36.8,False,False
S1003308,C10130,2025-10-26,Facebook,Desktop,4,26.2,False,False
S1003309,C11367,2026-07-25,Affiliate,Desktop,7,423.5,True,True
S1003310,,2026-06-01,Affiliate,Desktop,10,103.5,False,False
S1003311,,2026-06-14,Organic,Mobile,6,591.0,False,False
S1003312,C11247,2025-09-11,Organic,Mobile,5,208.8,False,False
S1003313,C10373,2026-06-11,Instagram,Mobile,6,110.7,False,False
S1003314,,2026-01-20,Affiliate,Desktop,4,153.9,False,False
S1003315,,2026-06-18,Email,Desktop,4,121.4,False,False
S1003316,C10122,2025-12-28,Facebook,Mobile,7,229.2,False,False
S1003317,C10236,2026-01-21,Affiliate,Desktop,4,281.6,False,False
S1003318,C10699,2026-08-18,Email,Mobile,7,171.0,False,False
S1003319,C11409,2026-02-06,Facebook,Mobile,5,176.2,True,False
S1003320,C11734,2026-02-22,Affiliate,Desktop,7,95.4,False,False
S1003321,C11806,2026-01-25,Email,Mobile,8,159.4,False,False
S1003322,C10221,2026-02-07,Email,Mobile,6,114.7,True,False
S1003323,C11122,2026-04-03,Google Ads,Mobile,3,538.4,False,False
S1003324,,2026-07-14,Google Ads,Mobile,8,130.7,False,False
S1003325,,2025-09-20,Google Ads,Desktop,5,93.9,True,False
S1003326,C11726,2025-09-06,Google Ads,Mobile,3,443.7,False,False
S1003327,C11063,2026-04-25,Google Ads,Desktop,8,114.3,False,False
S1003328,C11590,2025-09-02,Google Ads,Desktop,1,76.6,False,False
S1003329,C11141,2025-11-12,Affiliate,,3,96.2,False,False
S1003330,,2025-09-02,Affiliate,Desktop,3,95.0,True,True
S1003331,C11720,2026-03-26,Google Ads,Mobile,4,306.0,False,False
S1003332,C10155,2025-11-04,Email,Mobile,4,242.9,False,False
S1003333,C10210,2026-01-26,Instagram,Desktop,6,95.9,False,False
S1003334,,2026-03-24,Email,Mobile,2,143.0,False,False
S1003335,C10871,2026-01-17,Email,Mobile,7,125.5,False,False
S1003336,C11160,2026-01-01,Organic,Mobile,10,180.9,False,False
S1003337,C10828,2026-03-05,Google Ads,Desktop,7,528.4,False,False
S1003338,C11741,2025-09-07,Affiliate,Desktop,9,148.0,True,False
S1003339,C11868,2026-02-08,Facebook,Mobile,3,142.2,True,False
S1003340,C10270,2026-01-22,Email,Mobile,3,88.4,False,False
S1003341,C10698,2026-04-01,Instagram,Mobile,3,145.4,False,False
S1003342,C10452,2025-10-21,Email,Desktop,9,248.1,True,True
S1003343,C11874,2026-08-03,Organic,Mobile,4,49.5,False,False
S1003344,C10084,2026-06-30,Facebook,Mobile,4,96.4,False,False
S1003345,C10562,2026-03-22,Google Ads,Mobile,6,286.6,False,False
S1003346,C11268,2026-01-24,Email,Mobile,2,131.9,False,False
S1003347,,2026-07-07,Instagram,Tablet,4,54.6,False,False
S1003348,C11333,2026-08-15,Facebook,Mobile,5,32.1,False,False
S1003349,C10648,2026-06-29,Organic,Desktop,2,77.9,True,False
S1003350,,2026-05-22,Email,Mobile,3,109.8,False,False
S1003351,,2026-01-10,Facebook,Mobile,3,88.4,False,False
S1003352,C10176,2025-09-28,Organic,Desktop,2,266.5,False,False
S1003353,C10400,2025-10-07,Google Ads,Mobile,4,101.4,False,False
S1003354,,2026-03-24,Organic,Mobile,5,157.1,False,False
S1003355,,2025-10-01,Google Ads,Tablet,5,321.3,False,False
S1003356,C10821,2025-10-06,Google Ads,Tablet,4,181.7,False,False
S1003357,C11377,2026-04-01,Affiliate,Desktop,4,153.0,False,False
S1003358,C10656,2025-10-28,Email,Mobile,4,248.3,False,False
S1003359,C11979,2025-10-27,Affiliate,Desktop,5,284.3,False,False
S1003360,C10266,2026-08-17,Email,Mobile,8,59.4,True,False
S1003361,C10795,2025-11-07,Google Ads,Desktop,3,214.7,False,False
S1003362,C10793,2025-09-02,Google Ads,Desktop,5,57.9,False,False
S1003363,C10818,2025-10-30,Facebook,Desktop,5,289.3,False,False
S1003364,C10632,2026-07-30,Email,Mobile,3,190.5,False,False
S1003365,,2025-09-27,Affiliate,Mobile,2,404.1,False,False
S1003366,C11124,2025-08-29,Email,Desktop,5,275.1,False,False
S1003367,C11610,2025-10-30,Email,Mobile,6,455.1,False,False
S1003368,,2026-05-18,Google Ads,Mobile,7,414.8,False,False
S1003369,C10776,2025-12-21,Google Ads,Mobile,2,55.4,True,False
S1003370,C11006,2026-02-25,Organic,Mobile,3,151.3,False,False
S1003371,,2025-11-26,Google Ads,Desktop,2,120.8,False,False
S1003372,C11684,2026-02-25,Organic,,6,12.3,False,False
S1003373,C10423,2026-06-18,Google Ads,Tablet,5,103.4,False,False
S1003374,C10661,2026-05-16,Google Ads,Mobile,7,86.7,False,False
S1003375,C10416,2026-06-22,Instagram,Mobile,9,14.2,True,False
S1003376,,2025-12-21,Affiliate,Desktop,7,538.2,False,False
S1003377,C10002,2025-11-25,Facebook,Desktop,4,240.4,False,False
S1003378,C11071,2025-10-13,Organic,Mobile,6,52.7,False,False
S1003379,C10800,2026-02-28,Organic,Mobile,6,37.2,False,False
S1003380,C10222,2026-04-19,Instagram,Desktop,4,297.6,False,False
S1003381,C10696,2025-11-27,Affiliate,Mobile,9,267.7,False,False
S1003382,C10738,2026-04-24,Organic,Desktop,6,55.4,False,False
S1003383,,2026-05-10,Instagram,Desktop,2,113.9,False,False
S1003384,C10386,2025-12-31,Affiliate,Mobile,6,257.3,False,False
S1003385,C10761,2026-06-18,Organic,Mobile,4,136.7,False,False
S1003386,C11255,2026-07-18,Organic,Desktop,8,151.7,False,False
S1003387,C10591,2026-04-11,Email,Mobile,11,90.0,False,False
S1003388,,2025-09-13,Google Ads,Desktop,5,108.0,False,False
S1003389,C10254,2026-01-23,Google Ads,Mobile,5,60.3,False,False
S1003390,C10301,2026-05-27,Organic,Mobile,6,134.7,False,False
S1003391,C11877,2025-10-19,Instagram,Desktop,6,235.9,False,False
S1003392,C11486,2026-04-02,Google Ads,Desktop,8,88.2,False,False
S1003393,C11862,2025-09-24,Email,Desktop,8,220.4,True,False
S1003394,C10576,2026-02-20,Organic,Desktop,7,95.9,False,False
S1003395,C11103,2026-06-02,Organic,Mobile,5,232.5,False,False
S1003396,C10456,2026-06-03,Instagram,Desktop,5,196.9,False,False
S1003397,C11758,2026-01-09,Google Ads,Desktop,3,225.9,True,False
S1003398,C10954,2026-07-07,Organic,Mobile,4,563.2,False,False
S1003399,C11561,2025-12-24,Facebook,Desktop,4,54.3,False,False
S1003400,C10623,2025-12-08,Google Ads,Mobile,5,110.2,True,False
S1003401,C11901,2026-06-07,Google Ads,Tablet,6,54.4,False,False
S1003402,C10302,2026-03-24,Instagram,Mobile,4,157.7,True,False
S1003403,C11276,2025-09-02,Organic,Desktop,5,202.4,False,False
S1003404,C11846,2025-12-06,Affiliate,Mobile,6,230.1,False,False
S1003405,,2026-03-15,Google Ads,Mobile,2,165.1,False,False
S1003406,C10088,2026-03-02,Affiliate,Mobile,2,99.7,False,False
S1003407,C10309,2026-03-10,Organic,Mobile,2,129.7,False,False
S1003408,C10837,2026-03-12,Instagram,Mobile,6,122.7,True,False
S1003409,C11582,2025-11-11,Email,Desktop,3,196.6,False,False
S1003410,C11661,2026-03-02,Google Ads,Mobile,8,603.1,False,False
S1003411,C11033,2025-11-10,Facebook,Tablet,5,106.2,True,True
S1003412,,2026-04-20,Affiliate,Desktop,4,124.9,False,False
S1003413,C11776,2026-04-09,Google Ads,Mobile,7,103.9,False,False
S1003414,C11439,2025-10-09,Instagram,Mobile,6,424.1,False,False
S1003415,C11092,2025-10-05,Google Ads,Desktop,8,68.5,False,False
S1003416,C11012,2025-10-16,Organic,Mobile,4,49.6,False,False
S1003417,,2026-01-30,Instagram,Desktop,5,90.8,False,False
S1003418,,2026-03-09,Google Ads,Mobile,7,91.4,True,False
S1003419,C10670,2025-11-12,Google Ads,Desktop,7,164.8,False,False
S1003420,C11987,2025-12-11,Facebook,Mobile,2,185.7,False,False
S1003421,C10383,2025-09-04,Email,Mobile,4,126.0,False,False
S1003422,C10512,2025-11-09,Instagram,Mobile,4,335.4,False,False
S1003423,C11135,2025-12-21,Affiliate,Mobile,5,95.9,True,False
S1003424,C11971,2025-11-30,Facebook,Mobile,4,111.1,True,False
S1003425,,2026-03-10,Instagram,Mobile,2,136.0,False,False
S1003426,C10892,2025-09-04,Instagram,Mobile,2,205.3,True,False
S1003427,C10091,2026-02-18,Facebook,Mobile,4,112.5,False,False
S1003428,C11987,2025-09-30,Facebook,Mobile,7,87.6,False,False
S1003429,C11427,2026-01-21,Organic,Mobile,8,188.3,False,False
S1003430,C11481,2025-12-28,Email,Mobile,8,73.1,False,False
S1003431,C10968,2026-05-11,Instagram,Mobile,4,294.7,False,False
S1003432,,2026-03-24,Organic,Mobile,4,214.2,False,False
S1003433,,2025-12-28,Organic,Mobile,9,105.8,False,False
S1003434,C11238,2025-11-01,Google Ads,Mobile,6,11.0,False,False
S1003435,C11537,2026-05-26,Affiliate,Mobile,7,206.5,False,False
S1003436,C10196,2026-05-27,Email,Mobile,3,16.4,True,True
S1003437,C11724,2026-04-05,Instagram,Desktop,5,152.4,False,False
S1003438,,2026-06-14,Google Ads,Desktop,6,343.2,False,False
S1003439,C10540,2026-02-21,Google Ads,Desktop,10,206.0,True,False
S1003440,C10250,2026-01-20,Google Ads,Mobile,8,123.0,False,False
S1003441,C10569,2025-12-26,Organic,Mobile,1,274.1,False,False
S1003442,C11211,2026-04-26,Affiliate,Mobile,6,140.4,True,False
S1003443,,2026-04-20,Organic,Mobile,4,93.3,False,False
S1003444,C10945,2025-11-19,Instagram,Tablet,3,259.0,False,False
S1003445,C10438,2026-06-22,Google Ads,Desktop,6,195.4,False,False
S1003446,C11742,2026-02-16,Facebook,Desktop,6,111.5,False,False
S1003447,C11400,2025-09-25,Organic,Mobile,4,37.4,True,False
S1003448,C11677,2026-06-20,Instagram,Mobile,7,170.9,False,False
S1003449,,2026-04-24,Email,Mobile,5,1033.0,False,False
S1003450,C11275,2025-11-07,Facebook,Mobile,2,52.3,False,False
S1003451,C10059,2026-05-17,Google Ads,Desktop,6,109.7,False,False
S1003452,C11529,2026-08-04,Google Ads,Desktop,6,255.5,False,False
S1003453,C10464,2026-05-19,Instagram,Mobile,5,130.2,False,False
S1003454,C11017,2026-07-12,Instagram,Desktop,3,176.4,False,False
S1003455,C11436,2026-01-20,Instagram,Mobile,2,258.0,False,False
S1003456,C10847,2026-01-25,Email,Desktop,2,103.7,False,False
S1003457,C11073,2026-05-13,Facebook,Desktop,7,137.1,False,False
S1003458,C10976,2025-10-15,Facebook,Mobile,3,49.2,False,False
S1003459,C11456,2026-07-01,Organic,Desktop,9,211.8,False,False
S1003460,C10268,2026-04-18,Google Ads,Mobile,2,293.0,False,False
S1003461,C10315,2026-07-18,Facebook,Mobile,8,439.2,False,False
S1003462,C10935,2026-02-11,Facebook,Desktop,4,329.9,False,False
S1003463,C11055,2026-02-26,Google Ads,Desktop,7,77.5,True,True
S1003464,C11195,2025-11-25,Organic,Tablet,7,270.7,False,False
S1003465,C10432,2026-08-08,Google Ads,Mobile,4,81.1,False,False
S1003466,,2026-05-18,Google Ads,Desktop,5,185.0,False,False
S1003467,C10659,2026-03-17,Instagram,Mobile,3,109.0,False,False
S1003468,C11802,2025-11-11,Facebook,Mobile,4,445.4,False,False
S1003469,C10424,2026-01-14,Email,Tablet,3,58.6,False,False
S1003470,,2025-12-07,Affiliate,Desktop,4,285.4,False,False
S1003471,C11798,2025-10-05,Organic,Mobile,8,77.9,False,False
S1003472,C10812,2026-01-27,Email,Mobile,6,140.8,False,False
S1003473,C10966,2025-08-23,Affiliate,Mobile,1,127.4,False,False
S1003474,C10014,2026-05-17,Facebook,Mobile,4,101.6,False,False
S1003475,C10789,2026-07-15,Facebook,Tablet,3,173.4,False,False
S1003476,C11562,2026-04-29,Instagram,Mobile,1,53.7,False,False
S1003477,C11377,2026-06-01,Organic,Mobile,5,32.9,False,False
S1003478,C11469,2026-08-16,Google Ads,Desktop,8,190.9,False,False
S1003479,C11126,2026-04-17,Organic,Mobile,5,367.4,True,False
S1003480,C11981,2026-04-16,Google Ads,Desktop,7,355.9,True,False
S1003481,C11104,2025-12-08,Google Ads,Mobile,4,94.9,True,True
S1003482,C11901,2026-02-17,Google Ads,Desktop,5,410.0,True,False
S1003483,C10851,2026-04-06,Organic,Mobile,8,216.2,True,False
S1003484,C10985,2026-05-24,Email,Mobile,3,58.5,False,False
S1003485,C10902,2026-01-05,Google Ads,Mobile,5,84.2,False,False
S1003486,C11619,2026-01-18,Google Ads,Mobile,5,216.6,True,False
S1003487,C11742,2026-03-21,Google Ads,Mobile,3,137.1,False,False
S1003488,,2026-07-16,Affiliate,Desktop,3,275.0,False,False
S1003489,C11718,2026-06-26,Facebook,Mobile,5,341.4,False,False
S1003490,C11558,2025-10-13,Google Ads,Mobile,7,18.9,False,False
S1003491,C11352,2025-11-14,Organic,Mobile,3,18.3,False,False
S1003492,,2025-11-30,Instagram,Mobile,6,275.1,False,False
S1003493,,2025-12-14,Instagram,Mobile,3,120.2,True,False
S1003494,C10517,2025-08-28,Email,Mobile,3,51.0,False,False
S1003495,C10697,2026-07-06,Facebook,Desktop,5,55.1,True,False
S1003496,,2026-03-12,Email,Tablet,6,197.4,True,False
S1003497,,2025-11-15,Google Ads,Tablet,7,131.6,False,False
S1003498,C11348,2026-01-15,Instagram,Desktop,5,87.6,False,False
S1003499,,2026-05-18,Facebook,Mobile,5,135.7,False,False
S1003500,,2026-05-27,Organic,Mobile,5,208.7,False,False
S1003501,C10060,2025-11-10,Organic,Desktop,4,78.8,False,False
S1003502,,2026-01-22,Facebook,Desktop,3,121.2,False,False
S1003503,C10971,2026-01-21,Affiliate,Mobile,3,212.2,False,False
S1003504,C11146,2025-11-29,Affiliate,Tablet,6,347.0,False,False
S1003505,,2026-06-18,Affiliate,Mobile,3,175.4,False,False
S1003506,C11945,2025-09-29,Facebook,Mobile,4,389.1,True,False
S1003507,C10842,2025-10-12,Affiliate,Mobile,4,196.0,False,False
S1003508,,2026-08-20,Organic,Desktop,6,246.7,True,False
S1003509,C11680,2026-03-19,Email,Desktop,4,76.4,False,False
S1003510,C10763,2026-02-17,Email,Mobile,8,117.3,True,False
S1003511,C10151,2026-06-30,Email,Mobile,5,25.5,False,False
S1003512,C11546,2025-12-01,Google Ads,Mobile,7,123.2,False,False
S1003513,C11563,2026-05-09,Organic,Mobile,11,153.0,True,True
S1003514,C11412,2025-09-15,Instagram,Mobile,6,416.0,True,False
S1003515,C10364,2025-11-11,Facebook,Mobile,6,52.4,False,False
S1003516,C11065,2026-07-09,Facebook,Mobile,6,247.2,False,False
S1003517,,2025-11-05,Email,Mobile,6,64.8,True,False
S1003518,C11145,2026-06-18,Facebook,Mobile,4,57.0,True,True
S1003519,,2026-03-28,Affiliate,Mobile,9,208.6,False,False
S1003520,C10527,2025-08-30,Organic,,5,209.1,True,False
S1003521,C10709,2026-05-26,Instagram,Desktop,5,58.3,False,False
S1003522,C11138,2026-05-16,Google Ads,Mobile,7,305.0,True,True
S1003523,C11115,2026-01-14,Affiliate,Mobile,4,126.1,True,True
S1003524,C11612,2026-06-23,Facebook,Mobile,4,103.4,False,False
S1003525,,2026-03-01,Google Ads,Mobile,5,145.2,True,False
S1003526,C11392,2025-10-10,Affiliate,Desktop,6,291.7,True,False
S1003527,C10236,2026-06-19,Instagram,Mobile,5,107.3,False,False
S1003528,C10193,2025-08-21,Google Ads,Mobile,7,249.0,False,False
S1003529,C10218,2025-09-06,Instagram,Mobile,3,298.2,False,False
S1003530,C10001,2025-09-11,Instagram,Mobile,7,39.5,False,False
S1003531,,2026-06-18,Google Ads,Tablet,4,218.8,False,False
S1003532,C11023,2026-02-18,Email,Desktop,6,251.1,True,False
S1003533,,2025-12-13,Instagram,Mobile,4,234.8,False,False
S1003534,C10027,2026-03-30,Google Ads,Desktop,4,148.7,True,False
S1003535,C11075,2026-03-27,Organic,Mobile,3,151.9,True,True
S1003536,C11913,2025-09-03,Instagram,Desktop,5,284.0,True,False
S1003537,,2025-11-25,Organic,Desktop,2,32.6,True,True
S1003538,C11442,2025-11-02,Email,Mobile,9,117.7,False,False
S1003539,C11288,2026-01-25,Organic,Desktop,6,373.9,True,False
S1003540,C11169,2026-07-16,Organic,Mobile,4,69.8,True,False
S1003541,C11855,2025-09-02,Facebook,Mobile,5,131.4,False,False
S1003542,C11889,2026-05-10,Google Ads,Mobile,4,30.8,False,False
S1003543,,2026-02-22,Organic,Mobile,5,94.5,True,True
S1003544,,2025-09-21,Email,Mobile,2,186.0,False,False
S1003545,C10372,2026-05-30,Organic,Mobile,5,352.4,False,False
S1003546,C10808,2026-08-19,Google Ads,Desktop,6,159.1,False,False
S1003547,C11560,2025-10-30,Google Ads,Mobile,2,123.6,False,False
S1003548,C10626,2026-03-15,Instagram,Mobile,3,84.6,False,False
S1003549,C10746,2026-04-16,Facebook,Mobile,8,57.8,False,False
S1003550,C11159,2025-09-21,Facebook,Mobile,6,105.1,True,False
S1003551,,2026-06-20,Instagram,Mobile,6,61.6,False,False
S1003552,C10961,2026-02-03,Google Ads,Desktop,4,301.2,False,False
S1003553,,2025-09-02,Email,Mobile,6,126.8,False,False
S1003554,C11397,2026-08-09,Facebook,Mobile,9,89.8,False,False
S1003555,C11574,2025-12-23,Organic,Mobile,4,54.9,False,False
S1003556,,2026-05-01,Google Ads,Desktop,6,133.2,True,False
S1003557,C10632,2026-06-12,Email,Mobile,9,71.5,True,False
S1003558,,2026-07-29,Organic,Desktop,2,691.8,False,False
S1003559,C10422,2025-11-21,Email,Mobile,9,100.0,False,False
S1003560,,2026-04-16,Organic,Mobile,5,90.8,False,False
S1003561,C11674,2026-07-20,Organic,Mobile,6,33.6,True,True
S1003562,C10697,2026-03-19,Facebook,Mobile,5,369.6,True,True
S1003563,C11098,2026-04-16,Organic,Desktop,1,81.3,False,False
S1003564,C10861,2026-03-24,Affiliate,Mobile,6,172.4,False,False
S1003565,C11549,2026-02-13,Facebook,Desktop,6,100.3,True,True
S1003566,C10972,2025-11-27,Google Ads,Mobile,5,140.1,False,False
S1003567,,2026-04-06,Instagram,Tablet,5,553.1,True,False
S1003568,,2025-08-21,Organic,Desktop,4,90.3,False,False
S1003569,C11702,2025-10-12,Email,Desktop,4,86.2,False,False
S1003570,C11944,2026-06-16,Email,Mobile,9,168.8,True,True
S1003571,,2026-06-23,Organic,Mobile,5,220.8,True,False
S1003572,C11810,2026-04-07,Facebook,Mobile,8,145.0,True,True
S1003573,C10412,2025-10-15,Google Ads,Mobile,6,224.2,True,False
S1003574,,2026-06-05,Facebook,Mobile,2,388.0,False,False
S1003575,C11643,2026-07-11,Affiliate,Mobile,5,47.3,True,True
S1003576,C10807,2026-07-06,Affiliate,Desktop,1,623.5,False,False
S1003577,C11507,2026-01-14,Instagram,Mobile,6,182.7,False,False
S1003578,C11519,2026-05-24,Instagram,Mobile,7,132.0,False,False
S1003579,C11678,2026-03-10,Email,Mobile,4,96.5,False,False
S1003580,C10907,2025-12-04,Affiliate,Mobile,3,176.1,False,False
S1003581,C11725,2026-04-26,Email,Desktop,6,70.4,False,False
S1003582,,2026-05-22,Instagram,Mobile,4,72.8,False,False
S1003583,C10518,2025-09-06,Organic,Desktop,4,129.3,True,False
S1003584,C11469,2026-08-05,Email,Mobile,2,266.1,False,False
S1003585,C11587,2026-02-10,Instagram,Mobile,3,134.2,False,False
S1003586,C10348,2026-07-06,Email,Mobile,9,468.3,False,False
S1003587,C11485,2026-03-21,Instagram,Desktop,5,22.5,False,False
S1003588,C11074,2025-11-29,Email,Mobile,2,58.9,False,False
S1003589,C10465,2026-01-30,Email,Mobile,3,347.2,False,False
S1003590,,2026-01-09,Organic,,4,173.9,True,True
S1003591,C11649,2026-02-26,Affiliate,Mobile,6,198.3,False,False
S1003592,C11776,2026-01-05,Organic,Desktop,4,44.6,True,False
S1003593,C10988,2025-10-06,Facebook,Mobile,5,88.3,True,False
S1003594,C11090,2025-11-17,Google Ads,Desktop,2,88.8,False,False
S1003595,C10762,2025-12-29,Organic,Mobile,6,147.7,False,False
S1003596,,2026-05-25,Google Ads,Mobile,9,209.4,False,False
S1003597,C10508,2026-01-15,Facebook,Mobile,2,375.1,True,False
S1003598,C11999,2026-02-05,Affiliate,Mobile,2,224.3,False,False
S1003599,C11882,2026-03-08,Instagram,Desktop,7,360.4,True,False
S1003600,,2026-08-08,Facebook,Mobile,7,200.8,True,False
S1003601,C10114,2026-01-05,Organic,Desktop,5,198.1,True,False
S1003602,C10179,2026-04-09,Instagram,Desktop,9,39.2,False,False
S1003603,C10792,2025-11-06,Google Ads,Desktop,1,32.4,False,False
S1003604,C11447,2025-11-16,Instagram,Mobile,2,294.2,False,False
S1003605,C10212,2025-09-29,Google Ads,Desktop,3,687.2,False,False
S1003606,C10290,2025-12-28,Facebook,Mobile,3,317.6,False,False
S1003607,C11781,2025-10-30,Facebook,Desktop,4,324.3,False,False
S1003608,,2026-04-10,Facebook,Mobile,4,34.6,False,False
S1003609,,2025-09-24,Instagram,Mobile,7,80.5,False,False
S1003610,C10576,2026-03-06,Email,Mobile,3,41.9,False,False
S1003611,C11616,2026-04-19,Organic,Mobile,2,137.8,False,False
S1003612,C10885,2025-08-21,Affiliate,Mobile,5,130.5,True,True
S1003613,,2026-04-15,Organic,Tablet,3,205.8,False,False
S1003614,C11851,2026-01-17,Facebook,Desktop,4,21.2,True,True
S1003615,C11169,2025-11-18,Email,Mobile,4,81.6,False,False
S1003616,,2026-01-16,Instagram,Mobile,4,21.6,False,False
S1003617,C10110,2025-08-28,Affiliate,Desktop,4,283.7,True,True
S1003618,C10581,2025-11-22,Affiliate,Mobile,1,310.7,False,False
S1003619,,2025-12-24,Organic,Mobile,3,117.5,False,False
S1003620,C11287,2025-11-10,Facebook,Mobile,2,111.4,False,False
S1003621,C11647,2026-06-20,Facebook,Desktop,7,26.4,False,False
S1003622,,2026-08-15,Email,Mobile,5,72.9,False,False
S1003623,C10613,2025-10-06,Organic,Mobile,6,42.2,False,False
S1003624,,2025-09-24,Organic,,3,294.2,False,False
S1003625,C11299,2025-10-13,Facebook,Mobile,5,251.6,False,False
S1003626,C10484,2025-10-31,Organic,Mobile,3,150.6,False,False
S1003627,C10179,2025-09-25,Instagram,Mobile,5,116.7,False,False
S1003628,C10659,2026-08-08,Facebook,Desktop,7,176.5,False,False
S1003629,C10553,2026-04-23,Affiliate,Mobile,8,149.3,False,False
S1003630,C11209,2025-12-22,Google Ads,Mobile,3,119.0,False,False
S1003631,C11938,2026-02-11,Affiliate,Mobile,7,148.1,True,False
S1003632,C11552,2025-08-29,Affiliate,Desktop,7,177.4,False,False
S1003633,C10840,2025-10-20,Google Ads,Desktop,5,148.6,False,False
S1003634,C10060,2026-01-17,Affiliate,Desktop,5,16.7,True,False
S1003635,C10964,2026-07-14,Instagram,Desktop,5,19.1,True,False
S1003636,,2025-09-12,Google Ads,Mobile,5,162.4,False,False
S1003637,C11733,2025-09-04,Organic,Mobile,5,302.7,False,False
S1003638,C11930,2026-07-17,Google Ads,Mobile,4,33.9,True,False
S1003639,C10374,2026-05-23,Instagram,Desktop,3,440.7,False,False
S1003640,C11890,2026-08-17,Google Ads,Mobile,7,216.8,False,False
S1003641,C10225,2025-12-24,Google Ads,Mobile,4,217.0,False,False
S1003642,C10520,2026-05-23,Instagram,Desktop,3,57.2,False,False
S1003643,C11067,2025-12-04,Organic,Tablet,5,277.7,True,False
S1003644,C10210,2025-10-15,Email,Tablet,1,108.6,False,False
S1003645,,2025-10-23,Organic,Mobile,3,144.7,False,False
S1003646,C10843,2025-11-20,Organic,Mobile,6,57.0,True,False
S1003647,C10685,2025-10-09,Organic,Mobile,8,45.6,True,False
S1003648,C10024,2026-02-21,Facebook,Mobile,3,287.1,True,False
S1003649,,2025-10-15,Google Ads,Desktop,6,195.7,True,False
S1003650,C10829,2025-08-25,Organic,Mobile,11,92.7,False,False
S1003651,C11816,2025-09-29,Google Ads,Mobile,4,417.7,False,False
S1003652,C10084,2026-06-21,Facebook,,1,245.5,False,False
S1003653,C11081,2025-10-06,Google Ads,Mobile,6,68.4,False,False
S1003654,C11322,2026-01-17,Instagram,Mobile,8,110.0,True,False
S1003655,,2026-07-31,Instagram,Tablet,6,132.5,False,False
S1003656,C11650,2025-12-28,Google Ads,Mobile,5,113.7,True,True
S1003657,C11724,2026-01-27,Affiliate,Mobile,3,98.0,False,False
S1003658,C10887,2026-03-24,Organic,Mobile,8,271.3,True,False
S1003659,C10584,2026-05-30,Email,Mobile,7,17.2,False,False
S1003660,C10597,2026-07-01,Organic,Desktop,5,63.8,False,False
S1003661,C10982,2026-02-15,Google Ads,Mobile,7,71.9,False,False
S1003662,C10021,2025-11-02,Google Ads,Desktop,6,29.4,False,False
S1003663,C11135,2025-12-16,Organic,Mobile,4,85.1,False,False
S1003664,,2026-05-02,Affiliate,Desktop,5,334.8,False,False
S1003665,C11646,2025-09-19,Organic,Mobile,5,341.2,False,False
S1003666,C11942,2026-08-01,Google Ads,Mobile,3,795.0,False,False
S1003667,C11064,2026-04-24,Instagram,Desktop,6,127.5,True,False
S1003668,C11698,2026-05-20,Instagram,Mobile,3,234.3,False,False
S1003669,C10548,2026-06-19,Organic,Mobile,7,356.8,False,False
S1003670,C11350,2026-07-24,Email,,5,11.9,False,False
S1003671,C11521,2026-03-12,Email,Mobile,4,292.5,False,False
S1003672,C10382,2026-01-28,Organic,Mobile,10,162.9,True,True
S1003673,C11283,2026-01-16,Organic,Mobile,1,329.6,False,False
S1003674,,2026-06-21,Organic,Desktop,4,180.7,False,False
S1003675,C10317,2025-11-09,Facebook,Desktop,4,138.8,False,False
S1003676,C10111,2026-08-14,Google Ads,Mobile,3,51.8,True,True
S1003677,C10424,2025-10-23,Organic,Desktop,3,151.0,False,False
S1003678,,2026-01-29,Organic,Mobile,9,205.8,False,False
S1003679,C11225,2026-04-13,Email,Mobile,3,60.9,False,False
S1003680,,2026-02-11,Google Ads,Mobile,6,99.8,True,False
S1003681,,2025-10-21,Email,Desktop,7,70.3,False,False
S1003682,,2026-07-25,Organic,Mobile,4,240.0,False,False
S1003683,C11975,2025-11-28,Instagram,Mobile,2,144.6,False,False
S1003684,C10007,2026-01-13,Organic,Mobile,9,274.3,False,False
S1003685,C11224,2025-12-24,Email,,4,74.7,False,False
S1003686,C10724,2026-02-13,Instagram,Desktop,3,156.7,False,False
S1003687,,2026-08-16,Google Ads,Mobile,5,40.8,True,False
S1003688,C10949,2026-05-07,Google Ads,Mobile,3,351.4,False,False
S1003689,C10241,2026-01-18,Google Ads,Tablet,4,45.5,False,False
S1003690,C11248,2025-09-13,Instagram,Mobile,2,65.2,False,False
S1003691,C12000,2026-05-11,Organic,Mobile,5,82.3,False,False
S1003692,C10599,2025-12-04,Google Ads,Mobile,4,32.8,False,False
S1003693,C11941,2026-01-25,Facebook,Desktop,4,221.5,False,False
S1003694,C11553,2025-09-06,Organic,Desktop,6,254.1,False,False
S1003695,C11912,2026-08-16,Facebook,Desktop,2,360.7,False,False
S1003696,C10114,2026-02-07,Instagram,Desktop,6,51.8,False,False
S1003697,C11602,2026-02-03,Email,Mobile,6,169.6,False,False
S1003698,C11864,2026-07-14,Organic,Desktop,7,78.9,False,False
S1003699,C10710,2026-04-11,Instagram,Mobile,5,28.5,False,False
S1003700,,2026-05-28,Facebook,Desktop,3,133.8,True,True
S1003701,C10736,2026-06-07,Facebook,Desktop,7,168.2,False,False
S1003702,C11229,2025-12-13,Facebook,Mobile,8,129.9,True,True
S1003703,,2026-06-15,Affiliate,Tablet,3,316.2,False,False
S1003704,,2026-03-15,Google Ads,Desktop,6,317.4,False,False
S1003705,C10675,2026-07-25,Email,Mobile,4,65.0,False,False
S1003706,C11078,2026-05-28,Organic,Mobile,7,199.2,True,False
S1003707,C10174,2026-01-12,Facebook,Mobile,5,121.8,False,False
S1003708,C11761,2026-03-30,Email,Desktop,8,249.8,False,False
S1003709,,2025-11-10,Organic,,5,263.2,False,False
S1003710,C10563,2026-06-30,Organic,Mobile,3,338.9,False,False
S1003711,C11778,2025-09-09,Organic,Mobile,3,546.2,False,False
S1003712,C10379,2025-12-29,Organic,Mobile,4,14.7,False,False
S1003713,,2025-11-21,Facebook,Mobile,3,79.8,False,False
S1003714,C11082,2026-01-17,Affiliate,Desktop,4,59.6,True,True
S1003715,C10163,2025-10-23,Instagram,Mobile,6,130.6,False,False
S1003716,,2025-10-03,Google Ads,Mobile,5,377.1,False,False
S1003717,C11052,2025-12-17,Google Ads,Mobile,2,65.0,False,False
S1003718,,2026-06-14,Affiliate,Desktop,4,79.9,False,False
S1003719,C10673,2026-02-28,Organic,Mobile,4,73.4,True,False
S1003720,C11028,2025-08-29,Facebook,Mobile,5,62.9,False,False
S1003721,C11637,2026-06-26,Instagram,Desktop,5,289.6,True,False
S1003722,C11561,2026-06-26,Instagram,Mobile,4,146.4,True,False
S1003723,C11199,2025-09-24,Affiliate,Desktop,4,178.2,False,False
S1003724,C11732,2026-07-23,Instagram,Mobile,5,49.2,False,False
S1003725,C11172,2025-11-11,Google Ads,Mobile,3,91.6,False,False
S1003726,,2025-12-27,Facebook,Mobile,2,289.5,False,False
S1003727,C10487,2025-10-17,Organic,Mobile,4,400.2,False,False
S1003728,C11911,2025-10-30,Organic,Mobile,5,213.8,False,False
S1003729,C10740,2026-06-09,Instagram,Mobile,9,259.5,False,False
S1003730,,2026-03-25,Email,Desktop,5,146.9,True,False
S1003731,C10431,2026-07-27,Instagram,Mobile,4,266.3,True,False
S1003732,C11047,2026-08-12,Google Ads,Mobile,4,48.5,True,False
S1003733,C11550,2026-01-05,Affiliate,Desktop,3,445.1,False,False
S1003734,,2025-12-09,Facebook,Desktop,8,176.3,False,False
S1003735,C10615,2025-12-28,Facebook,Desktop,9,335.8,False,False
S1003736,C11286,2026-02-12,Facebook,Mobile,7,163.6,False,False
S1003737,C10763,2025-12-17,Email,Mobile,4,70.3,False,False
S1003738,,2025-12-29,Instagram,Desktop,7,143.9,True,False
S1003739,C10259,2025-09-08,Google Ads,Mobile,2,91.6,False,False
S1003740,C11744,2026-04-09,Instagram,Mobile,3,286.9,False,False
S1003741,C11662,2026-01-07,Instagram,Mobile,4,327.9,False,False
S1003742,C11261,2025-10-12,Google Ads,Mobile,5,32.3,False,False
S1003743,C11456,2026-04-13,Instagram,Mobile,6,360.7,False,False
S1003744,C10746,2026-04-19,Email,Mobile,2,257.9,False,False
S1003745,C11705,2026-04-16,Instagram,Desktop,5,160.5,True,False
S1003746,C10853,2026-06-29,Facebook,Mobile,5,100.6,True,False
S1003747,C11474,2026-08-14,Organic,Mobile,3,101.0,False,False
S1003748,C10874,2026-04-23,Google Ads,Desktop,8,196.0,True,False
S1003749,C10699,2026-08-03,Affiliate,Desktop,2,56.5,False,False
S1003750,C11001,2026-08-08,Google Ads,Mobile,7,208.7,False,False
S1003751,C11201,2026-04-25,Instagram,Desktop,5,62.7,False,False
S1003752,,2026-04-14,Organic,Desktop,4,154.3,True,False
S1003753,C10883,2025-10-25,Facebook,Desktop,9,402.7,False,False
S1003754,C11621,2026-08-20,Google Ads,Mobile,4,155.1,False,False
S1003755,C11603,2026-07-26,Google Ads,Desktop,4,150.5,True,False
S1003756,C10314,2026-06-17,Facebook,Desktop,8,140.4,False,False
S1003757,C10814,2026-01-17,Instagram,Desktop,7,80.6,False,False
S1003758,,2025-11-11,Organic,Desktop,9,452.9,False,False
S1003759,C11943,2025-12-15,Google Ads,Desktop,6,193.5,False,False
S1003760,C10566,2026-04-10,Google Ads,Desktop,8,128.0,False,False
S1003761,C11305,2026-03-03,Affiliate,Mobile,3,358.2,False,False
S1003762,C10580,2026-08-18,Organic,Mobile,5,257.5,False,False
S1003763,C10493,2026-04-25,Affiliate,Mobile,7,683.7,False,False
S1003764,C11275,2026-04-25,Organic,Desktop,4,218.5,False,False
S1003765,C10745,2025-10-23,Organic,Desktop,3,439.5,False,False
S1003766,C11963,2026-08-18,Google Ads,Tablet,6,173.8,True,False
S1003767,C11959,2026-06-29,Organic,Mobile,6,115.0,False,False
S1003768,C10764,2026-01-17,Affiliate,Tablet,4,229.2,False,False
S1003769,C10991,2026-02-23,Email,Desktop,2,136.1,False,False
S1003770,,2025-10-30,Facebook,Mobile,7,111.7,True,False
S1003771,C11148,2026-02-22,Organic,Mobile,7,110.6,False,False
S1003772,C11554,2025-12-25,Google Ads,Tablet,6,89.8,False,False
S1003773,,2026-01-01,Affiliate,Mobile,3,78.3,False,False
S1003774,C11030,2025-12-15,Facebook,Desktop,5,101.4,False,False
S1003775,C10602,2026-02-28,Google Ads,Mobile,5,219.6,True,False
S1003776,,2026-04-07,Instagram,Mobile,8,435.1,True,True
S1003777,,2025-08-22,Facebook,Mobile,3,232.2,False,False
S1003778,C10325,2025-09-24,Google Ads,Desktop,8,62.8,False,False
S1003779,C10936,2026-05-20,Email,Mobile,3,420.1,False,False
S1003780,,2026-01-23,Email,Desktop,8,145.3,False,False
S1003781,,2026-01-06,Affiliate,Mobile,1,85.1,False,False
S1003782,C11978,2026-07-17,Instagram,,3,139.9,True,True
S1003783,,2026-06-07,Email,Mobile,3,36.9,False,False
S1003784,C11180,2025-11-04,Organic,Desktop,3,214.4,False,False
S1003785,C11037,2025-12-16,Facebook,Desktop,3,155.6,False,False
S1003786,C10051,2026-06-25,Organic,Mobile,7,152.6,False,False
S1003787,,2025-10-06,Instagram,Desktop,3,308.6,False,False
S1003788,C10404,2026-06-04,Email,Mobile,4,61.6,True,True
S1003789,,2025-09-25,Instagram,Mobile,6,132.2,True,True
S1003790,C10090,2026-05-21,Google Ads,Mobile,9,23.7,False,False
S1003791,C10068,2026-01-01,Email,Mobile,6,254.4,True,False
S1003792,C11389,2025-12-31,Affiliate,Desktop,5,48.4,False,False
S1003793,C11927,2025-10-26,Email,Mobile,3,313.0,False,False
S1003794,,2026-03-31,Email,Mobile,4,34.2,False,False
S1003795,C10005,2025-11-30,Email,Desktop,7,29.7,False,False
S1003796,C11113,2026-05-05,Email,Mobile,3,117.2,False,False
S1003797,C10348,2025-12-20,Organic,Tablet,8,241.6,False,False
S1003798,C10129,2025-11-02,Email,Mobile,5,60.0,False,False
S1003799,C11082,2025-12-22,Instagram,Tablet,6,205.3,False,False
S1003800,C10922,2026-03-18,Facebook,Desktop,5,151.5,True,True
S1003801,C10845,2026-07-04,Affiliate,Mobile,5,79.9,False,False
S1003802,C10509,2025-11-02,Affiliate,Mobile,3,264.4,False,False
S1003803,C11728,2025-12-20,Affiliate,Desktop,4,483.5,False,False
S1003804,C11114,2026-02-01,Instagram,Mobile,4,171.4,False,False
S1003805,C10190,2025-12-14,Google Ads,Mobile,4,62.5,False,False
S1003806,C11569,2026-05-18,Facebook,Mobile,3,110.0,False,False
S1003807,,2025-12-06,Instagram,Desktop,7,334.5,False,False
S1003808,C10846,2025-11-24,Instagram,Desktop,3,111.2,False,False
S1003809,C10528,2026-03-30,Facebook,Mobile,6,158.1,False,False
S1003810,C11570,2026-05-15,Email,Mobile,4,95.7,True,True
S1003811,C11014,2026-08-17,Email,Mobile,6,13.0,False,False
S1003812,,2026-02-04,Instagram,Mobile,7,49.4,False,False
S1003813,C11334,2026-05-31,Instagram,Mobile,4,322.5,False,False
S1003814,C11420,2025-09-01,Facebook,Mobile,3,309.8,False,False
S1003815,C11751,2026-07-27,Instagram,Mobile,3,122.7,False,False
S1003816,C10346,2025-08-26,Instagram,Mobile,4,176.5,False,False
S1003817,C11360,2026-01-18,Google Ads,Tablet,9,87.8,True,True
S1003818,C10527,2026-01-07,Instagram,Mobile,5,146.2,True,True
S1003819,,2025-09-17,Organic,Mobile,3,129.8,True,True
S1003820,C11441,2026-07-25,Instagram,Mobile,7,267.2,True,False
S1003821,C10670,2026-06-24,Instagram,Mobile,2,27.8,False,False
S1003822,C10637,2026-06-18,Email,Mobile,7,124.1,False,False
S1003823,C10572,2026-05-26,Google Ads,Mobile,4,76.5,True,True
S1003824,C10776,2026-03-06,Affiliate,Mobile,7,42.9,False,False
S1003825,C10023,2026-06-01,Organic,Tablet,4,117.2,True,False
S1003826,C11650,2026-06-25,Instagram,Desktop,2,236.7,False,False
S1003827,C11207,2026-05-06,Instagram,Mobile,7,167.2,False,False
S1003828,C11655,2026-07-14,Facebook,Tablet,6,251.4,True,False
S1003829,C10250,2025-09-07,Email,Mobile,4,163.4,True,True
S1003830,C11720,2026-07-06,Google Ads,Desktop,4,470.1,False,False
S1003831,C10299,2025-11-24,Instagram,Desktop,6,133.9,False,False
S1003832,C11291,2026-05-21,Organic,Desktop,4,42.9,True,True
S1003833,C10546,2026-02-28,Instagram,Mobile,5,55.6,True,False
S1003834,C10381,2026-03-03,Organic,Mobile,7,51.7,False,False
S1003835,C10426,2025-12-12,Instagram,Desktop,3,127.6,False,False
S1003836,C11585,2025-09-27,Instagram,Tablet,6,95.5,True,False
S1003837,C11384,2026-07-26,Affiliate,Mobile,4,95.3,False,False
S1003838,C10848,2026-01-17,Facebook,Mobile,5,72.0,True,True
S1003839,C11809,2025-10-16,Organic,Tablet,3,230.7,False,False
S1003840,C11016,2026-02-03,Facebook,Mobile,3,350.5,False,False
S1003841,C10544,2026-08-02,Affiliate,Mobile,5,178.9,False,False
S1003842,C10789,2026-06-09,Email,Desktop,5,98.8,True,False
S1003843,C10667,2026-02-02,Email,Mobile,8,76.8,True,False
S1003844,C10818,2026-06-11,Email,Desktop,6,16.7,False,False
S1003845,C11620,2026-06-02,Organic,Desktop,1,108.2,True,True
S1003846,C10943,2026-04-14,Facebook,Mobile,4,143.9,True,False
S1003847,C10005,2025-10-10,Google Ads,Mobile,5,298.4,False,False
S1003848,C10138,2026-05-14,Organic,Mobile,4,156.4,True,True
S1003849,,2025-09-14,Instagram,Desktop,7,147.2,False,False
S1003850,,2025-12-28,Email,Mobile,3,174.4,False,False
S1003851,C10524,2026-04-14,Organic,Mobile,9,105.0,False,False
S1003852,C11983,2025-12-18,Facebook,Mobile,3,271.8,False,False
S1003853,,2026-02-08,Facebook,Mobile,7,141.7,False,False
S1003854,C10220,2026-01-08,Instagram,Mobile,4,380.1,True,False
S1003855,,2026-01-25,Google Ads,Mobile,4,162.4,False,False
S1003856,C10519,2025-10-13,Google Ads,Mobile,5,134.8,False,False
S1003857,,2025-09-14,Google Ads,Tablet,5,256.1,False,False
S1003858,C11045,2025-09-20,Facebook,Mobile,2,63.1,True,True
S1003859,C11466,2025-12-31,Google Ads,Mobile,5,196.0,True,False
S1003860,C10104,2025-11-07,Instagram,Mobile,5,269.0,False,False
S1003861,,2025-10-29,Email,Mobile,4,81.9,True,False
S1003862,C11081,2026-04-02,Instagram,Tablet,5,265.0,True,True
S1003863,,2026-05-04,Google Ads,Mobile,7,97.4,False,False
S1003864,C10767,2026-05-27,Email,Mobile,8,147.9,False,False
S1003865,C10649,2026-08-02,Organic,Mobile,3,200.0,False,False
S1003866,C10102,2026-05-03,Facebook,Desktop,6,350.7,False,False
S1003867,,2026-05-08,Organic,Desktop,3,231.2,False,False
S1003868,C11706,2026-06-11,Google Ads,Mobile,3,181.4,False,False
S1003869,C11778,2025-12-06,Organic,Desktop,3,257.2,False,False
S1003870,,2025-09-16,Facebook,Tablet,6,117.9,True,False
S1003871,C10382,2025-10-28,Organic,Desktop,5,225.4,True,False
S1003872,C11417,2025-12-21,Affiliate,Desktop,6,280.1,True,False
S1003873,,2025-12-02,Google Ads,Mobile,3,164.1,False,False
S1003874,C10197,2025-11-23,Google Ads,Mobile,5,227.6,False,False
S1003875,C11524,2025-11-05,Affiliate,Mobile,5,309.5,False,False
S1003876,,2026-02-07,Google Ads,Desktop,5,74.3,False,False
S1003877,C10089,2025-09-09,Google Ads,Mobile,7,203.4,True,False
S1003878,C11236,2026-06-08,Google Ads,Mobile,8,204.9,False,False
S1003879,,2026-07-01,Facebook,Desktop,2,245.7,False,False
S1003880,C11595,2026-07-29,Organic,Mobile,3,137.8,False,False
S1003881,C11704,2026-04-13,Affiliate,Mobile,3,156.2,False,False
S1003882,C11226,2026-08-11,Google Ads,Desktop,7,191.8,False,False
S1003883,C10969,2026-03-09,Google Ads,Mobile,5,358.9,True,False
S1003884,C11263,2026-02-06,Email,Mobile,7,327.0,True,False
S1003885,,2026-07-02,Google Ads,Mobile,2,407.0,False,False
S1003886,C10649,2026-07-19,Organic,Mobile,8,390.9,False,False
S1003887,C10397,2026-08-07,Google Ads,Tablet,6,89.2,False,False
S1003888,C10013,2026-08-15,Email,Mobile,7,419.7,False,False
S1003889,C11837,2025-10-24,Affiliate,Mobile,4,84.6,False,False
S1003890,C10453,2026-07-15,Google Ads,Mobile,7,291.5,False,False
S1003891,C11220,2025-09-15,Affiliate,Desktop,4,215.9,False,False
S1003892,C10287,2026-02-02,Google Ads,Mobile,6,56.7,False,False
S1003893,C10934,2026-08-10,Instagram,Desktop,5,39.0,False,False
S1003894,,2026-04-01,Google Ads,Mobile,5,261.6,True,True
S1003895,C10579,2025-09-26,Organic,Mobile,6,209.7,False,False
S1003896,C11709,2025-10-06,Google Ads,Mobile,3,21.8,False,False
S1003897,C10170,2025-09-15,Email,Mobile,2,58.2,False,False
S1003898,C10510,2026-07-16,Affiliate,Mobile,2,108.6,False,False
S1003899,C10871,2026-03-09,Facebook,,7,86.1,False,False
S1003900,C10089,2026-07-10,Google Ads,Mobile,6,185.7,False,False
S1003901,C10178,2025-12-02,Organic,Tablet,5,66.6,False,False
S1003902,C10696,2026-07-08,Facebook,Mobile,7,240.7,False,False
S1003903,C10299,2025-10-24,Instagram,Mobile,9,165.7,True,False
S1003904,C10693,2026-04-26,Google Ads,Mobile,2,194.5,False,False
S1003905,C10285,2025-12-10,Organic,Desktop,7,173.5,False,False
S1003906,,2025-11-08,Facebook,Desktop,3,66.4,False,False
S1003907,,2025-12-30,Affiliate,Mobile,5,174.0,True,False
S1003908,C11483,2025-08-30,Instagram,Mobile,6,292.2,False,False
S1003909,,2025-10-26,Organic,Mobile,6,215.7,False,False
S1003910,C11533,2025-10-09,Organic,Desktop,6,288.1,False,False
S1003911,C11891,2026-05-30,Facebook,Mobile,9,290.0,False,False
S1003912,C10873,2025-11-14,Email,Mobile,3,181.3,False,False
S1003913,,2026-07-17,Organic,Desktop,4,67.2,True,True
S1003914,,2026-03-16,Organic,Mobile,5,148.0,False,False
S1003915,C11071,2026-05-27,Google Ads,Mobile,5,357.5,False,False
S1003916,C11781,2026-08-11,Email,Mobile,4,22.0,False,False
S1003917,C10370,2025-12-26,Organic,Mobile,3,121.3,False,False
S1003918,C11630,2026-08-11,Google Ads,Desktop,6,90.0,False,False
S1003919,C11557,2025-10-09,Email,Mobile,5,138.4,True,False
S1003920,C11290,2025-12-26,Organic,Mobile,3,357.5,False,False
S1003921,C10578,2026-03-21,Affiliate,Desktop,7,67.9,False,False
S1003922,,2026-07-29,Organic,Desktop,5,50.0,False,False
S1003923,C10858,2026-04-12,Instagram,Desktop,3,64.9,False,False
S1003924,,2025-12-10,Organic,Mobile,9,157.9,False,False
S1003925,C10386,2025-09-10,Google Ads,Mobile,4,232.6,False,False
S1003926,C11082,2026-01-10,Instagram,Mobile,6,453.1,False,False
S1003927,C10362,2026-07-31,Instagram,Mobile,8,108.8,False,False
S1003928,C11536,2026-04-17,Facebook,Mobile,5,57.3,True,True
S1003929,C11903,2025-09-01,Email,Desktop,4,51.5,True,True
S1003930,,2025-11-28,Email,Mobile,5,158.3,True,False
S1003931,C10071,2026-07-01,Instagram,Desktop,3,74.8,False,False
S1003932,,2026-04-08,Email,Mobile,2,93.0,False,False
S1003933,C11455,2026-02-28,Instagram,Mobile,3,180.4,False,False
S1003934,C11596,2026-01-14,Instagram,Mobile,7,141.6,False,False
S1003935,C10454,2025-12-02,Google Ads,Mobile,5,397.1,False,False
S1003936,C10748,2026-06-29,Affiliate,Mobile,5,411.7,False,False
S1003937,C10854,2026-08-07,Google Ads,Mobile,3,152.3,False,False
S1003938,C10647,2025-10-13,Facebook,Desktop,7,115.6,False,False
S1003939,C11434,2025-10-11,Instagram,Mobile,4,243.0,False,False
S1003940,C11783,2025-08-31,Google Ads,Mobile,5,55.3,False,False
S1003941,,2026-04-08,Facebook,Mobile,1,274.0,True,False
S1003942,C10831,2025-12-08,Affiliate,Mobile,7,212.7,False,False
S1003943,C10924,2025-09-01,Organic,Mobile,1,175.6,False,False
S1003944,C11325,2025-12-07,Google Ads,Desktop,6,237.8,True,True
S1003945,,2025-11-04,Google Ads,Tablet,8,129.5,False,False
S1003946,C10553,2026-02-03,Facebook,Mobile,4,210.0,True,True
S1003947,C10377,2025-10-26,Instagram,,6,207.6,False,False
S1003948,C11275,2025-10-19,Google Ads,Desktop,2,65.8,False,False
S1003949,C11710,2026-07-18,Affiliate,Desktop,4,377.1,True,False
S1003950,,2026-06-11,Organic,Desktop,11,214.7,False,False
S1003951,C11158,2025-10-03,Affiliate,Mobile,3,171.1,False,False
S1003952,C11315,2026-06-21,Organic,Mobile,3,141.7,False,False
S1003953,C10780,2026-08-12,Facebook,Mobile,5,174.2,False,False
S1003954,,2026-06-02,Email,Mobile,4,65.7,False,False
S1003955,,2025-10-07,Instagram,Mobile,3,26.5,False,False
S1003956,C11950,2026-01-30,Affiliate,Tablet,5,32.9,False,False
S1003957,C11586,2026-06-07,Email,Mobile,4,106.5,False,False
S1003958,,2026-08-20,Affiliate,Tablet,7,181.9,False,False
S1003959,C11405,2026-03-25,Instagram,Mobile,2,261.5,False,False
S1003960,C11691,2025-12-02,Email,Desktop,8,288.4,True,False
S1003961,,2025-08-23,Email,Mobile,3,182.8,False,False
S1003962,C10507,2026-05-10,Affiliate,Mobile,5,57.2,False,False
S1003963,C11206,2025-08-24,Google Ads,Desktop,6,245.6,False,False
S1003964,C10589,2026-03-17,Email,Mobile,4,325.3,False,False
S1003965,C11234,2025-10-15,Affiliate,Mobile,5,135.9,False,False
S1003966,C10615,2026-04-05,Google Ads,Mobile,9,359.8,False,False
S1003967,,2026-06-26,Affiliate,Desktop,4,47.2,False,False
S1003968,C11901,2026-07-04,Organic,Mobile,5,250.0,False,False
S1003969,,2026-04-13,Google Ads,Desktop,2,5.0,False,False
S1003970,C11170,2026-06-17,Google Ads,Desktop,5,197.8,True,True
S1003971,C10957,2026-01-01,Google Ads,Mobile,2,63.4,False,False
S1003972,C11927,2025-09-18,Organic,Desktop,1,176.1,False,False
S1003973,,2025-11-22,Google Ads,Mobile,6,428.9,False,False
S1003974,,2025-11-13,Google Ads,Mobile,7,136.8,False,False
S1003975,C11102,2026-05-06,Organic,Mobile,4,34.2,False,False
S1003976,C10302,2026-04-08,Email,,5,79.9,False,False
S1003977,C10922,2026-07-24,Google Ads,Desktop,3,128.2,False,False
S1003978,C10328,2026-06-17,Facebook,Desktop,5,212.2,False,False
S1003979,C11910,2025-08-27,Organic,Desktop,5,42.8,False,False
S1003980,C11614,2026-03-20,Affiliate,Tablet,9,437.0,False,False
S1003981,,2025-11-14,Google Ads,Mobile,3,99.0,False,False
S1003982,C11763,2025-10-25,Organic,Desktop,5,59.0,True,True
S1003983,C10055,2026-01-06,Organic,Desktop,1,304.4,False,False
S1003984,C11614,2025-09-04,Instagram,Desktop,7,287.5,False,False
S1003985,C11204,2026-05-02,Email,Mobile,4,558.5,False,False
S1003986,C11730,2025-10-12,Email,Desktop,6,117.7,True,False
S1003987,C10138,2025-12-22,Email,Mobile,6,42.0,False,False
S1003988,C11787,2025-11-07,Google Ads,Mobile,3,125.6,False,False
S1003989,C11414,2025-09-09,Facebook,Mobile,6,638.7,False,False
S1003990,C10050,2026-04-12,Instagram,Desktop,5,76.4,True,False
S1003991,C11369,2025-09-15,Email,Mobile,5,42.4,False,False
S1003992,C10953,2025-10-08,Organic,Desktop,3,79.8,False,False
S1003993,C11608,2025-09-22,Google Ads,Mobile,1,86.4,False,False
S1003994,C11206,2025-11-05,Facebook,Desktop,2,280.6,False,False
S1003995,C11038,2025-12-26,Google Ads,Tablet,7,140.7,False,False
S1003996,C10216,2026-05-09,Email,Mobile,2,123.4,False,False
S1003997,C11344,2026-05-03,Affiliate,Mobile,6,98.7,True,True
S1003998,C10822,2026-02-23,Instagram,Mobile,4,85.1,False,False
S1003999,,2025-11-08,Facebook,Mobile,2,93.4,False,False
S1004000,C10652,2025-09-08,Organic,Mobile,6,170.1,True,True
S1004001,C11425,2025-10-11,Affiliate,Desktop,8,118.9,False,False
S1004002,C11215,2026-02-21,Affiliate,Mobile,4,237.0,True,False
S1004003,,2026-01-23,Instagram,Desktop,5,177.6,False,False
S1004004,C11730,2025-10-08,Google Ads,Mobile,4,302.4,True,False
S1004005,C10822,2026-02-17,Instagram,Tablet,5,111.6,False,False
S1004006,C11708,2025-12-23,Email,Desktop,7,324.3,True,True
S1004007,C10942,2026-03-10,Affiliate,Desktop,8,107.0,False,False
S1004008,C11603,2025-12-14,Email,Mobile,8,148.6,True,False
S1004009,C10092,2025-12-01,Google Ads,Mobile,2,51.0,False,False
S1004010,C10870,2025-08-21,Facebook,Mobile,2,53.5,False,False
S1004011,C11660,2026-03-02,Affiliate,Mobile,5,126.4,False,False
S1004012,C10969,2025-10-14,Google Ads,Mobile,5,83.7,False,False
S1004013,C11129,2026-02-14,Google Ads,Mobile,3,279.3,True,False
S1004014,C11489,2026-04-06,Facebook,Mobile,3,247.1,False,False
S1004015,C11934,2025-11-14,Organic,Mobile,9,325.1,False,False
S1004016,,2026-02-20,Email,Mobile,4,191.0,False,False
S1004017,C11258,2026-08-03,Organic,Desktop,5,52.8,False,False
S1004018,,2026-04-04,Organic,Desktop,7,351.9,False,False
S1004019,C10629,2025-12-05,Google Ads,Mobile,7,92.0,True,False
S1004020,C10792,2025-12-20,Email,Mobile,8,158.4,False,False
S1004021,,2026-01-15,Affiliate,Mobile,5,381.5,True,False
S1004022,C10297,2026-05-09,Affiliate,Desktop,4,117.1,False,False
S1004023,C11253,2026-05-06,Google Ads,Desktop,4,92.2,False,False
S1004024,C11827,2025-11-27,Instagram,Desktop,3,245.6,False,False
S1004025,,2025-11-19,Google Ads,,7,164.4,False,False
S1004026,C11006,2026-01-24,Google Ads,Mobile,3,197.7,False,False
S1004027,,2025-11-06,Facebook,Mobile,7,101.2,True,True
S1004028,C10388,2026-07-08,Google Ads,Mobile,3,95.4,False,False
S1004029,C10077,2025-09-23,Google Ads,Mobile,2,506.1,False,False
S1004030,C11567,2026-06-25,Email,Mobile,4,93.7,False,False
S1004031,C10082,2026-07-03,Instagram,Mobile,6,124.3,False,False
S1004032,,2026-04-12,Google Ads,Desktop,6,160.1,False,False
S1004033,C11483,2026-04-09,Affiliate,Mobile,8,153.9,False,False
S1004034,C10483,2026-03-22,Instagram,Mobile,6,257.8,False,False
S1004035,C10868,2026-07-13,Email,Mobile,2,228.5,False,False
S1004036,,2026-05-23,Email,Mobile,10,206.8,False,False
S1004037,C11125,2026-08-21,Organic,Mobile,11,25.6,False,False
S1004038,C11033,2025-11-26,Google Ads,Mobile,7,141.9,False,False
S1004039,,2025-11-22,Google Ads,Mobile,7,146.1,False,False
S1004040,C11361,2026-08-06,Email,Mobile,4,203.5,False,False
S1004041,C10755,2026-04-08,Google Ads,Mobile,3,229.9,True,False
S1004042,,2026-06-24,Organic,Desktop,6,353.2,False,False
S1004043,,2026-08-20,Google Ads,Mobile,8,265.7,False,False
S1004044,C10903,2025-11-22,Email,Mobile,6,165.0,False,False
S1004045,C10688,2025-09-28,Organic,Mobile,6,233.7,False,False
S1004046,,2025-11-24,Instagram,Desktop,3,271.4,True,True
S1004047,C11405,2026-04-11,Affiliate,Desktop,3,99.5,False,False
S1004048,C10765,2026-06-18,Organic,Desktop,3,105.1,False,False
S1004049,C10114,2025-09-30,Instagram,Tablet,4,104.1,False,False
S1004050,C11419,2026-01-30,Email,Desktop,4,38.9,True,False
S1004051,C11600,2026-07-19,Organic,Mobile,5,159.9,False,False
S1004052,,2026-05-10,Instagram,Mobile,8,75.0,False,False
S1004053,,2026-07-10,Google Ads,Mobile,2,177.9,True,False
S1004054,C10619,2026-01-01,Email,Mobile,5,270.5,False,False
S1004055,C10508,2026-07-23,Facebook,Desktop,6,127.7,False,False
S1004056,C10141,2025-10-16,Email,Mobile,7,154.7,False,False
S1004057,C10065,2025-12-21,Organic,Mobile,5,66.4,False,False
S1004058,C11984,2025-10-09,Facebook,Mobile,5,229.4,True,True
S1004059,C10557,2025-10-14,Facebook,Desktop,4,80.3,False,False
S1004060,C10386,2026-06-10,Instagram,Desktop,5,268.0,False,False
S1004061,C10765,2025-09-11,Facebook,Mobile,4,455.3,True,False
S1004062,,2026-05-30,Facebook,Desktop,5,384.7,False,False
S1004063,,2026-08-17,Instagram,Mobile,4,95.4,True,True
S1004064,,2025-10-27,Google Ads,Mobile,11,63.2,True,True
S1004065,C11823,2026-03-09,Organic,Mobile,5,126.3,True,False
S1004066,C10010,2026-02-25,Affiliate,Mobile,5,564.9,False,False
S1004067,C10665,2026-07-09,Google Ads,Mobile,3,98.6,False,False
S1004068,C10558,2026-07-16,Instagram,Tablet,4,144.3,False,False
S1004069,C11318,2025-09-20,Organic,Mobile,5,40.4,False,False
S1004070,C10218,2026-07-30,Google Ads,Desktop,7,329.0,False,False
S1004071,C10033,2025-11-30,Instagram,Desktop,3,290.1,True,False
S1004072,C11597,2026-03-20,Affiliate,Mobile,9,105.7,True,False
S1004073,C11275,2025-12-07,Google Ads,Mobile,6,196.0,False,False
S1004074,C11198,2025-09-12,Google Ads,Tablet,6,72.6,False,False
S1004075,C10003,2025-09-22,Google Ads,Mobile,6,82.8,True,True
S1004076,,2025-11-19,Google Ads,Mobile,7,156.2,False,False
S1004077,C11312,2026-02-09,Email,Mobile,3,219.2,False,False
S1004078,C11922,2025-10-14,Email,Mobile,2,82.6,False,False
S1004079,,2026-03-28,Organic,Desktop,3,201.7,False,False
S1004080,C11767,2025-09-08,Email,Mobile,6,173.9,False,False
S1004081,C10919,2026-04-16,Organic,Mobile,7,253.4,False,False
S1004082,C11083,2026-05-30,Instagram,Mobile,6,135.0,False,False
S1004083,C11299,2026-03-04,Google Ads,Mobile,2,66.5,False,False
S1004084,C11468,2025-11-20,Facebook,Desktop,5,140.3,False,False
S1004085,C10614,2026-03-08,Facebook,Mobile,4,368.1,True,False
S1004086,C11317,2026-06-13,Google Ads,Tablet,5,661.9,False,False
S1004087,C10844,2026-02-21,Instagram,Tablet,7,304.4,True,True
S1004088,C11408,2025-12-24,Google Ads,Mobile,4,294.1,False,False
S1004089,C11705,2026-06-06,Organic,Desktop,4,131.2,True,False
S1004090,C10582,2026-03-16,Facebook,Mobile,7,210.3,False,False
S1004091,C11868,2026-03-24,Google Ads,Mobile,5,24.7,True,False
S1004092,,2025-12-28,Instagram,Desktop,2,192.9,False,False
S1004093,,2025-10-19,Affiliate,Desktop,10,96.4,False,False
S1004094,C11425,2025-11-01,Google Ads,Desktop,6,197.8,False,False
S1004095,C11167,2026-01-16,Instagram,Mobile,2,216.6,False,False
S1004096,C11762,2026-07-09,Google Ads,Mobile,4,120.9,True,False
S1004097,C11365,2026-08-17,Instagram,Mobile,5,211.2,False,False
S1004098,C10785,2026-02-19,Organic,Desktop,7,260.8,False,False
S1004099,C11642,2026-05-23,Email,Mobile,6,67.0,False,False
S1004100,C11897,2026-01-15,Instagram,Desktop,7,59.5,False,False
S1004101,C11477,2026-04-19,Email,Mobile,3,25.2,False,False
S1004102,C11631,2026-07-14,Affiliate,Tablet,6,34.1,True,False
S1004103,C11077,2026-03-23,Organic,Mobile,3,66.3,False,False
S1004104,C10905,2025-08-30,Email,Desktop,3,468.5,False,False
S1004105,C10222,2025-09-01,Instagram,Mobile,11,243.7,False,False
S1004106,C10153,2026-07-09,Instagram,Desktop,3,62.2,False,False
S1004107,,2025-10-09,Google Ads,Mobile,5,97.1,False,False
S1004108,,2025-09-04,Organic,Mobile,9,110.9,False,False
S1004109,C11297,2025-09-22,Google Ads,Mobile,5,137.6,False,False
S1004110,,2025-11-23,Google Ads,Mobile,5,43.5,True,True
S1004111,C11855,2025-09-05,Email,Mobile,2,287.4,False,False
S1004112,C11361,2026-03-22,Organic,Mobile,5,129.5,False,False
S1004113,C11955,2025-11-26,Organic,Mobile,5,31.9,False,False
S1004114,C10393,2025-10-19,Google Ads,Mobile,8,236.0,False,False
S1004115,,2026-05-16,Instagram,Desktop,6,108.7,False,False
S1004116,C10026,2026-05-04,Google Ads,Mobile,5,195.9,True,False
S1004117,C11926,2026-08-07,Email,Tablet,4,145.9,False,False
S1004118,,2026-01-06,Instagram,Mobile,4,134.7,False,False
S1004119,C11555,2026-06-26,Organic,Mobile,5,40.9,True,False
S1004120,C10900,2026-06-28,Email,Mobile,2,22.7,False,False
S1004121,C10765,2025-12-30,Affiliate,Mobile,3,221.7,False,False
S1004122,C11159,2026-02-12,Google Ads,Mobile,7,113.1,False,False
S1004123,C11511,2026-05-08,Affiliate,,9,81.8,False,False
S1004124,C10349,2026-07-24,Google Ads,Mobile,6,171.2,False,False
S1004125,C10238,2026-04-22,Email,Mobile,8,207.9,False,False
S1004126,C10580,2026-06-10,Google Ads,Mobile,7,339.5,False,False
S1004127,,2025-12-10,Email,Mobile,7,173.3,True,True
S1004128,C10595,2026-06-10,Google Ads,Mobile,7,252.1,True,False
S1004129,C10173,2026-04-03,Google Ads,Mobile,6,308.4,False,False
S1004130,C10742,2026-02-26,Email,Mobile,10,73.2,False,False
S1004131,C11183,2026-04-13,Email,Mobile,5,258.0,False,False
S1004132,C10583,2026-04-15,Organic,Mobile,5,103.9,False,False
S1004133,C10316,2025-10-10,Google Ads,Mobile,1,212.7,False,False
S1004134,C10333,2026-03-19,Organic,Mobile,5,180.0,False,False
S1004135,C10923,2026-06-12,Instagram,Mobile,6,100.7,False,False
S1004136,,2025-09-29,Google Ads,Desktop,4,252.1,True,False
S1004137,,2026-03-03,Email,Desktop,1,221.6,False,False
S1004138,,2026-06-09,Facebook,Tablet,5,197.2,False,False
S1004139,C11052,2026-02-16,Organic,Mobile,3,130.4,False,False
S1004140,C10746,2026-06-09,Email,Mobile,6,218.7,False,False
S1004141,,2025-10-19,Email,Mobile,6,314.6,False,False
S1004142,C10383,2025-11-10,Organic,Mobile,4,203.1,False,False
S1004143,C10507,2025-09-12,Email,Mobile,6,9.6,False,False
S1004144,C11369,2026-06-15,Instagram,Mobile,4,147.8,True,True
S1004145,,2026-05-14,Google Ads,Mobile,3,252.8,False,False
S1004146,C11960,2026-05-09,Instagram,Desktop,3,157.1,False,False
S1004147,C10254,2026-01-31,Organic,Tablet,3,106.5,False,False
S1004148,C10392,2026-06-18,Affiliate,Desktop,4,116.7,False,False
S1004149,,2025-12-07,Email,Mobile,2,105.0,False,False
S1004150,C10195,2026-08-11,Google Ads,Mobile,3,278.0,False,False
S1004151,C10645,2026-07-14,Organic,Mobile,5,248.6,False,False
S1004152,C10736,2026-06-27,Facebook,Desktop,2,14.3,False,False
S1004153,C11572,2026-05-19,Google Ads,Tablet,5,115.2,False,False
S1004154,,2025-09-13,Instagram,Mobile,6,49.9,True,True
S1004155,C11914,2025-10-19,Affiliate,Mobile,3,116.0,False,False
S1004156,C10257,2026-01-05,Google Ads,Desktop,6,202.8,False,False
S1004157,C11505,2025-09-05,Organic,Mobile,5,84.4,True,False
S1004158,,2026-04-20,Organic,Mobile,7,339.5,False,False
S1004159,C10168,2026-06-27,Email,Tablet,7,232.2,True,True
S1004160,C10324,2026-07-31,Google Ads,Mobile,5,164.9,False,False
S1004161,C10506,2026-03-15,Organic,Tablet,6,75.4,True,False
S1004162,C11805,2026-05-03,Instagram,Mobile,7,77.4,False,False
S1004163,C10869,2026-01-08,Facebook,Mobile,11,247.3,False,False
S1004164,C10918,2026-04-05,Facebook,Mobile,4,92.4,False,False
S1004165,C11583,2026-03-19,Google Ads,Desktop,6,192.8,True,False
S1004166,C10406,2025-12-21,Email,Desktop,2,77.1,False,False
S1004167,C11354,2026-03-10,Email,Desktop,2,65.1,False,False
S1004168,C11011,2025-10-06,Email,Desktop,2,459.0,False,False
S1004169,C10874,2025-12-22,Affiliate,Desktop,4,382.6,False,False
S1004170,C10620,2026-05-10,Google Ads,Mobile,3,19.5,False,False
S1004171,C11796,2026-04-05,Organic,Mobile,2,52.2,False,False
S1004172,C11768,2026-04-10,Google Ads,Mobile,3,47.6,False,False
S1004173,C11332,2026-05-24,Instagram,Desktop,7,107.5,False,False
S1004174,,2025-11-06,Organic,Mobile,5,122.7,False,False
S1004175,,2025-09-04,Instagram,Mobile,6,348.4,True,False
S1004176,C10074,2026-02-09,Organic,Mobile,6,152.4,False,False
S1004177,C10150,2026-07-25,Google Ads,Desktop,2,197.7,False,False
S1004178,,2026-07-25,Affiliate,Mobile,5,74.0,False,False
S1004179,,2026-05-07,Organic,Tablet,2,193.7,False,False
S1004180,,2026-05-08,Google Ads,Desktop,3,142.8,False,False
S1004181,C11648,2026-05-05,Organic,Mobile,7,307.6,False,False
S1004182,,2025-09-14,Google Ads,Mobile,6,198.9,False,False
S1004183,,2026-06-06,Organic,Mobile,6,523.0,False,False
S1004184,C11661,2026-06-16,Email,Mobile,4,65.6,False,False
S1004185,C11375,2025-10-25,Google Ads,Mobile,4,239.3,False,False
S1004186,C11729,2025-08-22,Facebook,Desktop,6,29.5,False,False
S1004187,C11544,2026-08-13,Affiliate,Mobile,4,176.2,True,False
S1004188,C11129,2025-09-19,Instagram,Mobile,6,377.2,True,False
S1004189,,2026-07-08,Email,Mobile,6,112.4,False,False
S1004190,C11130,2026-05-29,Google Ads,Tablet,6,114.2,False,False
S1004191,C11181,2025-10-13,Google Ads,Mobile,2,413.6,False,False
S1004192,C10393,2025-10-18,Organic,Desktop,8,159.5,False,False
S1004193,C11592,2026-01-23,Organic,Mobile,5,56.9,True,False
S1004194,C10874,2026-07-29,Facebook,Mobile,8,169.1,True,True
S1004195,,2026-06-04,Organic,Desktop,6,539.6,False,False
S1004196,C10562,2026-07-17,Google Ads,Desktop,2,207.0,False,False
S1004197,,2026-01-28,Instagram,Desktop,8,84.3,False,False
S1004198,C11584,2025-09-30,Email,Mobile,6,165.6,False,False
S1004199,C11258,2025-09-06,Email,Mobile,1,104.7,False,False
S1004200,C10145,2026-03-05,Organic,Desktop,7,538.7,False,False
S1004201,C11397,2026-01-19,Email,Mobile,5,288.6,True,False
S1004202,C10166,2025-10-06,Email,Mobile,4,146.2,False,False
S1004203,C10640,2026-07-25,Affiliate,Desktop,6,174.6,False,False
S1004204,C10709,2026-05-13,Google Ads,Mobile,3,200.1,False,False
S1004205,C11751,2026-02-18,Organic,Mobile,2,110.1,False,False
S1004206,C10982,2026-02-06,Instagram,Desktop,3,102.6,False,False
S1004207,C11130,2025-11-28,Organic,Desktop,6,150.9,False,False
S1004208,C11160,2025-12-30,Instagram,Mobile,4,228.7,False,False
S1004209,C11254,2026-06-16,Affiliate,Mobile,7,148.2,True,False
S1004210,,2025-12-05,Affiliate,Mobile,3,80.3,False,False
S1004211,C11034,2026-04-21,Facebook,Tablet,3,300.2,False,False
S1004212,C10257,2026-02-09,Affiliate,Mobile,3,212.2,False,False
S1004213,C11914,2025-10-17,Google Ads,Mobile,4,457.0,False,False
S1004214,C11186,2025-08-24,Instagram,Mobile,5,24.6,True,False
S1004215,C11686,2026-02-13,Instagram,Mobile,3,73.1,True,False
S1004216,C10736,2025-12-31,Instagram,Mobile,9,52.8,True,False
S1004217,C11844,2025-11-10,Instagram,Mobile,7,186.2,False,False
S1004218,,2026-04-08,Google Ads,Desktop,4,173.6,True,True
S1004219,C11689,2026-07-01,Google Ads,Mobile,3,105.4,False,False
S1004220,,2025-12-09,Instagram,Mobile,6,107.0,False,False
S1004221,C10603,2025-12-21,Google Ads,Mobile,3,127.6,False,False
S1004222,,2025-09-22,Email,Mobile,7,77.3,True,True
S1004223,C11886,2026-04-23,Affiliate,Tablet,9,68.2,False,False
S1004224,C10204,2026-03-04,Google Ads,Mobile,4,197.6,False,False
S1004225,C10633,2026-02-09,Instagram,Desktop,6,76.9,False,False
S1004226,C11763,2025-08-29,Affiliate,Mobile,3,163.6,False,False
S1004227,,2025-10-31,Facebook,Mobile,3,297.3,False,False
S1004228,C11240,2025-11-08,Google Ads,Desktop,7,245.8,True,False
S1004229,C11504,2026-04-28,Google Ads,Mobile,3,251.0,True,False
S1004230,C10487,2026-07-01,Facebook,Tablet,7,149.5,True,False
S1004231,C10292,2026-05-21,Google Ads,Mobile,4,17.0,False,False
S1004232,C10860,2025-10-06,Organic,Mobile,9,141.5,True,False
S1004233,,2025-09-11,Facebook,Desktop,6,97.2,False,False
S1004234,C11779,2025-12-22,Organic,Mobile,6,389.0,True,False
S1004235,C11453,2026-08-02,Google Ads,Tablet,8,44.1,False,False
S1004236,,2025-12-24,Email,Mobile,5,451.8,True,True
S1004237,C11691,2025-09-20,Facebook,Mobile,3,83.6,False,False
S1004238,C10165,2026-08-09,Facebook,Desktop,2,164.0,False,False
S1004239,C11789,2026-01-19,Facebook,Desktop,6,160.5,False,False
S1004240,C11486,2026-07-13,Email,Mobile,5,40.5,True,True
S1004241,C11935,2026-07-05,Organic,Desktop,6,317.0,False,False
S1004242,C11520,2025-10-02,Email,Desktop,6,126.8,True,False
S1004243,,2026-03-07,Organic,Tablet,4,35.1,False,False
S1004244,C10246,2025-10-18,Google Ads,Mobile,4,311.4,True,True
S1004245,,2026-06-20,Affiliate,Tablet,4,110.0,False,False
S1004246,C10867,2026-07-16,Instagram,Desktop,5,46.7,True,False
S1004247,C11826,2025-12-31,Affiliate,Mobile,3,158.2,False,False
S1004248,C10627,2026-02-10,Email,Tablet,9,47.9,True,False
S1004249,C10489,2026-02-18,Organic,Mobile,7,181.2,False,False
S1004250,C10034,2026-04-12,Organic,Mobile,6,92.2,True,True
S1004251,C10332,2026-01-25,Organic,Mobile,7,161.6,True,False
S1004252,C10885,2026-01-05,Affiliate,Mobile,3,230.9,False,False
S1004253,C11989,2026-06-26,Email,Mobile,5,257.0,False,False
S1004254,C11701,2025-12-26,Google Ads,Mobile,3,416.0,True,False
S1004255,C11901,2026-04-25,Facebook,Mobile,5,270.0,False,False
S1004256,C10039,2026-03-27,Instagram,Mobile,4,288.4,True,False
S1004257,C11121,2025-08-28,Organic,Desktop,7,434.7,False,False
S1004258,C11388,2026-07-04,Google Ads,Mobile,5,91.5,True,True
S1004259,C10139,2026-03-05,Facebook,Mobile,6,345.5,False,False
S1004260,C11447,2026-01-07,Instagram,Mobile,2,204.0,False,False
S1004261,C10917,2026-01-20,Google Ads,Mobile,3,159.4,False,False
S1004262,C11992,2025-09-01,Facebook,Mobile,5,756.1,False,False
S1004263,,2025-10-15,Email,Mobile,3,722.6,False,False
S1004264,,2026-08-17,Email,Desktop,6,333.8,True,True
S1004265,C10377,2026-03-26,Affiliate,Mobile,4,53.5,True,False
S1004266,C11243,2026-03-30,Email,Desktop,7,54.1,True,False
S1004267,C11750,2025-09-05,Google Ads,Desktop,5,291.0,False,False
S1004268,C11972,2026-05-09,Google Ads,Mobile,5,70.9,False,False
S1004269,C10638,2026-04-10,Email,Mobile,7,130.5,True,False
S1004270,C11484,2026-02-15,Google Ads,Mobile,7,98.0,False,False
S1004271,C10214,2025-09-15,Google Ads,Mobile,4,334.1,False,False
S1004272,,2026-04-04,Organic,Desktop,6,139.3,False,False
S1004273,C10603,2025-11-20,Organic,Mobile,7,163.5,True,False
S1004274,C10025,2026-05-01,Email,Mobile,3,545.0,False,False
S1004275,C10250,2025-09-25,Instagram,Mobile,6,146.5,True,False
S1004276,C11967,2026-05-29,Affiliate,Mobile,9,146.4,False,False
S1004277,C10273,2026-01-09,Google Ads,Mobile,3,616.7,False,False
S1004278,,2026-02-05,Organic,Mobile,7,128.1,False,False
S1004279,C11395,2026-02-16,Google Ads,Mobile,6,102.6,False,False
S1004280,C11967,2025-10-06,Instagram,Desktop,7,230.0,False,False
S1004281,C11419,2026-02-25,Facebook,Desktop,3,22.2,False,False
S1004282,,2026-01-19,Facebook,Desktop,4,383.6,False,False
S1004283,C10158,2026-02-24,Affiliate,Desktop,3,164.0,False,False
S1004284,C11229,2026-08-21,Organic,Mobile,4,97.0,True,False
S1004285,C11193,2025-09-23,Email,Desktop,9,338.5,False,False
S1004286,C11856,2026-07-09,Organic,Mobile,5,173.7,False,False
S1004287,C10868,2026-05-19,Facebook,Mobile,3,122.8,False,False
S1004288,,2025-10-24,Instagram,Mobile,6,86.5,False,False
S1004289,C11025,2026-08-17,Facebook,Desktop,7,174.9,False,False
S1004290,C10264,2025-11-18,Affiliate,Mobile,9,97.1,True,False
S1004291,C10173,2026-08-06,Facebook,Mobile,6,426.5,True,False
S1004292,,2026-06-18,Email,Desktop,7,160.3,False,False
S1004293,C11639,2026-02-04,Google Ads,Mobile,5,21.3,False,False
S1004294,C10976,2025-10-10,Instagram,Mobile,2,190.6,False,False
S1004295,C10240,2025-11-02,Email,Mobile,5,319.6,True,False
S1004296,C11515,2026-02-08,Facebook,Tablet,5,103.7,False,False
S1004297,C11656,2026-05-01,Organic,Desktop,5,112.3,False,False
S1004298,C11619,2025-10-15,Facebook,Desktop,5,161.6,False,False
S1004299,C10575,2025-09-10,Google Ads,Mobile,6,162.9,False,False
S1004300,,2026-02-21,Email,Mobile,1,160.1,False,False
S1004301,C11996,2025-09-27,Email,Mobile,3,525.7,False,False
S1004302,,2025-09-07,Instagram,Desktop,6,34.9,False,False
S1004303,C10508,2025-11-09,Email,Desktop,4,159.2,False,False
S1004304,C10713,2025-11-28,Organic,Desktop,7,145.1,False,False
S1004305,C11045,2025-10-05,Instagram,Mobile,4,58.5,False,False
S1004306,C11165,2025-12-19,Google Ads,Tablet,4,124.9,True,True
S1004307,C11306,2026-03-18,Instagram,Desktop,4,71.1,True,False
S1004308,C11476,2026-06-10,Google Ads,Mobile,7,560.4,False,False
S1004309,,2025-11-27,Instagram,Mobile,6,19.4,False,False
S1004310,C10392,2026-01-25,Affiliate,Mobile,5,196.5,False,False
S1004311,C10918,2026-04-15,Google Ads,Mobile,5,93.3,False,False
S1004312,,2026-07-13,Instagram,Tablet,3,114.5,False,False
S1004313,,2026-04-28,Instagram,Mobile,4,508.5,True,False
S1004314,,2026-08-11,Facebook,Mobile,7,44.4,False,False
S1004315,C10288,2026-01-07,Organic,Desktop,4,363.1,True,True
S1004316,,2026-06-04,Organic,Mobile,8,67.5,False,False
S1004317,C10728,2026-01-14,Google Ads,Mobile,5,493.8,False,False
S1004318,,2025-11-04,Instagram,Mobile,5,150.4,True,True
S1004319,C11834,2025-09-11,Instagram,Desktop,6,228.4,False,False
S1004320,C10714,2026-02-27,Affiliate,Desktop,7,112.6,True,False
S1004321,C11380,2026-03-18,Instagram,Mobile,7,76.7,False,False
S1004322,C11556,2025-11-30,Organic,Mobile,4,112.2,False,False
S1004323,C11924,2025-10-25,Organic,Desktop,6,37.1,True,False
S1004324,,2026-04-24,Email,Mobile,5,170.9,True,True
S1004325,C11431,2025-10-20,Organic,Desktop,4,74.4,False,False
S1004326,C11102,2025-11-11,Organic,Mobile,6,88.3,True,True
S1004327,,2026-07-18,Organic,Desktop,7,102.7,False,False
S1004328,C11839,2026-05-23,Affiliate,Tablet,7,85.2,False,False
S1004329,C11637,2026-05-01,Google Ads,Tablet,10,78.6,False,False
S1004330,C11517,2026-04-10,Google Ads,Desktop,8,218.6,True,False
S1004331,C11391,2026-07-27,Email,Tablet,8,118.0,False,False
S1004332,C10045,2026-01-26,Affiliate,Mobile,7,214.8,False,False
S1004333,C11013,2026-03-21,Affiliate,Mobile,8,40.7,True,False
S1004334,C10256,2025-09-23,Affiliate,Mobile,3,56.4,False,False
S1004335,,2026-06-22,Google Ads,Mobile,3,123.9,False,False
S1004336,,2025-11-30,Email,Mobile,5,345.9,False,False
S1004337,C10032,2026-01-16,Organic,Mobile,5,114.6,False,False
S1004338,,2026-02-24,Organic,Mobile,8,73.0,False,False
S1004339,C11422,2026-02-18,Organic,Mobile,3,330.2,False,False
S1004340,C10838,2026-05-30,Facebook,Mobile,7,240.5,False,False
S1004341,C10527,2026-01-17,Organic,Mobile,7,134.6,True,False
S1004342,C10888,2026-06-08,Google Ads,Mobile,8,37.8,False,False
S1004343,,2025-10-25,Organic,Tablet,9,82.8,False,False
S1004344,C10122,2026-01-30,Email,Mobile,8,140.6,True,False
S1004345,C10849,2025-11-05,Facebook,Mobile,4,76.0,True,True
S1004346,C10033,2025-12-27,Organic,Mobile,5,471.6,False,False
S1004347,C10955,2025-09-20,Affiliate,Mobile,3,93.5,False,False
S1004348,C10322,2025-11-27,Instagram,Desktop,3,25.6,False,False
S1004349,C11420,2025-11-06,Instagram,Mobile,7,371.3,True,False
S1004350,,2026-01-05,Affiliate,Mobile,4,180.1,False,False
S1004351,C10501,2025-09-14,Google Ads,Desktop,8,149.8,False,False
S1004352,,2026-04-12,Email,,4,345.5,True,False
S1004353,C11160,2026-05-20,Organic,Desktop,5,39.8,True,False
S1004354,C11347,2026-04-18,Organic,Mobile,4,139.0,False,False
S1004355,,2025-12-04,Affiliate,Mobile,4,74.2,False,False
S1004356,C10438,2026-02-20,Email,Mobile,7,66.5,False,False
S1004357,C11635,2026-04-22,Organic,Mobile,4,239.0,False,False
S1004358,C10208,2026-06-27,Affiliate,Mobile,4,143.6,False,False
S1004359,C11219,2026-07-11,Organic,Mobile,4,30.0,True,True
S1004360,C11209,2026-06-11,Email,Mobile,3,208.2,False,False
S1004361,C11724,2025-08-25,Email,Mobile,4,409.8,False,False
S1004362,,2026-04-03,Google Ads,Desktop,4,142.9,False,False
S1004363,C10249,2026-07-30,Google Ads,Tablet,6,382.3,True,True
S1004364,C10393,2026-08-04,Google Ads,Mobile,8,486.9,False,False
S1004365,C11573,2026-04-19,Organic,Mobile,7,46.3,True,False
S1004366,C10507,2025-11-27,Google Ads,Mobile,3,319.1,False,False
S1004367,C10732,2026-02-27,Email,Desktop,3,222.0,False,False
S1004368,C10199,2025-09-04,Facebook,Mobile,3,263.6,False,False
S1004369,,2026-08-06,Facebook,Mobile,5,201.4,True,False
S1004370,C11839,2026-04-15,Affiliate,Mobile,5,93.8,False,False
S1004371,C10504,2025-11-02,Instagram,Desktop,3,348.5,True,False
S1004372,C10943,2025-12-04,Instagram,Desktop,4,187.6,False,False
S1004373,,2025-11-02,Google Ads,Desktop,4,92.8,False,False
S1004374,C11651,2025-09-11,Email,Mobile,7,320.5,False,False
S1004375,,2026-06-18,Organic,Desktop,5,46.1,False,False
S1004376,C11602,2026-05-01,Email,Mobile,5,205.9,False,False
S1004377,C10283,2026-07-28,Instagram,Desktop,6,86.2,True,True
S1004378,C11376,2025-11-23,Google Ads,Mobile,4,28.8,False,False
S1004379,C11683,2026-04-26,Instagram,Mobile,5,167.7,False,False
S1004380,C10137,2026-06-24,Google Ads,Desktop,3,22.7,False,False
S1004381,C11846,2025-09-11,Google Ads,Mobile,4,116.0,False,False
S1004382,C10777,2026-04-27,Google Ads,Mobile,5,91.3,False,False
S1004383,C11510,2026-01-13,Facebook,Mobile,5,181.1,False,False
S1004384,C10109,2025-09-18,Affiliate,Mobile,3,65.5,False,False
S1004385,,2026-04-10,Google Ads,Mobile,3,50.8,False,False
S1004386,C11383,2026-01-15,Instagram,Mobile,4,108.2,False,False
S1004387,C11771,2025-12-18,Facebook,Tablet,3,195.7,False,False
S1004388,C11340,2025-11-05,Organic,,5,130.6,False,False
S1004389,C11545,2025-11-06,Instagram,Mobile,3,73.0,False,False
S1004390,,2026-01-15,Instagram,Mobile,2,318.6,False,False
S1004391,C11588,2026-08-01,Facebook,Mobile,7,170.1,False,False
S1004392,,2026-02-02,Facebook,Tablet,9,121.9,True,False
S1004393,C10641,2026-03-03,Email,Desktop,2,123.3,False,False
S1004394,C11466,2025-12-30,Email,Mobile,7,471.9,False,False
S1004395,C10291,2026-01-19,Facebook,Desktop,4,176.6,True,False
S1004396,C11094,2026-05-01,Instagram,Desktop,2,50.7,False,False
S1004397,C10645,2025-09-13,Google Ads,Desktop,5,261.7,True,False
S1004398,C11798,2026-05-09,Instagram,Tablet,2,214.3,False,False
S1004399,,2025-09-19,Facebook,Mobile,5,117.4,True,False
S1004400,C11314,2025-11-23,Email,Mobile,4,141.1,False,False
S1004401,C10219,2026-04-21,Instagram,Mobile,5,151.4,False,False
S1004402,C11674,2026-01-28,Organic,Mobile,6,146.0,False,False
S1004403,C10065,2026-03-04,Google Ads,Mobile,4,118.1,False,False
S1004404,C10400,2025-12-25,Instagram,Mobile,2,438.5,False,False
S1004405,C10472,2025-12-08,Organic,Mobile,5,305.8,False,False
S1004406,C11421,2025-10-06,Google Ads,Desktop,4,37.0,False,False
S1004407,C11911,2026-04-20,Email,Desktop,5,11.9,False,False
S1004408,C10352,2026-05-09,Facebook,Mobile,7,176.9,False,False
S1004409,C10058,2026-02-22,Organic,Mobile,3,241.3,False,False
S1004410,,2026-04-02,Google Ads,Mobile,6,283.8,False,False
S1004411,C11364,2025-12-05,Facebook,Mobile,5,121.2,False,False
S1004412,,2025-09-24,Organic,Desktop,6,97.4,True,False
S1004413,C10924,2025-11-05,Affiliate,Mobile,5,65.5,False,False
S1004414,C11615,2025-11-16,Affiliate,Mobile,3,45.7,False,False
S1004415,C10270,2026-02-15,Instagram,Mobile,5,240.0,False,False
S1004416,C11437,2026-04-18,Facebook,Mobile,3,132.8,True,False
S1004417,C10519,2026-07-12,Instagram,Desktop,5,113.4,False,False
S1004418,C11159,2026-07-27,Instagram,Desktop,8,211.3,False,False
S1004419,C10503,2025-09-14,Google Ads,Mobile,7,135.4,False,False
S1004420,C11653,2026-08-18,Google Ads,Mobile,5,111.4,False,False
S1004421,C10792,2026-06-21,Email,Desktop,9,60.1,False,False
S1004422,C11893,2026-01-14,Google Ads,Mobile,9,112.5,False,False
S1004423,C10890,2025-09-26,Google Ads,Desktop,10,61.2,True,False
S1004424,C10937,2026-05-01,Instagram,Mobile,4,200.4,False,False
S1004425,C10426,2026-01-23,Facebook,Mobile,3,434.3,False,False
S1004426,C11609,2025-09-17,Organic,Tablet,8,154.4,False,False
S1004427,C10721,2026-08-19,Organic,Desktop,5,223.7,False,False
S1004428,C11338,2026-05-20,Affiliate,Mobile,5,157.4,True,False
S1004429,C10207,2025-10-11,Google Ads,Mobile,2,222.1,True,False
S1004430,C11734,2025-10-15,Instagram,Mobile,6,114.7,False,False
S1004431,C11761,2026-05-12,Instagram,Desktop,7,153.4,True,False
S1004432,C10726,2025-11-28,Affiliate,Mobile,3,227.2,False,False
S1004433,C10090,2026-05-31,Google Ads,Mobile,4,228.1,True,False
S1004434,C11175,2026-02-09,Organic,Mobile,5,387.4,True,True
S1004435,C11668,2025-12-09,Instagram,Desktop,11,187.8,False,False
S1004436,C11523,2026-05-26,Instagram,Mobile,5,181.9,False,False
S1004437,C11155,2025-10-10,Google Ads,Tablet,5,99.5,False,False
S1004438,C10739,2026-02-23,Email,Desktop,3,157.9,False,False
S1004439,C10214,2026-08-13,Affiliate,Mobile,5,100.8,False,False
S1004440,C10255,2025-11-15,Email,Desktop,1,23.0,False,False
S1004441,C10446,2025-11-01,Google Ads,Mobile,5,150.7,False,False
S1004442,,2026-03-29,Organic,Desktop,5,196.5,True,False
S1004443,C11419,2025-08-31,Affiliate,Mobile,5,123.6,False,False
S1004444,C11381,2026-07-14,Email,Mobile,7,293.2,False,False
S1004445,,2026-04-25,Facebook,Tablet,4,182.1,False,False
S1004446,,2025-09-06,Organic,Mobile,3,101.9,False,False
S1004447,C11174,2026-06-19,Instagram,Desktop,4,185.3,False,False
S1004448,C10498,2025-09-20,Facebook,Desktop,4,364.8,True,False
S1004449,C11023,2026-06-30,Email,Mobile,6,162.7,True,False
S1004450,C10849,2026-01-25,Affiliate,Mobile,6,278.4,False,False
S1004451,,2026-02-06,Affiliate,Mobile,7,55.3,True,False
S1004452,,2026-07-17,Affiliate,Mobile,2,213.9,False,False
S1004453,C11277,2025-12-20,Instagram,Mobile,4,140.4,True,False
S1004454,,2026-03-10,Facebook,Mobile,8,56.7,False,False
S1004455,C10919,2026-02-10,Affiliate,Desktop,5,138.4,True,False
S1004456,C11010,2026-02-01,Affiliate,Mobile,5,99.6,False,False
S1004457,C11491,2026-01-06,Organic,Desktop,4,143.0,True,False
S1004458,C10900,2026-01-22,Affiliate,Mobile,1,172.0,False,False
S1004459,,2026-03-10,Google Ads,Mobile,9,180.2,False,False
S1004460,C11399,2025-12-12,Instagram,Mobile,5,66.9,False,False
S1004461,C10437,2026-04-29,Email,Mobile,5,202.8,False,False
S1004462,C11767,2025-10-03,Email,Mobile,5,30.1,False,False
S1004463,,2026-06-25,Instagram,Mobile,6,255.9,False,False
S1004464,C11881,2026-04-18,Affiliate,Desktop,4,496.7,False,False
S1004465,C11570,2026-05-03,Email,Tablet,9,151.5,False,False
S1004466,,2026-02-28,Instagram,Tablet,3,100.9,False,False
S1004467,C10689,2025-11-27,Email,Mobile,4,161.9,True,False
S1004468,C10335,2026-01-21,Email,Mobile,8,279.6,False,False
S1004469,C10163,2026-03-18,Organic,Tablet,6,53.6,True,False
S1004470,C10718,2026-07-30,Google Ads,Mobile,4,126.8,True,False
S1004471,C11781,2026-05-26,Affiliate,Mobile,6,49.2,True,True
S1004472,C11236,2026-07-20,Google Ads,Mobile,5,78.8,True,False
S1004473,,2026-08-18,Email,Desktop,9,121.9,False,False
S1004474,C10694,2026-02-25,Email,Mobile,6,105.7,True,False
S1004475,C11939,2025-09-19,Organic,Tablet,3,47.7,True,False
S1004476,C11941,2025-09-29,Google Ads,Desktop,4,98.2,False,False
S1004477,C11844,2026-06-09,Facebook,Mobile,3,148.4,False,False
S1004478,C10559,2025-11-23,Google Ads,Desktop,8,83.8,False,False
S1004479,C10652,2026-03-09,Email,Mobile,4,134.9,False,False
S1004480,,2025-10-10,Affiliate,Desktop,4,93.9,False,False
S1004481,,2025-09-22,Organic,Mobile,6,128.7,True,True
S1004482,,2026-05-13,Affiliate,Mobile,3,369.3,False,False
S1004483,C10903,2025-09-13,Facebook,Mobile,6,428.4,False,False
S1004484,C10857,2026-06-22,Affiliate,Mobile,5,52.7,True,False
S1004485,C10164,2025-09-19,Organic,Mobile,8,136.9,True,True
S1004486,,2026-07-24,Google Ads,Mobile,5,294.5,False,False
S1004487,C10003,2026-01-31,Facebook,Desktop,6,502.6,False,False
S1004488,C10139,2026-08-05,Instagram,Desktop,11,667.7,False,False
S1004489,,2026-03-19,Email,Tablet,4,322.5,False,False
S1004490,C11428,2025-09-03,Facebook,Tablet,6,50.7,True,False
S1004491,C11166,2026-04-06,Email,Mobile,6,74.0,False,False
S1004492,C11619,2026-03-01,Organic,Mobile,5,102.8,True,False
S1004493,,2026-08-01,Organic,Mobile,2,253.1,False,False
S1004494,C11849,2026-04-14,Instagram,Mobile,11,207.9,True,True
S1004495,,2026-05-07,Organic,Mobile,7,121.7,False,False
S1004496,,2026-01-03,Google Ads,Mobile,3,245.6,False,False
S1004497,C10399,2026-05-19,Google Ads,Mobile,6,182.9,False,False
S1004498,C10063,2026-04-08,Email,Mobile,4,354.3,False,False
S1004499,C10741,2026-01-22,Google Ads,Desktop,5,505.0,False,False
S1004500,C11723,2026-07-21,Instagram,Mobile,5,260.1,False,False
S1004501,C11700,2025-12-21,Organic,Mobile,8,446.9,False,False
S1004502,C10267,2026-07-26,Email,Tablet,4,508.8,False,False
S1004503,C11821,2026-06-01,Organic,Tablet,6,128.5,False,False
S1004504,C11520,2026-02-21,Instagram,Mobile,3,121.4,False,False
S1004505,C11831,2025-09-07,Organic,Mobile,3,225.6,False,False
S1004506,C11414,2026-03-07,Facebook,Desktop,4,118.5,True,False
S1004507,C10765,2026-05-15,Email,Desktop,5,175.5,False,False
S1004508,C11427,2025-12-16,Google Ads,Mobile,4,36.2,False,False
S1004509,C11115,2025-12-15,Affiliate,Mobile,7,236.0,False,False
S1004510,C10121,2025-12-16,Facebook,Mobile,2,92.5,False,False
S1004511,C11149,2026-07-13,Email,Mobile,2,103.1,False,False
S1004512,C11785,2026-01-22,Google Ads,Desktop,3,279.9,False,False
S1004513,C11070,2026-08-15,Email,Desktop,6,32.9,True,False
S1004514,,2026-01-29,Instagram,Mobile,3,637.4,False,False
S1004515,C11222,2026-04-30,Organic,Desktop,10,90.9,False,False
S1004516,C11168,2025-12-10,Facebook,Mobile,6,35.4,False,False
S1004517,C10481,2026-06-24,Google Ads,Desktop,5,309.4,False,False
S1004518,C11661,2026-08-14,Email,Desktop,6,145.3,False,False
S1004519,C11278,2025-11-20,Facebook,Mobile,3,161.7,False,False
S1004520,C10719,2026-07-19,Google Ads,Mobile,2,431.8,False,False
S1004521,C11618,2026-07-29,Email,Mobile,4,109.4,False,False
S1004522,C10403,2026-07-15,Google Ads,Tablet,5,205.5,True,False
S1004523,C11077,2026-08-04,Facebook,Desktop,5,85.0,True,False
S1004524,C11769,2026-05-29,Google Ads,Mobile,6,28.8,True,True
S1004525,C11923,2026-03-01,Google Ads,Mobile,1,115.3,True,False
S1004526,C10347,2025-12-13,Organic,Desktop,6,241.7,False,False
S1004527,C10250,2025-09-15,Organic,Tablet,5,239.5,True,False
S1004528,C10097,2026-07-27,Facebook,Desktop,2,120.9,False,False
S1004529,,2025-12-04,Facebook,Desktop,2,253.3,False,False
S1004530,C11057,2026-07-11,Affiliate,Mobile,3,250.5,False,False
S1004531,C10698,2025-12-17,Email,Mobile,8,338.9,True,True
S1004532,,2026-04-08,Organic,Mobile,4,129.8,False,False
S1004533,C11178,2026-07-24,Affiliate,Mobile,3,308.5,False,False
S1004534,C10089,2026-06-27,Instagram,Desktop,5,123.4,False,False
S1004535,C10897,2026-03-26,Google Ads,Mobile,6,424.6,False,False
S1004536,,2025-09-26,Facebook,Mobile,8,95.4,True,True
S1004537,C10806,2026-07-02,Google Ads,Mobile,4,211.1,True,False
S1004538,C10880,2026-01-22,Organic,Mobile,5,43.8,False,False
S1004539,,2025-10-11,Organic,Mobile,6,316.5,False,False
S1004540,C11413,2026-07-02,Google Ads,Mobile,4,105.1,True,False
S1004541,C11982,2025-09-06,Organic,Desktop,7,77.6,False,False
S1004542,C10554,2025-11-26,Affiliate,Mobile,5,136.2,False,False
S1004543,C10095,2025-08-21,Email,Desktop,5,107.2,False,False
S1004544,C11857,2025-10-10,Facebook,Mobile,4,87.8,False,False
S1004545,C11796,2026-07-05,Instagram,Desktop,6,239.6,False,False
S1004546,,2026-01-02,Organic,Mobile,3,108.7,False,False
S1004547,C10413,2025-08-23,Organic,Desktop,7,300.9,True,True
S1004548,C10219,2025-11-19,Facebook,Desktop,7,174.2,False,False
S1004549,C11941,2026-03-24,Affiliate,Desktop,1,181.6,False,False
S1004550,C10920,2026-03-28,Instagram,Mobile,4,53.2,True,False
S1004551,C11139,2026-06-01,Organic,Mobile,3,219.8,True,False
S1004552,C11797,2025-12-13,Email,Mobile,6,208.1,False,False
S1004553,C11507,2025-10-19,Organic,Tablet,5,8.3,False,False
S1004554,C11840,2025-08-30,Organic,Mobile,5,121.0,True,False
S1004555,C10645,2026-04-21,Facebook,Desktop,3,174.8,False,False
S1004556,,2025-10-01,Organic,Mobile,7,81.5,False,False
S1004557,C10810,2026-03-18,Email,Tablet,5,119.3,False,False
S1004558,C10938,2026-06-21,Email,Tablet,9,140.9,False,False
S1004559,C10594,2025-08-25,Organic,Mobile,4,53.6,False,False
S1004560,,2026-03-28,Email,Desktop,5,181.3,True,False
S1004561,C10922,2025-10-16,Facebook,Desktop,3,333.3,False,False
S1004562,C10444,2026-06-14,Facebook,Mobile,7,223.4,False,False
S1004563,C11981,2026-05-08,Google Ads,Mobile,8,202.2,False,False
S1004564,C11800,2026-06-12,Organic,Mobile,9,104.3,False,False
S1004565,C10545,2025-11-13,Instagram,Desktop,6,119.3,False,False
S1004566,C11069,2026-06-06,Organic,Tablet,5,204.6,False,False
S1004567,C10530,2025-10-05,Organic,Tablet,4,292.3,True,True
S1004568,C10899,2026-07-16,Facebook,Mobile,4,91.7,False,False
S1004569,C10006,2026-01-25,Instagram,Mobile,3,55.2,False,False
S1004570,C11207,2026-02-06,Google Ads,Mobile,4,313.1,False,False
S1004571,C11643,2026-08-08,Facebook,Mobile,6,98.3,False,False
S1004572,C10807,2026-04-18,Affiliate,Mobile,4,146.2,False,False
S1004573,C10885,2026-01-25,Organic,Desktop,5,223.6,True,False
S1004574,C10286,2026-03-03,Affiliate,Desktop,3,131.8,True,True
S1004575,,2026-03-06,Affiliate,Tablet,5,14.2,False,False
S1004576,C10452,2025-11-30,Email,Tablet,4,307.8,True,False
S1004577,C10326,2026-05-04,Facebook,Mobile,3,375.8,False,False
S1004578,C10702,2026-05-18,Affiliate,Mobile,7,119.7,True,False
S1004579,C10746,2025-09-03,Instagram,Mobile,1,47.6,False,False
S1004580,C10379,2026-01-30,Organic,Mobile,5,385.2,True,False
S1004581,C10511,2025-11-16,Google Ads,Mobile,8,95.5,False,False
S1004582,C10700,2026-07-09,Facebook,Mobile,3,70.3,False,False
S1004583,C11180,2025-10-13,Instagram,Mobile,7,20.0,True,False
S1004584,C10753,2026-06-03,Instagram,Desktop,1,519.8,False,False
S1004585,C10372,2025-08-28,Instagram,Mobile,6,34.6,False,False
S1004586,C10041,2026-05-31,Google Ads,Mobile,4,96.5,True,False
S1004587,C11483,2026-07-31,Organic,Desktop,4,41.0,False,False
S1004588,C10684,2025-12-20,Organic,Desktop,1,126.4,True,True
S1004589,C10436,2026-06-02,Facebook,Mobile,5,49.3,True,False
S1004590,C11430,2026-03-17,Organic,Mobile,6,87.4,False,False
S1004591,C11848,2026-03-15,Organic,Mobile,3,62.1,False,False
S1004592,C11865,2026-06-20,Organic,Desktop,1,401.0,False,False
S1004593,C10831,2026-06-14,Instagram,Mobile,3,117.7,False,False
S1004594,C11205,2026-08-07,Facebook,Mobile,3,390.1,False,False
S1004595,C11918,2026-03-01,Facebook,Mobile,4,63.5,False,False
S1004596,C11392,2026-05-05,Email,Desktop,3,351.5,False,False
S1004597,,2026-02-14,Organic,Desktop,6,149.4,False,False
S1004598,,2026-05-14,Affiliate,Mobile,7,629.3,False,False
S1004599,C11021,2026-04-25,Affiliate,Mobile,6,206.9,False,False
S1004600,C10051,2025-12-04,Facebook,Tablet,5,251.4,True,False
S1004601,C10204,2026-03-13,Organic,Desktop,6,491.3,True,True
S1004602,C10507,2026-05-24,Organic,Mobile,5,47.6,False,False
S1004603,C10105,2025-12-16,Affiliate,Desktop,5,107.0,False,False
S1004604,C10163,2026-05-29,Affiliate,Desktop,9,92.7,False,False
S1004605,C10633,2026-04-29,Organic,Mobile,5,202.3,False,False
S1004606,,2026-03-23,Instagram,Mobile,4,82.1,False,False
S1004607,,2026-04-25,Email,Desktop,6,179.4,True,True
S1004608,C11736,2026-02-18,Organic,Mobile,6,216.6,False,False
S1004609,C11865,2026-05-06,Affiliate,Mobile,9,293.3,False,False
S1004610,C11792,2026-04-04,Google Ads,,6,376.2,False,False
S1004611,C10979,2026-01-24,Affiliate,Desktop,5,100.4,False,False
S1004612,C11705,2025-08-24,Google Ads,Mobile,5,241.2,True,True
S1004613,,2026-07-31,Organic,Desktop,5,18.9,False,False
S1004614,C10896,2025-09-13,Facebook,Mobile,3,18.6,True,False
S1004615,C10595,2025-12-09,Affiliate,Desktop,8,112.5,False,False
S1004616,C10630,2025-09-30,Google Ads,Mobile,6,149.1,True,False
S1004617,,2026-02-05,Facebook,Desktop,2,363.8,True,False
S1004618,C11286,2026-07-13,Google Ads,Mobile,3,73.8,False,False
S1004619,C11504,2025-09-11,Email,Mobile,7,94.3,False,False
S1004620,,2026-06-23,Google Ads,Mobile,5,17.8,True,True
S1004621,,2026-02-16,Instagram,Mobile,2,362.6,False,False
S1004622,,2026-03-31,Google Ads,Mobile,1,158.4,False,False
S1004623,C10420,2026-03-06,Affiliate,Mobile,5,244.7,True,False
S1004624,C11199,2026-07-16,Organic,Mobile,6,227.6,False,False
S1004625,C11722,2026-05-12,Affiliate,Mobile,5,355.8,True,False
S1004626,C10644,2026-07-22,Email,Mobile,3,429.4,False,False
S1004627,C10945,2025-09-15,Email,Mobile,4,237.6,True,False
S1004628,C11764,2025-12-16,Organic,Desktop,6,21.8,False,False
S1004629,C10014,2025-10-03,Instagram,Mobile,4,156.3,True,False
S1004630,,2026-02-12,Facebook,Tablet,6,49.3,False,False
S1004631,C10720,2026-03-18,Facebook,Tablet,8,158.6,False,False
S1004632,C10990,2026-05-29,Google Ads,Desktop,6,475.8,False,False
S1004633,C11366,2026-03-06,Instagram,Desktop,5,357.7,False,False
S1004634,,2026-04-16,Facebook,Desktop,9,61.2,True,False
S1004635,C10800,2026-06-19,Google Ads,Mobile,2,140.8,False,False
S1004636,C11123,2026-03-01,Email,Mobile,7,75.2,True,True
S1004637,C10174,2026-07-10,Organic,Mobile,6,344.4,False,False
S1004638,C11677,2026-01-04,Affiliate,Mobile,7,214.9,False,False
S1004639,C11338,2026-06-17,Facebook,Tablet,7,151.6,False,False
S1004640,C11678,2026-03-04,Email,Mobile,3,74.2,False,False
S1004641,,2026-06-07,Affiliate,Tablet,5,62.8,False,False
S1004642,C11673,2026-03-17,Facebook,Mobile,8,121.9,False,False
S1004643,C10821,2025-12-23,Organic,Mobile,4,143.3,False,False
S1004644,C10808,2026-04-04,Google Ads,Mobile,3,106.4,False,False
S1004645,C10018,2025-10-09,Facebook,Desktop,4,250.0,False,False
S1004646,C10701,2025-09-08,Organic,Mobile,5,110.7,False,False
S1004647,C10893,2026-06-04,Instagram,Desktop,7,27.0,False,False
S1004648,C11898,2025-11-09,Google Ads,Mobile,2,221.1,False,False
S1004649,C10128,2026-02-01,Instagram,Desktop,6,243.1,True,False
S1004650,C11064,2025-12-07,Facebook,Mobile,3,95.7,False,False
S1004651,C11144,2025-09-23,Facebook,Tablet,2,40.6,False,False
S1004652,C10959,2026-02-22,Instagram,Desktop,5,108.2,False,False
S1004653,,2026-08-07,Google Ads,Mobile,2,267.1,False,False
S1004654,C10158,2026-05-08,Email,Mobile,9,163.4,False,False
S1004655,C11418,2025-08-26,Google Ads,Desktop,4,388.4,False,False
S1004656,,2026-08-05,Google Ads,Desktop,8,265.8,True,True
S1004657,,2025-09-21,Facebook,Desktop,3,236.7,False,False
S1004658,C11322,2025-11-19,Facebook,Desktop,4,181.5,False,False
S1004659,C10565,2026-07-09,Google Ads,Mobile,5,129.2,False,False
S1004660,,2026-02-04,Facebook,Mobile,6,214.6,False,False
S1004661,C11764,2025-12-01,Organic,Mobile,6,99.2,False,False
S1004662,C10077,2026-05-29,Instagram,Desktop,9,164.0,True,False
S1004663,C10180,2025-09-20,Instagram,Mobile,6,51.2,False,False
S1004664,C10183,2026-01-20,Facebook,Mobile,6,59.5,False,False
S1004665,C11161,2026-05-15,Organic,Mobile,3,370.0,False,False
S1004666,C11681,2025-10-26,Google Ads,Mobile,4,112.7,False,False
S1004667,C11888,2026-05-20,Google Ads,Desktop,3,320.8,True,False
S1004668,,2026-03-29,Instagram,Mobile,4,72.0,False,False
S1004669,,2025-11-09,Instagram,Mobile,1,304.9,False,False
S1004670,C10663,2026-07-15,Instagram,Mobile,2,204.1,False,False
S1004671,C10761,2026-04-25,Google Ads,Mobile,4,23.3,False,False
S1004672,C10315,2025-12-09,Email,Mobile,8,393.4,True,False
S1004673,C10154,2026-08-05,Instagram,Mobile,8,43.4,True,False
S1004674,C10937,2026-04-30,Organic,Mobile,3,389.5,False,False
S1004675,C11449,2026-06-10,Organic,Mobile,5,217.8,False,False
S1004676,C10150,2025-11-06,Organic,Tablet,3,295.6,False,False
S1004677,C11802,2026-05-21,Facebook,Desktop,7,321.5,False,False
S1004678,C10935,2026-01-20,Affiliate,Mobile,5,97.4,True,True
S1004679,C10495,2026-04-08,Instagram,Tablet,6,119.4,False,False
S1004680,,2026-07-13,Organic,Desktop,4,220.1,False,False
S1004681,C10885,2026-03-20,Organic,Mobile,5,244.4,False,False
S1004682,C10417,2026-06-22,Affiliate,Mobile,2,281.6,False,False
S1004683,C11650,2026-08-14,Email,Desktop,2,465.5,False,False
S1004684,C11525,2025-11-11,Facebook,Desktop,6,180.2,True,False
S1004685,C10140,2026-03-22,Facebook,Mobile,2,191.3,False,False
S1004686,C10289,2026-05-07,Instagram,Desktop,6,278.1,False,False
S1004687,C11852,2026-06-17,Google Ads,Mobile,7,397.7,False,False
S1004688,C11259,2025-11-08,Affiliate,Tablet,7,429.9,True,False
S1004689,C11588,2025-11-04,Organic,Desktop,5,326.4,False,False
S1004690,C10265,2026-07-24,Instagram,Mobile,3,292.8,False,False
S1004691,C11235,2026-01-27,Instagram,Mobile,7,81.6,True,True
S1004692,C11442,2026-03-31,Organic,Mobile,7,281.5,True,False
S1004693,C10806,2026-02-22,Affiliate,Desktop,6,512.9,False,False
S1004694,C11100,2025-12-14,Instagram,Mobile,3,150.6,False,False
S1004695,,2026-01-01,Organic,Desktop,5,70.2,False,False
S1004696,C10994,2026-01-03,Organic,Mobile,6,88.2,False,False
S1004697,C10890,2025-10-22,Facebook,Desktop,4,94.4,False,False
S1004698,C11242,2026-04-25,Organic,Mobile,8,266.7,True,True
S1004699,C11665,2026-04-04,Organic,Mobile,2,382.5,False,False
S1004700,C11906,2025-10-12,Affiliate,Mobile,5,18.2,True,True
S1004701,C10158,2026-07-06,Email,Mobile,3,81.2,False,False
S1004702,C11612,2025-11-16,Organic,Mobile,4,396.4,False,False
S1004703,C11476,2026-03-28,Affiliate,Desktop,5,377.2,True,False
S1004704,C11714,2025-12-26,Google Ads,Mobile,7,213.5,False,False
S1004705,C11353,2026-08-19,Facebook,Mobile,10,266.7,False,False
S1004706,C10264,2026-04-26,Google Ads,Desktop,7,316.8,True,True
S1004707,C10749,2025-08-25,Email,Mobile,9,196.0,False,False
S1004708,C11299,2026-01-26,Instagram,Mobile,5,191.7,False,False
S1004709,,2025-09-06,Affiliate,Mobile,7,233.6,False,False
S1004710,C10625,2026-05-24,Affiliate,Desktop,1,61.5,False,False
S1004711,C10855,2025-08-27,Email,Mobile,7,137.4,True,False
S1004712,C10193,2025-10-25,Instagram,Mobile,2,284.0,False,False
S1004713,C10445,2026-06-05,Email,Mobile,4,96.6,False,False
S1004714,C10435,2026-01-11,Organic,Mobile,7,192.8,False,False
S1004715,C11069,2025-10-11,Google Ads,Mobile,4,112.1,False,False
S1004716,C10270,2025-12-18,Instagram,Mobile,4,33.5,True,False
S1004717,C11380,2025-11-28,Facebook,Tablet,2,140.0,False,False
S1004718,C10030,2026-08-05,Instagram,Desktop,10,81.8,False,False
S1004719,C10643,2026-01-27,Instagram,Desktop,3,204.0,False,False
S1004720,,2026-02-08,Affiliate,Desktop,3,30.4,False,False
S1004721,C10135,2026-04-16,Email,Desktop,3,584.0,False,False
S1004722,C10126,2026-04-18,Google Ads,Mobile,5,259.1,True,True
S1004723,C10610,2026-05-03,Google Ads,Tablet,6,222.2,False,False
S1004724,C10101,2026-08-20,Facebook,Mobile,4,1041.4,False,False
S1004725,,2026-08-18,Affiliate,Desktop,4,104.4,True,False
S1004726,,2025-08-21,Google Ads,Desktop,5,64.8,False,False
S1004727,C11929,2026-04-15,Google Ads,Mobile,6,75.4,True,True
S1004728,C11197,2026-01-22,Email,Desktop,6,206.4,False,False
S1004729,,2025-09-15,Email,Mobile,7,219.9,False,False
S1004730,C10287,2026-04-08,Instagram,Mobile,8,114.1,False,False
S1004731,C11901,2026-07-24,Affiliate,Mobile,5,239.0,False,False
S1004732,C11859,2025-12-12,Email,Mobile,7,131.9,False,False
S1004733,C10198,2026-08-08,Email,Mobile,5,57.4,False,False
S1004734,C11388,2026-03-03,Instagram,Desktop,5,273.2,False,False
S1004735,C11923,2026-04-21,Organic,Desktop,10,171.4,True,False
S1004736,C11002,2026-06-28,Facebook,Desktop,6,286.6,True,False
S1004737,,2025-12-30,Facebook,Mobile,3,161.5,False,False
S1004738,C10527,2026-07-15,Facebook,Mobile,6,253.0,True,True
S1004739,C10261,2026-05-02,Facebook,Mobile,4,212.5,False,False
S1004740,C10462,2025-11-12,Instagram,Mobile,7,684.8,True,False
S1004741,C11898,2026-08-10,Google Ads,Mobile,4,356.4,False,False
S1004742,C10200,2026-03-10,Google Ads,Mobile,7,49.6,False,False
S1004743,C10877,2026-02-16,Google Ads,Desktop,5,213.3,False,False
S1004744,,2026-08-11,Instagram,Mobile,7,238.3,False,False
S1004745,C11581,2025-09-10,Email,Desktop,3,217.0,False,False
S1004746,C11244,2026-04-24,Instagram,Mobile,4,15.0,True,False
S1004747,C10105,2025-09-22,Organic,Tablet,6,178.4,False,False
S1004748,C10709,2026-07-30,Google Ads,Desktop,7,30.9,False,False
S1004749,C10426,2025-10-04,Organic,Desktop,5,352.3,False,False
S1004750,C10456,2025-10-05,Email,Mobile,6,17.8,False,False
S1004751,C10895,2026-03-08,Google Ads,Mobile,5,38.8,False,False
S1004752,C11518,2026-05-02,Facebook,Mobile,4,82.8,True,False
S1004753,C11814,2026-04-11,Instagram,Mobile,4,331.4,True,False
S1004754,C10590,2026-01-25,Affiliate,Mobile,4,122.8,False,False
S1004755,,2025-12-19,Google Ads,Desktop,5,252.4,False,False
S1004756,C11158,2026-03-18,Google Ads,Mobile,4,372.6,True,False
S1004757,C11772,2025-12-23,Email,Mobile,5,163.8,False,False
S1004758,C10922,2026-05-30,Organic,Desktop,4,116.6,False,False
S1004759,C10225,2026-05-17,Google Ads,Mobile,4,84.8,False,False
S1004760,C11228,2026-08-19,Instagram,Desktop,2,111.5,False,False
S1004761,C10743,2025-10-23,Instagram,Desktop,3,229.8,False,False
S1004762,C10180,2026-07-20,Organic,Desktop,6,240.8,False,False
S1004763,C10173,2025-12-11,Affiliate,Mobile,4,273.4,False,False
S1004764,,2026-01-07,Organic,Mobile,6,51.7,False,False
S1004765,C10364,2025-08-21,Google Ads,Tablet,7,59.6,True,True
S1004766,,2025-09-22,Instagram,Desktop,5,359.4,True,False
S1004767,C11379,2025-12-15,Instagram,Mobile,5,214.7,False,False
S1004768,C10008,2026-08-21,Affiliate,Desktop,5,133.1,True,True
S1004769,,2025-11-06,Google Ads,Mobile,4,228.9,False,False
S1004770,C10442,2025-12-10,Instagram,Mobile,7,196.7,False,False
S1004771,C10431,2026-05-30,Organic,Desktop,6,31.9,True,True
S1004772,,2026-07-27,Email,Desktop,5,186.7,False,False
S1004773,C11205,2026-02-08,Google Ads,Mobile,6,145.6,False,False
S1004774,C11414,2026-07-08,Affiliate,Tablet,5,131.8,False,False
S1004775,C10016,2026-01-06,Email,Mobile,9,194.6,False,False
S1004776,C10308,2026-01-09,Google Ads,Desktop,6,89.6,True,True
S1004777,C10905,2026-06-01,Instagram,Mobile,2,136.1,False,False
S1004778,C10654,2026-04-03,Google Ads,Mobile,3,159.7,False,False
S1004779,C11736,2026-06-16,Email,Desktop,3,354.0,False,False
S1004780,C11885,2025-09-18,Facebook,Mobile,6,24.6,False,False
S1004781,C11370,2026-04-12,Facebook,Mobile,6,293.5,False,False
S1004782,C11876,2026-07-26,Google Ads,Mobile,6,236.9,False,False
S1004783,C10763,2025-09-27,Google Ads,Mobile,3,58.8,False,False
S1004784,C11205,2026-04-23,Google Ads,Mobile,7,182.6,False,False
S1004785,C10867,2026-01-18,Google Ads,Tablet,5,44.2,False,False
S1004786,C10701,2026-03-23,Facebook,Desktop,9,41.0,False,False
S1004787,C11322,2025-08-24,Organic,Tablet,2,360.8,True,False
S1004788,C11812,2025-09-14,Instagram,Mobile,3,348.7,False,False
S1004789,C11130,2025-09-02,Facebook,Mobile,4,46.4,True,False
S1004790,C11133,2026-01-17,Email,Tablet,8,66.4,False,False
S1004791,C11340,2026-03-04,Google Ads,Mobile,4,65.9,False,False
S1004792,C11646,2026-06-09,Facebook,Mobile,7,128.8,False,False
S1004793,C10377,2026-08-13,Affiliate,Desktop,8,192.8,False,False
S1004794,C10725,2026-04-06,Email,Tablet,6,76.8,False,False
S1004795,C11373,2026-03-24,Facebook,Desktop,6,128.3,True,False
S1004796,C10584,2026-03-23,Organic,Desktop,6,254.6,False,False
S1004797,C10685,2026-03-25,Instagram,Mobile,6,434.5,False,False
S1004798,C10412,2026-02-14,Instagram,Mobile,3,265.4,True,False
S1004799,C11014,2026-07-20,Google Ads,Tablet,7,299.7,False,False
S1004800,C11549,2025-12-05,Google Ads,Tablet,6,157.7,False,False
S1004801,C10751,2026-01-31,Google Ads,Desktop,2,185.8,False,False
S1004802,C11024,2026-08-03,Instagram,Desktop,4,447.0,False,False
S1004803,C10736,2025-12-15,Affiliate,Mobile,4,142.7,False,False
S1004804,C11871,2025-11-12,Email,Mobile,1,4.7,False,False
S1004805,C10844,2025-10-14,Google Ads,Desktop,8,216.3,False,False
S1004806,C11312,2025-11-24,Organic,Desktop,6,612.1,True,False
S1004807,C10469,2026-06-17,Affiliate,Mobile,6,256.9,False,False
S1004808,,2026-05-01,Instagram,Mobile,4,129.1,False,False
S1004809,C11727,2025-12-30,Instagram,Mobile,4,150.7,True,True
S1004810,C10525,2025-12-04,Email,Mobile,6,268.7,False,False
S1004811,C11155,2025-12-11,Google Ads,Tablet,7,205.6,True,False
S1004812,C10262,2026-01-23,Instagram,Desktop,2,34.4,False,False
S1004813,C10694,2026-03-05,Instagram,Desktop,7,259.5,True,False
S1004814,C11299,2026-07-20,Instagram,Desktop,6,626.1,True,False
S1004815,C10929,2026-02-02,Email,Mobile,2,150.4,False,False
S1004816,C10813,2026-07-03,Facebook,Mobile,5,115.4,False,False
S1004817,C10584,2026-08-16,Google Ads,Mobile,5,119.9,True,False
S1004818,C10439,2026-02-08,Google Ads,Mobile,2,27.4,False,False
S1004819,C10967,2025-12-18,Google Ads,Mobile,5,198.0,True,False
S1004820,,2026-06-05,Affiliate,Mobile,3,284.4,False,False
S1004821,,2025-09-04,Email,Mobile,6,223.8,True,False
S1004822,C10034,2026-05-30,Email,Mobile,4,198.6,False,False
S1004823,C11308,2026-08-18,Affiliate,Mobile,4,249.8,False,False
S1004824,C11375,2026-07-06,Google Ads,Mobile,9,135.5,False,False
S1004825,C11244,2026-07-14,Email,Mobile,8,358.9,True,True
S1004826,C11467,2025-10-07,Organic,Desktop,9,111.5,False,False
S1004827,C11916,2026-02-03,Instagram,Mobile,7,75.9,False,False
S1004828,C10273,2025-11-02,Email,Mobile,3,383.7,False,False
S1004829,C11650,2026-03-22,Facebook,Desktop,4,135.0,False,False
S1004830,,2026-07-27,Email,Mobile,3,147.1,False,False
S1004831,C11236,2026-03-06,Google Ads,Mobile,2,263.5,False,False
S1004832,C11103,2025-10-23,Organic,Desktop,6,19.3,True,False
S1004833,C11345,2025-12-17,Instagram,Mobile,5,134.0,True,False
S1004834,C10938,2026-02-13,Email,Mobile,3,76.5,False,False
S1004835,C11948,2026-04-09,Organic,Mobile,6,190.3,False,False
S1004836,C10637,2025-11-04,Instagram,Mobile,9,27.0,False,False
S1004837,C10804,2025-09-26,Instagram,Mobile,5,68.6,True,True
S1004838,C11151,2025-12-02,Instagram,Tablet,4,234.3,False,False
S1004839,C11679,2026-03-27,Google Ads,Tablet,4,214.6,True,False
S1004840,,2026-05-30,Email,Mobile,8,211.7,False,False
S1004841,C10837,2026-07-17,Facebook,Desktop,2,408.4,False,False
S1004842,C11523,2025-09-23,Instagram,Desktop,9,53.7,False,False
S1004843,,2026-08-12,Facebook,Mobile,8,339.2,True,False
S1004844,C10371,2026-03-01,Instagram,Desktop,5,44.0,False,False
S1004845,C10339,2026-05-09,Email,Desktop,3,336.8,False,False
S1004846,C10773,2026-07-29,Instagram,Desktop,6,120.0,True,True
S1004847,C10300,2026-05-05,Google Ads,Desktop,4,46.3,False,False
S1004848,C10293,2026-04-10,Instagram,Desktop,5,52.2,False,False
S1004849,,2025-08-29,Google Ads,Mobile,3,167.5,False,False
S1004850,C11937,2026-05-12,Instagram,Desktop,5,52.9,True,False
S1004851,C10846,2025-10-05,Organic,Desktop,5,48.5,False,False
S1004852,C11241,2026-04-16,Affiliate,Mobile,5,519.1,False,False
S1004853,C10113,2025-10-27,Affiliate,Mobile,4,203.7,True,False
S1004854,C10363,2026-06-08,Google Ads,Desktop,8,113.2,True,True
S1004855,C10494,2026-05-16,Instagram,Mobile,3,67.5,True,False
S1004856,C11798,2026-06-28,Organic,Mobile,3,111.5,False,False
S1004857,C10216,2026-04-28,Google Ads,Mobile,6,148.4,False,False
S1004858,C11959,2026-06-12,Instagram,Desktop,3,146.4,True,True
S1004859,C10792,2025-08-23,Google Ads,Mobile,6,204.0,True,False
S1004860,C10776,2025-10-15,Organic,Mobile,7,138.7,True,False
S1004861,C11029,2026-03-14,Affiliate,Mobile,9,147.9,True,False
S1004862,,2026-04-11,Affiliate,Mobile,5,229.7,False,False
S1004863,C11069,2025-10-04,Organic,Tablet,3,147.2,True,True
S1004864,C11262,2026-05-27,Organic,Mobile,3,70.3,False,False
S1004865,,2025-09-22,Instagram,Desktop,6,167.7,False,False
S1004866,,2026-01-21,Instagram,Mobile,8,235.8,False,False
S1004867,C10504,2026-06-15,Email,Desktop,3,300.1,False,False
S1004868,C11332,2025-11-08,Email,Desktop,6,23.6,False,False
S1004869,C10171,2025-12-08,Facebook,Mobile,4,181.0,True,False
S1004870,C11449,2026-01-05,Instagram,Desktop,4,110.6,False,False
S1004871,C10471,2026-05-29,Email,Mobile,7,153.4,False,False
S1004872,C11741,2026-05-08,Email,Mobile,9,57.5,False,False
S1004873,C11425,2025-08-24,Email,Desktop,3,332.2,False,False
S1004874,C11116,2025-11-20,Instagram,Mobile,6,46.2,False,False
S1004875,,2026-02-01,Instagram,Desktop,6,31.8,True,True
S1004876,,2025-12-05,Instagram,Mobile,9,24.2,False,False
S1004877,C10140,2026-06-14,Affiliate,Desktop,3,95.9,True,False
S1004878,C11618,2026-07-20,Organic,Mobile,2,63.5,False,False
S1004879,C11012,2026-06-12,Email,,5,53.5,False,False
S1004880,C11294,2025-09-15,Organic,Mobile,4,51.8,False,False
S1004881,C10005,2026-05-23,Google Ads,Desktop,4,100.2,False,False
S1004882,C10324,2026-08-20,Google Ads,Desktop,4,51.4,False,False
S1004883,C10158,2026-02-28,Instagram,Mobile,7,116.1,False,False
S1004884,C11566,2026-03-08,Instagram,Mobile,4,50.2,False,False
S1004885,C11285,2025-09-18,Google Ads,Mobile,5,199.9,False,False
S1004886,,2025-10-16,Instagram,Mobile,2,17.3,False,False
S1004887,,2026-01-01,Organic,Mobile,3,18.5,False,False
S1004888,C11692,2025-10-31,Instagram,Desktop,6,265.4,False,False
S1004889,,2026-04-27,Google Ads,Mobile,5,135.4,False,False
S1004890,C11573,2026-08-20,Google Ads,Mobile,4,49.0,False,False
S1004891,C10163,2026-01-20,Google Ads,Mobile,6,177.7,False,False
S1004892,C10501,2025-12-10,Google Ads,Mobile,1,480.6,False,False
S1004893,C10874,2025-10-19,Facebook,Mobile,10,296.2,False,False
S1004894,,2026-03-27,Google Ads,Desktop,6,61.3,False,False
S1004895,C11238,2025-12-01,Google Ads,Desktop,4,42.5,False,False
S1004896,C10502,2026-07-13,Google Ads,Desktop,4,53.9,True,False
S1004897,C10996,2025-11-13,Email,Mobile,10,529.1,False,False
S1004898,,2026-06-04,Email,Desktop,10,194.7,True,False
S1004899,,2025-10-29,Google Ads,Mobile,7,183.7,True,False
S1004900,C10216,2026-07-03,Email,Desktop,5,133.4,False,False
S1004901,,2025-09-08,Affiliate,Mobile,4,13.9,False,False
S1004902,C10949,2025-10-25,Instagram,Mobile,8,265.7,False,False
S1004903,C11966,2025-12-08,Organic,Desktop,5,202.4,False,False
S1004904,C10357,2026-04-08,Organic,Desktop,7,308.3,False,False
S1004905,C11085,2026-07-20,Instagram,Tablet,4,231.5,False,False
S1004906,C11606,2025-10-09,Organic,Desktop,3,66.5,False,False
S1004907,,2026-06-12,Facebook,Mobile,8,96.6,False,False
S1004908,,2025-11-02,Google Ads,Mobile,3,188.9,True,True
S1004909,C11010,2026-08-15,Instagram,Mobile,6,50.2,False,False
S1004910,C10233,2026-08-17,Facebook,Desktop,6,102.8,False,False
S1004911,C11839,2026-02-26,Affiliate,Mobile,4,244.7,False,False
S1004912,C10023,2026-08-17,Google Ads,Mobile,5,8.2,False,False
S1004913,C11982,2026-03-06,Google Ads,Mobile,8,124.3,True,True
S1004914,C10522,2026-06-22,Google Ads,Desktop,4,91.6,False,False
S1004915,C11346,2026-01-31,Organic,Desktop,5,268.0,False,False
S1004916,C10020,2026-01-12,Organic,Mobile,6,100.2,False,False
S1004917,C11490,2025-09-20,Google Ads,Desktop,1,92.8,False,False
S1004918,C11164,2026-01-11,Email,Mobile,7,73.6,False,False
S1004919,,2026-04-24,Google Ads,Mobile,6,604.8,True,True
S1004920,,2026-01-29,Email,Mobile,6,109.6,True,False
S1004921,C10768,2026-04-23,Organic,Desktop,4,72.2,True,False
S1004922,C10440,2025-10-14,Google Ads,Desktop,5,218.5,True,False
S1004923,C11119,2026-06-20,Instagram,Desktop,6,117.7,False,False
S1004924,C11545,2025-08-21,Instagram,Desktop,2,71.7,False,False
S1004925,C10788,2025-11-16,Google Ads,Mobile,3,39.5,True,True
S1004926,C11780,2026-05-05,Google Ads,Mobile,5,379.7,False,False
S1004927,C10452,2026-08-20,Google Ads,Mobile,7,238.9,False,False
S1004928,C11156,2025-10-11,Instagram,Mobile,7,482.4,True,True
S1004929,C11084,2026-05-16,Organic,Desktop,4,127.2,False,False
S1004930,,2026-06-22,Google Ads,Mobile,7,190.1,False,False
S1004931,,2026-05-14,Email,Mobile,2,119.8,False,False
S1004932,,2026-03-24,Affiliate,Mobile,5,101.6,False,False
S1004933,C11036,2025-09-06,Google Ads,Desktop,5,141.5,False,False
S1004934,C11891,2026-07-30,Facebook,Desktop,8,358.9,True,True
S1004935,C11100,2025-12-19,Facebook,Mobile,11,108.9,True,False
S1004936,C11225,2025-12-23,Google Ads,Mobile,5,65.3,True,True
S1004937,C10683,2026-06-28,Google Ads,Mobile,7,46.8,True,False
S1004938,C10526,2026-03-16,Affiliate,Mobile,4,330.1,False,False
S1004939,C10479,2025-12-06,Affiliate,Mobile,7,144.2,False,False
S1004940,C10084,2026-02-05,Email,Mobile,2,147.7,False,False
S1004941,C10990,2026-05-28,Email,Tablet,9,78.2,False,False
S1004942,,2025-09-12,Instagram,Desktop,2,84.9,False,False
S1004943,,2025-12-01,Google Ads,Tablet,3,341.9,False,False
S1004944,,2025-10-13,Google Ads,Desktop,5,111.9,False,False
S1004945,C10159,2025-09-09,Email,Mobile,5,88.2,False,False
S1004946,C10153,2026-08-05,Google Ads,Mobile,7,88.5,True,True
S1004947,C10917,2026-07-18,Instagram,Mobile,7,148.7,False,False
S1004948,C11081,2025-10-02,Instagram,Mobile,8,98.6,False,False
S1004949,C11122,2026-06-07,Instagram,Tablet,4,43.4,False,False
S1004950,C10915,2025-10-09,Google Ads,Desktop,6,226.9,False,False
S1004951,C11033,2026-01-01,Instagram,Mobile,5,57.7,True,False
S1004952,C11008,2026-07-01,Google Ads,Mobile,3,95.9,False,False
S1004953,C11342,2026-08-02,Affiliate,Tablet,4,435.6,False,False
S1004954,C11333,2026-08-21,Facebook,Mobile,6,145.8,False,False
S1004955,C10603,2026-02-03,Organic,Mobile,5,398.3,False,False
S1004956,C11045,2025-09-29,Instagram,Mobile,2,101.1,True,True
S1004957,,2025-09-07,Organic,Mobile,2,80.0,False,False
S1004958,C11849,2026-04-04,Google Ads,Mobile,3,255.3,False,False
S1004959,C11314,2026-05-08,Email,Mobile,7,68.8,False,False
S1004960,,2025-12-11,Organic,Mobile,5,97.4,False,False
S1004961,,2026-07-27,Google Ads,Mobile,3,105.1,False,False
S1004962,C11735,2025-12-09,Email,Desktop,10,136.1,False,False
S1004963,C10268,2026-06-22,Google Ads,Mobile,5,87.7,False,False
S1004964,C11539,2026-07-22,Google Ads,Desktop,5,323.1,False,False
S1004965,C10524,2026-04-02,Google Ads,Desktop,11,89.6,False,False
S1004966,C11741,2025-12-13,Instagram,Mobile,6,99.7,False,False
S1004967,C11815,2025-09-03,Email,Mobile,5,270.3,True,False
S1004968,C10061,2025-12-21,Google Ads,Mobile,3,245.9,True,True
S1004969,C10645,2026-07-28,Google Ads,Desktop,7,222.0,False,False
S1004970,C11307,2026-08-07,Affiliate,Mobile,3,71.3,False,False
S1004971,C11948,2025-12-05,Facebook,Mobile,6,80.9,True,False
S1004972,C10182,2026-01-02,Facebook,Desktop,7,100.0,False,False
S1004973,C10557,2025-12-09,Facebook,Tablet,2,297.7,True,False
S1004974,C11757,2026-06-19,Facebook,Mobile,2,31.5,False,False
S1004975,C11045,2026-04-18,Email,Tablet,7,102.5,False,False
S1004976,C11292,2025-11-21,Email,Mobile,6,112.4,True,True
S1004977,C11957,2026-04-27,Affiliate,Mobile,6,202.9,False,False
S1004978,C10115,2025-11-30,Facebook,Desktop,3,159.6,True,False
S1004979,C10052,2026-07-24,Instagram,Mobile,4,39.4,True,False
S1004980,C11403,2026-07-01,Google Ads,Mobile,5,68.0,True,False
S1004981,,2026-04-02,Organic,Mobile,3,610.1,False,False
S1004982,,2026-06-07,Email,Desktop,4,140.7,True,True
S1004983,C10205,2026-07-14,Organic,Tablet,4,151.1,False,False
S1004984,C10562,2026-04-19,Organic,Mobile,5,64.3,False,False
S1004985,,2026-01-07,Facebook,Desktop,7,39.9,False,False
S1004986,C10824,2026-08-16,Facebook,Mobile,5,177.8,True,True
S1004987,C10146,2026-06-02,Email,Mobile,6,117.3,False,False
S1004988,,2025-09-29,Instagram,Mobile,5,226.5,False,False
S1004989,C10060,2026-03-06,Google Ads,Mobile,3,154.0,False,False
S1004990,,2025-12-03,Google Ads,Mobile,3,77.8,False,False
S1004991,,2026-05-08,Facebook,Mobile,3,93.1,False,False
S1004992,,2026-03-09,Organic,Mobile,3,198.3,False,False
S1004993,,2026-03-13,Organic,Desktop,4,356.6,False,False
S1004994,C10083,2026-04-15,Google Ads,Mobile,7,64.5,True,False
S1004995,,2026-07-24,Google Ads,Mobile,5,26.7,True,True
S1004996,C11442,2025-10-22,Organic,Tablet,10,204.5,False,False
S1004997,,2025-12-18,Instagram,Mobile,3,385.6,False,False
S1004998,C10333,2025-10-08,Facebook,Desktop,6,63.4,False,False
S1004999,,2026-03-15,Instagram,Mobile,7,66.5,True,False
S1005000,C10305,2026-06-10,Google Ads,Desktop,3,79.9,True,True
S1005001,,2026-07-25,Email,Desktop,4,13.8,False,False
S1005002,C10374,2025-09-25,Facebook,Mobile,4,40.7,False,False
S1005003,C11138,2026-01-23,Facebook,Mobile,2,432.7,False,False
S1005004,C11452,2026-08-12,Facebook,Mobile,3,424.2,False,False
S1005005,C10940,2025-10-02,Organic,Mobile,3,112.6,False,False
S1005006,,2026-01-28,Organic,Mobile,3,115.1,False,False
S1005007,C11288,2026-08-07,Affiliate,Desktop,4,322.8,True,False
S1005008,C11827,2025-09-14,Email,Mobile,9,200.0,True,True
S1005009,,2026-03-14,Affiliate,Mobile,6,14.7,False,False
S1005010,C11832,2026-05-07,Affiliate,Mobile,7,238.0,True,False
S1005011,C11031,2026-06-01,Facebook,Mobile,1,269.3,True,True
S1005012,C11463,2025-11-08,Email,Mobile,2,175.7,True,True
S1005013,,2026-06-13,Affiliate,Mobile,5,168.7,True,False
S1005014,C10586,2025-09-21,Instagram,Desktop,5,332.3,True,True
S1005015,C10509,2025-08-22,Email,Mobile,4,178.6,True,False
S1005016,C11481,2025-11-07,Affiliate,Desktop,6,49.7,True,True
S1005017,,2026-06-12,Instagram,Desktop,5,152.1,True,False
S1005018,C11235,2026-01-15,Google Ads,Desktop,3,234.3,False,False
S1005019,C10853,2025-10-31,Email,Mobile,2,118.8,False,False
S1005020,C11616,2025-12-15,Organic,Mobile,3,143.7,False,False
S1005021,C10683,2026-07-23,Organic,Desktop,5,135.1,False,False
S1005022,C11701,2026-06-24,Instagram,Mobile,2,151.2,False,False
S1005023,C10007,2026-07-17,Organic,Desktop,3,193.8,False,False
S1005024,C10116,2026-05-25,Organic,,6,154.0,False,False
S1005025,C10399,2026-06-26,Instagram,Desktop,4,160.0,True,False
S1005026,,2025-10-16,Google Ads,Desktop,3,340.2,False,False
S1005027,C10273,2026-07-01,Google Ads,Mobile,5,362.3,False,False
S1005028,C10402,2026-04-22,Instagram,Desktop,2,67.1,False,False
S1005029,,2025-11-01,Instagram,Tablet,2,76.5,False,False
S1005030,C10852,2026-03-06,Google Ads,Mobile,6,61.1,False,False
S1005031,C11780,2026-01-17,Facebook,Mobile,8,99.7,False,False
S1005032,C11817,2026-05-12,Google Ads,Mobile,7,33.8,False,False
S1005033,C10066,2025-11-13,Instagram,Mobile,3,76.4,False,False
S1005034,C10744,2025-09-12,Affiliate,Mobile,6,181.9,True,False
S1005035,C11860,2026-05-16,Organic,Tablet,5,196.7,True,False
S1005036,C10417,2026-02-03,Instagram,Mobile,3,82.6,False,False
S1005037,C10302,2026-07-13,Google Ads,Mobile,4,43.6,True,False
S1005038,C10696,2025-08-21,Instagram,Mobile,1,38.7,False,False
S1005039,C10601,2026-07-17,Organic,Mobile,4,219.1,False,False
S1005040,C11314,2026-01-06,Instagram,Desktop,6,127.7,False,False
S1005041,,2025-09-07,Google Ads,Mobile,5,118.3,False,False
S1005042,C11472,2025-12-12,Instagram,Desktop,6,89.1,True,False
S1005043,C11574,2025-12-16,Instagram,Mobile,7,256.4,False,False
S1005044,C10225,2026-01-27,Organic,Mobile,5,213.4,False,False
S1005045,C11279,2026-04-30,Google Ads,Tablet,4,91.2,False,False
S1005046,C10836,2026-06-29,Instagram,Mobile,5,64.6,False,False
S1005047,C11251,2025-12-10,Google Ads,Mobile,4,177.8,False,False
S1005048,,2026-05-27,Instagram,Mobile,5,132.7,True,True
S1005049,C11222,2026-03-04,Organic,Tablet,4,144.3,False,False
S1005050,,2026-02-14,Google Ads,Mobile,2,231.5,False,False
S1005051,C10419,2026-06-20,Instagram,Desktop,7,180.7,False,False
S1005052,,2025-09-15,Email,Mobile,2,135.0,False,False
S1005053,,2026-02-11,Facebook,Desktop,9,276.2,False,False
S1005054,C11168,2026-07-22,Affiliate,Mobile,7,92.7,False,False
S1005055,C11750,2025-10-31,Google Ads,Mobile,6,85.8,False,False
S1005056,C11658,2025-10-12,Google Ads,Mobile,3,52.5,False,False
S1005057,C11934,2026-08-13,Email,Desktop,5,269.4,False,False
S1005058,C10452,2026-01-07,Organic,Mobile,4,299.0,False,False
S1005059,,2025-08-21,Email,Desktop,8,240.0,False,False
S1005060,C11839,2026-05-24,Instagram,Mobile,2,131.9,False,False
S1005061,C10954,2025-08-22,Affiliate,Mobile,7,107.6,False,False
S1005062,C10533,2026-07-01,Instagram,Mobile,5,44.1,False,False
S1005063,C10157,2026-08-20,Google Ads,Mobile,2,218.3,False,False
S1005064,,2026-08-02,Google Ads,Mobile,5,56.8,False,False
S1005065,,2026-04-13,Instagram,Tablet,6,123.4,False,False
S1005066,,2026-04-13,Affiliate,Mobile,5,236.3,False,False
S1005067,C11394,2026-05-05,Organic,Mobile,6,144.4,True,False
S1005068,C10345,2026-08-03,Instagram,Desktop,9,214.5,True,False
S1005069,C11676,2025-11-23,Email,Tablet,2,69.3,True,True
S1005070,C11295,2026-06-13,Facebook,Mobile,8,205.7,False,False
S1005071,C11509,2026-08-02,Affiliate,Mobile,5,153.7,True,False
S1005072,C11486,2026-03-22,Google Ads,Desktop,2,249.3,True,True
S1005073,C11219,2026-07-04,Email,Mobile,4,175.3,False,False
S1005074,C10914,2025-10-14,Organic,Mobile,6,75.0,True,True
S1005075,,2026-03-04,Organic,Mobile,6,242.6,False,False
S1005076,C11758,2026-01-15,Affiliate,Mobile,4,244.8,False,False
S1005077,,2026-06-02,Facebook,Tablet,6,55.4,False,False
S1005078,C11288,2025-09-29,Google Ads,Mobile,4,472.2,True,False
S1005079,C10870,2026-01-21,Google Ads,Desktop,3,22.9,True,False
S1005080,C10897,2026-04-04,Google Ads,Mobile,6,393.5,False,False
S1005081,C10210,2026-05-21,Google Ads,Mobile,2,6.6,False,False
S1005082,,2026-01-20,Google Ads,Desktop,8,69.1,True,True
S1005083,C10392,2025-10-10,Google Ads,Mobile,5,286.8,False,False
S1005084,C11864,2025-11-20,Instagram,Mobile,4,81.5,False,False
S1005085,C11865,2025-10-30,Organic,Mobile,5,249.4,True,False
S1005086,,2026-06-26,Organic,Desktop,3,194.8,False,False
S1005087,C10852,2026-01-21,Affiliate,Tablet,3,236.3,False,False
S1005088,,2025-10-05,Facebook,Mobile,4,186.2,False,False
S1005089,C10274,2025-11-25,Google Ads,Mobile,3,341.1,False,False
S1005090,C11135,2025-08-26,Instagram,Mobile,2,115.7,False,False
S1005091,C11531,2025-10-09,Affiliate,Mobile,5,45.8,False,False
S1005092,,2026-02-07,Google Ads,Mobile,4,74.1,True,False
S1005093,C10947,2025-12-04,Email,Desktop,2,92.0,True,False
S1005094,C11266,2026-02-19,Email,Desktop,6,55.5,True,True
S1005095,C11977,2026-05-19,Facebook,Desktop,5,130.0,True,False
S1005096,C10336,2025-11-27,Google Ads,Mobile,3,118.0,False,False
S1005097,C10139,2026-01-19,Instagram,Mobile,8,70.2,False,False
S1005098,C10553,2026-04-15,Google Ads,Mobile,4,319.9,True,True
S1005099,C11315,2026-04-11,Facebook,Desktop,3,353.8,True,False
S1005100,C10348,2025-11-10,Instagram,Desktop,4,352.5,False,False
S1005101,C11879,2026-04-28,Facebook,Desktop,3,71.8,False,False
S1005102,C10725,2026-06-08,Email,Mobile,8,181.8,False,False
S1005103,,2026-07-01,Affiliate,Desktop,3,353.2,False,False
S1005104,C11516,2026-06-29,Email,Desktop,8,510.6,True,False
S1005105,C10560,2026-01-17,Facebook,Mobile,7,325.7,True,False
S1005106,,2025-09-27,Facebook,Mobile,7,239.4,False,False
S1005107,,2026-06-15,Organic,Desktop,3,491.1,False,False
S1005108,C11439,2026-03-23,Affiliate,Mobile,5,76.3,False,False
S1005109,C11215,2025-12-16,Instagram,Mobile,3,142.0,False,False
S1005110,,2026-04-12,Facebook,Mobile,5,227.7,False,False
S1005111,C11352,2026-06-03,Organic,Desktop,3,111.1,False,False
S1005112,C11738,2026-04-04,Organic,Mobile,5,167.5,False,False
S1005113,,2026-05-27,Facebook,Mobile,2,142.3,False,False
S1005114,C11475,2025-12-24,Email,Mobile,6,126.1,False,False
S1005115,,2025-10-19,Email,Mobile,3,193.5,True,True
S1005116,C11495,2026-05-25,Email,Mobile,6,32.1,True,False
S1005117,C10010,2025-11-19,Affiliate,Desktop,4,43.2,True,False
S1005118,,2025-09-18,Instagram,Mobile,6,45.8,False,False
S1005119,C10485,2025-09-17,Instagram,Desktop,5,301.5,False,False
S1005120,C11520,2025-09-11,Google Ads,Mobile,3,239.2,False,False
S1005121,C10729,2025-11-05,Affiliate,Desktop,8,84.9,True,False
S1005122,C11268,2025-12-04,Email,Mobile,7,65.5,True,False
S1005123,C11468,2026-06-27,Google Ads,Mobile,2,174.4,False,False
S1005124,C10434,2026-07-06,Instagram,Desktop,8,86.5,False,False
S1005125,C11858,2025-12-31,Organic,Mobile,7,59.5,False,False
S1005126,C10996,2026-07-02,Instagram,Mobile,5,528.3,False,False
S1005127,C10352,2025-10-02,Google Ads,Mobile,7,123.4,True,False
S1005128,C10596,2026-01-29,Google Ads,Mobile,8,332.1,False,False
S1005129,C10281,2026-07-06,Instagram,Desktop,9,126.4,False,False
S1005130,C10586,2026-06-12,Organic,Mobile,6,423.5,False,False
S1005131,C11795,2026-01-21,Affiliate,Desktop,2,116.8,False,False
S1005132,C10708,2026-02-01,Email,Mobile,8,49.9,False,False
S1005133,C10715,2025-11-23,Organic,Mobile,6,403.2,True,True
S1005134,,2026-02-17,Instagram,Mobile,3,185.7,False,False
S1005135,C10493,2026-07-20,Instagram,Desktop,6,41.0,False,False
S1005136,C11313,2026-06-03,Instagram,Desktop,2,453.1,False,False
S1005137,C11565,2025-08-25,Affiliate,Mobile,3,91.7,False,False
S1005138,C10078,2026-06-05,Organic,Desktop,6,78.2,True,False
S1005139,C10855,2026-05-22,Organic,Tablet,4,290.2,False,False
S1005140,C11585,2025-12-18,Affiliate,Mobile,4,111.6,True,False
S1005141,C10458,2026-02-04,Facebook,Desktop,7,60.7,False,False
S1005142,C11148,2026-03-03,Affiliate,Desktop,8,75.1,False,False
S1005143,C10723,2025-11-26,Affiliate,Desktop,8,213.4,False,False
S1005144,,2026-03-30,Instagram,Mobile,4,46.0,False,False
S1005145,C11932,2026-04-08,Instagram,Desktop,4,693.2,False,False
S1005146,C11129,2026-07-30,Organic,Mobile,8,102.0,True,False
S1005147,C11625,2026-08-13,Email,Desktop,4,97.4,False,False
S1005148,C10169,2026-02-12,Email,Desktop,3,289.5,False,False
S1005149,,2025-11-24,Affiliate,Desktop,2,107.7,False,False
S1005150,C11745,2025-10-10,Facebook,Desktop,8,498.1,False,False
S1005151,C11860,2025-09-18,Google Ads,Mobile,4,154.3,False,False
S1005152,C11405,2026-06-14,Affiliate,Tablet,7,487.9,False,False
S1005153,C10672,2025-09-20,Organic,Mobile,6,448.0,True,True
S1005154,C11279,2026-02-23,Instagram,Mobile,4,107.5,False,False
S1005155,C11789,2026-03-15,Email,Tablet,5,85.5,False,False
S1005156,C11263,2026-05-18,Google Ads,,4,584.4,False,False
S1005157,C10459,2026-03-26,Email,Mobile,7,151.8,False,False
S1005158,C10078,2025-12-28,Facebook,Mobile,4,122.4,False,False
S1005159,C10538,2025-08-27,Affiliate,Mobile,7,194.4,True,False
S1005160,C11464,2026-01-09,Google Ads,Mobile,6,138.7,True,False
S1005161,C10294,2025-10-12,Facebook,Desktop,6,28.3,False,False
S1005162,C10963,2026-01-19,Organic,Mobile,8,133.5,False,False
S1005163,C11423,2025-10-18,Facebook,Mobile,3,32.1,False,False
S1005164,C10414,2026-05-02,Email,Mobile,2,330.6,True,False
S1005165,,2025-12-12,Facebook,Desktop,7,50.4,False,False
S1005166,C10684,2026-06-12,Google Ads,Mobile,8,59.9,False,False
S1005167,C10145,2026-03-24,Instagram,Desktop,7,317.3,False,False
S1005168,C11532,2026-06-16,Google Ads,Mobile,2,152.2,False,False
S1005169,C11047,2026-02-19,Instagram,Mobile,5,226.8,False,False
S1005170,C11620,2025-08-22,Instagram,,3,182.8,False,False
S1005171,C10835,2026-05-28,Google Ads,Mobile,7,239.8,True,False
S1005172,C11021,2026-01-02,Facebook,Mobile,3,178.5,False,False
S1005173,C10295,2026-02-26,Facebook,Desktop,8,253.1,False,False
S1005174,C11848,2026-01-17,Instagram,Mobile,7,15.7,False,False
S1005175,C11701,2026-07-08,Google Ads,Mobile,5,118.9,False,False
S1005176,C11040,2026-02-26,Google Ads,Mobile,9,97.8,True,False
S1005177,C11955,2025-12-12,Email,Mobile,8,526.1,False,False
S1005178,C11648,2026-05-01,Organic,Mobile,5,211.5,False,False
S1005179,,2025-11-28,Organic,Mobile,4,334.7,False,False
S1005180,C11697,2026-07-02,Affiliate,Desktop,7,73.4,True,False
S1005181,C10126,2025-11-28,Facebook,Mobile,7,48.0,True,False
S1005182,,2025-10-11,Instagram,Mobile,5,218.2,False,False
S1005183,C10618,2025-09-11,Instagram,Desktop,5,48.6,True,True
S1005184,C11772,2025-09-09,Facebook,Desktop,3,57.8,False,False
S1005185,C11387,2026-08-03,Google Ads,Mobile,4,196.3,False,False
S1005186,C10408,2026-06-14,Google Ads,Mobile,5,253.4,False,False
S1005187,C11134,2026-06-26,Facebook,Desktop,2,38.3,False,False
S1005188,,2025-09-02,Email,Mobile,6,58.9,False,False
S1005189,C11189,2025-12-24,Instagram,Mobile,5,101.0,False,False
S1005190,C11485,2025-11-01,Organic,Tablet,4,212.7,True,False
S1005191,C11022,2026-03-24,Organic,Desktop,2,56.8,False,False
S1005192,C10932,2025-09-05,Instagram,Mobile,7,58.9,False,False
S1005193,C11568,2026-05-15,Organic,Mobile,7,42.6,True,True
S1005194,,2026-01-07,Instagram,Mobile,3,192.1,False,False
S1005195,C11265,2026-03-01,Organic,Mobile,4,231.2,True,False
S1005196,C11843,2026-05-29,Organic,Mobile,5,213.3,False,False
S1005197,C10678,2025-12-19,Affiliate,Desktop,6,203.7,False,False
S1005198,C10414,2026-05-23,Instagram,Desktop,3,38.0,False,False
S1005199,C10228,2026-07-26,Google Ads,Mobile,6,203.9,True,False
S1005200,C10782,2026-04-14,Email,Mobile,6,176.6,False,False
S1005201,C10761,2025-11-01,Google Ads,Desktop,5,260.0,False,False
S1005202,C11101,2025-12-08,Email,Desktop,2,335.5,False,False
S1005203,C10394,2026-06-30,Email,Mobile,2,42.1,False,False
S1005204,C11938,2025-11-08,Organic,Mobile,2,144.5,True,False
S1005205,,2025-10-21,Email,Tablet,5,224.0,False,False
S1005206,C10638,2026-05-13,Organic,Mobile,4,90.1,False,False
S1005207,,2026-05-08,Instagram,Desktop,3,125.3,False,False
S1005208,C10952,2026-05-31,Google Ads,Mobile,7,119.8,False,False
S1005209,C10036,2026-01-27,Facebook,Desktop,7,440.5,False,False
S1005210,C10866,2026-02-25,Google Ads,Mobile,7,38.9,True,True
S1005211,C11470,2026-07-12,Google Ads,Desktop,7,378.4,True,True
S1005212,C10253,2026-05-31,Affiliate,Mobile,4,247.9,False,False
S1005213,C11670,2025-09-03,Facebook,Mobile,10,309.5,False,False
S1005214,C10220,2025-09-24,Organic,Desktop,9,198.7,False,False
S1005215,C10861,2026-08-01,Organic,Mobile,6,374.2,False,False
S1005216,,2026-07-07,Instagram,Tablet,7,419.9,False,False
S1005217,C11354,2025-09-25,Google Ads,Desktop,4,141.4,True,False
S1005218,C11711,2026-05-06,Organic,Mobile,4,228.6,False,False
S1005219,C10112,2026-05-24,Google Ads,Mobile,5,252.2,False,False
S1005220,,2025-08-29,Facebook,Mobile,5,129.7,True,False
S1005221,C10979,2026-05-16,Organic,Mobile,11,59.6,True,False
S1005222,C11366,2026-01-26,Google Ads,Mobile,5,104.9,True,False
S1005223,,2026-05-26,Affiliate,Tablet,5,21.4,True,False
S1005224,C11039,2025-10-01,Email,Mobile,5,62.4,False,False
S1005225,C11574,2025-09-10,Google Ads,Mobile,2,859.3,False,False
S1005226,C10371,2026-02-27,Facebook,Mobile,4,121.3,True,False
S1005227,C11570,2025-11-27,Email,Desktop,4,211.2,True,False
S1005228,C11212,2026-08-14,Email,Desktop,4,82.2,False,False
S1005229,C11208,2025-09-12,Organic,Mobile,5,60.6,False,False
S1005230,C11236,2026-04-10,Instagram,Mobile,6,142.6,True,False
S1005231,C11390,2026-06-05,Affiliate,Desktop,7,200.2,True,False
S1005232,C10138,2026-06-17,Affiliate,Desktop,4,217.9,False,False
S1005233,C10566,2026-06-23,Instagram,Desktop,6,133.9,False,False
S1005234,C11346,2025-10-11,Organic,Tablet,7,359.7,True,False
S1005235,C10886,2025-11-22,Instagram,Mobile,8,189.0,True,False
S1005236,C10488,2026-06-16,Organic,Mobile,8,33.2,False,False
S1005237,C10529,2025-11-29,Google Ads,Mobile,2,512.0,False,False
S1005238,C10621,2025-11-30,Organic,Tablet,5,202.2,False,False
S1005239,C11800,2026-07-05,Organic,Mobile,6,103.5,True,False
S1005240,C11015,2025-10-01,Facebook,Mobile,4,118.4,False,False
S1005241,C11012,2026-07-18,Organic,Desktop,3,287.6,False,False
S1005242,C11029,2025-09-11,Email,Desktop,4,174.1,False,False
S1005243,C11227,2026-01-08,Email,Desktop,6,94.5,False,False
S1005244,C10256,2025-12-29,Organic,Mobile,3,317.3,True,False
S1005245,,2026-06-22,Facebook,Mobile,5,183.1,False,False
S1005246,C11912,2026-01-12,Email,Desktop,3,258.3,False,False
S1005247,C10868,2026-02-13,Facebook,Desktop,1,285.4,False,False
S1005248,C11952,2026-03-16,Instagram,Mobile,4,159.0,False,False
S1005249,C10263,2026-07-14,Organic,Desktop,5,92.9,False,False
S1005250,C10118,2026-04-09,Affiliate,Mobile,9,27.5,True,False
S1005251,C10158,2026-04-11,Facebook,Desktop,8,298.2,False,False
S1005252,C10067,2026-08-09,Organic,Mobile,9,197.7,True,False
S1005253,C10553,2026-06-08,Affiliate,Mobile,6,112.8,False,False
S1005254,C11379,2026-05-24,Instagram,Mobile,6,286.5,True,False
S1005255,,2026-07-19,Instagram,Mobile,2,71.6,False,False
S1005256,C11529,2026-07-07,Facebook,Mobile,8,104.5,False,False
S1005257,C11643,2026-05-31,Email,Mobile,4,299.8,False,False
S1005258,C11813,2026-01-08,Instagram,Mobile,4,372.4,True,True
S1005259,C11727,2026-08-03,Google Ads,Mobile,4,106.8,True,False
S1005260,C11327,2025-08-22,Google Ads,Mobile,5,128.4,True,False
S1005261,C11888,2026-01-04,Email,Mobile,8,62.0,True,True
S1005262,,2026-03-05,Google Ads,Mobile,3,53.9,True,True
S1005263,C10819,2025-10-09,Facebook,Desktop,7,52.3,True,False
S1005264,C10694,2026-04-04,Organic,Tablet,9,138.8,False,False
S1005265,,2026-05-06,Email,Mobile,5,101.2,True,True
S1005266,C11812,2026-03-10,Instagram,Tablet,4,231.2,False,False
S1005267,,2026-04-22,Google Ads,Mobile,6,135.2,False,False
S1005268,C10959,2026-03-06,Google Ads,Mobile,3,366.2,False,False
S1005269,C11712,2026-01-03,Facebook,Mobile,4,18.8,True,True
S1005270,C11761,2026-08-10,Facebook,Mobile,9,24.3,False,False
S1005271,C11193,2026-02-05,Organic,Tablet,4,132.9,True,False
S1005272,C11159,2026-04-02,Instagram,Tablet,4,311.7,True,False
S1005273,C10490,2026-05-01,Instagram,Mobile,7,354.5,True,False
S1005274,C10029,2025-10-02,Instagram,Desktop,5,161.8,False,False
S1005275,C10643,2026-02-22,Google Ads,Mobile,3,94.2,False,False
S1005276,C11769,2025-11-18,Organic,Mobile,3,87.5,False,False
S1005277,C11203,2025-12-22,Instagram,Tablet,5,66.1,False,False
S1005278,C10384,2025-12-31,Google Ads,Desktop,3,160.0,False,False
S1005279,,2025-11-18,Organic,Mobile,4,53.8,False,False
S1005280,,2026-03-29,Instagram,Mobile,5,34.5,False,False
S1005281,C10138,2026-04-09,Email,Mobile,9,318.2,False,False
S1005282,C10298,2025-11-07,Email,Mobile,5,91.3,False,False
S1005283,C11163,2026-03-20,Facebook,Desktop,2,345.2,True,False
S1005284,C10639,2025-08-25,Email,Desktop,4,110.3,False,False
S1005285,C11797,2026-03-06,Instagram,Mobile,3,83.5,False,False
S1005286,C10623,2025-11-24,Facebook,Mobile,3,38.1,False,False
S1005287,C11695,2025-11-27,Facebook,Mobile,8,179.3,True,False
S1005288,C10837,2026-04-17,Affiliate,Mobile,4,71.3,True,False
S1005289,C10871,2025-11-05,Organic,Mobile,4,457.0,False,False
S1005290,C10332,2025-09-21,Facebook,Mobile,6,154.5,True,False
S1005291,,2026-08-03,Affiliate,Mobile,4,28.0,True,False
S1005292,C11793,2026-08-11,Organic,Mobile,3,82.4,False,False
S1005293,,2026-05-31,Affiliate,Desktop,5,127.6,False,False
S1005294,C11499,2026-02-28,Google Ads,Mobile,4,99.3,False,False
S1005295,C10482,2025-09-15,Google Ads,Mobile,2,342.1,False,False
S1005296,C10989,2025-09-02,Instagram,Mobile,5,69.8,True,False
S1005297,C11472,2026-03-24,Affiliate,Mobile,7,169.4,False,False
S1005298,C10800,2026-02-15,Google Ads,Mobile,7,71.6,True,True
S1005299,C11241,2026-06-17,Google Ads,Desktop,5,466.8,True,False
S1005300,C11766,2026-05-25,Facebook,Mobile,7,225.2,False,False
S1005301,C11398,2026-07-04,Email,Desktop,5,149.4,False,False
S1005302,C10744,2026-04-17,Email,Mobile,4,316.9,True,False
S1005303,C10796,2025-09-29,Google Ads,Desktop,6,138.2,False,False
S1005304,C10356,2026-07-04,Google Ads,Mobile,4,219.3,False,False
S1005305,,2026-07-14,Instagram,,5,62.5,False,False
S1005306,C11314,2025-12-07,Affiliate,Mobile,5,27.4,True,True
S1005307,C10766,2025-11-04,Instagram,Desktop,3,174.5,False,False
S1005308,C10341,2026-02-27,Affiliate,Mobile,7,158.7,False,False
S1005309,C11640,2025-09-14,Google Ads,Desktop,5,96.2,True,False
S1005310,C11802,2025-12-04,Google Ads,Tablet,8,195.1,True,True
S1005311,C10073,2026-03-31,Google Ads,Desktop,3,183.3,False,False
S1005312,,2026-04-13,Facebook,Mobile,3,258.2,False,False
S1005313,C11541,2026-04-09,Google Ads,Desktop,8,225.4,True,True
S1005314,C10357,2026-01-31,Affiliate,Mobile,2,91.3,False,False
S1005315,,2026-07-30,Email,Mobile,6,183.1,False,False
S1005316,C11533,2026-07-29,Affiliate,Mobile,5,136.7,False,False
S1005317,C11485,2026-05-02,Instagram,Mobile,3,365.5,False,False
S1005318,C10847,2025-09-22,Google Ads,Mobile,5,347.1,False,False
S1005319,,2025-11-28,Email,Mobile,6,340.1,False,False
S1005320,C11978,2026-01-27,Instagram,Tablet,10,40.4,False,False
S1005321,C10007,2026-06-02,Email,Mobile,5,97.9,False,False
S1005322,C11689,2026-01-10,Email,Desktop,5,93.0,False,False
S1005323,C10675,2026-01-15,Facebook,Tablet,7,234.4,False,False
S1005324,C11980,2026-07-27,Google Ads,Mobile,5,79.7,True,True
S1005325,C10686,2025-12-02,Google Ads,Desktop,7,133.4,False,False
S1005326,C11362,2025-12-09,Organic,Desktop,8,78.2,True,False
S1005327,C10193,2025-09-23,Email,Mobile,3,244.3,True,True
S1005328,C11561,2026-03-08,Google Ads,Mobile,3,49.8,False,False
S1005329,C11235,2026-08-03,Google Ads,Tablet,6,118.1,False,False
S1005330,C11306,2025-11-05,Instagram,Mobile,5,268.7,False,False
S1005331,C10469,2025-09-19,Instagram,Desktop,6,164.2,False,False
S1005332,C11263,2026-02-20,Instagram,Mobile,5,317.0,False,False
S1005333,,2026-01-07,Google Ads,Mobile,5,641.0,False,False
S1005334,C10849,2026-03-08,Organic,Mobile,4,218.8,False,False
S1005335,,2026-08-16,Facebook,Mobile,2,70.6,False,False
S1005336,C10395,2026-05-29,Google Ads,Desktop,5,118.5,True,False
S1005337,,2025-12-08,Email,Desktop,2,103.2,False,False
S1005338,C11368,2026-05-18,Email,Mobile,5,471.9,False,False
S1005339,C10064,2025-09-21,Organic,Mobile,4,47.4,True,False
S1005340,C10448,2026-02-15,Instagram,Desktop,5,606.2,False,False
S1005341,,2026-06-26,Email,Mobile,5,378.7,False,False
S1005342,C10412,2026-07-15,Google Ads,Mobile,4,221.2,False,False
S1005343,C10703,2026-02-19,Google Ads,Desktop,7,8.9,False,False
S1005344,C11952,2025-10-01,Email,Mobile,6,121.9,True,True
S1005345,C11701,2026-04-28,Google Ads,Desktop,6,90.2,False,False
S1005346,C10098,2026-04-29,Affiliate,Desktop,6,126.1,False,False
S1005347,C11499,2025-10-11,Instagram,Mobile,4,181.7,False,False
S1005348,C11027,2025-11-18,Facebook,Mobile,2,117.8,False,False
S1005349,C11618,2026-04-18,Google Ads,Desktop,4,64.7,False,False
S1005350,C11583,2025-10-04,Instagram,Mobile,4,320.3,False,False
S1005351,C11740,2026-08-19,Organic,Mobile,7,363.3,False,False
S1005352,C11110,2026-08-14,Email,Mobile,4,133.2,True,False
S1005353,C10328,2026-06-03,Affiliate,Mobile,4,206.2,False,False
S1005354,C11035,2026-03-24,Instagram,Mobile,10,225.6,False,False
S1005355,,2025-10-23,Google Ads,Mobile,6,149.8,True,False
S1005356,,2026-05-27,Affiliate,Mobile,8,155.1,False,False
S1005357,,2025-12-22,Instagram,Mobile,5,82.8,True,False
S1005358,C11018,2025-11-22,Facebook,Mobile,9,153.0,False,False
S1005359,C10504,2026-02-11,Instagram,Mobile,8,156.2,False,False
S1005360,C11756,2026-06-13,Instagram,Mobile,3,305.2,False,False
S1005361,C10710,2025-12-04,Google Ads,Desktop,7,33.4,False,False
S1005362,C10342,2026-07-13,Organic,Desktop,4,199.3,False,False
S1005363,,2026-01-07,Affiliate,Mobile,5,292.0,False,False
S1005364,C11720,2026-03-25,Email,Mobile,3,553.5,False,False
S1005365,C10551,2026-01-31,Affiliate,Mobile,9,306.6,False,False
S1005366,,2026-05-31,Affiliate,Desktop,6,6.0,False,False
S1005367,C11960,2026-07-20,Google Ads,Mobile,1,257.0,False,False
S1005368,,2026-06-26,Organic,Mobile,4,182.8,False,False
S1005369,C10608,2025-09-21,Google Ads,Desktop,3,352.6,False,False
S1005370,C11668,2026-02-03,Instagram,Desktop,1,80.5,False,False
S1005371,C10939,2025-09-24,Facebook,Desktop,4,96.6,False,False
S1005372,C10839,2025-09-22,Organic,Mobile,9,157.1,True,True
S1005373,C11806,2025-10-27,Instagram,Mobile,5,25.4,False,False
S1005374,C11730,2026-03-07,Facebook,Desktop,3,52.8,False,False
S1005375,C10034,2026-06-09,Affiliate,Tablet,5,194.5,False,False
S1005376,C11876,2026-05-23,Google Ads,Desktop,2,144.9,False,False
S1005377,C11743,2025-11-13,Google Ads,Mobile,3,54.4,False,False
S1005378,C10710,2026-01-18,Affiliate,Desktop,4,17.7,True,True
S1005379,C11056,2025-09-05,Google Ads,Tablet,6,327.4,False,False
S1005380,C11156,2026-05-18,Email,Tablet,5,288.6,False,False
S1005381,C11607,2026-07-06,Affiliate,Tablet,6,51.8,False,False
S1005382,C11550,2025-09-28,Email,Mobile,3,59.5,False,False
S1005383,C11653,2026-07-19,Google Ads,Mobile,6,174.0,False,False
S1005384,C11598,2026-04-04,Instagram,Mobile,6,445.0,False,False
S1005385,,2026-02-18,Facebook,Mobile,8,80.9,True,False
S1005386,C10218,2026-04-06,Email,Mobile,4,143.1,False,False
S1005387,C10471,2025-09-26,Facebook,Desktop,4,115.6,False,False
S1005388,C11010,2026-01-24,Facebook,Tablet,6,227.4,True,False
S1005389,C10898,2025-12-11,Google Ads,Desktop,5,240.9,False,False
S1005390,,2025-09-30,Google Ads,Desktop,7,76.5,False,False
S1005391,C10458,2026-07-16,Organic,Desktop,5,215.8,True,True
S1005392,C11128,2025-11-15,Organic,Mobile,7,122.1,False,False
S1005393,C10137,2026-07-13,Google Ads,Desktop,3,300.3,False,False
S1005394,C11184,2026-05-08,Email,Mobile,3,383.3,False,False
S1005395,C10977,2026-06-11,Facebook,Mobile,3,144.1,False,False
S1005396,C10336,2026-02-22,Organic,Mobile,6,127.5,True,True
S1005397,,2026-05-27,Facebook,Mobile,5,144.3,True,False
S1005398,C10513,2026-03-23,Facebook,Tablet,6,297.6,False,False
S1005399,,2026-06-11,Instagram,Mobile,5,114.1,True,False
S1005400,C10002,2025-08-21,Facebook,Mobile,3,70.9,False,False
S1005401,C11289,2026-04-04,Email,,3,141.8,False,False
S1005402,C11351,2026-08-06,Organic,Mobile,6,93.4,False,False
S1005403,C10588,2025-08-26,Organic,Desktop,5,203.2,True,False
S1005404,C11207,2026-01-14,Facebook,Mobile,3,6.5,False,False
S1005405,C10651,2025-09-19,Instagram,Desktop,2,41.1,True,False
S1005406,C10413,2026-02-11,Email,Mobile,2,76.8,False,False
S1005407,C10515,2025-11-03,Affiliate,Mobile,4,175.2,False,False
S1005408,C11938,2026-05-10,Affiliate,Mobile,4,87.1,True,False
S1005409,C10872,2025-10-15,Organic,Desktop,5,34.1,False,False
S1005410,,2025-12-24,Facebook,Tablet,2,151.8,False,False
S1005411,,2025-10-30,Affiliate,Mobile,8,236.1,False,False
S1005412,C10725,2025-09-04,Facebook,Mobile,5,173.5,False,False
S1005413,C11094,2025-10-13,Google Ads,Desktop,5,145.2,True,False
S1005414,C10677,2025-09-25,Google Ads,Mobile,4,69.0,False,False
S1005415,,2025-09-08,Organic,Desktop,6,73.0,False,False
S1005416,C10866,2025-12-26,Organic,Mobile,4,108.3,False,False
S1005417,C10648,2026-08-01,Instagram,Mobile,6,134.1,False,False
S1005418,,2026-04-01,Facebook,Mobile,5,97.1,False,False
S1005419,C10067,2026-06-03,Email,Mobile,6,723.0,True,False
S1005420,C10627,2026-08-20,Google Ads,Mobile,9,142.7,False,False
S1005421,C10602,2026-05-21,Instagram,Desktop,5,111.4,False,False
S1005422,C11246,2026-02-24,Affiliate,Desktop,6,164.7,True,False
S1005423,C10027,2026-01-28,Google Ads,Mobile,3,120.7,False,False
S1005424,C11188,2026-05-05,Email,Tablet,6,180.4,False,False
S1005425,C11895,2026-07-06,Google Ads,Mobile,7,98.3,True,True
S1005426,C11038,2026-05-02,Organic,Mobile,2,17.7,False,False
S1005427,C10904,2025-09-29,Organic,Desktop,4,352.8,False,False
S1005428,C11292,2026-04-17,Instagram,Mobile,4,232.9,True,True
S1005429,C10500,2026-07-31,Organic,Desktop,5,148.6,False,False
S1005430,C10476,2025-10-30,Organic,Desktop,5,75.4,True,True
S1005431,,2025-09-09,Google Ads,Mobile,2,127.0,False,False
S1005432,C10215,2026-07-11,Google Ads,Mobile,6,11.6,True,False
S1005433,C10652,2025-12-12,Organic,Mobile,5,187.4,False,False
S1005434,C10139,2025-10-25,Facebook,Mobile,4,89.4,True,False
S1005435,,2026-03-26,Google Ads,Mobile,4,333.1,False,False
S1005436,C10602,2026-04-08,Google Ads,Desktop,1,6.6,False,False
S1005437,C11306,2026-06-02,Instagram,Desktop,4,65.0,False,False
S1005438,,2026-05-20,Google Ads,Desktop,2,136.8,False,False
S1005439,,2025-10-29,Google Ads,Tablet,4,125.5,False,False
S1005440,C11194,2026-06-12,Email,Mobile,3,341.0,False,False
S1005441,C10724,2026-03-12,Email,Desktop,5,210.8,False,False
S1005442,,2026-06-12,Google Ads,Mobile,5,90.1,True,True
S1005443,C11356,2026-02-21,Email,Mobile,4,210.0,False,False
S1005444,C10372,2025-10-22,Instagram,Mobile,6,108.2,False,False
S1005445,C11280,2026-08-21,Affiliate,Mobile,7,167.0,False,False
S1005446,C11493,2026-08-06,Email,Desktop,9,89.9,False,False
S1005447,C10286,2026-04-24,Instagram,Mobile,9,289.0,True,False
S1005448,C10917,2026-05-12,Email,Tablet,4,228.3,False,False
S1005449,C10798,2026-03-17,Organic,Mobile,8,221.9,False,False
S1005450,C11296,2025-08-26,Instagram,Mobile,5,322.0,False,False
S1005451,C11491,2025-10-06,Facebook,Tablet,9,71.9,False,False
S1005452,C11836,2026-03-01,Organic,Mobile,5,126.7,True,True
S1005453,C10414,2026-01-10,Affiliate,Desktop,3,229.7,False,False
S1005454,C10035,2026-05-30,Email,Mobile,6,40.2,True,False
S1005455,C11676,2026-02-01,Organic,Mobile,12,59.3,True,False
S1005456,,2025-12-07,Facebook,Mobile,7,181.9,True,False
S1005457,C11371,2026-02-09,Email,Mobile,6,123.7,False,False
S1005458,C11082,2026-04-01,Google Ads,Mobile,4,119.7,True,True
S1005459,C10490,2026-06-09,Google Ads,Desktop,3,119.2,False,False
S1005460,C11361,2025-10-16,Google Ads,Desktop,5,244.7,False,False
S1005461,C11402,2026-07-30,Affiliate,Desktop,7,34.9,False,False
S1005462,C10370,2026-03-20,Instagram,Mobile,5,88.7,False,False
S1005463,,2025-10-31,Facebook,Desktop,5,210.8,False,False
S1005464,C10967,2025-09-27,Google Ads,Tablet,4,291.8,False,False
S1005465,C11146,2025-11-27,Google Ads,Mobile,3,301.5,False,False
S1005466,C10456,2026-05-01,Instagram,Desktop,11,24.8,False,False
S1005467,,2026-06-30,Google Ads,Mobile,5,122.1,False,False
S1005468,C10850,2026-01-09,Google Ads,Mobile,4,74.7,True,False
S1005469,C10920,2025-08-23,Facebook,Mobile,5,162.4,True,False
S1005470,C10147,2026-06-29,Email,Tablet,6,189.5,True,False
S1005471,,2026-07-31,Affiliate,Desktop,3,39.2,False,False
S1005472,,2025-12-21,Email,Mobile,4,190.4,True,False
S1005473,C11564,2026-07-11,Google Ads,Mobile,9,277.9,False,False
S1005474,C11888,2026-05-09,Google Ads,Tablet,6,209.5,False,False
S1005475,C10910,2026-05-02,Instagram,Mobile,7,327.4,True,False
S1005476,C10069,2026-02-15,Instagram,Desktop,2,57.9,True,False
S1005477,C11860,2026-08-12,Google Ads,Desktop,4,21.4,False,False
S1005478,,2026-03-16,Google Ads,Mobile,2,86.4,False,False
S1005479,,2026-02-20,Instagram,Mobile,5,130.6,True,False
S1005480,C10988,2026-07-19,Google Ads,Desktop,5,71.3,False,False
S1005481,C10348,2025-12-31,Instagram,Mobile,9,114.0,False,False
S1005482,,2026-07-18,Email,Mobile,4,167.9,False,False
S1005483,C10663,2025-12-24,Instagram,Desktop,3,11.9,False,False
S1005484,C10132,2025-12-06,Google Ads,Mobile,4,276.9,False,False
S1005485,,2025-12-04,Email,Mobile,4,384.7,False,False
S1005486,,2025-11-19,Organic,Desktop,8,132.2,False,False
S1005487,C10195,2026-04-03,Email,Mobile,7,83.0,True,False
S1005488,,2026-08-05,Instagram,Mobile,4,383.9,False,False
S1005489,C10364,2025-10-27,Instagram,Desktop,4,278.0,False,False
S1005490,C11992,2025-10-09,Affiliate,Desktop,4,103.1,True,True
S1005491,C11944,2026-05-29,Organic,Mobile,4,147.2,True,False
S1005492,C11754,2026-06-27,Instagram,Desktop,5,36.8,False,False
S1005493,,2026-04-12,Email,Tablet,5,131.4,False,False
S1005494,C11175,2026-08-04,Organic,Desktop,6,373.2,True,True
S1005495,C11672,2026-05-26,Facebook,Tablet,5,129.5,False,False
S1005496,C11561,2025-10-10,Organic,Desktop,5,91.8,False,False
S1005497,C10645,2026-05-24,Affiliate,Mobile,5,259.8,False,False
S1005498,C10512,2025-10-03,Affiliate,Mobile,6,185.7,True,False
S1005499,C10706,2025-11-23,Google Ads,Mobile,5,162.9,False,False
S1005500,C10588,2026-08-05,Affiliate,Mobile,4,320.1,False,False
S1005501,C10076,2026-06-17,Email,Mobile,3,154.5,False,False
S1005502,,2025-09-06,Facebook,Desktop,7,71.2,True,False
S1005503,C11090,2025-11-06,Google Ads,Mobile,6,120.0,False,False
S1005504,C10415,2026-07-07,Facebook,Mobile,3,48.4,False,False
S1005505,C10139,2025-09-14,Organic,Mobile,8,62.2,True,True
S1005506,C10889,2026-01-14,Instagram,Mobile,5,124.1,False,False
S1005507,,2026-02-16,Affiliate,Mobile,5,96.0,False,False
S1005508,C11952,2026-06-29,Facebook,Mobile,2,565.4,False,False
S1005509,C11282,2026-06-24,Instagram,Desktop,8,228.0,False,False
S1005510,C10705,2026-04-21,Instagram,Desktop,5,119.9,False,False
S1005511,C11750,2026-06-30,Google Ads,Mobile,7,110.7,False,False
S1005512,C10309,2025-09-05,Instagram,Desktop,5,63.9,True,False
S1005513,C11814,2026-05-25,Instagram,Mobile,9,41.3,False,False
S1005514,C10658,2026-01-31,Facebook,Mobile,1,265.2,False,False
S1005515,,2025-09-21,Instagram,Desktop,4,101.6,False,False
S1005516,,2026-04-27,Instagram,Mobile,8,672.9,False,False
S1005517,C11087,2025-12-15,Organic,Desktop,4,146.4,True,False
S1005518,C10825,2025-09-21,Google Ads,Mobile,5,154.9,True,False
S1005519,C11688,2025-09-08,Email,Desktop,3,317.9,False,False
S1005520,,2025-12-01,Organic,Tablet,4,74.8,False,False
S1005521,C11514,2026-02-08,Organic,Mobile,7,130.3,True,False
S1005522,C10182,2025-09-09,Instagram,Desktop,5,232.2,True,False
S1005523,C11531,2026-01-30,Email,Desktop,3,141.3,False,False
S1005524,C11465,2026-04-05,Organic,Mobile,6,45.0,False,False
S1005525,,2025-11-06,Email,Mobile,9,265.1,False,False
S1005526,,2025-09-23,Facebook,Desktop,6,63.6,False,False
S1005527,,2026-06-15,Facebook,Desktop,8,333.8,False,False
S1005528,C10369,2026-05-23,Organic,Tablet,7,123.6,False,False
S1005529,C11296,2026-03-23,Facebook,Mobile,5,134.9,False,False
S1005530,C11140,2026-01-12,Instagram,Tablet,4,125.2,False,False
S1005531,C10962,2025-11-15,Email,Mobile,7,144.2,False,False
S1005532,C11783,2025-11-11,Email,Mobile,4,109.3,False,False
S1005533,C10197,2025-09-09,Email,Desktop,3,164.7,False,False
S1005534,C11881,2025-12-23,Google Ads,Mobile,2,310.8,False,False
S1005535,C10367,2025-11-24,Affiliate,Tablet,2,204.6,False,False
S1005536,C10185,2025-09-29,Affiliate,Desktop,5,51.8,True,False
S1005537,C10360,2026-04-26,Organic,Desktop,4,124.1,False,False
S1005538,C10286,2025-12-23,Facebook,Desktop,2,23.8,True,True
S1005539,C11776,2026-03-06,Organic,Tablet,7,79.6,True,False
S1005540,C10803,2025-11-20,Google Ads,Mobile,5,104.5,True,True
S1005541,,2025-11-02,Email,Desktop,4,587.6,False,False
S1005542,C10195,2026-08-12,Organic,Mobile,6,124.1,False,False
S1005543,C10700,2026-02-23,Instagram,Mobile,6,188.2,False,False
S1005544,C11105,2025-12-06,Email,Mobile,8,67.0,False,False
S1005545,C11839,2025-08-24,Facebook,Tablet,6,168.0,False,False
S1005546,C10490,2026-08-08,Google Ads,Desktop,6,121.9,False,False
S1005547,C10105,2025-09-13,Organic,Mobile,7,54.1,False,False
S1005548,C10461,2026-08-07,Google Ads,Desktop,7,129.3,True,False
S1005549,C10325,2026-01-14,Facebook,Mobile,8,203.7,True,False
S1005550,C10391,2026-03-22,Instagram,Mobile,10,53.8,True,False
S1005551,C11255,2026-01-19,Google Ads,Tablet,10,61.7,True,False
S1005552,,2025-10-10,Email,Desktop,3,25.8,False,False
S1005553,C11949,2025-11-20,Instagram,Mobile,8,163.2,False,False
S1005554,C10874,2025-09-22,Organic,Mobile,3,122.3,False,False
S1005555,C11462,2025-09-01,Facebook,Mobile,3,180.7,True,False
S1005556,C10399,2026-05-21,Google Ads,Desktop,4,178.1,False,False
S1005557,C10751,2025-10-13,Google Ads,Mobile,2,91.5,False,False
S1005558,C11742,2026-08-05,Facebook,Desktop,3,256.2,False,False
S1005559,C10643,2025-12-06,Instagram,Tablet,8,78.0,False,False
S1005560,C10431,2026-04-23,Instagram,Mobile,3,277.4,False,False
S1005561,C11404,2026-05-29,Email,Desktop,4,254.0,True,True
S1005562,C11932,2026-01-10,Facebook,Mobile,7,307.7,False,False
S1005563,C11181,2026-07-15,Google Ads,Mobile,6,83.5,True,False
S1005564,C10900,2026-04-19,Google Ads,Mobile,2,131.6,False,False
S1005565,C11334,2026-07-07,Email,Mobile,6,32.3,False,False
S1005566,C11911,2025-09-01,Organic,Mobile,3,113.7,False,False
S1005567,C10429,2026-01-28,Google Ads,Mobile,3,208.6,False,False
S1005568,C10034,2026-02-20,Organic,Mobile,5,545.1,True,True
S1005569,,2026-04-18,Google Ads,Mobile,3,110.9,False,False
S1005570,,2025-12-07,Affiliate,Tablet,2,95.0,False,False
S1005571,C10312,2026-04-22,Facebook,Mobile,4,221.3,False,False
S1005572,C11935,2026-07-09,Google Ads,Desktop,1,241.4,False,False
S1005573,C10639,2026-04-08,Email,Mobile,6,291.3,False,False
S1005574,,2025-11-22,Affiliate,Desktop,6,117.7,False,False
S1005575,C11368,2026-05-18,Facebook,Mobile,8,405.5,False,False
S1005576,C11294,2025-10-11,Google Ads,Desktop,7,336.0,False,False
S1005577,C10491,2026-05-31,Instagram,Desktop,8,46.4,False,False
S1005578,,2026-08-16,Instagram,Tablet,4,119.4,False,False
S1005579,C10071,2025-12-23,Instagram,Mobile,9,393.7,True,True
S1005580,,2025-09-28,Affiliate,Desktop,2,383.9,False,False
S1005581,C10796,2025-11-17,Facebook,Desktop,6,465.4,True,False
S1005582,C10884,2026-01-23,Google Ads,Desktop,4,64.0,False,False
S1005583,C10295,2025-12-07,Facebook,Mobile,6,107.1,True,True
S1005584,C10652,2026-08-15,Instagram,Mobile,5,93.0,True,False
S1005585,C10006,2026-03-27,Facebook,Mobile,3,191.1,False,False
S1005586,C11261,2026-03-03,Organic,Desktop,4,104.0,False,False
S1005587,C10775,2026-03-10,Google Ads,Desktop,4,178.0,False,False
S1005588,C10721,2026-06-15,Google Ads,Desktop,4,65.1,False,False
S1005589,,2025-10-28,Email,Mobile,9,46.9,False,False
S1005590,C11080,2026-07-09,Facebook,Mobile,4,212.3,False,False
S1005591,,2025-10-25,Affiliate,Desktop,7,46.5,False,False
S1005592,C11531,2026-04-06,Google Ads,Desktop,6,25.2,True,False
S1005593,C10124,2025-09-29,Google Ads,Mobile,2,405.7,False,False
S1005594,C10013,2026-05-06,Instagram,Mobile,3,149.4,False,False
S1005595,,2025-12-10,Email,Mobile,4,96.7,True,True
S1005596,,2026-07-26,Email,Mobile,5,166.5,False,False
S1005597,,2025-08-24,Facebook,Desktop,7,173.6,True,False
S1005598,C10217,2026-01-10,Organic,Desktop,4,121.3,False,False
S1005599,,2026-08-21,Organic,Mobile,6,209.2,False,False
S1005600,C10640,2026-05-19,Instagram,Tablet,5,43.5,False,False
S1005601,C10853,2026-02-20,Instagram,Mobile,3,360.9,False,False
S1005602,,2026-07-29,Facebook,Mobile,7,162.5,False,False
S1005603,C10964,2026-07-27,Organic,Mobile,3,84.7,False,False
S1005604,C11696,2025-09-05,Google Ads,Mobile,5,36.8,False,False
S1005605,,2026-08-02,Instagram,Desktop,7,248.5,False,False
S1005606,C11867,2026-06-27,Email,Mobile,9,163.4,True,False
S1005607,C10434,2025-12-23,Affiliate,Mobile,3,56.1,False,False
S1005608,C10710,2025-08-25,Instagram,Mobile,5,240.6,False,False
S1005609,C11712,2026-05-01,Google Ads,Mobile,7,54.4,False,False
S1005610,C10139,2025-10-02,Email,Mobile,4,127.8,False,False
S1005611,C10951,2026-01-28,Affiliate,Mobile,4,200.8,False,False
S1005612,C10768,2026-07-06,Google Ads,Mobile,7,94.2,False,False
S1005613,,2026-05-21,Email,Tablet,7,61.9,False,False
S1005614,C11309,2025-09-16,Organic,,7,233.7,True,True
S1005615,C10872,2025-12-14,Facebook,Mobile,1,269.6,False,False
S1005616,C11108,2026-07-13,Instagram,Tablet,4,279.9,False,False
S1005617,C11346,2026-05-31,Google Ads,Mobile,6,306.3,False,False
S1005618,C11565,2025-12-28,Google Ads,Mobile,6,220.2,True,False
S1005619,C11558,2026-04-03,Instagram,Mobile,3,14.3,True,False
S1005620,C11660,2026-08-21,Google Ads,Mobile,6,274.7,True,False
S1005621,C11638,2025-10-07,Organic,Desktop,5,94.6,False,False
S1005622,C10600,2026-03-06,Affiliate,Mobile,6,103.1,False,False
S1005623,C10321,2026-04-11,Google Ads,Desktop,3,718.0,False,False
S1005624,C11040,2025-11-22,Organic,Desktop,4,280.9,True,False
S1005625,C10148,2026-05-15,Instagram,Desktop,3,215.2,False,False
S1005626,C10098,2026-04-21,Facebook,Desktop,5,81.0,False,False
S1005627,,2026-06-11,Email,Mobile,5,277.4,True,False
S1005628,C11731,2026-03-20,Facebook,Mobile,6,127.8,False,False
S1005629,C10008,2025-10-26,Google Ads,Desktop,5,191.5,False,False
S1005630,C10855,2025-11-18,Email,Mobile,4,156.9,False,False
S1005631,,2026-06-22,Organic,Desktop,7,79.0,True,False
S1005632,,2025-09-10,Affiliate,Mobile,5,157.1,False,False
S1005633,,2025-12-09,Instagram,Desktop,5,108.0,False,False
S1005634,C10571,2026-06-11,Affiliate,Mobile,5,71.7,False,False
S1005635,C10475,2026-06-13,Organic,Mobile,7,105.4,False,False
S1005636,C10111,2026-06-18,Instagram,Tablet,4,144.1,True,True
S1005637,,2026-07-16,Affiliate,Mobile,5,425.6,True,False
S1005638,,2026-02-26,Affiliate,Mobile,6,48.2,True,False
S1005639,C10514,2025-11-23,Email,Desktop,4,41.9,True,True
S1005640,C11615,2025-09-22,Organic,Mobile,5,263.8,False,False
S1005641,,2026-04-04,Facebook,Mobile,11,256.7,True,True
S1005642,C10097,2026-02-28,Affiliate,Tablet,8,128.0,False,False
S1005643,C11993,2026-07-08,Organic,Desktop,6,387.0,False,False
S1005644,C10987,2026-02-18,Email,Mobile,5,6.1,False,False
S1005645,C10432,2026-07-13,Email,Mobile,6,91.1,False,False
S1005646,C10317,2026-02-04,Organic,Mobile,5,168.5,True,False
S1005647,C10730,2026-06-15,Affiliate,Mobile,9,213.4,True,True
S1005648,C10461,2026-03-06,Organic,Mobile,6,88.5,False,False
S1005649,C11312,2026-05-31,Instagram,Mobile,6,248.8,False,False
S1005650,C11140,2025-10-08,Facebook,Mobile,3,171.5,False,False
S1005651,,2025-12-11,Google Ads,Desktop,3,100.0,False,False
S1005652,C11056,2026-08-03,Instagram,Mobile,7,177.5,False,False
S1005653,C11996,2026-06-19,Google Ads,Desktop,6,67.5,False,False
S1005654,C11920,2026-05-10,Email,Desktop,8,59.5,False,False
S1005655,C11354,2026-04-15,Google Ads,Mobile,6,328.5,False,False
S1005656,,2026-06-04,Organic,Mobile,2,85.2,False,False
S1005657,C10257,2026-02-10,Organic,Mobile,4,149.9,False,False
S1005658,C10349,2026-02-16,Google Ads,Mobile,3,133.2,False,False
S1005659,C10990,2026-04-12,Instagram,Mobile,6,151.4,False,False
S1005660,,2026-01-17,Email,Mobile,4,35.0,True,False
S1005661,C10220,2025-12-13,Email,Mobile,5,46.1,False,False
S1005662,C10993,2026-04-05,Organic,Desktop,3,185.4,False,False
S1005663,C10021,2026-05-14,Google Ads,Desktop,6,42.2,True,False
S1005664,C10731,2026-01-17,Instagram,Desktop,5,201.4,True,True
S1005665,C11033,2026-01-03,Email,Desktop,4,230.1,False,False
S1005666,C11086,2026-05-20,Instagram,Desktop,8,113.0,False,False
S1005667,C10997,2026-05-29,Affiliate,Mobile,2,114.1,False,False
S1005668,C11599,2026-06-28,Instagram,Mobile,3,13.3,True,False
S1005669,C10773,2026-05-01,Organic,Mobile,2,146.7,False,False
S1005670,C10449,2025-09-17,Instagram,Desktop,4,369.1,False,False
S1005671,C11572,2026-06-02,Instagram,Desktop,5,128.6,True,False
S1005672,C10963,2025-11-24,Instagram,Mobile,6,61.4,False,False
S1005673,C11144,2025-11-03,Google Ads,Mobile,7,272.3,False,False
S1005674,,2026-08-14,Facebook,Mobile,5,114.2,False,False
S1005675,C11027,2025-11-25,Email,Mobile,4,31.6,False,False
S1005676,C11757,2026-02-18,Google Ads,Mobile,5,28.7,False,False
S1005677,C11934,2025-10-23,Email,Mobile,10,325.2,True,True
S1005678,C10627,2026-07-24,Google Ads,Mobile,7,252.6,False,False
S1005679,C10748,2025-12-25,Google Ads,Mobile,3,122.2,False,False
S1005680,C10811,2025-11-14,Email,Desktop,4,252.7,False,False
S1005681,C10990,2025-10-13,Organic,Mobile,8,72.0,True,True
S1005682,C11413,2026-05-20,Organic,Mobile,7,10.0,False,False
S1005683,C10594,2025-12-06,Organic,Tablet,6,379.7,True,False
S1005684,,2026-03-14,Google Ads,,8,169.6,False,False
S1005685,C10876,2026-03-17,Google Ads,Mobile,6,116.1,False,False
S1005686,C10143,2025-09-04,Facebook,Mobile,11,125.3,True,False
S1005687,,2026-02-18,Organic,Mobile,9,100.9,False,False
S1005688,C10509,2026-08-08,Instagram,Mobile,7,60.5,False,False
S1005689,C11816,2026-07-19,Instagram,Mobile,5,193.1,True,False
S1005690,C11801,2026-06-28,Organic,Mobile,4,108.5,True,False
S1005691,,2026-06-05,Email,Mobile,3,23.4,False,False
S1005692,C11959,2025-11-01,Email,Tablet,6,88.2,True,False
S1005693,C10493,2025-10-19,Email,Mobile,5,290.3,False,False
S1005694,C11430,2025-11-04,Organic,Mobile,4,136.0,False,False
S1005695,C11069,2025-09-04,Email,Tablet,4,240.1,True,True
S1005696,C10386,2026-02-23,Google Ads,Desktop,3,139.1,False,False
S1005697,C11714,2026-06-16,Facebook,Mobile,6,266.6,False,False
S1005698,C11444,2026-06-17,Organic,Mobile,3,312.7,False,False
S1005699,C10521,2026-03-17,Email,Mobile,4,255.0,True,False
S1005700,C11712,2025-10-29,Affiliate,Mobile,8,297.4,False,False
S1005701,C10674,2026-03-26,Instagram,Mobile,4,161.4,True,True
S1005702,,2025-10-08,Email,Desktop,11,145.8,True,False
S1005703,C11754,2026-02-06,Facebook,Mobile,5,69.5,False,False
S1005704,C11206,2026-07-01,Organic,Mobile,5,76.8,False,False
S1005705,C10855,2026-01-15,Facebook,Mobile,4,32.8,True,False
S1005706,C10635,2025-12-15,Instagram,Desktop,8,263.9,True,False
S1005707,C11762,2025-11-13,Instagram,Mobile,5,273.9,True,False
S1005708,C10924,2026-02-14,Instagram,Mobile,8,72.1,False,False
S1005709,,2025-10-21,Affiliate,Mobile,6,364.6,False,False
S1005710,C10411,2026-04-22,Affiliate,Mobile,4,193.5,False,False
S1005711,,2025-09-05,Instagram,Mobile,9,316.7,False,False
S1005712,C11838,2025-12-15,Facebook,Desktop,3,29.6,False,False
S1005713,C11494,2026-06-21,Email,Tablet,5,58.3,False,False
S1005714,C11063,2026-03-09,Organic,Mobile,4,179.6,True,True
S1005715,C11660,2026-03-23,Google Ads,Desktop,4,252.7,False,False
S1005716,C11980,2026-03-15,Organic,Mobile,10,597.3,False,False
S1005717,C11309,2026-04-24,Instagram,Mobile,3,123.3,False,False
S1005718,C10971,2026-02-28,Organic,Desktop,7,138.4,False,False
S1005719,C11649,2026-07-30,Google Ads,Desktop,3,211.0,True,False
S1005720,C11353,2025-11-26,Affiliate,Mobile,3,191.5,False,False
S1005721,C10930,2025-12-02,Affiliate,Desktop,5,256.4,False,False
S1005722,,2025-09-24,Facebook,Tablet,5,277.9,False,False
S1005723,C11205,2026-03-23,Google Ads,Mobile,8,101.8,False,False
S1005724,,2025-09-04,Facebook,Mobile,4,12.5,True,False
S1005725,C10507,2026-04-16,Instagram,Mobile,4,323.1,True,True
S1005726,C10066,2026-04-23,Instagram,Desktop,7,50.4,False,False
S1005727,C10901,2025-11-11,Organic,Desktop,4,55.2,True,False
S1005728,C10860,2026-07-01,Facebook,Desktop,12,115.7,True,False
S1005729,C11927,2025-09-20,Google Ads,Mobile,5,209.3,False,False
S1005730,C10978,2026-01-06,Email,Mobile,2,28.9,False,False
S1005731,C10137,2026-03-17,Email,Mobile,5,63.4,False,False
S1005732,C11578,2026-04-18,Email,Mobile,5,414.4,True,False
S1005733,C11740,2026-02-21,Facebook,Mobile,3,112.1,False,False
S1005734,C11314,2026-05-11,Organic,Mobile,4,138.5,False,False
S1005735,C11868,2026-08-06,Email,Mobile,5,228.6,False,False
S1005736,C11957,2026-04-26,Email,Mobile,6,141.9,False,False
S1005737,C11801,2025-11-07,Facebook,Desktop,5,160.0,True,True
S1005738,C10599,2026-06-19,Google Ads,Desktop,3,238.1,False,False
S1005739,C11388,2025-09-08,Organic,Desktop,6,125.6,True,False
S1005740,C11794,2026-02-26,Instagram,Mobile,6,110.9,False,False
S1005741,C10465,2026-05-28,Google Ads,Desktop,6,243.0,False,False
S1005742,,2025-11-28,Google Ads,Desktop,4,55.8,True,False
S1005743,C10417,2025-09-05,Google Ads,Mobile,7,228.2,False,False
S1005744,C11159,2026-07-13,Facebook,Mobile,2,213.7,False,False
S1005745,C11010,2026-01-23,Organic,Mobile,5,215.7,False,False
S1005746,C11275,2025-11-14,Organic,Mobile,5,108.6,False,False
S1005747,C11455,2026-01-01,Organic,Mobile,5,48.2,False,False
S1005748,,2026-07-01,Affiliate,Mobile,5,213.0,False,False
S1005749,,2025-09-27,Google Ads,Desktop,6,200.2,False,False
S1005750,C10075,2026-07-07,Affiliate,Mobile,4,89.3,False,False
S1005751,C10093,2026-03-06,Google Ads,Desktop,4,323.2,False,False
S1005752,C10252,2026-07-29,Google Ads,Mobile,6,240.6,True,True
S1005753,C11985,2026-05-10,Affiliate,Mobile,7,163.3,True,False
S1005754,,2026-07-01,Organic,Mobile,4,190.9,True,False
S1005755,C11197,2026-02-06,Facebook,Desktop,4,78.6,True,False
S1005756,,2026-01-22,Google Ads,Mobile,3,130.4,False,False
S1005757,C11356,2026-04-27,Organic,Desktop,2,449.4,False,False
S1005758,,2025-11-17,Instagram,Mobile,4,57.3,False,False
S1005759,,2026-05-23,Google Ads,Mobile,4,194.0,False,False
S1005760,,2025-12-05,Organic,Desktop,5,219.9,False,False
S1005761,C11180,2026-07-01,Organic,Mobile,4,196.2,False,False
S1005762,,2026-03-02,Organic,Mobile,9,509.2,False,False
S1005763,,2026-02-07,Affiliate,Desktop,2,323.8,False,False
S1005764,C11222,2026-07-09,Facebook,Mobile,5,97.8,False,False
S1005765,C10842,2026-01-16,Facebook,Desktop,5,125.6,False,False
S1005766,,2026-03-21,Instagram,Mobile,4,207.5,False,False
S1005767,C11501,2026-01-14,Organic,Mobile,4,220.4,False,False
S1005768,C11712,2025-10-05,Facebook,Mobile,8,116.6,False,False
S1005769,C11926,2025-12-31,Email,Desktop,7,53.0,False,False
S1005770,,2026-04-30,Organic,Mobile,4,131.1,False,False
S1005771,C10138,2026-06-02,Organic,Desktop,1,139.0,False,False
S1005772,,2026-01-14,Instagram,Tablet,4,199.9,False,False
S1005773,C11526,2026-05-11,Email,Mobile,2,298.4,False,False
S1005774,C11463,2025-10-02,Email,Desktop,6,140.8,False,False
S1005775,C11420,2025-08-22,Affiliate,Mobile,6,86.5,False,False
S1005776,,2026-06-22,Email,Mobile,6,200.6,True,False
S1005777,C10822,2026-01-07,Google Ads,Desktop,3,310.7,False,False
S1005778,C10974,2025-09-13,Instagram,Mobile,6,161.0,False,False
S1005779,C10042,2025-10-06,Instagram,Tablet,5,245.7,True,False
S1005780,,2026-04-19,Google Ads,Mobile,4,40.3,False,False
S1005781,C11625,2025-10-30,Google Ads,Mobile,5,86.5,True,False
S1005782,,2025-10-06,Google Ads,Mobile,4,66.9,False,False
S1005783,C11397,2026-06-15,Instagram,Mobile,4,148.8,False,False
S1005784,C10722,2026-07-05,Google Ads,Desktop,6,24.3,False,False
S1005785,C10002,2026-06-15,Facebook,Tablet,6,206.9,True,False
S1005786,C11805,2025-10-09,Facebook,Tablet,11,65.1,True,False
S1005787,C11506,2026-07-17,Email,Mobile,4,101.5,False,False
S1005788,,2026-02-11,Facebook,Desktop,8,141.9,False,False
S1005789,C10668,2025-08-30,Google Ads,Desktop,3,93.9,False,False
S1005790,,2026-02-26,Affiliate,Mobile,4,132.7,False,False
S1005791,C11427,2025-12-12,Facebook,Mobile,7,200.0,True,True
S1005792,C11245,2026-04-14,Organic,Desktop,5,623.2,False,False
S1005793,C10432,2026-05-29,Facebook,Desktop,6,97.3,True,False
S1005794,C10998,2025-12-01,Organic,Mobile,3,145.0,False,False
S1005795,,2026-03-04,Instagram,Tablet,4,303.1,False,False
S1005796,C10344,2026-01-24,Organic,Mobile,7,121.2,False,False
S1005797,C10295,2026-04-03,Affiliate,Mobile,8,135.9,False,False
S1005798,,2026-08-12,Organic,Mobile,5,121.3,False,False
S1005799,,2026-03-11,Organic,Mobile,6,193.6,False,False
S1005800,C10137,2026-04-23,Instagram,Mobile,3,282.3,False,False
S1005801,C10863,2026-04-08,Instagram,Mobile,3,124.1,False,False
S1005802,C10688,2026-05-03,Facebook,Desktop,4,222.9,False,False
S1005803,C10787,2026-01-20,Affiliate,Tablet,2,133.6,False,False
S1005804,C11050,2025-10-04,Google Ads,Desktop,3,92.7,False,False
S1005805,C11397,2025-09-29,Google Ads,Desktop,3,269.2,False,False
S1005806,C10801,2026-07-30,Email,Mobile,6,168.8,False,False
S1005807,C11455,2026-04-11,Affiliate,Mobile,3,132.5,False,False
S1005808,C11359,2026-03-04,Affiliate,Mobile,6,38.2,False,False
S1005809,C10133,2025-11-24,Instagram,Mobile,8,291.1,False,False
S1005810,C11278,2026-06-28,Organic,Mobile,2,52.7,False,False
S1005811,,2026-02-24,Google Ads,Mobile,6,142.9,False,False
S1005812,C11624,2025-11-13,Affiliate,Mobile,4,251.9,False,False
S1005813,C11667,2025-12-06,Affiliate,Mobile,4,200.7,True,False
S1005814,,2026-04-23,Facebook,Tablet,4,138.3,False,False
S1005815,C10587,2026-05-31,Email,Mobile,5,11.0,True,False
S1005816,,2025-08-23,Affiliate,Mobile,3,447.9,False,False
S1005817,C10322,2025-10-12,Email,Desktop,6,116.2,True,False
S1005818,C11417,2025-12-17,Organic,Tablet,6,260.5,False,False
S1005819,C10569,2025-09-20,Instagram,Mobile,6,184.0,False,False
S1005820,C10342,2026-03-25,Organic,Mobile,3,360.1,False,False
S1005821,C10890,2025-11-13,Organic,Mobile,3,536.6,False,False
S1005822,C11364,2026-06-21,Google Ads,Mobile,10,208.9,False,False
S1005823,C10139,2026-04-11,Instagram,Tablet,2,231.3,False,False
S1005824,,2025-11-21,Google Ads,Mobile,4,94.3,False,False
S1005825,C10460,2025-08-28,Google Ads,Mobile,5,409.3,True,False
S1005826,C11589,2026-04-21,Affiliate,Desktop,6,121.1,True,False
S1005827,,2026-03-13,Affiliate,Desktop,6,221.7,False,False
S1005828,C11148,2026-05-07,Instagram,Mobile,7,39.0,False,False
S1005829,C11705,2025-10-05,Instagram,Mobile,4,65.8,True,False
S1005830,,2026-08-10,Instagram,Mobile,6,133.0,False,False
S1005831,,2026-01-28,Google Ads,Desktop,9,139.3,False,False
S1005832,,2026-01-05,Email,Tablet,7,176.7,True,False
S1005833,C10018,2025-09-30,Instagram,Tablet,8,169.5,False,False
S1005834,C11276,2026-01-08,Organic,Mobile,6,17.6,False,False
S1005835,C10817,2026-01-21,Facebook,Desktop,5,131.6,True,False
S1005836,C10547,2026-04-20,Instagram,Mobile,9,101.4,True,False
S1005837,C10392,2026-08-04,Instagram,Desktop,5,188.7,False,False
S1005838,C11194,2026-06-25,Organic,Tablet,2,124.9,False,False
S1005839,,2025-12-04,Facebook,Mobile,4,308.9,False,False
S1005840,C10355,2026-02-14,Organic,Mobile,4,53.5,True,False
S1005841,C10814,2026-03-23,Email,Desktop,7,643.3,True,False
S1005842,,2026-01-04,Instagram,Mobile,4,139.8,True,True
S1005843,,2025-12-29,Google Ads,Desktop,3,215.8,False,False
S1005844,C10686,2026-08-08,Email,Mobile,5,105.7,False,False
S1005845,C10179,2026-03-19,Facebook,Desktop,5,290.0,False,False
S1005846,C11203,2026-06-15,Organic,Mobile,5,63.4,True,True
S1005847,C11950,2025-12-09,Instagram,Desktop,4,140.4,False,False
S1005848,C10412,2026-05-15,Facebook,Mobile,2,88.1,False,False
S1005849,C11205,2026-02-02,Instagram,Mobile,9,217.1,False,False
S1005850,C10354,2026-01-31,Facebook,Mobile,3,186.8,True,True
S1005851,,2026-04-17,Affiliate,Mobile,5,330.7,False,False
S1005852,C11778,2026-02-15,Instagram,Desktop,6,228.4,False,False
S1005853,C11371,2026-02-22,Google Ads,Tablet,6,153.2,True,False
S1005854,C10867,2026-04-06,Email,Mobile,6,48.6,False,False
S1005855,C11921,2026-06-20,Instagram,Desktop,6,148.5,False,False
S1005856,C10813,2026-04-17,Instagram,Mobile,1,249.5,False,False
S1005857,C10656,2025-10-30,Google Ads,Desktop,5,197.1,True,True
S1005858,C11876,2026-05-20,Facebook,Mobile,5,80.6,False,False
S1005859,C10310,2026-02-23,Affiliate,Mobile,2,106.9,False,False
S1005860,C11383,2026-02-24,Affiliate,Desktop,4,248.5,True,True
S1005861,C11585,2026-02-26,Facebook,Desktop,6,291.0,False,False
S1005862,C11045,2026-08-11,Google Ads,Tablet,4,182.9,True,False
S1005863,,2026-02-09,Google Ads,Mobile,6,164.5,True,True
S1005864,C10222,2026-07-24,Google Ads,Desktop,6,359.0,False,False
S1005865,,2026-05-28,Google Ads,Mobile,5,134.8,False,False
S1005866,C10559,2026-01-18,Google Ads,Desktop,6,201.8,False,False
S1005867,C11232,2026-02-07,Organic,Desktop,4,104.2,False,False
S1005868,C10505,2026-03-24,Facebook,Desktop,6,62.1,True,False
S1005869,,2026-05-21,Instagram,Desktop,3,146.1,False,False
S1005870,C11879,2026-03-09,Organic,Desktop,6,199.6,False,False
S1005871,,2026-05-11,Affiliate,Mobile,7,202.7,False,False
S1005872,C10279,2026-07-10,Organic,Mobile,6,123.1,True,False
S1005873,C10999,2025-09-26,Affiliate,,4,182.9,False,False
S1005874,C10017,2025-11-09,Affiliate,Mobile,2,62.4,False,False
S1005875,C10038,2025-12-01,Instagram,Mobile,7,48.4,True,True
S1005876,C11214,2025-11-26,Email,Mobile,2,128.9,False,False
S1005877,C11747,2025-09-25,Email,Tablet,5,89.2,False,False
S1005878,C10086,2026-05-15,Facebook,Mobile,9,161.4,False,False
S1005879,C10395,2026-04-11,Google Ads,Desktop,4,161.3,True,True
S1005880,C10052,2025-11-28,Instagram,Mobile,2,130.4,False,False
S1005881,C11718,2026-07-16,Affiliate,Desktop,7,617.6,False,False
S1005882,,2026-03-30,Organic,Mobile,6,66.5,False,False
S1005883,C11944,2026-01-30,Affiliate,Mobile,4,377.2,False,False
S1005884,,2025-10-30,Email,Desktop,3,199.7,False,False
S1005885,C11347,2025-11-10,Facebook,Desktop,1,341.0,False,False
S1005886,C11209,2025-12-20,Google Ads,Mobile,4,260.9,False,False
S1005887,C10217,2026-03-14,Affiliate,Tablet,6,112.6,False,False
S1005888,C10200,2026-01-11,Facebook,Mobile,6,133.2,True,False
S1005889,C10622,2025-11-03,Facebook,Desktop,10,38.8,True,False
S1005890,C11968,2026-07-05,Email,Mobile,6,198.8,False,False
S1005891,C11958,2026-02-20,Organic,Desktop,3,40.6,False,False
S1005892,C11972,2025-10-07,Facebook,Mobile,4,164.7,False,False
S1005893,C10529,2025-12-16,Google Ads,Mobile,2,197.3,False,False
S1005894,C11446,2026-06-19,Email,Desktop,6,53.0,False,False
S1005895,C11160,2026-08-06,Facebook,Mobile,2,99.7,False,False
S1005896,C11592,2026-06-18,Google Ads,Mobile,5,171.1,True,False
S1005897,C11657,2026-05-16,Instagram,Mobile,3,204.9,False,False
S1005898,C11147,2026-01-20,Affiliate,Mobile,2,70.5,False,False
S1005899,C11847,2025-12-08,Email,Mobile,8,99.0,False,False
S1005900,,2025-11-25,Google Ads,Mobile,7,73.5,False,False
S1005901,C10010,2026-04-28,Organic,Mobile,5,56.6,False,False
S1005902,C10502,2026-02-22,Instagram,Desktop,6,43.1,False,False
S1005903,C10532,2025-12-04,Affiliate,Mobile,3,179.5,False,False
S1005904,C11984,2025-09-10,Email,Mobile,5,60.0,False,False
S1005905,C11847,2025-11-05,Organic,Desktop,6,363.7,True,True
S1005906,C10801,2026-03-26,Instagram,Desktop,4,461.2,True,True
S1005907,C11883,2025-10-18,Facebook,Mobile,3,154.9,False,False
S1005908,C10047,2025-10-25,Instagram,Mobile,6,200.1,False,False
S1005909,C10708,2025-08-24,Organic,,11,245.7,False,False
S1005910,C11899,2025-10-21,Facebook,Desktop,9,111.6,False,False
S1005911,C10812,2026-04-25,Instagram,Mobile,5,65.3,False,False
S1005912,C10555,2026-06-13,Instagram,Mobile,7,352.1,False,False
S1005913,C10296,2026-06-04,Organic,Desktop,5,115.6,False,False
S1005914,C11155,2025-08-24,Organic,Mobile,3,450.9,True,False
S1005915,C11818,2025-12-24,Google Ads,Mobile,6,157.2,True,False
S1005916,C10464,2025-10-19,Google Ads,Tablet,3,151.3,False,False
S1005917,C10556,2025-12-28,Organic,Tablet,7,121.0,False,False
S1005918,C11132,2026-06-09,Organic,Mobile,3,111.3,False,False
S1005919,C10193,2026-02-13,Organic,Mobile,9,360.2,True,False
S1005920,C11829,2025-10-27,Google Ads,Desktop,4,99.0,False,False
S1005921,C10746,2026-03-04,Affiliate,Tablet,6,259.8,True,False
S1005922,C10744,2026-08-17,Facebook,Mobile,3,223.5,False,False
S1005923,C10813,2026-03-10,Google Ads,Desktop,3,341.7,True,True
S1005924,C11409,2026-06-15,Instagram,Mobile,4,267.9,True,False
S1005925,C11181,2025-09-30,Instagram,Desktop,3,168.8,False,False
S1005926,C10075,2025-10-29,Facebook,Mobile,3,50.4,False,False
S1005927,C11298,2025-12-31,Affiliate,Mobile,5,113.6,False,False
S1005928,,2025-12-24,Google Ads,Desktop,5,121.0,True,False
S1005929,C11055,2026-06-02,Facebook,Mobile,4,521.9,False,False
S1005930,,2026-07-02,Organic,Mobile,2,56.1,True,True
S1005931,C10353,2026-08-10,Google Ads,Mobile,5,278.1,False,False
S1005932,C10764,2026-06-23,Instagram,Mobile,8,143.2,True,False
S1005933,C10759,2026-01-09,Email,Mobile,4,209.0,False,False
S1005934,C11660,2025-11-28,Google Ads,Mobile,5,500.0,False,False
S1005935,C11410,2025-10-01,Google Ads,Mobile,5,390.7,False,False
S1005936,C11104,2026-05-28,Instagram,Desktop,6,414.0,True,False
S1005937,C10963,2026-04-16,Instagram,Desktop,8,405.7,True,False
S1005938,C10252,2026-02-19,Facebook,Mobile,7,81.0,True,True
S1005939,C11244,2025-08-25,Affiliate,Tablet,6,223.1,True,False
S1005940,C11977,2026-05-24,Instagram,Tablet,8,73.0,True,False
S1005941,C11711,2025-11-28,Email,Desktop,7,64.6,True,False
S1005942,C11948,2025-10-09,Google Ads,Desktop,3,240.2,False,False
S1005943,C11605,2026-07-29,Organic,Desktop,5,144.1,False,False
S1005944,C10275,2026-05-09,Organic,Mobile,2,78.9,False,False
S1005945,C11764,2025-12-03,Facebook,Mobile,4,291.0,False,False
S1005946,,2026-01-30,Organic,Mobile,4,283.0,False,False
S1005947,,2025-12-02,Email,Mobile,5,99.6,False,False
S1005948,C11873,2026-03-21,Google Ads,Desktop,5,152.2,True,True
S1005949,C11353,2026-04-24,Affiliate,Mobile,5,7.1,False,False
S1005950,C10932,2026-03-08,Instagram,Mobile,1,261.4,False,False
S1005951,C10438,2025-10-08,Instagram,Tablet,8,162.1,False,False
S1005952,C11719,2025-10-26,Email,Desktop,4,89.9,False,False
S1005953,,2026-03-28,Email,Mobile,4,557.2,True,False
S1005954,C10445,2026-03-08,Google Ads,Mobile,5,159.6,True,True
S1005955,C11435,2026-05-03,Google Ads,Mobile,4,193.8,False,False
S1005956,C11717,2025-11-25,Email,Mobile,3,73.2,False,False
S1005957,C10960,2025-11-13,Organic,Desktop,4,112.9,False,False
S1005958,,2025-10-02,Organic,Mobile,8,309.1,False,False
S1005959,C10997,2026-07-15,Organic,Mobile,5,292.2,True,False
S1005960,C10988,2026-05-14,Email,Mobile,5,67.1,True,False
S1005961,C10106,2026-05-24,Affiliate,Mobile,4,99.3,False,False
S1005962,,2025-12-24,Email,Mobile,4,7.4,False,False
S1005963,,2026-06-18,Google Ads,Mobile,9,331.5,False,False
S1005964,C10513,2025-12-31,Instagram,Mobile,3,96.9,False,False
S1005965,C11143,2025-11-25,Google Ads,Mobile,3,95.1,False,False
S1005966,,2025-12-15,Google Ads,Mobile,5,103.4,False,False
S1005967,C10961,2026-07-02,Affiliate,Desktop,9,336.8,False,False
S1005968,C11543,2026-02-02,Instagram,Mobile,3,54.3,False,False
S1005969,,2025-09-17,Organic,Desktop,4,161.1,True,False
S1005970,,2025-09-25,Instagram,Mobile,3,298.8,False,False
S1005971,C10434,2026-03-02,Email,,3,58.4,False,False
S1005972,C10266,2026-06-22,Google Ads,Mobile,2,671.7,False,False
S1005973,,2026-07-15,Organic,Mobile,2,79.2,False,False
S1005974,C10924,2026-07-16,Affiliate,Mobile,3,116.7,False,False
S1005975,C10517,2026-05-20,Instagram,Desktop,4,504.9,False,False
S1005976,C10099,2025-10-06,Google Ads,Mobile,6,54.1,True,False
S1005977,C11648,2026-05-18,Facebook,Desktop,5,120.3,False,False
S1005978,C10383,2026-03-04,Google Ads,Tablet,5,289.7,True,False
S1005979,C10578,2025-10-12,Facebook,Mobile,4,186.8,False,False
S1005980,C10072,2026-01-31,Instagram,Mobile,5,632.3,False,False
S1005981,C11088,2026-04-18,Instagram,Desktop,7,62.1,False,False
S1005982,C11458,2025-08-28,Affiliate,Mobile,6,342.5,False,False
S1005983,C11705,2026-08-20,Facebook,Mobile,3,231.1,False,False
S1005984,C11662,2026-05-27,Affiliate,Desktop,7,25.7,False,False
S1005985,C11630,2025-08-24,Email,Mobile,5,167.6,True,False
S1005986,C11844,2025-10-08,Email,Desktop,9,19.7,False,False
S1005987,C11204,2026-01-28,Affiliate,Mobile,7,88.9,False,False
S1005988,,2026-07-05,Email,Desktop,5,60.8,False,False
S1005989,C10638,2026-02-27,Facebook,Mobile,3,141.2,False,False
S1005990,C11804,2026-04-11,Instagram,Desktop,7,124.3,False,False
S1005991,,2026-07-10,Affiliate,Mobile,3,126.1,False,False
S1005992,C11208,2025-12-19,Google Ads,Mobile,5,147.1,False,False
S1005993,C10268,2025-09-26,Email,Mobile,2,171.7,False,False
S1005994,C11994,2026-01-26,Organic,Mobile,6,26.2,True,False
S1005995,C10167,2025-08-29,Organic,Desktop,7,242.5,False,False
S1005996,C11442,2025-09-05,Email,Mobile,4,469.9,False,False
S1005997,C10594,2025-12-30,Facebook,Tablet,8,55.2,False,False
S1005998,C11321,2025-12-29,Facebook,Desktop,4,56.1,False,False
S1005999,,2026-06-15,Google Ads,Tablet,10,104.1,True,False
S1006000,C11167,2026-07-29,Facebook,Mobile,6,194.3,False,False
S1006001,C11470,2026-02-14,Facebook,Desktop,3,182.9,False,False
S1006002,C11789,2025-10-08,Instagram,Mobile,4,237.5,False,False
S1006003,C11267,2026-02-08,Affiliate,Desktop,7,15.0,False,False
S1006004,C10672,2025-12-08,Organic,Mobile,5,167.1,False,False
S1006005,C11443,2026-07-05,Organic,Mobile,6,407.0,True,True
S1006006,C11148,2026-05-30,Instagram,Mobile,7,68.1,True,False
S1006007,C10471,2026-03-30,Organic,Mobile,3,90.2,False,False
S1006008,C11291,2026-07-13,Google Ads,Mobile,1,199.7,False,False
S1006009,C10944,2025-12-05,Google Ads,Mobile,3,455.5,True,False
S1006010,,2026-04-08,Facebook,Mobile,4,35.3,True,False
S1006011,C10403,2026-07-10,Facebook,Desktop,8,280.1,False,False
S1006012,C10777,2026-07-27,Organic,Mobile,2,11.4,False,False
S1006013,C11569,2025-11-07,Organic,Tablet,3,75.7,False,False
S1006014,,2026-07-13,Organic,Desktop,7,147.1,False,False
S1006015,C11168,2025-11-03,Google Ads,Mobile,4,177.3,True,False
S1006016,C11285,2026-02-22,Email,Desktop,5,163.8,False,False
S1006017,C11627,2026-02-27,Google Ads,Mobile,5,228.8,False,False
S1006018,C11471,2026-02-03,Email,Mobile,6,75.1,False,False
S1006019,C10062,2026-04-18,Google Ads,Mobile,6,349.3,False,False
S1006020,C11034,2026-02-08,Affiliate,Desktop,3,289.0,False,False
S1006021,,2026-07-19,Email,Mobile,7,11.0,False,False
S1006022,C10655,2025-09-19,Google Ads,Mobile,5,67.8,False,False
S1006023,C11201,2026-02-20,Instagram,Mobile,3,201.6,False,False
S1006024,C11194,2025-10-28,Affiliate,Desktop,4,184.4,True,False
S1006025,C11158,2025-09-10,Email,Mobile,6,96.1,False,False
S1006026,C11296,2025-09-07,Email,Desktop,5,72.1,False,False
S1006027,C11648,2026-07-05,Google Ads,Mobile,7,177.4,True,True
S1006028,C10004,2026-04-30,Affiliate,Desktop,6,110.3,False,False
S1006029,C10724,2025-12-20,Facebook,Mobile,7,248.1,False,False
S1006030,C10376,2025-11-26,Instagram,Desktop,7,112.6,True,False
S1006031,C10991,2025-10-23,Organic,Desktop,4,84.0,True,False
S1006032,,2025-09-17,Instagram,Tablet,1,176.4,False,False
S1006033,C11418,2026-04-29,Email,Mobile,9,114.4,False,False
S1006034,C10716,2026-02-08,Affiliate,Mobile,4,95.6,True,False
S1006035,C10610,2026-07-24,Affiliate,Mobile,5,194.6,False,False
S1006036,C10092,2026-05-24,Organic,Mobile,6,134.2,False,False
S1006037,C10936,2026-07-13,Google Ads,Mobile,4,11.5,False,False
S1006038,C11522,2026-04-19,Instagram,Mobile,5,74.6,True,False
S1006039,C10445,2025-12-25,Organic,Mobile,3,34.9,False,False
S1006040,C11555,2026-06-15,Organic,Mobile,3,159.1,False,False
S1006041,C11935,2026-05-03,Facebook,Mobile,3,121.3,False,False
S1006042,C10917,2026-06-12,Email,Mobile,3,99.1,False,False
S1006043,C10436,2025-12-27,Instagram,Desktop,4,83.9,False,False
S1006044,C11681,2026-05-02,Google Ads,Desktop,4,79.7,False,False
S1006045,C11575,2026-07-30,Instagram,Desktop,5,247.0,True,False
S1006046,C10661,2026-05-26,Google Ads,Desktop,5,70.6,False,False
S1006047,C10019,2026-05-14,Instagram,Desktop,7,98.3,False,False
S1006048,,2026-03-31,Facebook,Mobile,5,133.4,False,False
S1006049,C10003,2026-01-02,Facebook,Mobile,1,160.5,False,False
S1006050,C11290,2025-10-18,Organic,Desktop,3,158.0,False,False
S1006051,C11777,2026-03-01,Facebook,Tablet,8,142.4,False,False
S1006052,C10846,2026-08-03,Google Ads,Desktop,5,34.0,False,False
S1006053,C11181,2026-07-12,Email,Mobile,4,146.1,True,False
S1006054,C10542,2026-03-20,Organic,Mobile,7,70.1,True,False
S1006055,C11450,2026-05-19,Organic,Mobile,5,102.7,False,False
S1006056,C11019,2026-07-08,Organic,Mobile,3,301.9,False,False
S1006057,,2025-10-15,Google Ads,Desktop,9,55.4,True,False
S1006058,C11878,2026-01-17,Affiliate,Mobile,5,198.5,False,False
S1006059,C11538,2025-11-18,Organic,Mobile,4,182.8,True,False
S1006060,C10472,2026-05-16,Instagram,Mobile,3,291.7,True,False
S1006061,C11345,2026-01-07,Affiliate,Desktop,9,173.8,True,False
S1006062,C11506,2025-11-28,Google Ads,Mobile,4,255.7,False,False
S1006063,C11551,2026-01-14,Google Ads,Tablet,7,334.0,True,False
S1006064,C11736,2026-07-10,Organic,Mobile,5,39.3,False,False
S1006065,C10296,2026-01-16,Organic,Mobile,3,141.6,True,False
S1006066,C10913,2026-07-01,Affiliate,Desktop,4,542.2,False,False
S1006067,C11003,2026-04-25,Google Ads,Desktop,9,94.4,False,False
S1006068,C10972,2026-03-02,Organic,Desktop,7,290.7,False,False
S1006069,C11529,2026-04-15,Google Ads,Mobile,4,270.2,False,False
S1006070,C11071,2026-04-05,Email,Desktop,8,86.5,True,False
S1006071,,2025-10-05,Instagram,Mobile,3,218.2,False,False
S1006072,C10791,2025-11-05,Instagram,Desktop,4,145.8,False,False
S1006073,C11535,2026-06-04,Email,Tablet,7,189.5,False,False
S1006074,C10376,2025-10-27,Email,Mobile,4,175.6,False,False
S1006075,C11249,2026-05-27,Email,Desktop,9,304.5,False,False
S1006076,C10420,2025-09-26,Email,Desktop,6,274.8,False,False
S1006077,C10485,2025-10-26,Google Ads,Mobile,6,97.4,False,False
S1006078,C10361,2026-07-31,Organic,Desktop,5,150.8,False,False
S1006079,C10684,2026-08-19,Instagram,Mobile,3,188.5,False,False
S1006080,C10457,2026-03-30,Email,Desktop,2,174.8,False,False
S1006081,C11195,2026-06-07,Instagram,Desktop,6,121.4,False,False
S1006082,,2025-09-29,Organic,Mobile,5,371.1,False,False
S1006083,,2025-11-05,Organic,Mobile,4,110.0,True,False
S1006084,C10034,2025-12-27,Google Ads,Mobile,6,156.9,True,False
S1006085,C10799,2025-11-13,Google Ads,Tablet,5,215.0,False,False
S1006086,C11624,2025-11-10,Organic,Mobile,5,128.2,False,False
S1006087,C10159,2026-03-31,Instagram,Mobile,4,291.6,False,False
S1006088,C11046,2025-11-25,Facebook,Desktop,5,147.1,True,False
S1006089,C11967,2026-04-11,Affiliate,Desktop,3,104.0,False,False
S1006090,C10114,2026-02-08,Organic,Desktop,6,189.4,False,False
S1006091,C11027,2025-12-30,Google Ads,Mobile,4,106.4,False,False
S1006092,C11340,2026-03-09,Instagram,Desktop,5,134.5,True,False
S1006093,C11544,2025-09-04,Google Ads,Tablet,3,20.1,False,False
S1006094,C11494,2026-05-25,Facebook,Desktop,5,603.0,False,False
S1006095,C11374,2026-02-27,Email,Mobile,4,151.0,False,False
S1006096,C10748,2026-07-14,Organic,Mobile,3,74.2,False,False
S1006097,C11288,2026-02-26,Organic,Desktop,4,200.5,False,False
S1006098,C11220,2026-05-14,Instagram,Desktop,4,46.1,True,False
S1006099,C10804,2025-09-13,Facebook,Mobile,3,292.6,False,False
S1006100,C10126,2026-07-07,Instagram,Mobile,2,100.3,False,False
S1006101,C11214,2025-12-19,Email,Desktop,4,322.6,True,True
S1006102,C10972,2026-02-03,Google Ads,Mobile,4,167.7,False,False
S1006103,C11204,2026-06-25,Organic,Mobile,8,200.0,False,False
S1006104,C11568,2026-03-03,Email,Mobile,4,540.8,False,False
S1006105,C10599,2025-10-04,Affiliate,Mobile,3,270.2,False,False
S1006106,,2026-05-27,Organic,Mobile,4,62.8,False,False
S1006107,C10102,2025-11-23,Email,Mobile,7,52.4,False,False
S1006108,C10445,2026-07-28,Affiliate,Desktop,4,827.2,True,True
S1006109,C10435,2026-08-07,Organic,Mobile,6,328.5,True,True
S1006110,C11172,2026-02-19,Google Ads,Desktop,4,119.5,False,False
S1006111,C10862,2025-11-10,Google Ads,Mobile,3,43.9,False,False
S1006112,C10890,2026-05-07,Affiliate,Desktop,4,80.0,False,False
S1006113,C10589,2025-10-13,Google Ads,Mobile,5,164.9,False,False
S1006114,C10172,2026-01-23,Email,Desktop,4,79.7,True,False
S1006115,C10139,2025-09-12,Facebook,Mobile,6,30.4,False,False
S1006116,C11281,2026-05-09,Email,Mobile,2,52.1,False,False
S1006117,,2026-07-04,Email,Desktop,3,76.1,False,False
S1006118,,2026-04-28,Affiliate,Mobile,4,187.6,False,False
S1006119,C11365,2025-11-03,Organic,Mobile,2,155.8,False,False
S1006120,C11143,2026-07-21,Email,Mobile,4,542.1,True,False
S1006121,C11419,2025-10-08,Instagram,Desktop,3,123.9,False,False
S1006122,C11415,2026-03-05,Facebook,Mobile,6,19.4,False,False
S1006123,C11369,2025-11-27,Google Ads,Tablet,5,83.7,True,True
S1006124,C10896,2026-07-26,Google Ads,Desktop,6,165.0,True,False
S1006125,C10310,2026-05-11,Affiliate,Mobile,6,178.0,False,False
S1006126,C11782,2026-03-04,Affiliate,Mobile,5,191.8,True,False
S1006127,C10457,2025-12-20,Affiliate,,3,471.3,True,True
S1006128,,2026-02-12,Google Ads,Desktop,5,172.8,False,False
S1006129,C11080,2026-02-28,Email,Mobile,4,313.2,False,False
S1006130,C11488,2026-03-14,Organic,Mobile,4,68.1,False,False
S1006131,C11855,2026-05-03,Email,Mobile,5,162.8,False,False
S1006132,,2025-12-24,Facebook,Mobile,7,233.0,True,False
S1006133,C11078,2026-05-23,Email,Desktop,7,112.2,True,True
S1006134,C11022,2025-12-16,Instagram,Mobile,2,283.0,False,False
S1006135,C10738,2026-04-18,Instagram,Mobile,5,324.8,False,False
S1006136,C10310,2025-10-22,Organic,Mobile,3,6.6,False,False
S1006137,C11553,2026-06-12,Google Ads,Tablet,3,228.1,False,False
S1006138,,2026-08-04,Organic,Tablet,6,155.9,False,False
S1006139,C11487,2026-04-13,Email,Mobile,1,315.0,False,False
S1006140,C10101,2026-04-27,Organic,Mobile,3,123.5,False,False
S1006141,C10826,2026-01-07,Affiliate,Desktop,6,66.7,False,False
S1006142,C11930,2026-03-14,Instagram,Mobile,4,216.0,False,False
S1006143,C11388,2026-01-25,Instagram,Mobile,7,207.9,False,False
S1006144,C10025,2026-05-22,Instagram,Mobile,7,154.1,False,False
S1006145,C10004,2025-09-03,Email,Desktop,5,48.8,True,True
S1006146,C11823,2026-07-24,Email,Mobile,3,256.0,False,False
S1006147,C11218,2025-09-26,Facebook,Tablet,5,215.9,False,False
S1006148,C10520,2026-05-05,Facebook,Mobile,2,127.1,False,False
S1006149,C10435,2026-01-17,Facebook,Desktop,3,217.7,False,False
S1006150,C11495,2025-11-04,Facebook,Mobile,5,301.1,False,False
S1006151,C10398,2025-09-21,Organic,Desktop,6,201.3,False,False
S1006152,C10606,2026-03-25,Instagram,Mobile,4,121.5,True,False
S1006153,,2026-05-06,Organic,Mobile,4,46.8,False,False
S1006154,C11674,2026-04-05,Facebook,Mobile,5,218.6,False,False
S1006155,C11176,2026-07-13,Facebook,Mobile,7,179.6,False,False
S1006156,C11952,2026-04-30,Facebook,Desktop,2,339.5,False,False
S1006157,C10303,2026-02-03,Google Ads,Desktop,8,457.5,False,False
S1006158,C11419,2025-09-30,Facebook,Desktop,9,74.1,False,False
S1006159,,2026-06-27,Facebook,Mobile,5,378.6,True,False
S1006160,C10153,2025-12-07,Instagram,Mobile,5,104.9,False,False
S1006161,C10994,2025-11-11,Instagram,Mobile,10,77.4,False,False
S1006162,C11309,2026-07-02,Facebook,Mobile,9,60.4,False,False
S1006163,C10642,2025-12-27,Google Ads,Tablet,5,176.7,False,False
S1006164,C10237,2026-05-04,Email,Mobile,9,31.7,True,False
S1006165,C11861,2025-09-02,Email,Mobile,7,386.4,False,False
S1006166,C10268,2025-08-26,Affiliate,Mobile,8,157.5,False,False
S1006167,C10980,2026-05-25,Organic,Desktop,6,107.9,True,True
S1006168,C10875,2026-04-01,Google Ads,Mobile,7,328.9,True,False
S1006169,C10728,2026-03-11,Organic,Mobile,5,106.9,True,True
S1006170,,2025-12-28,Instagram,Tablet,8,476.1,False,False
S1006171,C10774,2026-05-28,Google Ads,Mobile,6,182.2,False,False
S1006172,C11519,2026-05-02,Organic,Mobile,5,121.7,False,False
S1006173,,2025-11-17,Email,Mobile,11,33.4,False,False
S1006174,C11539,2026-01-28,Instagram,Tablet,8,122.5,False,False
S1006175,C10475,2026-02-20,Instagram,Mobile,7,278.9,False,False
S1006176,,2025-12-15,Email,Desktop,5,76.8,False,False
S1006177,C11080,2026-03-20,Instagram,Mobile,3,81.3,False,False
S1006178,C10614,2026-01-09,Facebook,Mobile,7,66.4,False,False
S1006179,C11393,2025-11-08,Instagram,Desktop,5,29.4,True,False
S1006180,,2026-08-03,Instagram,Mobile,3,410.0,True,False
S1006181,,2025-12-27,Google Ads,Desktop,8,131.5,False,False
S1006182,C11097,2026-08-15,Instagram,Mobile,6,171.9,False,False
S1006183,C11963,2025-12-23,Affiliate,Mobile,4,447.2,False,False
S1006184,C10800,2026-02-20,Google Ads,Mobile,9,89.2,False,False
S1006185,C11730,2026-03-09,Email,Mobile,7,106.1,True,False
S1006186,C10981,2025-08-27,Instagram,Mobile,9,556.3,False,False
S1006187,C10569,2026-06-23,Instagram,Desktop,5,73.2,False,False
S1006188,C10163,2025-11-13,Google Ads,Mobile,4,338.0,False,False
S1006189,C11056,2026-05-18,Facebook,Mobile,2,26.9,False,False
S1006190,C11849,2026-03-03,Affiliate,Desktop,3,56.0,False,False
S1006191,C11879,2026-06-30,Email,Tablet,7,250.7,False,False
S1006192,C11549,2025-08-30,Email,Mobile,8,285.0,True,False
S1006193,C10681,2025-12-16,Instagram,Mobile,3,416.6,False,False
S1006194,,2026-05-12,Email,Desktop,14,152.8,False,False
S1006195,C10453,2025-11-22,Google Ads,Mobile,6,99.8,False,False
S1006196,C11218,2026-01-22,Google Ads,Desktop,7,216.4,False,False
S1006197,C11881,2025-11-25,Google Ads,Mobile,5,101.7,True,False
S1006198,C10655,2026-07-18,Instagram,Desktop,7,173.2,True,True
S1006199,C10898,2025-11-15,Instagram,Mobile,4,78.5,True,True
S1006200,C10747,2025-09-29,Instagram,Mobile,7,93.8,True,False
S1006201,C11162,2026-05-30,Google Ads,Mobile,3,312.9,False,False
S1006202,C10621,2025-10-16,Organic,Mobile,6,54.9,False,False
S1006203,C10258,2026-05-24,Organic,Desktop,3,114.5,False,False
S1006204,C10962,2026-08-04,Google Ads,Mobile,3,139.0,False,False
S1006205,C11250,2026-07-11,Instagram,Tablet,3,349.6,True,True
S1006206,C11865,2026-03-31,Google Ads,Tablet,8,103.8,False,False
S1006207,C10833,2026-08-12,Instagram,Mobile,6,101.3,True,True
S1006208,C11797,2026-06-18,Affiliate,Desktop,4,272.5,False,False
S1006209,,2026-05-25,Instagram,Tablet,7,160.6,False,False
S1006210,C10643,2025-11-16,Organic,Desktop,3,279.3,False,False
S1006211,C11374,2026-03-16,Facebook,Mobile,9,53.7,False,False
S1006212,C11661,2025-10-16,Google Ads,Mobile,4,136.4,True,True
S1006213,C11442,2025-11-10,Google Ads,Mobile,7,154.8,False,False
S1006214,C10001,2025-12-01,Facebook,Mobile,6,57.4,True,False
S1006215,C11565,2025-11-02,Email,Desktop,9,52.2,False,False
S1006216,C11033,2025-11-28,Email,Mobile,7,151.1,False,False
S1006217,C11594,2025-09-30,Affiliate,Mobile,5,100.1,False,False
S1006218,C10390,2026-06-12,Facebook,Tablet,7,278.3,False,False
S1006219,C10507,2026-05-14,Google Ads,Tablet,4,315.0,False,False
S1006220,C10934,2026-05-30,Google Ads,Desktop,5,152.4,False,False
S1006221,C11056,2025-11-25,Affiliate,Desktop,11,248.0,False,False
S1006222,C11732,2026-05-24,Instagram,Mobile,2,42.3,False,False
S1006223,,2025-10-28,Facebook,Mobile,9,156.7,False,False
S1006224,C11022,2025-12-18,Facebook,Mobile,7,521.3,True,False
S1006225,C10687,2026-08-14,Organic,Desktop,5,165.3,False,False
S1006226,C11545,2025-10-15,Google Ads,Desktop,5,9.4,False,False
S1006227,C10569,2026-01-27,Organic,Desktop,6,191.5,False,False
S1006228,C10909,2025-09-12,Affiliate,Mobile,3,223.9,False,False
S1006229,C10322,2026-04-24,Organic,Desktop,3,54.2,False,False
S1006230,C11494,2026-08-01,Organic,Desktop,3,105.0,False,False
S1006231,C10056,2025-11-12,Email,Mobile,7,198.4,False,False
S1006232,C10905,2026-08-09,Email,Desktop,3,71.0,False,False
S1006233,,2026-04-15,Email,Mobile,6,73.9,True,False
S1006234,,2025-10-20,Instagram,Mobile,6,120.1,False,False
S1006235,C10325,2025-12-03,Instagram,Mobile,6,271.3,False,False
S1006236,C10033,2026-05-07,Instagram,Mobile,5,153.8,False,False
S1006237,C10161,2026-03-08,Affiliate,Mobile,5,139.4,False,False
S1006238,,2026-06-23,Google Ads,Mobile,1,134.2,False,False
S1006239,C10655,2026-07-22,Google Ads,Mobile,7,104.9,True,False
S1006240,C11579,2026-04-15,Organic,Tablet,6,201.5,False,False
S1006241,C10906,2025-12-08,Google Ads,Desktop,5,206.1,True,False
S1006242,,2025-09-15,Instagram,Mobile,4,142.0,False,False
S1006243,C11801,2025-10-03,Email,Desktop,5,235.3,False,False
S1006244,,2026-06-13,Email,Desktop,6,93.1,False,False
S1006245,C11037,2026-01-11,Email,Mobile,3,19.2,False,False
S1006246,,2026-04-15,Facebook,Desktop,5,227.2,True,False
S1006247,C11567,2026-05-19,Google Ads,Mobile,9,401.5,True,False
S1006248,C10005,2025-11-14,Instagram,Desktop,3,104.3,False,False
S1006249,,2026-07-08,Instagram,Desktop,3,210.4,False,False
S1006250,C10291,2025-11-03,Facebook,Mobile,5,103.5,False,False
S1006251,,2026-03-20,Email,Mobile,4,113.9,True,False
S1006252,C11576,2025-09-16,Facebook,Desktop,12,38.2,False,False
S1006253,C10050,2025-12-21,Instagram,Desktop,3,86.2,False,False
S1006254,C11746,2026-07-24,Google Ads,Mobile,6,118.5,False,False
S1006255,,2025-11-26,Facebook,Mobile,5,381.2,False,False
S1006256,C10264,2025-08-28,Facebook,Mobile,3,354.4,False,False
S1006257,C11122,2025-09-20,Instagram,Mobile,4,94.6,False,False
S1006258,C10058,2026-08-20,Organic,Mobile,5,132.5,True,True
S1006259,C11772,2026-05-30,Organic,Tablet,6,111.9,True,True
S1006260,C10460,2026-06-12,Facebook,Desktop,3,338.0,False,False
S1006261,C11141,2026-02-12,Affiliate,Mobile,4,151.0,False,False
S1006262,C11967,2026-03-14,Affiliate,Mobile,2,24.5,False,False
S1006263,C10173,2026-05-04,Instagram,Mobile,4,598.9,False,False
S1006264,C10495,2026-06-20,Google Ads,Desktop,10,99.4,False,False
S1006265,C11411,2026-08-19,Google Ads,Mobile,8,101.7,True,True
S1006266,C11961,2026-05-09,Facebook,Mobile,8,255.2,False,False
S1006267,C10069,2025-11-08,Facebook,Mobile,3,250.6,False,False
S1006268,C11887,2026-06-10,Facebook,Tablet,7,162.1,False,False
S1006269,C10871,2025-09-04,Affiliate,Desktop,5,65.5,True,False
S1006270,C11903,2025-10-29,Google Ads,Mobile,9,108.9,False,False
S1006271,C10408,2026-06-20,Facebook,Mobile,5,139.8,True,False
S1006272,C11366,2025-12-31,Facebook,Tablet,8,241.7,False,False
S1006273,C10973,2026-05-17,Facebook,Tablet,5,206.5,False,False
S1006274,C10717,2025-08-25,Email,Mobile,7,229.2,False,False
S1006275,C10499,2025-10-21,Affiliate,Desktop,4,371.6,False,False
S1006276,C10670,2026-07-17,Instagram,Desktop,7,477.4,False,False
S1006277,C10653,2025-08-22,Organic,Desktop,4,400.8,True,False
S1006278,C11371,2026-06-17,Organic,Mobile,4,99.5,False,False
S1006279,C11350,2025-12-29,Google Ads,Tablet,4,274.8,True,True
S1006280,C10602,2026-07-26,Google Ads,Mobile,3,71.8,False,False
S1006281,C11690,2026-02-11,Affiliate,Mobile,5,71.2,False,False
S1006282,C11260,2025-08-30,Affiliate,Mobile,4,101.0,False,False
S1006283,,2025-11-30,Google Ads,Mobile,11,411.4,False,False
S1006284,C10656,2025-10-15,Affiliate,Mobile,6,149.6,True,False
S1006285,C10310,2026-02-12,Google Ads,Mobile,3,433.4,False,False
S1006286,C10598,2025-10-22,Affiliate,Desktop,5,60.4,True,False
S1006287,,2026-02-22,Email,Mobile,1,144.4,False,False
S1006288,C10044,2025-12-19,Google Ads,Tablet,3,423.0,False,False
S1006289,C10034,2026-03-18,Affiliate,Mobile,7,206.1,True,False
S1006290,C10122,2026-07-20,Affiliate,Desktop,4,107.0,True,True
S1006291,C11918,2026-01-07,Affiliate,Mobile,4,211.6,True,False
S1006292,,2025-10-23,Google Ads,Mobile,4,84.0,False,False
S1006293,C11072,2025-11-03,Email,Mobile,5,77.8,False,False
S1006294,C11394,2026-01-10,Organic,Mobile,5,80.9,False,False
S1006295,C11301,2026-05-28,Instagram,Mobile,10,59.5,False,False
S1006296,C10895,2025-11-28,Google Ads,Desktop,2,106.4,False,False
S1006297,,2026-01-18,Google Ads,Mobile,2,71.8,False,False
S1006298,C11359,2026-07-04,Email,Mobile,7,123.9,False,False
S1006299,C10085,2026-07-24,Organic,Mobile,4,61.5,False,False
S1006300,C11131,2025-08-29,Instagram,Tablet,4,181.3,False,False
S1006301,C11135,2025-09-26,Email,Mobile,4,131.6,False,False
S1006302,C10979,2025-08-27,Google Ads,Desktop,3,361.8,False,False
S1006303,C11169,2025-11-30,Email,Mobile,4,391.4,False,False
S1006304,,2026-03-07,Email,Mobile,6,91.8,False,False
S1006305,C11618,2026-08-20,Instagram,Mobile,4,259.2,False,False
S1006306,C10896,2026-04-25,Email,Desktop,5,23.5,False,False
S1006307,C11746,2026-03-02,Organic,Desktop,4,298.3,True,True
S1006308,C11937,2025-12-03,Google Ads,Desktop,6,194.0,False,False
S1006309,C11615,2026-05-31,Email,Mobile,6,114.9,True,False
S1006310,C10446,2026-01-30,Facebook,Mobile,7,150.0,True,False
S1006311,C11784,2026-06-16,Google Ads,Mobile,2,175.0,False,False
S1006312,C11580,2026-08-15,Facebook,Desktop,3,51.8,False,False
S1006313,C10993,2026-03-15,Google Ads,Desktop,2,192.3,False,False
S1006314,C10483,2025-10-13,Instagram,Desktop,5,138.5,False,False
S1006315,C11583,2025-12-09,Instagram,Desktop,5,63.5,False,False
S1006316,C10377,2025-11-18,Instagram,Desktop,6,112.6,False,False
S1006317,C11786,2025-09-07,Affiliate,Desktop,4,135.8,True,False
S1006318,C11455,2025-12-03,Facebook,Desktop,8,222.7,False,False
S1006319,C11375,2025-09-18,Email,Desktop,4,84.6,False,False
S1006320,C11495,2026-04-09,Google Ads,Mobile,4,91.6,True,True
S1006321,,2026-02-06,Email,Tablet,6,118.1,False,False
S1006322,C11124,2025-10-27,Google Ads,Desktop,6,189.3,True,False
S1006323,C11788,2025-09-17,Organic,Mobile,7,171.3,False,False
S1006324,C11558,2026-01-26,Facebook,Desktop,4,390.3,False,False
S1006325,C11016,2026-05-24,Email,Desktop,3,78.5,False,False
S1006326,C10214,2026-03-12,Instagram,Desktop,5,253.0,False,False
S1006327,C10772,2026-03-20,Google Ads,Mobile,5,140.9,True,False
S1006328,,2025-09-27,Email,Mobile,3,153.6,False,False
S1006329,C10918,2026-01-29,Google Ads,Mobile,6,24.4,True,False
S1006330,C10029,2025-09-09,Organic,Mobile,5,154.5,False,False
S1006331,,2026-08-18,Google Ads,Mobile,6,78.4,False,False
S1006332,C10833,2026-03-24,Organic,Desktop,5,249.1,False,False
S1006333,C10211,2025-10-16,Instagram,Mobile,6,96.5,False,False
S1006334,C11758,2026-05-02,Email,Mobile,3,251.5,False,False
S1006335,C11235,2026-07-21,Google Ads,Mobile,3,186.3,False,False
S1006336,C10197,2025-08-28,Instagram,Mobile,4,20.3,False,False
S1006337,C10517,2026-04-22,Instagram,Tablet,4,176.0,False,False
S1006338,C10789,2025-12-28,Organic,Mobile,5,191.8,False,False
S1006339,C10475,2026-06-13,Google Ads,Desktop,3,204.5,False,False
S1006340,,2025-11-10,Google Ads,Mobile,4,70.4,True,False
S1006341,C10904,2026-01-11,Facebook,Mobile,8,364.5,True,False
S1006342,C10809,2026-08-17,Google Ads,Desktop,6,32.1,True,True
S1006343,C11612,2026-08-12,Affiliate,Desktop,4,84.0,False,False
S1006344,C10727,2026-02-18,Organic,Desktop,5,477.9,True,True
S1006345,,2026-03-18,Email,Tablet,7,132.9,False,False
S1006346,C11001,2026-02-21,Instagram,Mobile,6,53.0,True,False
S1006347,C10123,2026-04-09,Email,Desktop,5,108.5,False,False
S1006348,C11264,2026-01-01,Affiliate,Mobile,6,224.0,False,False
S1006349,,2026-07-29,Organic,Desktop,3,199.5,False,False
S1006350,C10184,2026-03-09,Affiliate,Desktop,2,253.2,False,False
S1006351,C10193,2026-03-13,Organic,Mobile,4,54.9,False,False
S1006352,C10569,2025-09-24,Google Ads,Tablet,7,41.4,False,False
S1006353,C11694,2026-06-22,Google Ads,Desktop,6,155.8,True,True
S1006354,C11577,2026-05-10,Instagram,Mobile,5,185.2,True,False
S1006355,C10855,2025-12-07,Instagram,Desktop,5,147.9,False,False
S1006356,,2026-03-24,Instagram,Mobile,5,128.3,False,False
S1006357,C10380,2026-07-25,Facebook,Mobile,7,171.0,False,False
S1006358,C10707,2026-05-24,Email,Mobile,2,67.1,False,False
S1006359,C11297,2026-02-09,Google Ads,Desktop,5,48.5,False,False
S1006360,C10849,2026-05-21,Affiliate,Mobile,3,178.6,False,False
S1006361,C10756,2026-02-27,Instagram,Desktop,7,67.9,False,False
S1006362,,2026-01-29,Organic,Desktop,5,319.1,False,False
S1006363,C10235,2025-10-16,Organic,Tablet,6,84.5,False,False
S1006364,C11675,2026-03-16,Facebook,Mobile,8,36.5,False,False
S1006365,C11219,2025-11-10,Facebook,Desktop,4,331.4,False,False
S1006366,,2025-10-19,Google Ads,Mobile,3,27.7,False,False
S1006367,C11661,2026-03-31,Facebook,Mobile,5,238.6,False,False
S1006368,C10505,2026-08-15,Email,Tablet,6,147.5,False,False
S1006369,,2026-04-21,Affiliate,Mobile,7,412.9,False,False
S1006370,C10356,2025-10-10,Affiliate,Desktop,7,415.1,False,False
S1006371,C10005,2026-02-15,Affiliate,Mobile,8,702.8,True,False
S1006372,C11352,2026-04-12,Email,Mobile,4,79.5,True,True
S1006373,C10536,2026-06-21,Organic,Desktop,5,144.7,False,False
S1006374,C10007,2026-03-22,Affiliate,Mobile,4,180.0,False,False
S1006375,C10254,2026-04-07,Google Ads,Mobile,3,158.9,False,False
S1006376,C10318,2025-12-31,Instagram,Mobile,1,363.5,False,False
S1006377,,2026-07-24,Google Ads,Mobile,5,109.4,False,False
S1006378,C11674,2026-08-11,Organic,Desktop,5,42.3,False,False
S1006379,C11703,2026-08-15,Google Ads,Mobile,5,276.3,False,False
S1006380,C11923,2026-07-21,Google Ads,Desktop,2,338.2,False,False
S1006381,C10706,2025-09-13,Google Ads,Mobile,6,180.2,False,False
S1006382,C11367,2026-06-02,Instagram,Tablet,5,46.8,True,False
S1006383,C11784,2026-05-13,Organic,Mobile,7,257.7,False,False
S1006384,C10290,2026-04-21,Organic,Mobile,3,349.8,False,False
S1006385,C10754,2025-08-30,Facebook,Mobile,7,184.0,False,False
S1006386,C11308,2026-08-21,Google Ads,Desktop,3,71.8,False,False
S1006387,C11326,2025-11-13,Organic,Tablet,7,207.4,True,True
S1006388,,2025-09-03,Email,Mobile,4,324.1,False,False
S1006389,C10965,2026-06-01,Google Ads,Mobile,7,76.1,False,False
S1006390,C10421,2025-12-18,Instagram,Desktop,2,68.6,False,False
S1006391,C10378,2026-03-14,Email,Mobile,7,143.6,False,False
S1006392,C11085,2026-01-16,Organic,Desktop,5,85.1,False,False
S1006393,C10509,2026-06-18,Google Ads,Mobile,6,98.7,False,False
S1006394,C10925,2026-08-07,Instagram,Mobile,6,84.9,False,False
S1006395,,2026-05-14,Facebook,Mobile,3,330.4,False,False
S1006396,C11876,2026-04-29,Affiliate,Mobile,4,60.5,False,False
S1006397,C10890,2026-06-26,Organic,Mobile,4,121.3,False,False
S1006398,C11038,2025-08-25,Affiliate,Desktop,4,308.1,False,False
S1006399,,2025-12-18,Email,Desktop,6,203.6,True,True
S1006400,C11562,2026-05-10,Instagram,Tablet,2,250.3,False,False
S1006401,C11312,2026-01-12,Affiliate,Desktop,6,719.1,False,False
S1006402,,2025-09-17,Email,Mobile,3,240.7,False,False
S1006403,C11178,2026-01-11,Instagram,Mobile,7,239.0,False,False
S1006404,C10398,2026-04-07,Affiliate,Mobile,1,297.8,False,False
S1006405,C11002,2025-12-08,Instagram,Desktop,9,42.4,False,False
S1006406,C10322,2026-01-31,Organic,Desktop,3,181.7,False,False
S1006407,C11537,2026-08-02,Organic,Mobile,6,122.3,False,False
S1006408,C10534,2026-01-29,Affiliate,Mobile,5,71.4,False,False
S1006409,C11796,2025-10-09,Google Ads,Desktop,6,107.5,False,False
S1006410,C10471,2026-04-07,Facebook,Mobile,3,26.0,False,False
S1006411,C10900,2025-08-29,Email,Mobile,5,105.8,False,False
S1006412,C10383,2025-12-31,Google Ads,Mobile,4,68.3,False,False
S1006413,,2026-05-12,Google Ads,Desktop,5,184.0,True,False
S1006414,C11592,2026-04-08,Google Ads,Mobile,6,193.0,False,False
S1006415,C10922,2025-11-16,Email,Mobile,3,304.8,False,False
S1006416,C10620,2026-05-19,Google Ads,Mobile,3,109.4,False,False
S1006417,C11394,2025-12-21,Facebook,Mobile,3,158.4,False,False
S1006418,C10209,2026-08-18,Email,Desktop,5,294.7,False,False
S1006419,C11362,2026-03-11,Organic,Desktop,3,154.6,False,False
S1006420,,2026-05-26,Facebook,Mobile,5,340.2,False,False
S1006421,C10825,2026-03-03,Instagram,Desktop,7,242.5,False,False
S1006422,,2025-12-08,Google Ads,Mobile,5,239.2,False,False
S1006423,,2025-10-19,Facebook,Desktop,7,128.0,True,False
S1006424,C11785,2026-06-10,Email,Mobile,3,356.5,False,False
S1006425,C11714,2026-06-18,Email,Desktop,3,46.3,False,False
S1006426,,2026-06-02,Email,Mobile,9,60.3,False,False
S1006427,C10398,2026-01-31,Google Ads,Mobile,3,176.6,False,False
S1006428,C11587,2025-12-02,Organic,Desktop,7,119.2,False,False
S1006429,,2025-12-14,Email,Mobile,5,347.9,False,False
S1006430,,2025-09-16,Google Ads,Mobile,6,423.3,False,False
S1006431,C10533,2026-05-11,Affiliate,Desktop,2,73.1,False,False
S1006432,C11188,2026-08-21,Affiliate,Mobile,3,181.9,False,False
S1006433,C10774,2026-07-10,Affiliate,Mobile,7,150.9,False,False
S1006434,C10861,2025-11-30,Organic,Mobile,4,112.2,False,False
S1006435,C10779,2026-03-26,Instagram,Mobile,7,268.4,False,False
S1006436,,2026-06-28,Google Ads,Mobile,4,95.0,True,False
S1006437,C11870,2026-04-12,Organic,Mobile,3,92.0,False,False
S1006438,C10294,2026-06-09,Instagram,Tablet,7,127.1,False,False
S1006439,C11131,2026-07-13,Email,Mobile,5,514.9,False,False
S1006440,C11911,2026-06-28,Organic,Mobile,6,282.3,False,False
S1006441,C11308,2026-05-21,Affiliate,Tablet,3,38.8,False,False
S1006442,C10300,2026-05-16,Organic,Desktop,4,44.7,False,False
S1006443,C11970,2025-11-22,Email,Tablet,3,291.9,False,False
S1006444,C11590,2026-07-10,Instagram,Mobile,7,170.0,False,False
S1006445,C10852,2026-08-04,Google Ads,Mobile,5,408.1,True,True
S1006446,,2026-01-03,Instagram,Mobile,6,148.5,False,False
S1006447,C11775,2025-10-12,Facebook,Mobile,3,75.8,False,False
S1006448,C11192,2025-12-04,Facebook,Desktop,5,177.1,False,False
S1006449,,2026-02-05,Instagram,Desktop,5,112.9,False,False
S1006450,C11811,2025-10-25,Facebook,Mobile,3,217.4,False,False
S1006451,C11253,2026-01-24,Facebook,Mobile,3,340.0,False,False
S1006452,,2026-08-08,Organic,Mobile,3,21.6,False,False
S1006453,C10811,2026-03-27,Facebook,Mobile,1,314.5,False,False
S1006454,C11093,2025-10-19,Google Ads,Mobile,6,41.4,True,False
S1006455,,2026-02-15,Affiliate,Mobile,3,61.7,False,False
S1006456,C11658,2026-04-23,Email,Mobile,2,103.3,True,False
S1006457,C10596,2026-04-24,Google Ads,Tablet,7,53.6,False,False
S1006458,C10965,2025-10-01,Organic,Mobile,4,36.9,False,False
S1006459,C11405,2026-03-21,Organic,Mobile,7,429.2,False,False
S1006460,C10575,2026-03-16,Affiliate,Mobile,3,125.1,False,False
S1006461,C10400,2025-09-04,Email,Mobile,9,74.6,False,False
S1006462,C11954,2026-06-04,Google Ads,Desktop,9,158.3,True,False
S1006463,C10699,2026-02-03,Organic,Desktop,5,165.6,False,False
S1006464,,2026-03-14,Instagram,Mobile,5,168.5,True,True
S1006465,C10082,2026-08-16,Facebook,Desktop,3,23.4,False,False
S1006466,C11336,2026-07-03,Organic,Mobile,3,286.4,False,False
S1006467,,2026-01-10,Facebook,Mobile,9,79.3,False,False
S1006468,C11338,2025-08-23,Facebook,Mobile,4,184.8,False,False
S1006469,,2026-01-13,Facebook,Mobile,5,282.2,False,False
S1006470,C10352,2026-07-13,Google Ads,Mobile,7,45.7,False,False
S1006471,C10468,2026-02-17,Facebook,Desktop,2,245.4,False,False
S1006472,C11924,2025-11-08,Google Ads,Mobile,7,260.9,False,False
S1006473,C11693,2026-08-15,Google Ads,Mobile,10,70.2,True,True
S1006474,C10929,2025-09-04,Email,Mobile,4,43.3,True,False
S1006475,C11579,2026-01-27,Instagram,Mobile,3,227.6,False,False
S1006476,C10608,2025-09-29,Email,,3,138.9,False,False
S1006477,C10510,2025-09-02,Email,Tablet,6,170.3,False,False
S1006478,C11829,2026-08-05,Instagram,Desktop,3,206.8,False,False
S1006479,C10754,2025-09-21,Instagram,Desktop,5,54.8,False,False
S1006480,C11037,2025-09-09,Facebook,Desktop,3,377.8,False,False
S1006481,,2026-03-02,Instagram,Mobile,4,135.8,False,False
S1006482,C11119,2026-03-10,Google Ads,Mobile,6,402.8,False,False
S1006483,C11289,2025-12-15,Organic,Mobile,7,287.7,False,False
S1006484,C11509,2026-04-12,Organic,Desktop,7,26.9,False,False
S1006485,C10444,2026-05-31,Instagram,Tablet,9,130.7,False,False
S1006486,C11712,2026-03-01,Facebook,Mobile,5,163.5,True,False
S1006487,C10718,2026-01-09,Instagram,Desktop,5,41.6,True,False
S1006488,,2026-05-16,Instagram,Mobile,7,217.4,True,False
S1006489,C11704,2026-05-04,Organic,Mobile,4,326.7,False,False
S1006490,C11106,2026-04-27,Facebook,Mobile,3,45.8,False,False
S1006491,C11791,2026-02-01,Affiliate,Desktop,6,137.5,True,True
S1006492,C11986,2026-02-08,Google Ads,Mobile,5,264.1,False,False
S1006493,C11499,2026-08-20,Google Ads,Mobile,5,48.2,False,False
S1006494,C10297,2026-07-20,Google Ads,Desktop,6,39.9,False,False
S1006495,,2026-01-31,Affiliate,Desktop,8,311.9,False,False
S1006496,C11204,2025-09-05,Affiliate,Mobile,5,194.6,False,False
S1006497,C10396,2026-07-03,Google Ads,Mobile,7,370.1,True,False
S1006498,,2026-04-16,Affiliate,Desktop,4,288.6,True,False
S1006499,C11190,2026-01-07,Facebook,Mobile,5,88.2,True,True
S1006500,C10100,2026-04-19,Google Ads,Mobile,7,6.9,False,False
S1006501,C10186,2026-07-07,Organic,Desktop,6,250.1,False,False
S1006502,C11887,2026-07-05,Organic,Mobile,5,170.3,False,False
S1006503,C10015,2025-10-18,Organic,Mobile,8,256.7,False,False
S1006504,C10357,2026-01-14,Affiliate,Mobile,3,63.0,False,False
S1006505,C11407,2025-11-13,Email,Mobile,5,121.8,False,False
S1006506,C10795,2026-03-24,Affiliate,Mobile,4,113.1,True,True
S1006507,,2026-07-28,Instagram,Desktop,5,52.1,False,False
S1006508,C10465,2025-11-01,Instagram,Mobile,5,83.4,False,False
S1006509,C10600,2025-12-26,Google Ads,Mobile,4,42.4,False,False
S1006510,C10320,2025-11-06,Google Ads,Mobile,6,119.9,False,False
S1006511,C10974,2026-01-20,Google Ads,Mobile,3,65.4,False,False
S1006512,C11234,2026-05-25,Affiliate,Mobile,2,42.7,False,False
S1006513,C10953,2026-06-23,Organic,Mobile,7,67.4,False,False
S1006514,C10685,2026-08-10,Affiliate,Mobile,8,111.8,False,False
S1006515,C11305,2025-11-27,Email,Mobile,4,247.7,False,False
S1006516,,2026-01-29,Google Ads,Desktop,3,341.0,False,False
S1006517,C10024,2026-04-27,Google Ads,Desktop,2,69.8,False,False
S1006518,C11667,2026-01-06,Instagram,Desktop,10,144.2,False,False
S1006519,C11635,2025-12-20,Affiliate,Desktop,5,645.0,False,False
S1006520,C10323,2026-07-15,Affiliate,Tablet,8,196.4,False,False
S1006521,C10748,2026-01-21,Email,Mobile,6,219.2,True,True
S1006522,C11638,2025-10-03,Facebook,Mobile,5,53.7,True,True
S1006523,C10541,2026-06-16,Google Ads,Desktop,4,260.0,False,False
S1006524,C10058,2026-08-10,Google Ads,Mobile,8,35.7,True,False
S1006525,C11902,2025-11-30,Organic,Desktop,2,359.6,False,False
S1006526,C10771,2026-01-18,Facebook,Mobile,8,183.2,False,False
S1006527,C10813,2026-06-14,Facebook,Desktop,4,173.3,False,False
S1006528,C10045,2025-10-18,Google Ads,Mobile,2,107.7,False,False
S1006529,C11981,2025-09-11,Google Ads,Desktop,5,168.2,False,False
S1006530,C10902,2026-03-07,Facebook,Mobile,6,76.6,True,False
S1006531,C10617,2026-03-29,Email,Mobile,4,272.9,False,False
S1006532,,2025-09-04,Google Ads,Mobile,4,106.5,True,False
S1006533,C10310,2026-07-23,Google Ads,Mobile,7,251.9,False,False
S1006534,C11398,2025-12-06,Email,Mobile,3,424.6,False,False
S1006535,C11712,2026-03-02,Facebook,Desktop,2,230.9,False,False
S1006536,,2026-03-13,Affiliate,Mobile,6,110.0,False,False
S1006537,C10250,2025-12-17,Instagram,Mobile,10,260.6,False,False
S1006538,C11870,2025-12-28,Facebook,Desktop,4,67.4,True,False
S1006539,C11729,2025-12-25,Organic,Mobile,5,281.2,False,False
S1006540,C11463,2025-10-14,Google Ads,Desktop,6,105.1,False,False
S1006541,C11135,2026-03-09,Organic,Mobile,4,252.2,False,False
S1006542,,2026-03-12,Organic,Mobile,7,50.5,True,False
S1006543,,2025-08-31,Organic,Mobile,5,425.5,True,False
S1006544,C10529,2026-05-15,Google Ads,Mobile,5,146.2,False,False
S1006545,,2025-10-14,Google Ads,Desktop,3,184.2,False,False
S1006546,,2026-03-11,Facebook,Tablet,6,174.7,True,True
S1006547,C11817,2026-02-17,Instagram,Mobile,2,124.1,False,False
S1006548,C10445,2025-11-18,Google Ads,Desktop,3,81.1,False,False
S1006549,C10418,2026-07-06,Facebook,Tablet,7,175.8,True,False
S1006550,C10963,2026-03-12,Organic,Desktop,3,276.5,False,False
S1006551,C10541,2026-02-03,Google Ads,Desktop,7,98.6,False,False
S1006552,,2026-06-05,Google Ads,Mobile,2,26.6,False,False
S1006553,C11223,2026-03-14,Instagram,Desktop,5,49.7,True,True
S1006554,C10651,2025-10-31,Email,Mobile,9,93.6,False,False
S1006555,C10975,2025-09-15,Affiliate,Mobile,6,11.0,False,False
S1006556,,2026-03-04,Instagram,Desktop,3,192.2,False,False
S1006557,C11331,2026-03-19,Organic,Mobile,3,161.1,False,False
S1006558,,2026-02-03,Facebook,Desktop,5,210.9,False,False
S1006559,,2025-11-04,Google Ads,Mobile,3,72.3,False,False
S1006560,C10214,2025-09-09,Google Ads,Desktop,2,125.3,False,False
S1006561,,2025-10-26,Google Ads,Desktop,8,98.9,True,True
S1006562,C10926,2026-08-02,Google Ads,Mobile,5,300.0,False,False
S1006563,C10186,2025-11-22,Email,Mobile,7,41.8,False,False
S1006564,C11697,2026-01-25,Email,Mobile,6,31.9,True,False
S1006565,,2025-09-07,Google Ads,Mobile,3,296.9,False,False
S1006566,C10652,2026-07-07,Facebook,Mobile,2,60.1,False,False
S1006567,C11956,2026-07-20,Organic,Mobile,5,3.2,False,False
S1006568,C10063,2026-05-02,Google Ads,Mobile,7,145.6,False,False
S1006569,C11587,2026-02-23,Organic,Tablet,12,383.0,False,False
S1006570,C11866,2025-09-22,Instagram,Desktop,12,13.2,False,False
S1006571,,2026-02-15,Affiliate,Desktop,5,363.5,False,False
S1006572,C11454,2026-07-13,Organic,Mobile,6,32.7,False,False
S1006573,,2025-09-30,Affiliate,Mobile,4,206.6,True,False
S1006574,C10596,2026-02-21,Google Ads,Mobile,2,52.1,False,False
S1006575,C10574,2026-07-21,Google Ads,Desktop,2,239.9,False,False
S1006576,C10354,2025-12-29,Instagram,Desktop,6,50.6,False,False
S1006577,C11726,2026-08-11,Google Ads,Mobile,2,181.7,False,False
S1006578,C11800,2026-03-25,Organic,Mobile,3,164.4,False,False
S1006579,,2026-03-11,Instagram,Mobile,5,201.6,False,False
S1006580,,2026-01-25,Facebook,Mobile,5,603.2,True,False
S1006581,C11542,2026-02-07,Facebook,Mobile,6,277.3,False,False
S1006582,C11951,2026-02-17,Organic,Desktop,7,38.3,True,False
S1006583,,2026-04-19,Organic,Desktop,2,152.7,False,False
S1006584,C10259,2025-11-24,Affiliate,Desktop,7,133.8,False,False
S1006585,C10866,2026-04-14,Organic,Mobile,4,169.9,True,False
S1006586,C10113,2026-04-05,Instagram,Desktop,6,90.3,False,False
S1006587,C11929,2026-05-01,Email,Mobile,5,33.6,False,False
S1006588,C11286,2026-05-25,Affiliate,Mobile,3,27.8,False,False
S1006589,,2026-07-04,Instagram,Desktop,4,169.8,False,False
S1006590,,2025-12-11,Facebook,Mobile,6,81.7,False,False
S1006591,,2026-04-27,Google Ads,Desktop,6,177.8,False,False
S1006592,,2026-07-03,Instagram,Mobile,4,117.3,True,False
S1006593,C10386,2026-06-22,Affiliate,Mobile,4,43.5,False,False
S1006594,C11939,2025-10-22,Facebook,Desktop,7,104.3,True,False
S1006595,C11189,2025-10-28,Affiliate,Mobile,7,166.0,False,False
S1006596,C10070,2026-01-13,Affiliate,Desktop,7,179.4,False,False
S1006597,C10590,2026-01-30,Google Ads,Desktop,6,461.2,False,False
S1006598,C10437,2026-05-18,Facebook,Tablet,3,161.3,True,True
S1006599,C11338,2026-05-28,Google Ads,Mobile,5,104.8,False,False
S1006600,C11381,2026-03-28,Instagram,Mobile,3,411.7,True,False
S1006601,C11813,2026-02-14,Affiliate,Desktop,5,401.7,False,False
S1006602,C11551,2026-02-08,Email,Tablet,4,181.6,True,False
S1006603,C11113,2025-12-10,Email,Desktop,7,283.8,True,False
S1006604,C11309,2025-10-21,Facebook,Mobile,8,84.9,False,False
S1006605,C11712,2026-05-10,Email,Mobile,9,128.8,False,False
S1006606,C11532,2025-09-30,Instagram,Mobile,4,230.7,False,False
S1006607,C11640,2026-08-10,Affiliate,Mobile,3,81.3,False,False
S1006608,C10029,2025-12-18,Instagram,Desktop,4,129.6,True,False
S1006609,C10661,2026-05-28,Email,Tablet,5,110.3,False,False
S1006610,C11309,2026-02-20,Instagram,Mobile,7,126.3,False,False
S1006611,C11021,2026-06-03,Instagram,Mobile,2,282.7,False,False
S1006612,C10457,2026-05-21,Instagram,Desktop,3,216.2,True,True
S1006613,C11338,2025-12-08,Organic,Mobile,6,288.1,False,False
S1006614,C10885,2026-05-17,Affiliate,Mobile,6,170.0,False,False
S1006615,C10193,2026-01-24,Email,Mobile,4,12.8,False,False
S1006616,C10738,2026-01-14,Google Ads,Tablet,3,31.2,False,False
S1006617,C11714,2026-05-29,Instagram,Desktop,6,57.4,True,True
S1006618,C11724,2026-07-17,Affiliate,Desktop,7,173.4,False,False
S1006619,,2026-03-29,Instagram,Mobile,9,49.6,False,False
S1006620,,2026-07-12,Google Ads,Mobile,5,42.1,False,False
S1006621,C10971,2026-01-31,Google Ads,Desktop,3,66.7,False,False
S1006622,C10237,2026-01-25,Facebook,Desktop,6,124.4,True,True
S1006623,C11141,2026-02-07,Email,Mobile,11,20.0,False,False
S1006624,C11320,2026-03-15,Google Ads,Desktop,2,435.4,False,False
S1006625,C10347,2025-09-05,Email,Mobile,4,79.8,True,False
S1006626,C11614,2026-01-05,Email,Mobile,5,191.1,False,False
S1006627,C11227,2025-10-26,Instagram,Tablet,2,69.1,False,False
S1006628,C10314,2026-08-18,Facebook,Mobile,4,177.7,False,False
S1006629,C10916,2026-01-08,Affiliate,Mobile,5,116.5,False,False
S1006630,,2025-12-03,Facebook,Mobile,7,175.8,False,False
S1006631,C10421,2025-12-18,Affiliate,Mobile,5,92.1,False,False
S1006632,C11301,2025-09-24,Organic,,6,202.9,False,False
S1006633,C10873,2025-10-14,Organic,Mobile,6,88.0,False,False
S1006634,C11223,2025-10-23,Instagram,Mobile,6,260.1,True,True
S1006635,C11664,2026-03-11,Email,Desktop,8,351.2,True,False
S1006636,C11841,2026-01-28,Email,Tablet,6,53.9,False,False
S1006637,,2026-04-28,Instagram,Desktop,6,274.5,False,False
S1006638,,2026-01-24,Facebook,Desktop,4,144.1,False,False
S1006639,C11253,2025-09-16,Google Ads,Tablet,5,138.4,False,False
S1006640,C11507,2026-05-13,Affiliate,Mobile,3,630.8,False,False
S1006641,C11029,2026-01-02,Affiliate,Mobile,4,222.7,False,False
S1006642,C10252,2026-08-01,Google Ads,Desktop,5,445.3,True,True
S1006643,C10242,2026-05-10,Facebook,Mobile,8,495.4,False,False
S1006644,C11235,2025-12-14,Google Ads,Mobile,4,127.3,False,False
S1006645,C11595,2026-05-15,Organic,Mobile,3,113.1,False,False
S1006646,,2026-01-04,Instagram,Mobile,5,650.8,False,False
S1006647,,2026-01-17,Instagram,Mobile,6,96.9,False,False
S1006648,C10281,2025-11-01,Instagram,Desktop,8,223.5,False,False
S1006649,C11451,2026-05-17,Organic,Mobile,8,391.2,True,False
S1006650,C10705,2025-09-23,Organic,Desktop,10,62.0,True,False
S1006651,C10253,2026-04-25,Facebook,Desktop,6,178.0,False,False
S1006652,C11433,2026-05-13,Google Ads,Tablet,4,82.0,True,False
S1006653,C10189,2026-08-13,Google Ads,Desktop,5,258.3,False,False
S1006654,C11018,2026-07-31,Email,Mobile,4,32.1,False,False
S1006655,C10295,2026-06-15,Google Ads,Desktop,4,141.2,False,False
S1006656,,2026-04-25,Instagram,Mobile,4,84.9,True,True
S1006657,C10521,2026-03-28,Google Ads,Desktop,4,92.3,True,True
S1006658,C11385,2025-10-20,Organic,Desktop,2,239.1,False,False
S1006659,,2026-06-30,Google Ads,Mobile,5,382.8,False,False
S1006660,C10072,2025-10-29,Facebook,Mobile,3,69.6,False,False
S1006661,C10986,2026-01-24,Instagram,Mobile,3,106.1,False,False
S1006662,C11041,2025-10-19,Facebook,,6,142.3,False,False
S1006663,C11263,2026-03-04,Instagram,Mobile,6,19.5,False,False
S1006664,C11761,2025-09-06,Email,Tablet,3,217.8,False,False
S1006665,,2025-09-15,Google Ads,Tablet,5,88.9,False,False
S1006666,C11626,2026-07-30,Instagram,Tablet,2,178.1,False,False
S1006667,C11852,2025-09-11,Email,Desktop,4,326.5,False,False
S1006668,C11769,2026-06-26,Affiliate,Mobile,4,90.8,True,False
S1006669,C11412,2026-05-08,Organic,Desktop,6,117.4,False,False
S1006670,C11007,2026-07-14,Facebook,Desktop,1,73.9,False,False
S1006671,C11447,2026-05-02,Email,Mobile,7,150.5,False,False
S1006672,,2025-10-27,Email,Mobile,4,114.5,True,False
S1006673,C10432,2026-02-06,Facebook,Mobile,4,187.8,True,True
S1006674,C10306,2026-03-23,Instagram,Desktop,3,208.2,False,False
S1006675,C10204,2025-10-13,Facebook,Desktop,7,237.1,False,False
S1006676,C11853,2026-08-03,Google Ads,Mobile,4,146.1,False,False
S1006677,C10175,2026-02-17,Instagram,Mobile,5,62.9,False,False
S1006678,C11352,2026-01-02,Organic,Mobile,5,186.7,True,False
S1006679,C11343,2026-06-23,Google Ads,Mobile,2,295.7,False,False
S1006680,C10974,2025-10-27,Instagram,Mobile,4,354.0,False,False
S1006681,C11567,2026-01-19,Email,Mobile,4,301.0,False,False
S1006682,C10533,2026-01-09,Facebook,Mobile,5,173.5,False,False
S1006683,C11956,2025-10-28,Facebook,Desktop,4,164.8,False,False
S1006684,C10591,2025-09-07,Affiliate,Desktop,6,285.5,True,False
S1006685,C10350,2025-10-29,Google Ads,Desktop,6,160.5,False,False
S1006686,C10259,2026-03-08,Google Ads,Desktop,5,122.3,False,False
S1006687,C11857,2025-12-12,Google Ads,Mobile,5,218.2,True,False
S1006688,,2025-09-08,Instagram,Desktop,2,77.9,True,True
S1006689,C11816,2026-08-07,Affiliate,Desktop,3,192.3,False,False
S1006690,C10122,2025-08-22,Organic,Desktop,6,148.2,False,False
S1006691,C11474,2026-04-18,Email,Mobile,5,36.9,True,False
S1006692,C11702,2026-03-21,Organic,Mobile,6,133.0,False,False
S1006693,C10025,2025-12-21,Organic,Tablet,5,228.6,False,False
S1006694,C11151,2026-03-28,Organic,Tablet,1,53.2,False,False
S1006695,C10421,2025-09-01,Facebook,Mobile,6,132.4,False,False
S1006696,C10462,2026-01-06,Organic,Mobile,10,150.7,True,False
S1006697,C11671,2026-04-27,Organic,Mobile,4,44.5,False,False
S1006698,C10288,2026-07-02,Instagram,Mobile,4,179.2,True,False
S1006699,C10014,2025-10-13,Email,Desktop,5,325.1,False,False
S1006700,C10429,2026-02-07,Facebook,Mobile,4,53.1,False,False
S1006701,C11280,2025-09-28,Instagram,Tablet,4,418.8,False,False
S1006702,C11726,2026-06-12,Facebook,Mobile,4,23.0,False,False
S1006703,C11226,2025-12-31,Facebook,Desktop,8,125.1,False,False
S1006704,C11647,2026-08-20,Instagram,Mobile,2,90.3,False,False
S1006705,C10910,2025-12-13,Email,Tablet,4,29.8,False,False
S1006706,C10897,2026-07-12,Organic,,3,226.2,False,False
S1006707,C11114,2025-12-31,Google Ads,,7,68.1,True,True
S1006708,C10428,2026-07-11,Facebook,Desktop,7,820.4,False,False
S1006709,,2026-03-14,Email,Mobile,5,167.6,True,False
S1006710,C10628,2026-07-21,Organic,Mobile,5,317.7,False,False
S1006711,C10064,2025-11-24,Facebook,Mobile,5,306.9,True,False
S1006712,C10032,2026-08-20,Google Ads,Desktop,4,82.6,False,False
S1006713,C11881,2025-09-10,Instagram,Desktop,3,47.9,True,False
S1006714,C11040,2025-12-11,Facebook,Desktop,6,57.9,False,False
S1006715,,2026-08-21,Organic,Mobile,4,108.6,False,False
S1006716,C10208,2025-12-10,Email,Desktop,4,66.6,False,False
S1006717,C10057,2026-07-06,Email,Desktop,6,73.9,False,False
S1006718,C11157,2026-04-20,Email,Mobile,6,101.1,False,False
S1006719,C10660,2026-04-06,Google Ads,Tablet,9,206.8,False,False
S1006720,C11494,2026-08-20,Organic,Mobile,4,98.1,False,False
S1006721,,2026-07-06,Facebook,Tablet,7,221.0,True,True
S1006722,C11565,2025-09-03,Google Ads,Mobile,5,124.5,False,False
S1006723,,2026-03-07,Facebook,Mobile,5,123.3,False,False
S1006724,C10952,2026-01-23,Google Ads,Mobile,4,179.0,False,False
S1006725,C11578,2025-09-22,Instagram,Mobile,12,182.1,False,False
S1006726,C11741,2026-01-28,Affiliate,Mobile,6,199.6,False,False
S1006727,,2026-07-24,Affiliate,Mobile,5,113.7,True,False
S1006728,C10034,2026-04-23,Instagram,Mobile,3,134.1,False,False
S1006729,C11827,2026-03-30,Facebook,Desktop,7,93.8,True,True
S1006730,C11357,2025-12-02,Email,Mobile,4,22.8,False,False
S1006731,C11855,2026-01-21,Instagram,Mobile,4,73.8,True,True
S1006732,C11616,2025-08-29,Organic,Desktop,3,194.2,False,False
S1006733,C11428,2026-08-02,Google Ads,Mobile,6,397.1,False,False
S1006734,C11973,2026-08-19,Email,Mobile,1,149.8,False,False
S1006735,C10452,2026-01-01,Google Ads,Mobile,4,168.7,False,False
S1006736,C10421,2025-10-18,Affiliate,Desktop,5,180.6,False,False
S1006737,C10524,2026-02-12,Email,Mobile,6,19.5,False,False
S1006738,C11010,2025-09-13,Email,Tablet,4,325.3,False,False
S1006739,C10018,2026-05-29,Affiliate,Mobile,2,478.4,False,False
S1006740,C11172,2025-10-29,Email,Mobile,5,352.6,False,False
S1006741,C10849,2025-11-29,Google Ads,Mobile,3,245.5,False,False
S1006742,C10281,2025-08-30,Organic,Desktop,5,96.8,False,False
S1006743,C10588,2025-09-03,Organic,Mobile,8,106.6,True,False
S1006744,C10266,2025-09-08,Google Ads,Mobile,5,117.6,False,False
S1006745,C10198,2026-06-28,Instagram,Desktop,8,141.4,False,False
S1006746,,2025-11-13,Facebook,Desktop,5,181.0,False,False
S1006747,C10261,2026-08-09,Instagram,Mobile,2,21.5,False,False
S1006748,C11909,2026-06-17,Facebook,Mobile,4,123.7,True,False
S1006749,C11801,2026-03-02,Affiliate,Mobile,8,85.9,False,False
S1006750,,2025-09-07,Affiliate,Tablet,2,136.9,False,False
S1006751,,2025-11-01,Organic,Mobile,6,405.0,False,False
S1006752,C11241,2026-02-11,Google Ads,Desktop,12,252.1,False,False
S1006753,C10449,2026-04-20,Instagram,Desktop,8,191.5,True,False
S1006754,C10904,2026-05-11,Email,Mobile,5,327.3,False,False
S1006755,C10050,2026-08-09,Affiliate,Tablet,6,167.2,True,False
S1006756,C11857,2026-07-25,Organic,Desktop,3,202.2,False,False
S1006757,C11273,2026-04-15,Instagram,Mobile,7,125.7,False,False
S1006758,C11355,2026-06-18,Organic,Mobile,3,90.7,False,False
S1006759,C10480,2026-06-04,Instagram,Tablet,6,82.9,False,False
S1006760,C10658,2026-08-10,Google Ads,Tablet,3,36.1,False,False
S1006761,C10203,2025-10-26,Email,Desktop,6,258.4,True,False
S1006762,C11618,2025-08-25,Organic,Mobile,6,145.3,False,False
S1006763,C11761,2026-01-03,Affiliate,Tablet,5,214.2,False,False
S1006764,,2026-05-21,Instagram,Mobile,4,71.9,True,False
S1006765,C10669,2026-06-17,Organic,Mobile,7,233.4,True,False
S1006766,C11524,2025-11-18,Email,Mobile,3,151.0,False,False
S1006767,C10163,2025-09-23,Organic,Mobile,4,88.4,False,False
S1006768,C10603,2026-04-15,Organic,Mobile,4,117.4,True,False
S1006769,C10645,2025-10-27,Instagram,Tablet,3,159.7,False,False
S1006770,C11303,2026-08-13,Instagram,Mobile,7,121.3,True,True
S1006771,C11830,2026-02-09,Organic,Tablet,4,157.1,False,False
S1006772,C11364,2025-10-06,Instagram,Mobile,4,84.1,False,False
S1006773,C10575,2026-08-15,Google Ads,Desktop,4,327.7,False,False
S1006774,C10100,2026-01-12,Google Ads,Mobile,7,76.2,False,False
S1006775,C11021,2026-08-06,Affiliate,Mobile,5,303.4,False,False
S1006776,C11223,2025-11-11,Email,Mobile,5,240.6,False,False
S1006777,C10050,2025-09-27,Google Ads,Desktop,6,139.4,False,False
S1006778,C11770,2026-03-01,Email,Mobile,3,106.0,True,False
S1006779,C10069,2025-09-01,Instagram,Desktop,4,193.2,False,False
S1006780,C10107,2026-02-04,Instagram,Mobile,8,212.4,False,False
S1006781,C11170,2026-04-01,Google Ads,Mobile,6,410.0,True,True
S1006782,C11609,2025-09-29,Instagram,Mobile,5,80.2,False,False
S1006783,C10634,2026-04-23,Facebook,Mobile,3,235.2,True,False
S1006784,,2026-02-08,Google Ads,Mobile,4,61.1,False,False
S1006785,C10602,2026-04-22,Google Ads,Mobile,2,132.9,False,False
S1006786,,2026-03-10,Facebook,Desktop,4,89.9,False,False
S1006787,C10516,2026-03-04,Email,Mobile,5,24.3,False,False
S1006788,C11622,2026-01-25,Google Ads,Desktop,7,231.7,True,False
S1006789,C11097,2026-05-04,Affiliate,Mobile,7,53.9,False,False
S1006790,C10740,2025-10-08,Facebook,Mobile,3,125.1,True,False
S1006791,C11834,2025-09-16,Email,Mobile,3,175.0,False,False
S1006792,C11761,2026-07-17,Instagram,Mobile,4,19.2,False,False
S1006793,C10648,2025-11-28,Facebook,Mobile,4,72.5,False,False
S1006794,,2026-07-23,Organic,Mobile,8,265.0,False,False
S1006795,C11427,2026-06-09,Facebook,Mobile,6,132.8,True,True
S1006796,C10163,2026-02-22,Google Ads,Mobile,1,91.4,False,False
S1006797,C10350,2026-02-20,Email,Mobile,5,82.2,False,False
S1006798,C11668,2026-08-15,Instagram,Mobile,7,282.5,False,False
S1006799,C11348,2025-10-22,Instagram,Mobile,6,424.3,False,False
S1006800,C10241,2026-07-27,Instagram,Mobile,2,77.3,False,False
S1006801,C10047,2026-04-12,Instagram,Mobile,3,121.9,False,False
S1006802,C11926,2025-11-10,Google Ads,Desktop,3,163.4,False,False
S1006803,,2026-07-02,Organic,Mobile,5,64.1,False,False
S1006804,,2026-07-11,Facebook,Mobile,6,102.1,False,False
S1006805,C10887,2025-11-15,Email,Mobile,5,51.7,True,True
S1006806,C11647,2025-12-15,Facebook,Desktop,6,502.4,True,False
S1006807,C11479,2025-10-06,Email,Desktop,2,147.1,False,False
S1006808,C11677,2026-02-15,Affiliate,Desktop,4,113.8,False,False
S1006809,C11282,2025-08-30,Google Ads,Tablet,4,93.9,False,False
S1006810,C10469,2025-09-08,Affiliate,Mobile,5,109.9,False,False
S1006811,C10507,2025-10-08,Google Ads,Mobile,7,393.9,True,False
S1006812,C10967,2026-03-10,Google Ads,Mobile,6,112.8,False,False
S1006813,,2025-09-20,Organic,Mobile,3,127.5,False,False
S1006814,C11045,2026-05-05,Instagram,Mobile,3,183.2,False,False
S1006815,,2025-10-15,Instagram,Mobile,8,80.1,True,False
S1006816,,2026-04-24,Instagram,Tablet,6,50.2,True,True
S1006817,C11035,2025-12-07,Email,Desktop,3,199.2,False,False
S1006818,C10515,2025-09-11,Email,Mobile,4,298.9,False,False
S1006819,C11361,2026-01-19,Facebook,Mobile,3,79.4,False,False
S1006820,C11833,2026-02-20,Affiliate,Desktop,2,222.7,False,False
S1006821,C11754,2026-04-08,Affiliate,,4,151.3,False,False
S1006822,C10910,2025-11-14,Email,Mobile,4,93.3,False,False
S1006823,C11528,2025-09-06,Email,Mobile,5,89.1,False,False
S1006824,C11010,2026-05-08,Organic,Mobile,8,280.2,True,False
S1006825,C11455,2025-11-02,Google Ads,Mobile,1,356.9,False,False
S1006826,C11533,2025-11-21,Affiliate,Tablet,6,141.9,False,False
S1006827,C10190,2026-05-04,Affiliate,Mobile,4,236.1,False,False
S1006828,,2025-12-17,Organic,Tablet,7,205.0,True,False
S1006829,C11863,2026-06-28,Organic,Tablet,6,175.7,False,False
S1006830,C10041,2026-01-15,Organic,Mobile,6,17.2,True,True
S1006831,,2025-11-29,Instagram,Mobile,3,64.0,False,False
S1006832,C11558,2025-12-20,Organic,Mobile,5,55.6,True,False
S1006833,C10830,2025-09-14,Instagram,Tablet,5,140.2,False,False
S1006834,C11188,2026-05-04,Google Ads,Desktop,5,282.1,True,False
S1006835,C11148,2026-04-06,Affiliate,Desktop,4,24.2,False,False
S1006836,C11013,2026-08-14,Email,Desktop,5,224.2,False,False
S1006837,C10977,2026-06-02,Affiliate,Mobile,4,161.7,True,True
S1006838,C11365,2026-06-07,Email,Desktop,6,110.1,False,False
S1006839,C10857,2025-12-04,Affiliate,Desktop,7,52.2,False,False
S1006840,C10963,2025-09-14,Organic,Mobile,7,82.6,False,False
S1006841,,2025-10-20,Google Ads,Mobile,7,66.1,True,False
S1006842,C11755,2026-06-10,Google Ads,Mobile,2,85.7,False,False
S1006843,,2026-05-02,Google Ads,Mobile,4,250.7,False,False
S1006844,C10252,2026-05-29,Facebook,Desktop,5,509.8,True,False
S1006845,C11171,2026-05-05,Facebook,Mobile,10,189.8,False,False
S1006846,C11653,2026-04-16,Facebook,Mobile,5,330.6,False,False
S1006847,C11947,2026-03-06,Facebook,Mobile,7,115.4,True,False
S1006848,C11251,2026-05-04,Google Ads,Mobile,5,66.1,False,False
S1006849,C10389,2026-06-25,Organic,Mobile,2,378.3,True,True
S1006850,C11718,2025-12-03,Instagram,Mobile,3,322.1,False,False
S1006851,C11348,2026-06-14,Email,Mobile,3,154.3,False,False
S1006852,C10919,2026-02-22,Facebook,Mobile,5,69.8,False,False
S1006853,,2026-05-20,Organic,Desktop,8,60.1,False,False
S1006854,C11088,2025-12-26,Affiliate,Mobile,4,92.6,False,False
S1006855,,2025-09-01,Organic,Mobile,7,192.5,False,False
S1006856,C10240,2025-11-11,Google Ads,Mobile,1,315.8,False,False
S1006857,,2025-11-19,Email,Desktop,5,99.1,True,True
S1006858,C10436,2026-04-27,Affiliate,Desktop,5,51.4,False,False
S1006859,C11336,2025-11-03,Email,Tablet,5,140.7,True,True
S1006860,C10994,2026-01-09,Google Ads,Mobile,4,347.6,True,False
S1006861,C10569,2025-11-01,Affiliate,Mobile,8,100.7,False,False
S1006862,C10986,2026-02-04,Organic,Tablet,5,263.7,False,False
S1006863,,2026-08-02,Instagram,Mobile,3,134.5,False,False
S1006864,C10923,2025-12-01,Organic,Mobile,3,105.3,False,False
S1006865,C11895,2025-09-10,Google Ads,Tablet,4,374.9,False,False
S1006866,,2026-06-28,Organic,Desktop,6,130.7,False,False
S1006867,,2025-10-26,Email,Mobile,7,52.9,True,False
S1006868,C11972,2025-12-11,Instagram,Mobile,6,241.8,False,False
S1006869,C10074,2025-12-05,Email,Desktop,6,177.2,False,False
S1006870,C11418,2026-05-17,Email,Mobile,4,121.6,False,False
S1006871,,2026-01-11,Facebook,Mobile,5,64.7,True,False
S1006872,C10759,2026-03-26,Instagram,Desktop,6,228.6,True,False
S1006873,C11005,2026-03-24,Instagram,Desktop,2,119.3,False,False
S1006874,C11913,2025-10-02,Affiliate,Mobile,3,328.9,False,False
S1006875,C10690,2026-08-21,Affiliate,Desktop,4,295.2,True,False
S1006876,C11341,2025-10-14,Facebook,Tablet,4,60.9,True,False
S1006877,C11925,2026-05-14,Affiliate,Mobile,7,435.5,True,True
S1006878,C10496,2026-04-15,Organic,Desktop,6,232.2,False,False
S1006879,C11990,2025-11-16,Google Ads,Desktop,6,69.6,False,False
S1006880,,2025-11-20,Organic,Mobile,3,86.7,False,False
S1006881,C11158,2026-07-27,Organic,Tablet,4,240.4,True,False
S1006882,C11599,2026-01-07,Google Ads,Mobile,8,28.6,False,False
S1006883,C10964,2026-05-21,Organic,Mobile,4,88.9,False,False
S1006884,,2026-03-12,Facebook,Desktop,6,153.3,False,False
S1006885,C11587,2026-04-04,Google Ads,Mobile,3,426.3,False,False
S1006886,C10670,2026-08-16,Email,Desktop,4,454.5,False,False
S1006887,C11020,2026-08-01,Google Ads,Desktop,8,254.8,True,False
S1006888,C11191,2025-09-29,Organic,Desktop,12,273.5,True,True
S1006889,C11769,2025-09-11,Google Ads,Desktop,1,206.6,False,False
S1006890,C10874,2025-11-22,Affiliate,Mobile,5,258.6,False,False
S1006891,C10840,2026-06-29,Organic,Desktop,7,392.0,False,False
S1006892,C11107,2025-09-18,Google Ads,Desktop,7,200.3,False,False
S1006893,,2026-07-30,Affiliate,Mobile,10,186.2,False,False
S1006894,,2026-04-06,Organic,Mobile,6,305.4,False,False
S1006895,,2026-07-15,Google Ads,Desktop,5,174.1,False,False
S1006896,C11229,2026-07-16,Organic,Desktop,7,85.1,False,False
S1006897,C10585,2025-12-28,Google Ads,Mobile,7,177.7,False,False
S1006898,C10116,2025-11-30,Organic,Mobile,6,29.4,True,True
S1006899,C10816,2026-05-10,Affiliate,Mobile,2,146.7,False,False
S1006900,C10459,2026-04-18,Facebook,Desktop,4,202.0,False,False
S1006901,C10957,2026-06-19,Email,Mobile,5,119.4,False,False
S1006902,C10570,2025-10-31,Facebook,Mobile,6,309.7,False,False
S1006903,C10590,2025-10-05,Email,Mobile,2,64.3,False,False
S1006904,C10229,2026-01-21,Instagram,Tablet,6,77.1,False,False
S1006905,C10878,2025-10-12,Email,Mobile,2,230.8,False,False
S1006906,C11713,2025-10-31,Email,Desktop,4,105.5,False,False
S1006907,C10703,2025-12-01,Email,Mobile,7,290.3,False,False
S1006908,C10203,2026-08-19,Instagram,Mobile,4,263.8,False,False
S1006909,C10875,2025-09-24,Email,Mobile,3,24.4,False,False
S1006910,C10984,2026-05-30,Email,Mobile,4,139.0,False,False
S1006911,C10110,2025-12-12,Facebook,Mobile,4,42.3,False,False
S1006912,C11073,2026-03-20,Google Ads,Mobile,6,120.7,False,False
S1006913,C11741,2025-12-26,Affiliate,Desktop,5,230.8,False,False
S1006914,C11187,2026-04-26,Google Ads,Mobile,3,148.1,False,False
S1006915,C11579,2025-08-28,Facebook,Mobile,4,25.8,False,False
S1006916,C11703,2025-11-11,Organic,Mobile,7,158.9,True,False
S1006917,C11467,2025-10-18,Google Ads,Desktop,7,169.4,True,False
S1006918,C11277,2026-07-06,Instagram,Mobile,4,15.1,True,False
S1006919,C10185,2026-07-25,Email,Desktop,7,42.6,False,False
S1006920,C11309,2026-07-16,Instagram,Mobile,6,109.0,False,False
S1006921,C10242,2026-07-19,Google Ads,Desktop,2,51.6,False,False
S1006922,C11173,2026-05-19,Organic,Mobile,4,86.5,False,False
S1006923,,2025-12-17,Instagram,Mobile,4,69.1,False,False
S1006924,C10220,2026-07-07,Facebook,Mobile,6,211.6,False,False
S1006925,,2026-07-26,Organic,Desktop,2,183.1,False,False
S1006926,C10539,2026-08-06,Facebook,Mobile,5,87.2,True,False
S1006927,C10715,2026-04-06,Google Ads,Mobile,5,102.6,False,False
S1006928,C10298,2025-09-20,Google Ads,Mobile,6,116.6,True,True
S1006929,C10473,2026-06-16,Email,Desktop,7,168.5,False,False
S1006930,C10122,2026-06-24,Organic,Mobile,3,130.3,False,False
S1006931,C10789,2026-03-17,Organic,Desktop,4,128.1,False,False
S1006932,,2026-07-20,Email,Mobile,7,117.2,True,False
S1006933,C10445,2026-07-01,Email,Tablet,6,26.7,False,False
S1006934,C11694,2026-02-09,Google Ads,Desktop,3,80.7,False,False
S1006935,C11477,2026-03-13,Facebook,Desktop,3,261.2,False,False
S1006936,C11385,2026-05-06,Affiliate,Tablet,3,309.0,True,False
S1006937,C11816,2026-06-06,Google Ads,Mobile,3,127.8,False,False
S1006938,C10789,2026-05-13,Instagram,Desktop,4,156.9,False,False
S1006939,,2025-11-08,Instagram,Desktop,4,26.9,False,False
S1006940,C11291,2026-05-26,Affiliate,Mobile,12,79.0,False,False
S1006941,,2026-08-19,Instagram,Desktop,3,85.4,False,False
S1006942,C11498,2025-11-27,Google Ads,Mobile,3,145.2,False,False
S1006943,C11619,2026-07-18,Google Ads,Desktop,4,64.9,False,False
S1006944,C10930,2025-11-11,Email,Desktop,3,406.0,False,False
S1006945,C10822,2026-07-22,Google Ads,Mobile,2,105.9,False,False
S1006946,C11724,2026-07-24,Instagram,Mobile,3,8.3,False,False
S1006947,,2026-08-21,Facebook,Mobile,2,213.0,False,False
S1006948,C10299,2026-03-20,Instagram,Desktop,7,96.3,True,False
S1006949,C11298,2025-12-22,Instagram,Desktop,4,182.8,False,False
S1006950,C11047,2025-08-23,Instagram,Mobile,3,136.5,False,False
S1006951,C10809,2026-04-24,Organic,Desktop,7,368.5,False,False
S1006952,,2026-02-13,Affiliate,Mobile,6,69.5,False,False
S1006953,C11813,2026-01-16,Instagram,Mobile,10,262.3,True,False
S1006954,C11364,2026-07-29,Facebook,Desktop,5,62.6,False,False
S1006955,,2025-10-20,Organic,Mobile,4,226.4,False,False
S1006956,C10352,2025-10-19,Organic,Tablet,5,138.1,False,False
S1006957,C10907,2026-01-28,Google Ads,Mobile,6,100.3,False,False
S1006958,C10527,2026-05-15,Facebook,Mobile,4,204.3,True,True
S1006959,C11883,2026-08-17,Email,Mobile,1,262.4,True,False
S1006960,C10037,2026-07-09,Facebook,Desktop,2,281.9,True,False
S1006961,C11755,2025-09-10,Affiliate,Mobile,2,252.6,False,False
S1006962,C11774,2026-03-27,Email,Desktop,8,18.4,False,False
S1006963,C10643,2026-05-28,Google Ads,Desktop,5,87.3,False,False
S1006964,C10206,2025-12-01,Affiliate,Mobile,7,151.8,True,False
S1006965,C10153,2026-01-20,Email,Mobile,9,343.7,False,False
S1006966,,2026-08-17,Google Ads,Mobile,4,251.1,True,False
S1006967,C10159,2025-11-11,Affiliate,Mobile,7,55.7,False,False
S1006968,C11651,2026-06-25,Google Ads,Mobile,5,81.4,True,True
S1006969,C11219,2026-03-17,Affiliate,Mobile,5,33.0,False,False
S1006970,C11612,2026-07-28,Email,Mobile,4,191.2,False,False
S1006971,C11897,2026-05-01,Google Ads,Mobile,4,159.4,False,False
S1006972,C11084,2026-04-24,Organic,Mobile,7,553.5,False,False
S1006973,,2025-10-27,Instagram,Desktop,3,116.3,False,False
S1006974,C10651,2025-09-08,Google Ads,Mobile,2,109.3,False,False
S1006975,,2026-08-02,Instagram,Desktop,5,165.9,True,True
S1006976,C11356,2025-10-25,Google Ads,Desktop,3,64.4,False,False
S1006977,C11474,2026-08-03,Instagram,Mobile,4,186.9,True,False
S1006978,,2025-10-19,Instagram,Desktop,5,492.6,False,False
S1006979,,2026-04-01,Organic,,4,56.5,False,False
S1006980,C10449,2026-04-19,Facebook,Desktop,5,42.8,True,False
S1006981,C11483,2026-07-23,Email,Mobile,4,21.5,True,True
S1006982,C11361,2026-04-12,Email,Mobile,7,442.2,True,False
S1006983,C10391,2026-03-18,Google Ads,Tablet,7,185.6,True,False
S1006984,C10737,2025-09-14,Facebook,Mobile,2,302.8,False,False
S1006985,C11024,2026-03-14,Organic,Mobile,4,134.3,False,False
S1006986,C11933,2025-08-22,Google Ads,Tablet,3,80.9,False,False
S1006987,C11741,2026-07-13,Organic,Mobile,5,172.3,False,False
S1006988,C10437,2026-03-23,Instagram,Mobile,7,74.2,False,False
S1006989,,2025-11-12,Affiliate,Desktop,6,230.3,True,False
S1006990,C10171,2026-07-03,Organic,Desktop,7,87.9,True,False
S1006991,,2026-06-24,Google Ads,Desktop,8,149.4,False,False
S1006992,C10593,2025-09-17,Email,Mobile,6,146.7,False,False
S1006993,C10158,2026-04-21,Organic,Tablet,6,97.2,False,False
S1006994,C11263,2025-10-22,Organic,Desktop,6,303.4,False,False
S1006995,C10327,2025-11-03,Organic,Desktop,7,223.1,False,False
S1006996,C10535,2026-04-25,Google Ads,Mobile,6,143.0,False,False
S1006997,C10159,2025-11-01,Google Ads,Mobile,1,70.4,False,False
S1006998,C10553,2026-02-02,Organic,Mobile,1,64.5,False,False
S1006999,C11898,2026-04-20,Facebook,Mobile,6,117.3,False,False
S1007000,,2026-07-08,Email,Desktop,3,27.3,True,False
S1007001,C11999,2025-10-12,Organic,Mobile,8,97.0,False,False
S1007002,C11112,2026-04-03,Affiliate,Desktop,5,327.9,False,False
S1007003,,2025-11-01,Organic,Mobile,2,173.6,True,True
S1007004,,2026-04-14,Organic,Desktop,8,65.3,False,False
S1007005,C10064,2026-02-18,Organic,Mobile,3,630.0,False,False
S1007006,C10621,2026-08-04,Instagram,Mobile,5,116.7,True,False
S1007007,C10647,2025-12-30,Affiliate,Tablet,6,124.0,False,False
S1007008,,2025-11-27,Affiliate,Mobile,4,144.9,True,True
S1007009,C10672,2025-11-26,Email,Desktop,7,280.3,True,True
S1007010,C11971,2026-02-13,Organic,Desktop,5,482.1,False,False
S1007011,,2026-03-09,Google Ads,Tablet,7,482.5,True,True
S1007012,,2025-10-08,Facebook,Mobile,6,115.8,False,False
S1007013,C10391,2026-02-17,Affiliate,Desktop,4,106.7,False,False
S1007014,C10562,2025-10-21,Affiliate,Tablet,9,52.8,False,False
S1007015,C11013,2025-10-16,Organic,Mobile,6,331.2,False,False
S1007016,C10855,2025-10-22,Google Ads,Mobile,2,40.8,False,False
S1007017,,2026-06-15,Organic,Desktop,8,124.3,False,False
S1007018,C10681,2026-06-14,Instagram,Mobile,7,493.5,True,False
S1007019,C10717,2026-04-07,Google Ads,Mobile,4,67.9,False,False
S1007020,C10368,2025-09-13,Instagram,Desktop,4,212.8,True,False
S1007021,C11551,2026-01-01,Google Ads,Mobile,6,44.6,True,False
S1007022,C10540,2026-03-14,Email,Desktop,6,203.6,False,False
S1007023,C10850,2026-02-02,Affiliate,Desktop,5,148.2,False,False
S1007024,,2025-09-09,Affiliate,Mobile,4,162.1,True,False
S1007025,,2025-09-14,Instagram,Mobile,7,76.8,False,False
S1007026,C11062,2026-02-13,Google Ads,Desktop,4,87.3,True,False
S1007027,C10224,2026-03-01,Affiliate,Mobile,5,292.9,True,False
S1007028,,2026-03-13,Email,Desktop,4,68.9,False,False
S1007029,C10784,2025-11-14,Google Ads,Tablet,3,269.2,True,False
S1007030,C10044,2025-10-04,Organic,Mobile,2,134.9,False,False
S1007031,C11375,2026-06-25,Affiliate,Mobile,4,79.1,False,False
S1007032,,2026-07-16,Organic,Mobile,5,347.1,False,False
S1007033,,2025-12-20,Google Ads,Mobile,5,352.0,False,False
S1007034,C11124,2026-08-07,Instagram,Tablet,4,575.7,True,False
S1007035,C11818,2026-06-09,Google Ads,Mobile,3,98.1,False,False
S1007036,,2026-08-06,Instagram,Desktop,3,198.6,True,True
S1007037,C11856,2025-09-25,Organic,Desktop,3,138.5,True,True
S1007038,,2026-02-21,Email,Tablet,2,188.3,False,False
S1007039,C11569,2026-03-30,Google Ads,Mobile,4,50.6,False,False
S1007040,C11620,2026-05-09,Email,Mobile,7,39.6,False,False
S1007041,C10125,2025-09-27,Email,,7,170.4,False,False
S1007042,C10133,2026-06-06,Instagram,Mobile,6,189.0,False,False
S1007043,C10898,2025-09-07,Email,Desktop,5,87.5,True,True
S1007044,C11579,2026-04-11,Organic,Mobile,9,249.4,True,True
S1007045,,2026-07-10,Instagram,Mobile,7,116.6,False,False
S1007046,C10910,2026-05-04,Google Ads,Mobile,5,391.0,False,False
S1007047,C10129,2025-12-12,Facebook,Mobile,3,21.2,False,False
S1007048,C11035,2026-01-19,Google Ads,Mobile,3,232.3,False,False
S1007049,,2025-12-24,Organic,Mobile,3,290.4,False,False
S1007050,C11999,2026-04-22,Instagram,Mobile,2,332.0,False,False
S1007051,,2026-01-02,Facebook,Mobile,3,255.6,False,False
S1007052,C10879,2026-06-03,Facebook,Desktop,4,137.7,False,False
S1007053,C10451,2026-01-15,Facebook,Mobile,9,100.8,True,False
S1007054,,2026-08-17,Google Ads,Tablet,5,30.1,False,False
S1007055,,2026-01-17,Email,Desktop,4,309.0,False,False
S1007056,C10958,2026-03-19,Instagram,Desktop,5,266.5,False,False
S1007057,C11400,2026-01-08,Google Ads,Mobile,5,13.7,True,False
S1007058,C11773,2026-01-16,Facebook,Mobile,7,248.1,True,False
S1007059,,2025-10-01,Google Ads,Desktop,1,92.0,False,False
S1007060,C10886,2025-10-15,Google Ads,Desktop,5,595.7,True,True
S1007061,C11784,2026-03-02,Facebook,Desktop,4,35.0,False,False
S1007062,C10228,2026-06-16,Affiliate,Mobile,1,61.0,False,False
S1007063,,2026-07-04,Google Ads,Desktop,5,22.7,False,False
S1007064,C11869,2025-09-05,Facebook,Mobile,3,223.7,False,False
S1007065,,2026-04-09,Facebook,Tablet,7,212.9,False,False
S1007066,C10743,2025-11-22,Facebook,Mobile,6,143.8,False,False
S1007067,C11281,2025-10-07,Facebook,Mobile,5,158.3,False,False
S1007068,C11637,2025-09-12,Google Ads,Mobile,6,65.7,False,False
S1007069,C10269,2026-08-14,Email,Mobile,4,68.9,True,False
S1007070,C10327,2026-07-18,Affiliate,Mobile,4,152.0,False,False
S1007071,,2026-01-14,Affiliate,Mobile,6,264.1,False,False
S1007072,C11770,2026-08-11,Google Ads,Mobile,5,24.2,False,False
S1007073,C11947,2025-12-16,Email,Desktop,6,204.1,False,False
S1007074,,2025-08-25,Google Ads,Mobile,4,403.5,True,False
S1007075,C11950,2026-01-10,Google Ads,Mobile,6,267.2,False,False
S1007076,C10994,2026-07-30,Facebook,Mobile,5,283.0,False,False
S1007077,,2026-03-14,Organic,Mobile,7,87.9,False,False
S1007078,,2026-03-13,Organic,Desktop,4,144.5,True,False
S1007079,C10112,2025-10-22,Organic,Desktop,5,22.5,True,False
S1007080,C10210,2025-10-23,Google Ads,Desktop,4,252.4,False,False
S1007081,,2026-04-05,Instagram,Mobile,3,384.4,False,False
S1007082,C10549,2026-08-20,Affiliate,Desktop,5,243.9,False,False
S1007083,C11287,2026-01-23,Organic,Mobile,3,117.8,True,False
S1007084,C11505,2026-08-13,Organic,Tablet,12,284.1,True,False
S1007085,C11105,2026-01-25,Google Ads,Mobile,3,166.5,False,False
S1007086,C11586,2025-08-30,Google Ads,Desktop,4,574.1,False,False
S1007087,C11634,2026-02-16,Google Ads,Mobile,2,319.2,False,False
S1007088,C10850,2025-09-21,Google Ads,Mobile,5,155.1,False,False
S1007089,C11146,2025-12-20,Facebook,Mobile,3,110.4,False,False
S1007090,C11006,2026-01-14,Organic,Mobile,6,67.0,False,False
S1007091,C10144,2025-09-02,Organic,Desktop,5,53.6,True,False
S1007092,C10345,2025-11-22,Affiliate,Desktop,6,7.6,True,True
S1007093,,2026-03-19,Instagram,,3,322.4,False,False
S1007094,,2025-09-23,Google Ads,Desktop,6,392.8,False,False
S1007095,C11899,2026-02-07,Instagram,Mobile,4,73.1,True,False
S1007096,C11809,2026-01-01,Email,Mobile,5,56.0,False,False
S1007097,,2025-11-25,Instagram,Desktop,3,300.6,False,False
S1007098,C11543,2026-06-23,Google Ads,Desktop,4,31.8,False,False
S1007099,,2026-01-26,Google Ads,Mobile,8,230.8,True,False
S1007100,C11794,2025-10-12,Affiliate,Mobile,10,336.8,False,False
S1007101,C11761,2025-09-21,Instagram,Desktop,3,216.1,False,False
S1007102,C10395,2026-01-16,Instagram,Tablet,1,512.9,True,True
S1007103,C10272,2026-01-20,Affiliate,Mobile,6,66.3,False,False
S1007104,C11765,2026-08-15,Instagram,Mobile,3,99.1,False,False
S1007105,C11897,2026-08-17,Google Ads,Mobile,9,58.9,False,False
S1007106,C10304,2025-09-10,Google Ads,Desktop,4,163.8,True,False
S1007107,C10737,2026-03-03,Google Ads,Mobile,5,147.9,False,False
S1007108,C11936,2026-03-06,Organic,Mobile,4,150.6,False,False
S1007109,C10550,2026-06-08,Google Ads,Mobile,4,109.6,False,False
S1007110,C11640,2026-08-14,Organic,Desktop,4,116.8,False,False
S1007111,C11685,2025-09-19,Organic,Desktop,6,43.4,False,False
S1007112,C11145,2025-10-26,Facebook,Mobile,6,359.1,True,True
S1007113,C11721,2026-01-20,Facebook,Mobile,8,75.5,True,False
S1007114,C11821,2026-05-25,Instagram,Mobile,3,126.5,False,False
S1007115,C10115,2026-07-16,Organic,Desktop,3,228.1,False,False
S1007116,C10896,2026-04-25,Instagram,Mobile,5,41.7,False,False
S1007117,C11056,2026-02-20,Instagram,Tablet,4,23.5,False,False
S1007118,C11971,2026-03-07,Instagram,Desktop,5,22.0,False,False
S1007119,C11657,2026-06-08,Affiliate,Mobile,8,185.5,False,False
S1007120,C10056,2026-03-01,Affiliate,Mobile,4,212.9,False,False
S1007121,C10127,2025-11-02,Instagram,Desktop,3,104.2,False,False
S1007122,C11714,2025-10-22,Email,Mobile,11,126.0,True,True
S1007123,C11452,2026-01-28,Facebook,Desktop,3,29.8,False,False
S1007124,C11950,2026-04-14,Email,Desktop,2,263.0,True,True
S1007125,C10787,2025-08-26,Instagram,Desktop,8,189.3,False,False
S1007126,C11400,2026-03-14,Instagram,Mobile,9,181.2,False,False
S1007127,,2026-06-16,Affiliate,Mobile,3,304.4,False,False
S1007128,C10958,2025-12-01,Organic,Tablet,7,72.6,True,True
S1007129,C11302,2026-02-16,Organic,Mobile,7,297.1,True,True
S1007130,C11136,2026-01-20,Organic,Mobile,3,12.9,False,False
S1007131,C10963,2026-04-29,Google Ads,Mobile,7,18.0,False,False
S1007132,C11085,2026-01-30,Email,Mobile,7,1092.7,False,False
S1007133,,2026-07-31,Facebook,Mobile,3,176.9,False,False
S1007134,C10233,2025-09-26,Organic,Mobile,6,120.3,False,False
S1007135,C11934,2026-04-13,Affiliate,Mobile,4,291.5,False,False
S1007136,C11292,2025-09-10,Affiliate,Desktop,7,107.7,True,False
S1007137,C10243,2025-10-23,Organic,Mobile,3,11.0,False,False
S1007138,C11948,2025-11-21,Instagram,Mobile,6,512.0,True,False
S1007139,,2025-08-31,Instagram,Mobile,7,219.3,True,False
S1007140,C11111,2026-06-12,Facebook,Mobile,3,39.4,False,False
S1007141,C10580,2026-05-20,Google Ads,Mobile,5,82.7,True,False
S1007142,C10784,2025-08-29,Google Ads,Mobile,7,291.6,True,False
S1007143,C10667,2026-01-09,Affiliate,Mobile,5,16.8,True,True
S1007144,,2026-04-14,Instagram,Mobile,3,144.9,False,False
S1007145,,2026-03-01,Google Ads,Desktop,7,171.1,False,False
S1007146,C11971,2025-11-23,Facebook,Mobile,3,112.8,True,False
S1007147,,2026-02-09,Organic,Desktop,5,129.7,False,False
S1007148,C10240,2026-07-27,Google Ads,Mobile,5,67.7,True,False
S1007149,C10959,2025-08-29,Google Ads,Desktop,5,413.0,False,False
S1007150,C11133,2026-05-28,Facebook,Desktop,4,125.7,False,False
S1007151,,2026-02-18,Organic,Mobile,6,82.1,True,False
S1007152,C11474,2025-12-06,Instagram,Mobile,7,66.9,False,False
S1007153,C11773,2026-05-15,Email,Desktop,4,377.0,True,False
S1007154,C11797,2025-12-05,Facebook,Mobile,8,304.0,False,False
S1007155,,2026-02-11,Facebook,Mobile,2,419.1,False,False
S1007156,C10190,2026-06-19,Organic,Mobile,8,43.9,False,False
S1007157,C10046,2026-07-09,Organic,Tablet,4,39.2,False,False
S1007158,C10007,2026-06-04,Facebook,Desktop,3,14.0,False,False
S1007159,C10086,2026-07-24,Organic,Desktop,4,105.8,True,False
S1007160,C10766,2026-01-15,Google Ads,Mobile,6,126.5,False,False
S1007161,C11237,2025-09-17,Organic,Mobile,3,184.2,True,False
S1007162,C11643,2026-06-07,Affiliate,Mobile,6,392.6,False,False
S1007163,C11434,2026-05-20,Email,Desktop,5,100.0,False,False
S1007164,C10784,2026-08-13,Email,Desktop,1,169.1,False,False
S1007165,C11196,2026-04-19,Instagram,Mobile,2,63.0,False,False
S1007166,C10954,2025-12-08,Organic,Mobile,3,150.6,True,True
S1007167,C11162,2026-04-03,Organic,Desktop,7,57.0,False,False
S1007168,C10365,2026-08-19,Organic,Mobile,7,111.7,False,False
S1007169,C10769,2025-11-23,Organic,Mobile,2,302.1,False,False
S1007170,C10407,2026-05-03,Facebook,Mobile,3,155.5,False,False
S1007171,C10166,2026-05-10,Google Ads,Desktop,6,58.3,False,False
S1007172,C11736,2025-08-21,Google Ads,Mobile,4,130.4,False,False
S1007173,C11249,2026-07-02,Organic,,7,94.6,False,False
S1007174,C10281,2026-04-25,Email,Mobile,4,228.5,False,False
S1007175,C11668,2026-05-13,Google Ads,Mobile,4,106.1,False,False
S1007176,C10882,2025-09-19,Instagram,Mobile,3,170.6,False,False
S1007177,,2026-07-28,Google Ads,Mobile,4,32.9,False,False
S1007178,C11983,2025-08-29,Facebook,Desktop,2,219.6,True,False
S1007179,C10400,2026-03-05,Google Ads,Mobile,7,249.6,True,False
S1007180,C11514,2025-12-23,Organic,Desktop,6,176.4,True,False
S1007181,C11221,2025-09-28,Organic,Mobile,4,326.4,False,False
S1007182,C11951,2026-03-31,Facebook,Desktop,4,82.2,False,False
S1007183,C10754,2026-05-17,Google Ads,Mobile,5,485.3,False,False
S1007184,C10655,2025-10-04,Organic,Desktop,7,123.4,False,False
S1007185,C10782,2025-11-29,Affiliate,Desktop,5,175.3,True,False
S1007186,C11903,2026-02-27,Organic,Mobile,5,284.5,False,False
S1007187,,2026-07-25,Email,Mobile,5,182.9,True,False
S1007188,C11797,2025-09-14,Facebook,Mobile,4,435.7,True,False
S1007189,C11999,2026-01-09,Email,Mobile,6,132.8,False,False
S1007190,C10407,2025-11-25,Google Ads,Mobile,9,45.0,False,False
S1007191,C11689,2026-06-25,Google Ads,Desktop,3,333.9,False,False
S1007192,C11417,2025-12-29,Facebook,Desktop,6,68.9,False,False
S1007193,C10491,2026-07-24,Google Ads,Mobile,4,448.1,False,False
S1007194,,2025-09-27,Google Ads,Mobile,2,185.7,False,False
S1007195,C10056,2025-09-22,Email,Desktop,5,76.6,True,False
S1007196,C10315,2025-11-22,Facebook,Mobile,4,79.5,False,False
S1007197,C10050,2025-09-21,Affiliate,Mobile,7,74.7,False,False
S1007198,C11711,2026-04-24,Facebook,Mobile,5,91.6,False,False
S1007199,,2026-03-21,Instagram,Mobile,4,40.8,True,False
S1007200,C10958,2026-04-05,Google Ads,Mobile,10,274.6,False,False
S1007201,C10313,2026-01-13,Instagram,Desktop,4,45.1,False,False
S1007202,C10951,2026-01-14,Instagram,Desktop,6,371.5,False,False
S1007203,,2025-11-20,Email,Tablet,8,362.8,False,False
S1007204,C10415,2025-09-21,Facebook,Mobile,2,97.1,False,False
S1007205,C10421,2025-12-13,Organic,Mobile,5,141.4,False,False
S1007206,,2026-07-28,Facebook,Desktop,4,287.1,False,False
S1007207,,2026-04-25,Affiliate,Tablet,8,261.7,False,False
S1007208,C10302,2026-05-27,Google Ads,Desktop,9,402.3,True,False
S1007209,C10089,2025-12-30,Email,Mobile,4,618.5,True,False
S1007210,C11247,2026-03-06,Affiliate,Mobile,3,162.5,False,False
S1007211,C10348,2025-10-22,Instagram,Mobile,8,305.8,False,False
S1007212,C11293,2025-12-06,Email,Mobile,6,150.8,True,False
S1007213,,2025-10-19,Facebook,Tablet,6,20.9,False,False
S1007214,C10284,2026-07-05,Google Ads,Mobile,6,116.7,False,False
S1007215,C11353,2026-08-10,Email,Desktop,4,99.8,False,False
S1007216,C11699,2026-06-15,Organic,Desktop,3,26.9,False,False
S1007217,C10827,2026-02-22,Facebook,Tablet,5,130.3,False,False
S1007218,C11405,2025-10-26,Google Ads,,4,507.8,False,False
S1007219,C10140,2026-08-01,Organic,Mobile,5,267.6,False,False
S1007220,,2026-01-21,Email,Mobile,7,175.1,True,True
S1007221,C10775,2026-04-01,Affiliate,Desktop,3,59.2,False,False
S1007222,C11749,2026-03-27,Affiliate,Desktop,5,57.6,True,False
S1007223,C11073,2026-03-21,Google Ads,Desktop,4,58.5,False,False
S1007224,C10997,2025-09-20,Email,Mobile,4,410.5,True,True
S1007225,C11773,2026-07-19,Google Ads,Mobile,7,124.1,False,False
S1007226,C11377,2025-11-05,Instagram,Mobile,5,653.3,True,True
S1007227,C11903,2025-11-28,Google Ads,Mobile,7,159.8,True,True
S1007228,C10154,2026-04-13,Email,Mobile,3,50.7,False,False
S1007229,C10322,2026-02-07,Email,Mobile,2,229.2,False,False
S1007230,,2025-12-03,Email,Desktop,7,108.8,False,False
S1007231,C11239,2025-12-31,Facebook,Mobile,7,77.5,False,False
S1007232,C10085,2026-04-08,Email,Mobile,4,278.6,False,False
S1007233,C10542,2026-07-28,Email,Mobile,3,69.3,False,False
S1007234,C11119,2026-01-02,Organic,Mobile,4,106.4,True,False
S1007235,C11486,2025-12-21,Instagram,Desktop,3,100.4,False,False
S1007236,C10934,2026-01-21,Email,Mobile,8,142.6,True,False
S1007237,C11680,2026-07-29,Affiliate,Mobile,5,89.3,False,False
S1007238,C11934,2026-01-01,Facebook,Mobile,7,34.8,False,False
S1007239,C10853,2026-07-06,Organic,Mobile,3,259.8,False,False
S1007240,C10773,2025-10-16,Organic,Mobile,5,224.2,False,False
S1007241,,2026-08-15,Affiliate,Mobile,3,228.6,False,False
S1007242,C10123,2026-05-16,Google Ads,Mobile,3,81.9,False,False
S1007243,,2025-09-12,Email,Mobile,3,138.8,False,False
S1007244,,2025-10-22,Google Ads,Desktop,5,380.0,False,False
S1007245,C11532,2026-01-22,Affiliate,Mobile,4,165.6,False,False
S1007246,C10656,2026-03-19,Organic,Mobile,8,357.6,True,True
S1007247,C11184,2026-05-15,Facebook,Desktop,6,259.4,False,False
S1007248,C10456,2026-04-15,Email,Mobile,7,464.3,False,False
S1007249,,2026-03-27,Affiliate,Mobile,5,126.2,True,False
S1007250,C11440,2025-11-07,Google Ads,Mobile,4,37.4,False,False
S1007251,C11889,2026-07-23,Organic,Desktop,7,110.9,False,False
S1007252,C11446,2025-09-13,Organic,Mobile,6,145.4,False,False
S1007253,C10219,2026-04-04,Google Ads,Desktop,3,215.5,False,False
S1007254,C11791,2025-12-14,Facebook,Mobile,4,127.2,False,False
S1007255,C10589,2025-10-05,Organic,Mobile,6,179.9,True,False
S1007256,C11611,2025-10-15,Organic,Mobile,6,119.6,True,False
S1007257,C11947,2026-04-02,Email,Mobile,4,51.0,False,False
S1007258,,2026-03-06,Affiliate,Mobile,6,262.1,False,False
S1007259,C10160,2025-09-03,Instagram,Mobile,3,132.2,False,False
S1007260,C11988,2026-05-11,Google Ads,Mobile,4,206.1,True,True
S1007261,C10693,2025-12-19,Instagram,Mobile,4,191.6,True,False
S1007262,C10985,2025-09-28,Email,Mobile,4,166.5,False,False
S1007263,C11480,2025-09-03,Instagram,Mobile,5,69.0,True,True
S1007264,C10228,2025-10-25,Facebook,Mobile,10,56.3,True,False
S1007265,C10921,2026-05-30,Instagram,Desktop,4,124.5,False,False
S1007266,C10721,2026-07-12,Email,Mobile,2,88.1,False,False
S1007267,,2026-05-01,Facebook,Mobile,8,120.4,False,False
S1007268,C11082,2026-07-09,Instagram,Mobile,5,296.4,True,False
S1007269,C11865,2025-10-05,Facebook,Mobile,4,189.3,True,True
S1007270,C11875,2026-04-25,Facebook,Desktop,5,102.1,True,False
S1007271,C11565,2026-07-01,Google Ads,Mobile,7,140.9,True,True
S1007272,,2025-10-12,Instagram,Tablet,4,82.6,False,False
S1007273,C10285,2026-05-01,Google Ads,Mobile,8,231.6,True,False
S1007274,C10995,2025-09-19,Facebook,Mobile,6,49.0,False,False
S1007275,C10876,2026-02-18,Instagram,Mobile,2,178.1,False,False
S1007276,C11850,2026-03-20,Instagram,Desktop,2,30.1,False,False
S1007277,,2026-05-12,Google Ads,Mobile,2,209.6,False,False
S1007278,C11615,2026-05-08,Facebook,Mobile,4,48.9,False,False
S1007279,C11250,2025-09-08,Google Ads,Mobile,3,168.7,False,False
S1007280,C10949,2026-03-18,Google Ads,Tablet,4,23.7,True,False
S1007281,C10861,2026-01-30,Facebook,Mobile,9,162.8,False,False
S1007282,,2026-07-29,Facebook,Mobile,5,81.6,False,False
S1007283,C10644,2026-08-18,Organic,Mobile,4,545.6,False,False
S1007284,C10467,2025-11-13,Facebook,Mobile,3,535.8,False,False
S1007285,,2026-02-19,Organic,Mobile,6,228.5,False,False
S1007286,C10834,2026-03-18,Email,Mobile,6,84.4,True,False
S1007287,,2026-07-10,Organic,Mobile,5,255.1,False,False
S1007288,,2025-12-15,Affiliate,Desktop,1,247.7,False,False
S1007289,,2025-12-21,Email,Mobile,3,80.7,False,False
S1007290,C10800,2025-09-16,Google Ads,Mobile,5,129.4,False,False
S1007291,C11805,2026-02-15,Instagram,Desktop,4,78.2,False,False
S1007292,C11515,2026-02-08,Facebook,Mobile,3,141.9,False,False
S1007293,C11830,2026-01-06,Facebook,Mobile,7,50.9,False,False
S1007294,C10465,2026-08-05,Instagram,Mobile,7,21.7,False,False
S1007295,C10551,2026-04-01,Email,Mobile,2,126.1,False,False
S1007296,C11872,2026-05-04,Instagram,Mobile,5,341.0,False,False
S1007297,,2026-08-20,Organic,Desktop,6,131.5,True,False
S1007298,C11705,2026-04-15,Affiliate,Mobile,4,555.4,True,False
S1007299,,2026-05-03,Google Ads,Mobile,12,97.0,False,False
S1007300,,2025-10-07,Instagram,Desktop,11,71.8,False,False
S1007301,,2025-09-10,Google Ads,Desktop,4,155.9,False,False
S1007302,,2025-12-08,Google Ads,Mobile,7,76.4,False,False
S1007303,C11765,2026-06-01,Instagram,Mobile,7,129.9,False,False
S1007304,,2026-05-21,Organic,Mobile,6,121.3,False,False
S1007305,C10889,2026-01-06,Google Ads,Mobile,5,98.4,False,False
S1007306,C10075,2026-08-03,Email,Desktop,3,97.6,False,False
S1007307,,2026-02-01,Google Ads,Mobile,4,121.7,True,True
S1007308,C10881,2026-07-29,Instagram,Desktop,8,313.3,False,False
S1007309,C11215,2026-06-24,Organic,Mobile,10,47.2,False,False
S1007310,C11931,2026-02-18,Instagram,Desktop,4,389.5,False,False
S1007311,C10080,2025-12-10,Google Ads,Mobile,5,12.0,False,False
S1007312,C11063,2026-08-19,Organic,Desktop,5,70.0,False,False
S1007313,C10267,2026-07-09,Email,Desktop,5,318.1,False,False
S1007314,C11490,2026-05-04,Instagram,Desktop,5,312.1,False,False
S1007315,C11415,2026-03-13,Google Ads,Desktop,3,86.3,False,False
S1007316,C11867,2026-03-17,Email,Mobile,10,453.5,False,False
S1007317,C11463,2025-10-24,Google Ads,Desktop,3,478.4,False,False
S1007318,C11127,2026-05-03,Email,Tablet,6,233.8,False,False
S1007319,C10938,2026-01-13,Email,Desktop,3,167.4,False,False
S1007320,C10116,2026-03-20,Facebook,Tablet,3,359.6,False,False
S1007321,C10324,2026-01-04,Google Ads,Tablet,5,320.1,False,False
S1007322,C10765,2025-10-21,Organic,Desktop,6,78.6,True,False
S1007323,,2026-02-09,Email,Mobile,5,203.7,False,False
S1007324,C11535,2026-08-01,Facebook,Desktop,2,584.9,False,False
S1007325,C11391,2026-03-05,Email,Desktop,3,125.2,False,False
S1007326,C10135,2025-12-26,Organic,Desktop,5,138.0,False,False
S1007327,,2026-04-21,Google Ads,Desktop,4,232.2,False,False
S1007328,C10518,2026-04-21,Google Ads,Mobile,2,183.3,False,False
S1007329,,2026-08-11,Google Ads,Mobile,2,192.0,False,False
S1007330,C10553,2026-05-26,Google Ads,Tablet,3,530.6,False,False
S1007331,C10862,2026-04-29,Organic,Mobile,4,205.5,False,False
S1007332,,2025-09-20,Instagram,Mobile,4,319.8,True,False
S1007333,C10628,2025-12-03,Affiliate,Mobile,4,208.1,True,True
S1007334,C10288,2026-07-11,Organic,,6,116.9,True,False
S1007335,C11873,2025-09-19,Instagram,Desktop,4,129.0,False,False
S1007336,C11994,2025-11-15,Google Ads,Mobile,4,77.4,True,True
S1007337,C11005,2026-01-04,Email,Mobile,1,145.6,False,False
S1007338,C10168,2026-01-02,Organic,Mobile,3,94.9,False,False
S1007339,,2025-11-13,Facebook,Desktop,5,53.0,True,True
S1007340,C11797,2026-03-06,Instagram,Desktop,4,62.2,False,False
S1007341,C11850,2025-11-17,Organic,Mobile,6,248.0,False,False
S1007342,C11021,2026-05-08,Instagram,Mobile,5,211.4,False,False
S1007343,C11844,2025-10-13,Email,Tablet,2,117.7,False,False
S1007344,C11155,2026-06-09,Organic,Mobile,8,290.6,True,False
S1007345,C10534,2025-12-19,Affiliate,Desktop,5,124.6,True,False
S1007346,C11806,2026-01-14,Instagram,Tablet,1,103.7,False,False
S1007347,C11976,2026-03-20,Facebook,Desktop,9,51.0,False,False
S1007348,C11878,2026-01-03,Google Ads,Mobile,9,311.7,False,False
S1007349,C11651,2026-01-09,Organic,Mobile,5,377.8,False,False
S1007350,C11929,2026-08-02,Instagram,Mobile,4,143.2,True,False
S1007351,C11865,2026-05-11,Email,Desktop,3,35.5,False,False
S1007352,C10275,2026-04-19,Email,Mobile,6,169.3,False,False
S1007353,C11444,2026-04-25,Instagram,Desktop,3,238.8,False,False
S1007354,C10589,2026-04-24,Instagram,Desktop,3,137.9,False,False
S1007355,C11998,2026-07-14,Google Ads,Desktop,4,512.7,False,False
S1007356,C10707,2025-09-05,Email,Mobile,4,316.8,False,False
S1007357,C11943,2026-03-22,Organic,Mobile,3,113.8,False,False
S1007358,C11318,2025-08-27,Affiliate,Desktop,7,220.4,False,False
S1007359,C10111,2026-01-09,Instagram,Desktop,9,10.8,True,True
S1007360,C10968,2026-01-29,Organic,,3,25.4,False,False
S1007361,,2026-02-12,Email,Desktop,8,190.6,False,False
S1007362,C11474,2025-11-10,Instagram,Desktop,7,128.2,False,False
S1007363,C10308,2025-08-24,Affiliate,Desktop,5,314.3,True,False
S1007364,C11650,2026-08-18,Facebook,Desktop,8,73.1,False,False
S1007365,C10606,2025-10-02,Google Ads,Desktop,4,112.2,False,False
S1007366,C10840,2025-09-27,Facebook,Desktop,6,114.1,False,False
S1007367,C11350,2025-11-26,Organic,Mobile,3,107.2,False,False
S1007368,,2026-07-11,Email,Mobile,2,399.9,False,False
S1007369,C10598,2026-04-18,Instagram,Mobile,4,183.2,False,False
S1007370,C11041,2026-07-20,Google Ads,Mobile,7,215.3,False,False
S1007371,C10136,2025-09-06,Instagram,Mobile,4,371.8,False,False
S1007372,C10249,2025-09-12,Google Ads,Mobile,5,204.9,False,False
S1007373,C10729,2026-04-26,Facebook,Tablet,4,86.1,False,False
S1007374,C10963,2026-05-26,Organic,Mobile,5,67.9,False,False
S1007375,C11884,2025-10-12,Organic,Mobile,7,299.7,False,False
S1007376,C11057,2026-01-12,Email,Mobile,5,211.8,False,False
S1007377,C11318,2025-12-15,Instagram,Mobile,10,128.2,False,False
S1007378,C11164,2025-11-19,Google Ads,Desktop,4,95.4,True,False
S1007379,,2026-03-28,Organic,Desktop,4,95.5,False,False
S1007380,C10469,2026-07-30,Instagram,Tablet,3,131.8,False,False
S1007381,C11828,2026-06-20,Instagram,Tablet,5,74.4,False,False
S1007382,,2025-12-12,Email,Tablet,2,259.0,True,False
S1007383,C10457,2026-08-18,Instagram,Desktop,6,129.0,False,False
S1007384,,2026-01-18,Instagram,Desktop,5,134.1,True,False
S1007385,C10958,2026-05-28,Email,Mobile,8,206.8,False,False
S1007386,C10042,2026-08-07,Facebook,Desktop,3,120.0,False,False
S1007387,C10146,2025-11-11,Organic,Mobile,4,82.5,False,False
S1007388,C10674,2026-06-02,Email,Mobile,1,209.6,False,False
S1007389,C10661,2025-10-15,Organic,Mobile,6,155.6,False,False
S1007390,C11605,2025-11-02,Email,Mobile,5,186.8,True,False
S1007391,,2025-12-20,Instagram,Mobile,6,17.5,True,False
S1007392,,2026-07-02,Facebook,Tablet,6,63.5,False,False
S1007393,C11492,2025-10-07,Organic,Mobile,5,72.5,True,False
S1007394,C10335,2025-11-17,Google Ads,Mobile,5,313.5,False,False
S1007395,C10147,2026-03-16,Google Ads,Mobile,7,135.4,False,False
S1007396,C10312,2026-03-23,Google Ads,Desktop,5,249.4,False,False
S1007397,C10162,2026-06-28,Instagram,Mobile,4,48.9,True,False
S1007398,C11016,2026-03-04,Organic,Mobile,5,219.2,False,False
S1007399,,2026-01-21,Google Ads,Mobile,6,325.6,False,False
S1007400,C11990,2026-07-23,Facebook,,7,132.3,False,False
S1007401,C10758,2025-09-03,Organic,Mobile,5,474.2,False,False
S1007402,C11274,2026-02-02,Instagram,Desktop,5,406.7,False,False
S1007403,C10041,2026-07-02,Email,Tablet,4,373.0,True,True
S1007404,C10789,2025-10-27,Email,Mobile,5,330.7,False,False
S1007405,C10829,2025-11-23,Google Ads,Mobile,5,265.5,False,False
S1007406,C11346,2025-08-31,Organic,Desktop,6,25.7,False,False
S1007407,C10415,2026-06-20,Google Ads,Mobile,7,269.0,True,True
S1007408,,2026-05-23,Google Ads,Tablet,6,92.2,False,False
S1007409,C11016,2025-09-27,Email,Mobile,4,127.9,True,False
S1007410,C11513,2025-11-07,Facebook,Mobile,4,371.4,False,False
S1007411,,2025-10-21,Email,Desktop,6,73.3,True,True
S1007412,,2025-10-23,Organic,Mobile,4,123.4,True,True
S1007413,,2026-04-07,Email,Mobile,3,135.1,True,False
S1007414,C11014,2026-08-16,Email,Mobile,8,109.6,True,False
S1007415,C11988,2026-03-31,Email,Desktop,6,20.3,False,False
S1007416,C11274,2026-05-26,Facebook,Desktop,3,347.4,False,False
S1007417,C10797,2026-05-07,Email,Mobile,3,680.9,False,False
S1007418,C11064,2026-06-16,Instagram,,7,159.6,True,False
S1007419,C10221,2026-06-08,Organic,Desktop,4,101.3,False,False
S1007420,C11117,2026-05-22,Email,Tablet,3,184.4,True,False
S1007421,,2026-03-24,Organic,Mobile,7,201.7,True,False
S1007422,C11471,2025-11-15,Organic,Mobile,2,541.8,False,False
S1007423,C10340,2026-07-26,Instagram,Mobile,3,223.8,False,False
S1007424,C11239,2025-10-23,Google Ads,Mobile,7,205.2,True,True
S1007425,C11880,2026-07-14,Instagram,Mobile,3,255.8,False,False
S1007426,,2025-11-10,Affiliate,Mobile,8,45.0,False,False
S1007427,C10987,2026-05-10,Organic,Mobile,4,162.0,True,True
S1007428,C11641,2026-07-29,Facebook,Desktop,4,160.3,False,False
S1007429,,2025-12-25,Facebook,Mobile,4,632.1,False,False
S1007430,C11317,2025-08-26,Instagram,Mobile,6,141.8,False,False
S1007431,C11969,2026-07-04,Google Ads,Tablet,6,470.6,False,False
S1007432,C10914,2026-03-05,Email,Desktop,3,59.0,False,False
S1007433,C10146,2026-01-18,Affiliate,Mobile,7,215.6,False,False
S1007434,C10612,2026-01-27,Affiliate,Mobile,3,184.9,False,False
S1007435,C10785,2026-03-27,Organic,Mobile,5,128.1,False,False
S1007436,C10867,2026-01-22,Affiliate,Desktop,8,27.5,True,True
S1007437,C10778,2025-11-25,Instagram,Mobile,2,306.4,False,False
S1007438,C10231,2026-01-17,Affiliate,Desktop,7,386.4,False,False
S1007439,C11610,2026-07-03,Google Ads,Mobile,9,59.2,False,False
S1007440,C10869,2025-12-24,Instagram,Mobile,4,106.4,True,True
S1007441,C11154,2025-12-07,Instagram,Desktop,7,90.2,False,False
S1007442,C11069,2026-07-21,Email,Desktop,4,105.9,False,False
S1007443,C11798,2025-12-07,Facebook,Desktop,3,252.5,False,False
S1007444,,2025-08-31,Instagram,Desktop,7,152.5,True,True
S1007445,C11930,2026-05-29,Instagram,Mobile,6,176.9,False,False
S1007446,C11335,2026-04-17,Google Ads,Desktop,2,378.2,False,False
S1007447,C10864,2026-02-22,Google Ads,Mobile,4,431.5,False,False
S1007448,,2025-10-05,Google Ads,Desktop,4,265.1,True,True
S1007449,C11817,2025-10-29,Facebook,Desktop,5,228.3,False,False
S1007450,C11225,2025-09-23,Google Ads,Desktop,2,121.2,True,True
S1007451,C10958,2026-04-08,Email,Desktop,2,143.9,False,False
S1007452,C11401,2026-08-14,Google Ads,Desktop,6,235.1,False,False
S1007453,C11957,2025-12-09,Facebook,Desktop,5,64.9,False,False
S1007454,C11625,2026-05-29,Instagram,Mobile,4,100.9,False,False
S1007455,C10810,2025-10-22,Organic,Desktop,4,525.1,False,False
S1007456,C10975,2026-06-16,Instagram,Mobile,7,33.7,False,False
S1007457,C11530,2026-05-07,Organic,Mobile,2,526.2,False,False
S1007458,,2026-01-31,Instagram,Desktop,4,125.8,False,False
S1007459,C11104,2025-12-13,Facebook,Desktop,3,425.7,False,False
S1007460,C10054,2025-10-03,Facebook,Mobile,5,203.8,False,False
S1007461,,2026-01-14,Google Ads,Mobile,4,175.8,True,False
S1007462,C11764,2026-03-28,Email,Mobile,6,148.1,False,False
S1007463,C11247,2026-08-15,Instagram,Desktop,4,42.2,False,False
S1007464,C10236,2026-02-06,Email,Mobile,3,394.0,False,False
S1007465,C11352,2026-07-30,Instagram,Tablet,5,60.5,True,True
S1007466,C11177,2026-07-17,Organic,Desktop,10,258.1,False,False
S1007467,C11335,2025-10-25,Instagram,Desktop,4,442.5,False,False
S1007468,,2026-08-10,Email,Mobile,7,173.0,False,False
S1007469,C10013,2025-10-16,Organic,Tablet,4,198.0,False,False
S1007470,C11468,2026-06-16,Organic,Desktop,7,7.3,False,False
S1007471,C10915,2026-04-27,Organic,Mobile,5,86.0,False,False
S1007472,C10727,2026-03-30,Facebook,Tablet,6,71.7,True,False
S1007473,C11364,2025-10-23,Email,Mobile,7,121.2,False,False
S1007474,C10012,2026-05-08,Email,Mobile,5,41.9,False,False
S1007475,C11381,2026-04-26,Google Ads,Mobile,4,84.4,True,False
S1007476,C10716,2026-08-19,Google Ads,Desktop,4,601.5,True,False
S1007477,,2026-06-03,Affiliate,Tablet,8,267.8,False,False
S1007478,C10184,2026-07-01,Email,Mobile,5,153.2,False,False
S1007479,C10268,2025-12-07,Organic,Mobile,5,79.1,True,False
S1007480,,2025-11-10,Email,Mobile,8,346.4,False,False
S1007481,C11698,2025-11-09,Affiliate,Mobile,3,154.0,False,False
S1007482,C11949,2026-05-14,Organic,Mobile,5,183.2,False,False
S1007483,C11651,2026-01-04,Facebook,Mobile,3,407.4,False,False
S1007484,C10771,2025-12-12,Affiliate,Tablet,4,245.2,False,False
S1007485,C11475,2026-02-11,Instagram,Desktop,4,231.7,False,False
S1007486,C10481,2026-08-20,Instagram,Mobile,7,108.4,False,False
S1007487,C10167,2026-03-25,Google Ads,Mobile,8,423.9,True,False
S1007488,C11340,2026-07-08,Instagram,Mobile,7,186.9,True,False
S1007489,,2026-05-06,Email,Mobile,7,193.1,True,True
S1007490,C10859,2026-03-10,Organic,Desktop,4,54.9,False,False
S1007491,,2025-10-24,Organic,Mobile,3,14.2,False,False
S1007492,C11528,2025-11-05,Facebook,Mobile,3,357.9,False,False
S1007493,C10286,2026-04-18,Email,Mobile,4,241.6,False,False
S1007494,,2026-02-25,Organic,Mobile,8,47.5,False,False
S1007495,C10121,2026-02-17,Instagram,Mobile,7,95.9,False,False
S1007496,C10665,2026-07-14,Email,Desktop,8,775.9,True,False
S1007497,,2025-12-15,Affiliate,Mobile,3,89.5,False,False
S1007498,C10500,2025-09-25,Google Ads,Desktop,3,95.2,False,False
S1007499,,2026-07-04,Organic,Mobile,7,329.6,False,False
S1007500,,2026-08-18,Affiliate,Mobile,4,40.1,False,False
S1007501,C11440,2025-09-02,Facebook,Mobile,2,149.5,False,False
S1007502,C10857,2025-10-19,Organic,Desktop,2,234.3,False,False
S1007503,,2026-03-25,Organic,Mobile,8,89.9,False,False
S1007504,C11741,2025-09-27,Organic,Mobile,6,174.9,False,False
S1007505,C11713,2026-03-26,Organic,Mobile,4,76.1,False,False
S1007506,C10418,2026-05-27,Affiliate,Desktop,2,185.3,False,False
S1007507,C10338,2025-11-15,Facebook,Mobile,4,201.9,False,False
S1007508,C11006,2025-10-01,Affiliate,Mobile,9,275.3,False,False
S1007509,,2025-11-09,Organic,Mobile,11,110.6,True,True
S1007510,,2025-08-31,Email,Mobile,2,106.1,False,False
S1007511,C11179,2026-03-19,Affiliate,Mobile,6,88.7,True,False
S1007512,C10721,2026-01-17,Organic,Mobile,2,45.9,False,False
S1007513,,2026-07-25,Organic,Mobile,2,85.4,True,True
S1007514,C10816,2026-03-16,Google Ads,Mobile,6,217.8,False,False
S1007515,C10452,2026-08-19,Facebook,Desktop,1,113.9,False,False
S1007516,C10119,2026-07-14,Instagram,Mobile,5,29.7,False,False
S1007517,,2026-05-17,Google Ads,Mobile,3,234.1,False,False
S1007518,C11721,2026-05-02,Email,Desktop,4,115.4,False,False
S1007519,C10962,2026-05-03,Facebook,Mobile,3,183.7,False,False
S1007520,C10416,2026-02-21,Google Ads,Mobile,3,189.0,False,False
S1007521,C10584,2026-07-29,Facebook,Mobile,6,186.2,False,False
S1007522,C11905,2026-03-02,Email,Desktop,6,324.5,False,False
S1007523,C11126,2026-04-24,Facebook,Mobile,5,86.9,False,False
S1007524,,2026-06-02,Organic,Desktop,5,88.7,False,False
S1007525,C10307,2026-02-11,Email,Tablet,5,223.5,False,False
S1007526,C10449,2026-08-04,Google Ads,Desktop,3,203.2,False,False
S1007527,,2026-04-22,Facebook,Mobile,8,145.3,True,True
S1007528,C11459,2026-03-28,Facebook,Desktop,5,270.3,False,False
S1007529,,2026-07-18,Facebook,Desktop,5,67.0,False,False
S1007530,,2025-11-15,Google Ads,Desktop,5,52.3,False,False
S1007531,C10933,2025-12-22,Instagram,Mobile,5,190.8,False,False
S1007532,,2026-04-28,Facebook,Mobile,2,155.9,False,False
S1007533,C11407,2026-06-01,Facebook,Mobile,3,110.6,False,False
S1007534,C10520,2025-10-19,Organic,Mobile,3,565.2,False,False
S1007535,,2025-12-17,Email,Mobile,8,156.9,False,False
S1007536,,2026-02-25,Affiliate,Mobile,7,55.8,True,False
S1007537,C11461,2026-03-28,Facebook,Desktop,4,258.0,False,False
S1007538,C10528,2025-09-22,Facebook,Mobile,4,288.7,True,True
S1007539,C10727,2026-06-19,Google Ads,Desktop,3,117.7,False,False
S1007540,C10399,2026-04-12,Organic,Desktop,2,21.5,False,False
S1007541,C10443,2026-02-23,Instagram,Desktop,6,30.1,False,False
S1007542,,2026-01-05,Affiliate,Mobile,5,189.5,False,False
S1007543,C11711,2026-04-15,Instagram,Mobile,5,555.6,False,False
S1007544,C11499,2026-05-19,Facebook,Mobile,4,90.5,False,False
S1007545,C10037,2025-10-20,Facebook,Desktop,8,45.9,False,False
S1007546,C10374,2025-10-05,Organic,Desktop,4,36.7,False,False
S1007547,C10831,2025-09-12,Instagram,Mobile,8,113.1,False,False
S1007548,C11700,2025-12-27,Organic,Desktop,7,320.8,True,True
S1007549,C10244,2025-09-25,Email,Mobile,4,144.5,True,True
S1007550,C10861,2026-06-18,Affiliate,Mobile,3,97.4,False,False
S1007551,C10571,2025-10-18,Email,Mobile,5,73.5,False,False
S1007552,C11660,2026-05-20,Affiliate,Desktop,3,393.4,False,False
S1007553,C10766,2026-08-11,Organic,Mobile,2,72.5,False,False
S1007554,,2025-09-05,Instagram,Tablet,7,139.4,True,True
S1007555,C10176,2026-01-13,Affiliate,Mobile,5,59.8,True,False
S1007556,C11339,2026-05-29,Organic,Mobile,4,88.6,False,False
S1007557,C10218,2025-09-23,Facebook,Mobile,8,388.0,True,True
S1007558,,2025-11-30,Instagram,Desktop,6,213.4,False,False
S1007559,C11646,2026-03-26,Google Ads,Mobile,8,151.6,False,False
S1007560,C10902,2026-08-09,Email,Mobile,3,245.5,False,False
S1007561,C11503,2026-03-14,Instagram,Mobile,9,205.1,False,False
S1007562,C10123,2025-12-12,Affiliate,Desktop,10,172.0,False,False
S1007563,C11119,2026-07-29,Google Ads,Mobile,4,250.5,False,False
S1007564,C11558,2026-01-31,Instagram,Mobile,3,179.6,False,False
S1007565,C10319,2026-04-19,Facebook,Mobile,7,432.5,False,False
S1007566,C10191,2026-01-03,Organic,Desktop,3,357.8,False,False
S1007567,,2025-10-08,Organic,Desktop,4,359.2,False,False
S1007568,C11405,2025-09-06,Google Ads,Desktop,6,103.0,True,False
S1007569,C11096,2025-11-25,Email,Mobile,1,185.0,False,False
S1007570,C11026,2026-02-13,Organic,Mobile,9,308.9,True,False
S1007571,C11389,2026-03-14,Google Ads,Mobile,2,46.3,False,False
S1007572,C11889,2026-08-06,Facebook,Desktop,6,52.9,True,True
S1007573,C11706,2026-03-29,Instagram,Desktop,5,174.5,False,False
S1007574,C10879,2026-05-09,Organic,Mobile,3,200.1,False,False
S1007575,C11480,2026-08-09,Instagram,Mobile,6,346.9,False,False
S1007576,C11555,2025-11-12,Facebook,Mobile,6,233.7,False,False
S1007577,,2025-11-17,Email,Mobile,3,69.6,False,False
S1007578,C10005,2026-05-12,Facebook,Desktop,7,215.8,False,False
S1007579,C10103,2026-06-15,Email,Mobile,5,191.6,True,False
S1007580,C11517,2026-06-13,Facebook,Tablet,5,117.9,False,False
S1007581,,2026-04-05,Email,Mobile,1,184.2,False,False
S1007582,C11390,2026-07-25,Google Ads,Desktop,8,176.3,False,False
S1007583,C10983,2026-08-21,Facebook,Desktop,4,204.0,False,False
S1007584,,2025-09-20,Organic,Mobile,2,101.0,False,False
S1007585,,2025-12-24,Facebook,Mobile,5,280.3,False,False
S1007586,C10014,2026-03-31,Google Ads,Mobile,7,57.5,True,True
S1007587,C10172,2025-10-19,Instagram,Desktop,6,207.3,False,False
S1007588,C11065,2026-04-27,Organic,Mobile,6,131.1,True,True
S1007589,C10712,2026-05-05,Email,Mobile,3,275.0,False,False
S1007590,C10365,2025-11-10,Affiliate,Desktop,3,200.5,False,False
S1007591,C11251,2026-06-11,Instagram,Tablet,9,36.1,False,False
S1007592,,2026-07-24,Facebook,Desktop,2,258.5,False,False
S1007593,,2025-09-22,Google Ads,Mobile,2,534.9,False,False
S1007594,C11977,2025-10-31,Organic,Desktop,6,137.5,False,False
S1007595,C11910,2026-02-13,Google Ads,Tablet,5,83.3,False,False
S1007596,C10155,2026-02-06,Email,Mobile,4,248.3,False,False
S1007597,C10021,2026-05-10,Google Ads,Desktop,3,161.8,False,False
S1007598,C10827,2026-06-20,Instagram,Mobile,6,132.0,False,False
S1007599,C11276,2025-10-18,Organic,Tablet,8,84.7,True,False
S1007600,C10908,2026-07-15,Organic,Mobile,5,759.4,True,False
S1007601,C11557,2025-09-20,Facebook,Mobile,6,12.0,True,True
S1007602,,2025-12-10,Email,Desktop,7,19.9,False,False
S1007603,C10339,2026-07-31,Facebook,Mobile,3,241.5,False,False
S1007604,C11264,2025-12-05,Email,Mobile,4,162.1,False,False
S1007605,C10760,2026-04-03,Instagram,Desktop,6,100.6,False,False
S1007606,C10525,2026-03-22,Facebook,Mobile,1,98.7,False,False
S1007607,C10494,2026-08-04,Facebook,Mobile,5,205.5,True,False
S1007608,C10248,2026-06-21,Instagram,Desktop,2,178.2,False,False
S1007609,C10978,2026-02-02,Facebook,Mobile,4,106.5,False,False
S1007610,C10205,2026-04-05,Email,Mobile,4,223.4,False,False
S1007611,,2026-06-12,Organic,Mobile,8,268.2,False,False
S1007612,C11118,2026-06-24,Affiliate,Mobile,5,159.5,False,False
S1007613,C10755,2026-04-06,Affiliate,Mobile,5,21.5,True,False
S1007614,C11855,2025-12-05,Organic,Mobile,8,55.0,False,False
S1007615,,2026-01-24,Google Ads,Desktop,4,33.3,False,False
S1007616,C11249,2026-02-25,Facebook,Mobile,5,125.3,False,False
S1007617,C10655,2025-12-18,Organic,Desktop,6,488.2,True,True
S1007618,C10307,2025-12-27,Email,Desktop,4,191.4,False,False
S1007619,,2026-07-28,Google Ads,Mobile,7,157.1,False,False
S1007620,C11431,2026-06-30,Google Ads,Desktop,1,57.6,False,False
S1007621,C11166,2026-05-29,Instagram,Desktop,2,617.4,False,False
S1007622,C11622,2026-05-05,Email,Mobile,7,103.1,True,False
S1007623,C11932,2025-12-17,Facebook,Mobile,8,105.3,False,False
S1007624,C11006,2026-05-06,Google Ads,Mobile,6,266.4,False,False
S1007625,,2025-11-05,Google Ads,Mobile,2,249.1,False,False
S1007626,C10531,2026-01-18,Organic,Mobile,3,212.0,False,False
S1007627,C10668,2026-02-03,Affiliate,Mobile,6,193.4,False,False
S1007628,,2025-10-19,Organic,Desktop,10,250.3,False,False
S1007629,,2025-12-20,Google Ads,Desktop,5,63.6,False,False
S1007630,C10086,2026-07-27,Facebook,Desktop,7,313.1,False,False
S1007631,,2025-08-30,Google Ads,Mobile,4,92.5,True,True
S1007632,,2026-07-31,Instagram,Mobile,3,24.9,False,False
S1007633,C10903,2026-07-25,Affiliate,Mobile,5,22.5,True,False
S1007634,C11777,2026-02-04,Affiliate,Mobile,7,27.4,False,False
S1007635,C11570,2025-09-12,Facebook,Desktop,6,143.8,False,False
S1007636,C11291,2026-03-10,Email,Desktop,7,67.7,False,False
S1007637,C11950,2025-11-27,Facebook,Mobile,3,518.4,False,False
S1007638,C10040,2026-03-23,Facebook,Mobile,3,111.1,False,False
S1007639,C11103,2026-06-11,Google Ads,Desktop,7,200.8,False,False
S1007640,C10857,2026-02-07,Google Ads,Mobile,2,276.6,False,False
S1007641,C11448,2026-06-16,Email,Tablet,3,203.7,False,False
S1007642,C10943,2026-04-09,Instagram,Mobile,5,257.0,False,False
S1007643,C10173,2026-05-05,Instagram,Desktop,6,168.5,True,True
S1007644,C11303,2026-02-10,Organic,Desktop,8,26.0,True,False
S1007645,C11589,2025-12-22,Google Ads,Mobile,7,126.1,False,False
S1007646,C10196,2025-11-28,Organic,Desktop,8,176.2,False,False
S1007647,,2026-03-02,Organic,Mobile,9,187.7,False,False
S1007648,C11895,2025-09-02,Instagram,Mobile,6,263.5,False,False
S1007649,C11430,2025-09-26,Facebook,Desktop,8,499.2,False,False
S1007650,C10864,2026-04-16,Google Ads,Mobile,3,51.9,False,False
S1007651,C10485,2026-05-03,Organic,Tablet,2,162.8,False,False
S1007652,C11204,2026-02-24,Facebook,Mobile,7,79.6,True,False
S1007653,C10064,2025-08-28,Organic,Desktop,4,100.7,False,False
S1007654,,2026-06-05,Organic,Mobile,4,153.7,False,False
S1007655,C10378,2025-11-14,Facebook,Mobile,7,87.4,False,False
S1007656,C11513,2025-09-05,Organic,Desktop,6,41.9,False,False
S1007657,,2025-08-25,Affiliate,Desktop,8,137.2,False,False
S1007658,C11591,2025-12-14,Instagram,Desktop,4,240.8,False,False
S1007659,C11253,2025-09-30,Instagram,Desktop,4,426.2,False,False
S1007660,C10928,2025-08-31,Email,Mobile,4,246.3,True,True
S1007661,,2026-08-15,Google Ads,Desktop,4,26.4,False,False
S1007662,C11623,2025-12-07,Affiliate,Mobile,4,139.2,False,False
S1007663,,2026-04-02,Instagram,Mobile,3,304.0,False,False
S1007664,C11283,2025-12-18,Instagram,Mobile,3,110.7,False,False
S1007665,C11924,2026-01-17,Google Ads,Mobile,5,354.2,True,False
S1007666,C11976,2026-06-30,Organic,Mobile,8,260.8,False,False
S1007667,C10575,2026-05-16,Affiliate,Desktop,4,252.7,True,False
S1007668,C11386,2025-12-11,Instagram,Tablet,3,109.0,False,False
S1007669,C11205,2025-12-07,Email,Desktop,3,172.4,False,False
S1007670,C10250,2026-04-05,Google Ads,Mobile,6,270.0,False,False
S1007671,,2026-05-08,Google Ads,Desktop,7,70.1,True,True
S1007672,C11931,2026-08-10,Instagram,Desktop,7,140.4,False,False
S1007673,C10886,2025-09-26,Email,Desktop,4,79.3,False,False
S1007674,C10415,2026-05-21,Email,Mobile,3,22.0,False,False
S1007675,C10153,2025-10-13,Google Ads,Mobile,4,478.1,True,False
S1007676,C11739,2026-06-13,Facebook,Mobile,5,119.6,True,False
S1007677,C10312,2026-07-28,Email,Mobile,4,209.4,False,False
S1007678,C10299,2025-10-18,Organic,Mobile,1,316.1,False,False
S1007679,C11497,2026-03-09,Instagram,Mobile,2,124.2,False,False
S1007680,C10380,2025-09-30,Facebook,Mobile,6,32.6,False,False
S1007681,C11015,2026-08-15,Affiliate,Mobile,6,132.1,False,False
S1007682,,2026-05-20,Google Ads,Mobile,5,27.6,True,True
S1007683,C10391,2025-10-10,Email,Mobile,4,284.6,True,False
S1007684,C11226,2025-09-29,Instagram,Tablet,2,117.0,False,False
S1007685,C11548,2026-03-20,Facebook,Mobile,4,126.6,False,False
S1007686,C11284,2025-12-14,Google Ads,Mobile,6,76.1,False,False
S1007687,C11257,2026-03-23,Instagram,Mobile,5,75.8,False,False
S1007688,C10654,2025-09-21,Google Ads,Mobile,4,147.9,False,False
S1007689,C11259,2026-02-17,Email,Desktop,7,415.6,False,False
S1007690,C10004,2025-12-07,Email,Tablet,3,74.2,False,False
S1007691,C11822,2026-03-28,Facebook,Desktop,7,238.7,False,False
S1007692,,2025-11-16,Organic,Desktop,8,556.0,False,False
S1007693,C11076,2026-06-05,Google Ads,Desktop,6,385.7,False,False
S1007694,C10008,2026-06-07,Facebook,Mobile,3,274.9,False,False
S1007695,,2026-06-05,Affiliate,Desktop,4,456.7,False,False
S1007696,C10419,2026-02-18,Affiliate,Mobile,4,319.0,False,False
S1007697,C11598,2026-01-15,Organic,Mobile,7,184.3,False,False
S1007698,C11040,2026-02-06,Email,Tablet,5,30.9,False,False
S1007699,,2025-10-16,Email,Mobile,2,51.4,False,False
S1007700,C11602,2026-04-02,Affiliate,Mobile,7,41.2,False,False
S1007701,C11706,2026-06-29,Facebook,Desktop,6,285.2,True,True
S1007702,C11722,2025-12-10,Google Ads,Mobile,3,243.4,False,False
S1007703,C11619,2025-10-18,Affiliate,Mobile,6,243.0,False,False
S1007704,C11016,2026-04-21,Organic,Mobile,4,561.9,False,False
S1007705,C11145,2026-02-19,Affiliate,Mobile,6,150.0,True,False
S1007706,C11931,2026-05-04,Google Ads,Mobile,10,190.7,False,False
S1007707,C11401,2026-07-31,Organic,Mobile,4,68.2,False,False
S1007708,C10624,2026-05-23,Instagram,Desktop,5,75.5,False,False
S1007709,C11431,2025-12-02,Instagram,Desktop,3,232.1,False,False
S1007710,C10961,2025-12-16,Email,Mobile,4,353.0,False,False
S1007711,C11964,2026-06-14,Affiliate,Mobile,4,17.5,True,True
S1007712,C11612,2026-06-02,Instagram,Mobile,6,201.5,True,True
S1007713,C10249,2026-07-15,Email,Tablet,9,130.2,False,False
S1007714,C10135,2026-05-05,Affiliate,Desktop,5,30.3,True,True
S1007715,C10968,2026-04-28,Instagram,Mobile,7,358.4,True,False
S1007716,,2026-03-22,Google Ads,Tablet,4,41.7,False,False
S1007717,C11825,2025-11-09,Instagram,Mobile,6,245.0,False,False
S1007718,C11976,2025-10-15,Instagram,Mobile,4,119.8,True,True
S1007719,,2026-08-06,Facebook,Mobile,3,123.5,False,False
S1007720,C10445,2026-08-21,Google Ads,Desktop,6,39.3,False,False
S1007721,,2026-05-01,Google Ads,Mobile,8,218.9,True,False
S1007722,,2026-07-06,Facebook,Mobile,7,94.7,True,True
S1007723,C11539,2026-02-03,Google Ads,Mobile,2,211.3,False,False
S1007724,C10501,2026-03-20,Organic,Mobile,5,126.2,False,False
S1007725,C10645,2025-12-22,Facebook,Mobile,5,104.7,False,False
S1007726,,2026-05-18,Organic,Mobile,4,448.8,False,False
S1007727,C11252,2025-11-05,Affiliate,Mobile,4,63.8,False,False
S1007728,C10448,2026-02-16,Google Ads,Mobile,9,39.1,True,True
S1007729,C10781,2026-02-14,Instagram,Desktop,6,271.6,False,False
S1007730,C10343,2026-06-05,Organic,Mobile,4,255.0,True,True
S1007731,C11820,2026-05-17,Email,Mobile,5,129.4,True,True
S1007732,C10705,2026-01-16,Instagram,Tablet,4,342.0,False,False
S1007733,C10039,2026-01-06,Organic,Desktop,5,87.4,True,True
S1007734,C10942,2026-08-13,Email,Desktop,4,93.4,False,False
S1007735,C11552,2026-07-12,Instagram,Mobile,2,419.2,False,False
S1007736,C11777,2026-02-26,Email,Mobile,4,122.2,True,False
S1007737,C11113,2026-01-16,Email,Mobile,4,80.6,False,False
S1007738,C11357,2025-12-29,Facebook,Mobile,3,3.2,False,False
S1007739,,2026-07-30,Google Ads,Mobile,7,14.1,False,False
S1007740,C11818,2026-06-13,Email,Desktop,4,174.7,True,False
S1007741,,2026-02-17,Organic,Mobile,4,200.3,False,False
S1007742,C10154,2025-10-30,Organic,Desktop,3,254.8,True,False
S1007743,C10795,2025-12-14,Email,Mobile,5,179.3,False,False
S1007744,C11443,2026-01-31,Instagram,Mobile,4,225.0,True,False
S1007745,C11917,2026-07-26,Facebook,Mobile,5,128.6,False,False
S1007746,C11006,2026-07-21,Google Ads,Desktop,7,11.4,False,False
S1007747,C10579,2026-06-19,Instagram,Desktop,2,202.7,False,False
S1007748,C11171,2026-04-07,Organic,Mobile,5,128.9,False,False
S1007749,C11507,2025-08-21,Organic,Mobile,9,155.4,False,False
S1007750,C11404,2025-12-31,Organic,Mobile,9,66.5,False,False
S1007751,,2026-05-19,Instagram,Mobile,8,130.5,False,False
S1007752,C10056,2026-01-27,Google Ads,Mobile,3,96.2,False,False
S1007753,C10384,2025-09-19,Facebook,Mobile,3,273.0,True,False
S1007754,C10140,2025-10-10,Google Ads,Desktop,6,37.7,True,False
S1007755,,2026-08-14,Email,Mobile,2,24.4,False,False
S1007756,C10245,2026-06-07,Facebook,Mobile,5,104.6,True,False
S1007757,C11832,2025-11-27,Instagram,Mobile,9,484.0,False,False
S1007758,C11494,2025-11-08,Organic,Mobile,4,122.0,False,False
S1007759,,2026-01-11,Instagram,Mobile,2,207.6,False,False
S1007760,,2025-09-07,Email,Mobile,4,250.5,True,False
S1007761,C10113,2026-04-01,Organic,Tablet,3,207.2,False,False
S1007762,,2026-05-31,Organic,Desktop,6,75.4,True,False
S1007763,C10307,2025-10-30,Instagram,Mobile,3,35.4,False,False
S1007764,C10634,2026-01-02,Google Ads,Desktop,6,106.7,False,False
S1007765,,2025-09-08,Instagram,Desktop,4,152.5,True,False
S1007766,C10860,2026-08-06,Facebook,Mobile,5,287.1,True,False
S1007767,C11154,2026-03-09,Google Ads,Desktop,6,88.8,True,True
S1007768,,2026-04-30,Instagram,Tablet,5,74.8,True,False
S1007769,C11958,2025-12-11,Organic,Mobile,6,227.3,False,False
S1007770,C10411,2025-12-07,Instagram,Mobile,3,39.3,False,False
S1007771,C10656,2025-10-24,Organic,Mobile,1,342.0,True,True
S1007772,C10024,2025-09-04,Google Ads,Mobile,5,120.5,False,False
S1007773,C10209,2026-07-13,Instagram,Desktop,2,148.2,False,False
S1007774,,2025-11-11,Facebook,Mobile,4,108.1,True,False
S1007775,C11461,2025-11-29,Instagram,Mobile,4,159.2,False,False
S1007776,,2025-10-15,Email,Mobile,3,100.9,False,False
S1007777,C10743,2026-01-05,Google Ads,Desktop,3,63.0,False,False
S1007778,C10037,2026-05-11,Instagram,Mobile,6,222.7,False,False
S1007779,C11297,2026-06-13,Organic,Mobile,7,67.3,False,False
S1007780,C11725,2026-04-23,Instagram,Desktop,10,239.4,True,False
S1007781,C11488,2026-05-04,Affiliate,Mobile,3,130.5,False,False
S1007782,,2026-01-25,Organic,Mobile,5,328.5,True,False
S1007783,C10331,2025-10-17,Google Ads,Mobile,4,69.7,False,False
S1007784,C11563,2025-11-22,Email,Mobile,8,138.2,True,False
S1007785,C10288,2026-05-13,Google Ads,Mobile,3,52.8,True,False
S1007786,C10769,2026-07-23,Organic,Mobile,6,13.6,False,False
S1007787,C11070,2025-10-03,Facebook,Mobile,2,51.0,False,False
S1007788,C10832,2026-02-09,Affiliate,Desktop,5,86.2,False,False
S1007789,C10230,2025-09-11,Organic,Desktop,5,428.2,False,False
S1007790,C10067,2026-07-05,Facebook,Mobile,6,475.4,True,False
S1007791,C11883,2026-06-27,Organic,Mobile,5,210.1,False,False
S1007792,,2026-07-21,Google Ads,Desktop,4,503.1,False,False
S1007793,C10946,2026-05-18,Facebook,Mobile,3,311.8,False,False
S1007794,C10043,2025-11-11,Instagram,Mobile,9,146.1,True,True
S1007795,C10802,2026-07-31,Email,Desktop,3,124.9,False,False
S1007796,C11380,2026-01-25,Email,Mobile,3,9.9,False,False
S1007797,C11938,2026-03-12,Instagram,Mobile,6,99.2,False,False
S1007798,,2026-04-30,Email,Mobile,6,71.0,False,False
S1007799,C10871,2025-09-26,Facebook,Desktop,1,144.0,False,False
S1007800,C11304,2025-09-07,Email,Desktop,4,314.5,False,False
S1007801,C11023,2026-07-25,Affiliate,Mobile,4,224.2,False,False
S1007802,C10292,2026-04-10,Organic,Mobile,7,136.1,False,False
S1007803,,2025-11-13,Organic,Mobile,4,166.2,False,False
S1007804,,2025-09-05,Facebook,Desktop,2,81.9,False,False
S1007805,,2026-06-27,Organic,Mobile,7,241.4,True,True
S1007806,C11380,2026-06-01,Instagram,Mobile,4,590.9,False,False
S1007807,C10772,2025-12-20,Affiliate,Mobile,3,129.8,False,False
S1007808,C10597,2025-08-29,Affiliate,Desktop,8,134.1,False,False
S1007809,C11456,2026-01-24,Organic,Mobile,1,440.2,False,False
S1007810,C11406,2026-08-05,Organic,Tablet,7,135.6,True,False
S1007811,,2026-04-27,Organic,Mobile,6,173.7,True,True
S1007812,C10132,2025-12-02,Organic,Mobile,6,90.9,True,False
S1007813,C10755,2026-05-26,Instagram,Tablet,5,295.8,False,False
S1007814,,2025-11-06,Organic,Mobile,5,106.6,False,False
S1007815,C11287,2026-01-13,Email,Mobile,5,258.0,False,False
S1007816,C10874,2025-10-16,Affiliate,Mobile,3,162.2,True,False
S1007817,C10964,2026-08-21,Google Ads,Mobile,5,33.7,False,False
S1007818,C11867,2026-07-24,Organic,Mobile,6,128.1,False,False
S1007819,C10920,2025-10-12,Email,Mobile,6,227.0,False,False
S1007820,,2026-03-20,Google Ads,Desktop,8,59.1,False,False
S1007821,C10078,2026-01-03,Organic,Mobile,4,251.1,False,False
S1007822,C11159,2025-12-14,Facebook,Mobile,6,84.4,False,False
S1007823,C10663,2026-04-29,Google Ads,Mobile,7,136.1,False,False
S1007824,C10541,2025-12-16,Affiliate,Desktop,5,193.6,False,False
S1007825,,2025-12-30,Facebook,Mobile,6,278.1,True,False
S1007826,,2025-09-10,Google Ads,Mobile,5,63.7,False,False
S1007827,C10606,2026-02-15,Google Ads,,6,193.7,False,False
S1007828,C10877,2026-02-11,Google Ads,Mobile,5,23.8,False,False
S1007829,C10348,2026-04-21,Instagram,Desktop,3,506.3,False,False
S1007830,,2026-02-02,Google Ads,Desktop,3,171.0,False,False
S1007831,C10386,2026-07-16,Instagram,Mobile,3,262.9,False,False
S1007832,,2026-06-20,Facebook,Tablet,5,95.9,True,True
S1007833,,2025-10-27,Facebook,Desktop,5,318.6,False,False
S1007834,C10710,2026-06-30,Instagram,Mobile,5,102.8,False,False
S1007835,C10758,2025-10-18,Instagram,Mobile,2,139.3,False,False
S1007836,C10796,2026-01-18,Instagram,Tablet,7,583.3,False,False
S1007837,C11258,2026-08-17,Google Ads,Desktop,2,172.4,True,False
S1007838,,2025-11-08,Instagram,Mobile,3,170.5,False,False
S1007839,,2026-08-04,Google Ads,Mobile,3,265.5,False,False
S1007840,C10419,2025-09-27,Google Ads,Desktop,4,93.6,False,False
S1007841,C11522,2025-10-09,Facebook,Desktop,3,132.0,False,False
S1007842,C10212,2026-03-27,Google Ads,Desktop,2,135.7,False,False
S1007843,C11564,2026-02-18,Organic,Mobile,7,162.7,False,False
S1007844,C11642,2026-04-20,Email,Desktop,5,297.0,False,False
S1007845,C11999,2026-03-13,Instagram,Tablet,7,45.5,False,False
S1007846,C10280,2026-05-28,Affiliate,Desktop,7,39.1,False,False
S1007847,C11931,2026-06-10,Instagram,Mobile,4,113.1,False,False
S1007848,C11477,2026-04-23,Facebook,Tablet,6,70.4,False,False
S1007849,C10983,2026-06-12,Instagram,Mobile,3,107.8,False,False
S1007850,C11673,2026-06-04,Instagram,Mobile,3,5.4,False,False
S1007851,,2025-11-20,Organic,Mobile,4,136.2,False,False
S1007852,C11888,2026-05-27,Instagram,Desktop,3,81.3,False,False
S1007853,C10160,2026-08-20,Email,Tablet,4,104.9,False,False
S1007854,C11931,2026-04-27,Instagram,Desktop,9,168.0,False,False
S1007855,C11697,2026-01-08,Organic,Mobile,5,83.3,True,False
S1007856,C10318,2026-03-28,Instagram,Desktop,6,109.2,True,True
S1007857,C11804,2026-04-03,Email,Desktop,2,654.5,False,False
S1007858,,2025-12-25,Facebook,Mobile,4,38.3,False,False
S1007859,C10296,2026-07-30,Facebook,Desktop,3,126.6,True,True
S1007860,,2026-04-10,Affiliate,Mobile,6,252.3,False,False
S1007861,C10489,2026-05-01,Facebook,Desktop,4,84.3,False,False
S1007862,C10661,2025-12-11,Email,Mobile,6,142.0,True,True
S1007863,C10505,2026-02-24,Google Ads,Tablet,6,148.7,False,False
S1007864,C11780,2026-07-31,Affiliate,Desktop,5,51.7,False,False
S1007865,C10691,2025-08-24,Organic,Mobile,5,326.3,True,False
S1007866,,2026-05-28,Affiliate,Mobile,7,42.5,False,False
S1007867,,2026-02-02,Organic,Desktop,3,81.6,True,False
S1007868,C11084,2026-05-26,Google Ads,Mobile,6,71.3,False,False
S1007869,,2026-08-09,Facebook,Mobile,1,32.1,False,False
S1007870,C11239,2025-09-05,Affiliate,Desktop,7,94.0,False,False
S1007871,C11742,2025-09-13,Organic,Mobile,5,361.8,True,False
S1007872,C11989,2026-02-05,Facebook,Mobile,1,51.2,False,False
S1007873,C10031,2026-08-13,Affiliate,Mobile,4,225.2,False,False
S1007874,C11663,2026-07-04,Google Ads,Mobile,8,146.3,False,False
S1007875,C11080,2026-08-11,Instagram,Mobile,4,321.5,False,False
S1007876,C10883,2026-02-26,Email,Mobile,4,249.8,False,False
S1007877,C10823,2026-04-03,Email,Desktop,3,196.9,False,False
S1007878,C11784,2026-03-01,Google Ads,Desktop,5,18.9,True,False
S1007879,C10252,2026-01-10,Affiliate,Mobile,10,223.7,True,False
S1007880,,2025-09-01,Organic,Desktop,2,946.6,False,False
S1007881,C11186,2025-12-07,Facebook,Mobile,4,66.5,False,False
S1007882,C10994,2026-02-21,Instagram,Desktop,4,32.5,False,False
S1007883,C10628,2026-03-15,Instagram,Desktop,5,145.4,False,False
S1007884,C10051,2026-07-02,Organic,Mobile,6,136.1,False,False
S1007885,,2025-11-17,Organic,Mobile,5,107.1,True,False
S1007886,C10634,2025-10-18,Instagram,Mobile,11,89.0,False,False
S1007887,C10889,2026-02-03,Facebook,Mobile,8,124.6,False,False
S1007888,C10626,2025-12-17,Instagram,Desktop,6,57.9,False,False
S1007889,,2025-09-16,Organic,Mobile,4,167.9,False,False
S1007890,C11641,2026-01-03,Instagram,Mobile,4,87.1,True,False
S1007891,C11246,2025-10-25,Instagram,Desktop,6,41.0,True,True
S1007892,C11280,2025-10-30,Google Ads,Mobile,3,452.9,False,False
S1007893,,2025-10-29,Affiliate,Mobile,3,137.6,False,False
S1007894,C11467,2026-03-18,Facebook,Mobile,7,72.4,False,False
S1007895,C10542,2025-10-03,Organic,,7,214.9,True,False
S1007896,,2025-10-14,Google Ads,Desktop,5,53.9,True,False
S1007897,,2025-11-15,Email,Mobile,3,163.4,False,False
S1007898,C11366,2026-01-15,Organic,Mobile,12,134.8,False,False
S1007899,,2025-11-10,Facebook,Mobile,3,127.6,True,False
S1007900,C11651,2025-09-15,Organic,Tablet,3,165.2,False,False
S1007901,C10544,2026-06-25,Google Ads,Mobile,5,124.2,False,False
S1007902,C10392,2026-04-25,Google Ads,Mobile,9,49.2,False,False
S1007903,C11062,2026-04-19,Email,Mobile,8,50.7,False,False
S1007904,C11945,2025-08-24,Email,Mobile,5,216.8,True,False
S1007905,C10788,2025-11-02,Affiliate,Mobile,2,90.7,False,False
S1007906,,2025-08-27,Email,Desktop,3,428.2,False,False
S1007907,C10069,2026-05-31,Organic,Desktop,4,187.3,True,False
S1007908,,2026-01-19,Email,Mobile,3,189.7,False,False
S1007909,C10965,2026-02-25,Affiliate,Mobile,5,480.3,False,False
S1007910,,2026-08-20,Instagram,Desktop,6,85.2,False,False
S1007911,C10877,2025-09-25,Affiliate,Mobile,3,273.4,True,False
S1007912,C11493,2026-02-02,Email,Mobile,5,3.3,False,False
S1007913,C11094,2026-06-27,Google Ads,Mobile,5,190.0,True,False
S1007914,C10155,2026-03-12,Facebook,Mobile,10,45.8,False,False
S1007915,,2026-08-19,Instagram,Mobile,5,237.6,True,False
S1007916,,2025-10-17,Organic,Mobile,3,39.8,False,False
S1007917,C10245,2026-05-11,Affiliate,Desktop,8,43.3,False,False
S1007918,C10293,2026-04-01,Facebook,Mobile,6,162.7,False,False
S1007919,,2026-03-27,Affiliate,Mobile,5,190.0,True,False
S1007920,C10782,2026-03-06,Organic,Mobile,5,162.4,True,True
S1007921,C10912,2026-02-10,Google Ads,Mobile,3,79.0,False,False
S1007922,C10987,2026-03-26,Organic,Desktop,4,80.7,False,False
S1007923,C11502,2025-12-29,Instagram,Mobile,5,273.5,False,False
S1007924,C11690,2026-01-05,Organic,Tablet,3,307.4,False,False
S1007925,C11626,2026-03-25,Organic,Desktop,6,153.5,True,False
S1007926,C10926,2025-09-27,Organic,Tablet,3,159.5,False,False
S1007927,C10132,2026-02-16,Email,Desktop,5,50.4,True,True
S1007928,C11049,2026-03-26,Facebook,Mobile,2,361.9,True,False
S1007929,C10829,2026-04-15,Facebook,Mobile,5,86.0,False,False
S1007930,C11488,2026-07-06,Google Ads,Mobile,6,365.8,True,False
S1007931,C11326,2026-08-21,Facebook,Mobile,6,38.8,True,False
S1007932,C10458,2026-06-14,Facebook,Mobile,4,24.8,True,False
S1007933,C10611,2025-09-20,Facebook,Mobile,5,250.5,False,False
S1007934,C11039,2025-08-28,Affiliate,Desktop,6,149.5,False,False
S1007935,C10829,2026-03-14,Instagram,Mobile,7,33.4,False,False
S1007936,,2025-11-15,Facebook,Tablet,6,246.3,False,False
S1007937,C11823,2025-09-16,Email,Tablet,2,192.5,False,False
S1007938,C11838,2025-12-27,Google Ads,Desktop,7,186.1,False,False
S1007939,C10078,2025-09-15,Affiliate,Desktop,6,244.4,True,False
S1007940,C10577,2025-09-12,Instagram,Mobile,3,329.6,False,False
S1007941,C11466,2025-08-21,Google Ads,Mobile,6,267.7,False,False
S1007942,C10350,2025-12-30,Facebook,Mobile,6,631.8,True,False
S1007943,C10538,2025-09-05,Email,Mobile,4,184.8,False,False
S1007944,C11924,2026-04-19,Affiliate,Mobile,5,194.8,True,False
S1007945,C11565,2026-04-16,Affiliate,Desktop,4,129.1,True,False
S1007946,C10161,2026-04-22,Instagram,Mobile,2,142.8,False,False
S1007947,C10192,2026-07-20,Facebook,Mobile,8,275.5,False,False
S1007948,C11866,2025-10-16,Google Ads,Mobile,6,163.8,False,False
S1007949,,2026-01-09,Affiliate,Mobile,8,100.0,False,False
S1007950,C10015,2026-04-25,Instagram,Mobile,2,93.1,False,False
S1007951,C10470,2026-06-27,Google Ads,Desktop,1,15.7,False,False
S1007952,C11075,2026-02-24,Affiliate,Mobile,5,18.1,False,False
S1007953,C11163,2026-01-23,Google Ads,Mobile,4,144.0,False,False
S1007954,C10587,2026-01-09,Facebook,Mobile,4,30.5,False,False
S1007955,C10379,2026-07-01,Affiliate,Mobile,8,206.2,True,False
S1007956,C11415,2026-07-23,Organic,Mobile,7,194.1,False,False
S1007957,C10197,2026-04-19,Google Ads,Mobile,4,151.6,False,False
S1007958,C11492,2026-06-06,Facebook,Mobile,9,162.2,True,False
S1007959,C11431,2026-08-02,Google Ads,Mobile,3,181.0,False,False
S1007960,C11425,2026-01-05,Affiliate,Mobile,8,276.4,False,False
S1007961,C10154,2025-12-22,Instagram,Desktop,6,500.5,True,False
S1007962,C11350,2026-04-07,Email,Mobile,3,358.5,False,False
S1007963,C11032,2026-04-25,Facebook,Mobile,2,158.7,False,False
S1007964,C10359,2026-07-16,Google Ads,Mobile,2,186.4,True,True
S1007965,C10130,2025-09-23,Facebook,Desktop,9,183.4,False,False
S1007966,C10501,2026-01-24,Facebook,Mobile,7,67.5,True,True
S1007967,C11487,2026-04-18,Facebook,Mobile,4,292.6,True,False
S1007968,C10827,2026-01-23,Google Ads,Mobile,4,84.0,False,False
S1007969,C10635,2026-08-21,Email,Mobile,8,473.0,False,False
S1007970,,2025-10-02,Google Ads,Desktop,6,125.8,False,False
S1007971,C11405,2026-05-25,Instagram,Mobile,3,41.2,False,False
S1007972,C10008,2026-04-09,Instagram,Mobile,7,256.3,False,False
S1007973,,2025-09-09,Email,Mobile,6,158.4,False,False
S1007974,C11100,2026-05-25,Google Ads,Mobile,4,231.7,False,False
S1007975,C11371,2025-09-28,Instagram,Mobile,8,135.6,True,False
S1007976,C10454,2026-07-03,Email,Mobile,12,156.4,False,False
S1007977,C11855,2026-07-10,Email,Mobile,4,45.1,True,False
S1007978,C11550,2025-09-28,Organic,Desktop,1,106.2,False,False
S1007979,C11829,2025-10-28,Google Ads,Tablet,6,68.9,False,False
S1007980,,2026-06-14,Google Ads,Mobile,7,141.6,False,False
S1007981,C11956,2025-09-12,Facebook,Mobile,6,216.3,True,False
S1007982,C11172,2026-08-11,Instagram,Mobile,9,94.0,False,False
S1007983,,2026-02-23,Instagram,Desktop,3,356.3,False,False
S1007984,C11209,2026-08-08,Facebook,Mobile,7,370.8,False,False
S1007985,C11939,2026-06-19,Organic,Mobile,4,221.4,False,False
S1007986,,2026-04-18,Facebook,Desktop,5,351.8,False,False
S1007987,C11668,2025-11-28,Facebook,Mobile,5,183.2,False,False
S1007988,C11391,2026-08-19,Google Ads,Mobile,4,126.1,False,False
S1007989,C11822,2026-05-19,Email,Desktop,7,382.5,True,False
S1007990,C11542,2026-05-25,Google Ads,Tablet,5,178.4,False,False
S1007991,,2025-12-09,Affiliate,Mobile,6,78.9,False,False
S1007992,C11132,2025-10-28,Google Ads,Desktop,4,214.0,False,False
S1007993,C10573,2026-02-28,Instagram,Mobile,3,95.0,False,False
S1007994,C10174,2026-01-30,Instagram,Tablet,5,198.5,False,False
S1007995,C11739,2025-12-18,Google Ads,Desktop,1,93.2,False,False
S1007996,,2026-03-27,Google Ads,Mobile,8,52.2,False,False
S1007997,C10216,2026-08-15,Organic,Desktop,3,82.9,True,False
S1007998,C10325,2026-07-26,Google Ads,Mobile,5,185.9,False,False
S1007999,C11551,2026-01-04,Facebook,Mobile,3,155.9,True,True
S1008000,C10915,2025-10-20,Instagram,Mobile,3,99.0,False,False
S1008001,C10381,2025-11-04,Google Ads,Mobile,3,42.4,False,False
S1008002,C11325,2026-03-17,Organic,Mobile,6,553.9,False,False
S1008003,C10144,2026-08-03,Facebook,Mobile,3,76.9,False,False
S1008004,C11641,2026-03-22,Google Ads,Mobile,4,178.0,False,False
S1008005,C11985,2026-04-04,Facebook,Desktop,5,259.5,True,False
S1008006,C11996,2025-12-13,Affiliate,Mobile,7,102.6,False,False
S1008007,C11332,2025-09-25,Email,Desktop,4,232.7,False,False
S1008008,C11446,2026-02-17,Instagram,Mobile,5,127.3,False,False
S1008009,C11761,2025-11-11,Email,Mobile,4,196.1,True,False
S1008010,C11583,2026-01-11,Facebook,Mobile,8,91.3,True,False
S1008011,C10846,2025-11-27,Email,Mobile,2,139.5,False,False
S1008012,C10450,2025-09-14,Organic,Mobile,8,153.4,False,False
S1008013,C11908,2026-08-07,Affiliate,Desktop,3,91.4,False,False
S1008014,,2026-06-03,Facebook,Desktop,2,144.4,False,False
S1008015,C10761,2026-07-16,Facebook,Mobile,7,395.4,False,False
S1008016,,2026-06-20,Organic,Mobile,4,709.2,True,True
S1008017,C10454,2026-06-06,Instagram,Mobile,2,169.8,False,False
S1008018,,2025-09-04,Affiliate,Desktop,6,392.8,False,False
S1008019,C10742,2026-02-13,Email,Desktop,5,151.1,False,False
S1008020,,2025-10-28,Instagram,Mobile,7,78.6,False,False
S1008021,C10479,2026-04-08,Facebook,Mobile,1,314.9,False,False
S1008022,C11395,2026-02-11,Organic,Mobile,6,169.3,True,False
S1008023,C11430,2025-08-29,Google Ads,Mobile,7,28.1,False,False
S1008024,,2026-05-08,Facebook,Mobile,6,103.0,False,False
S1008025,C10341,2026-07-12,Google Ads,Mobile,5,212.5,False,False
S1008026,,2025-09-02,Organic,Mobile,8,55.6,False,False
S1008027,,2026-04-22,Google Ads,Mobile,5,383.5,False,False
S1008028,C10009,2025-09-22,Google Ads,Desktop,4,58.1,True,True
S1008029,C10799,2026-04-01,Facebook,Mobile,3,79.1,False,False
S1008030,C10247,2025-12-06,Organic,Desktop,5,147.8,False,False
S1008031,,2026-07-07,Google Ads,Mobile,10,399.7,True,False
S1008032,C11966,2025-12-21,Email,Mobile,4,217.5,False,False
S1008033,C10147,2025-11-18,Organic,Desktop,3,252.5,False,False
S1008034,C11482,2026-03-18,Google Ads,Mobile,6,175.3,False,False
S1008035,C11477,2026-03-23,Facebook,Desktop,8,66.1,False,False
S1008036,C11207,2026-06-15,Instagram,Mobile,7,89.1,True,False
S1008037,C11623,2026-02-11,Facebook,Desktop,3,238.4,False,False
S1008038,C11960,2026-08-02,Google Ads,Mobile,4,207.4,True,False
S1008039,C10524,2025-08-30,Google Ads,Mobile,5,60.1,True,False
S1008040,C11252,2026-02-05,Organic,Mobile,4,157.9,False,False
S1008041,,2025-09-26,Google Ads,Desktop,8,324.1,True,False
S1008042,C10653,2025-08-28,Instagram,Mobile,5,31.3,False,False
S1008043,C11074,2026-06-15,Facebook,Desktop,3,94.3,False,False
S1008044,C11259,2026-04-16,Organic,Mobile,8,282.7,False,False
S1008045,C10007,2026-04-17,Organic,Desktop,4,178.3,False,False
S1008046,C11529,2025-12-12,Facebook,Desktop,4,75.3,True,True
S1008047,C10424,2026-06-13,Email,Mobile,7,154.5,False,False
S1008048,C11275,2025-12-25,Instagram,Mobile,4,117.9,False,False
S1008049,C10965,2025-09-10,Affiliate,Mobile,9,593.3,False,False
S1008050,C10372,2025-09-25,Instagram,Mobile,2,352.3,False,False
S1008051,C11818,2025-12-30,Organic,Mobile,2,343.8,False,False
S1008052,C10747,2025-12-01,Instagram,Mobile,8,64.5,True,True
S1008053,,2026-06-08,Facebook,Mobile,3,94.5,False,False
S1008054,C10305,2025-10-31,Email,Tablet,5,359.5,False,False
S1008055,C11404,2025-11-05,Organic,Mobile,7,324.7,False,False
S1008056,,2026-07-27,Affiliate,Mobile,2,47.0,False,False
S1008057,C10699,2025-09-30,Instagram,Desktop,5,287.7,False,False
S1008058,C10691,2026-03-11,Organic,Mobile,8,74.3,False,False
S1008059,C11072,2026-06-20,Affiliate,Desktop,6,94.4,False,False
S1008060,C11717,2026-06-07,Instagram,Mobile,4,218.6,False,False
S1008061,C10829,2026-08-11,Google Ads,Mobile,6,119.2,True,False
S1008062,C10884,2026-06-09,Organic,Desktop,5,241.4,True,True
S1008063,C10836,2026-05-19,Organic,Desktop,11,113.8,False,False
S1008064,C11765,2025-10-23,Google Ads,Mobile,4,198.6,True,True
S1008065,C10163,2026-01-31,Facebook,Mobile,5,177.5,False,False
S1008066,C11648,2025-11-21,Email,Mobile,2,284.8,False,False
S1008067,C11421,2025-11-23,Instagram,Mobile,6,92.1,False,False
S1008068,C11439,2026-03-19,Email,Mobile,6,139.7,False,False
S1008069,,2026-01-22,Instagram,Mobile,7,46.4,False,False
S1008070,C11415,2025-09-17,Organic,Desktop,5,178.7,True,False
S1008071,C11776,2026-04-01,Email,Mobile,8,156.2,False,False
S1008072,,2026-06-14,Facebook,Desktop,6,122.5,False,False
S1008073,C10742,2026-04-07,Instagram,Desktop,4,107.3,False,False
S1008074,C10788,2026-04-03,Email,Mobile,3,424.6,True,True
S1008075,C10370,2026-03-28,Facebook,Mobile,3,50.3,False,False
S1008076,C10483,2026-03-18,Organic,Mobile,4,51.5,True,False
S1008077,C11665,2025-12-19,Email,Mobile,2,104.2,False,False
S1008078,C11206,2025-12-09,Organic,Mobile,7,291.4,False,False
S1008079,C10773,2025-11-26,Affiliate,Mobile,2,411.7,False,False
S1008080,,2025-12-23,Affiliate,Tablet,4,188.8,True,False
S1008081,C11665,2026-02-08,Email,Mobile,7,271.5,False,False
S1008082,C11552,2026-03-16,Instagram,Mobile,4,98.3,False,False
S1008083,C10591,2026-05-19,Google Ads,Desktop,6,116.8,False,False
S1008084,C10396,2026-02-23,Facebook,Mobile,4,68.1,False,False
S1008085,C10627,2026-07-04,Facebook,Mobile,3,42.7,False,False
S1008086,C10216,2025-09-25,Google Ads,Desktop,4,408.0,False,False
S1008087,C10248,2025-12-25,Organic,Desktop,6,113.0,True,True
S1008088,C11775,2026-08-21,Facebook,Mobile,3,201.7,False,False
S1008089,C10338,2026-02-15,Google Ads,Desktop,7,168.1,False,False
S1008090,C11244,2025-09-23,Google Ads,Mobile,7,446.5,False,False
S1008091,C11325,2026-06-20,Email,Mobile,4,45.6,False,False
S1008092,,2026-02-19,Organic,Mobile,3,73.0,False,False
S1008093,C10335,2025-12-09,Google Ads,Mobile,4,233.3,False,False
S1008094,,2026-01-01,Organic,Desktop,8,140.9,True,True
S1008095,C10677,2025-08-28,Organic,Mobile,6,367.5,True,False
S1008096,,2025-10-17,Email,Desktop,5,90.5,False,False
S1008097,,2025-12-14,Facebook,Mobile,7,393.3,False,False
S1008098,C10794,2026-03-15,Affiliate,Desktop,5,41.8,False,False
S1008099,,2025-10-22,Email,Mobile,3,253.0,False,False
S1008100,C10512,2025-11-23,Google Ads,Desktop,4,41.1,True,False
S1008101,C11928,2026-05-09,Facebook,Mobile,4,65.2,True,False
S1008102,C11080,2026-07-10,Organic,Mobile,8,296.0,False,False
S1008103,C10151,2025-12-02,Email,Mobile,5,296.1,True,True
S1008104,C11977,2026-01-28,Affiliate,Mobile,4,208.6,False,False
S1008105,,2025-11-16,Instagram,Mobile,6,321.3,False,False
S1008106,,2025-10-31,Facebook,Mobile,5,167.8,False,False
S1008107,C10997,2026-04-03,Email,Desktop,3,160.9,False,False
S1008108,C11345,2025-10-24,Email,Mobile,3,95.2,False,False
S1008109,C10264,2026-02-25,Affiliate,Mobile,7,14.7,True,True
S1008110,C11783,2025-09-22,Email,Mobile,5,203.1,False,False
S1008111,C10959,2026-04-05,Google Ads,Mobile,2,223.1,True,True
S1008112,C10643,2026-03-17,Instagram,Mobile,4,344.2,False,False
S1008113,C10243,2026-01-31,Affiliate,Mobile,5,105.2,False,False
S1008114,C11239,2026-05-14,Instagram,Mobile,6,72.1,False,False
S1008115,,2025-09-16,Google Ads,Mobile,5,140.6,False,False
S1008116,C11444,2026-03-11,Email,Desktop,3,126.7,True,False
S1008117,C11848,2026-01-25,Instagram,Mobile,4,46.7,False,False
S1008118,C11509,2026-07-15,Facebook,Mobile,5,472.0,False,False
S1008119,C11205,2026-07-22,Facebook,Mobile,5,36.4,False,False
S1008120,C11958,2025-12-06,Google Ads,Desktop,2,198.0,False,False
S1008121,C10793,2026-01-25,Facebook,Desktop,7,133.3,True,False
S1008122,,2025-11-26,Facebook,Desktop,5,103.5,True,False
S1008123,,2025-11-18,Email,Mobile,6,44.2,True,True
S1008124,C11234,2026-05-06,Organic,Mobile,2,297.6,False,False
S1008125,C10981,2025-12-19,Facebook,Mobile,5,209.8,True,False
S1008126,C11870,2026-08-20,Google Ads,Tablet,3,15.3,False,False
S1008127,C10251,2026-05-08,Facebook,Mobile,4,160.0,True,False
S1008128,C11197,2025-09-02,Google Ads,Desktop,4,191.6,True,True
S1008129,C11277,2026-06-01,Instagram,Mobile,5,22.9,False,False
S1008130,C10577,2026-08-14,Affiliate,Mobile,4,332.3,True,False
S1008131,C10572,2025-11-16,Google Ads,Mobile,7,200.4,True,True
S1008132,,2026-02-20,Google Ads,Mobile,6,32.1,False,False
S1008133,C10704,2026-01-30,Affiliate,Mobile,3,29.9,False,False
S1008134,,2025-12-15,Facebook,Mobile,1,44.6,False,False
S1008135,C10685,2026-07-30,Instagram,Desktop,5,164.0,True,True
S1008136,C10335,2025-11-16,Facebook,Mobile,2,336.3,True,True
S1008137,,2026-05-16,Google Ads,Mobile,4,137.1,False,False
S1008138,,2026-04-24,Google Ads,Mobile,2,497.6,False,False
S1008139,C11252,2026-08-03,Google Ads,Mobile,5,375.1,True,False
S1008140,C11634,2026-03-17,Google Ads,Mobile,5,143.1,False,False
S1008141,C10345,2025-12-07,Organic,Tablet,7,416.2,False,False
S1008142,,2026-01-17,Google Ads,Mobile,6,183.1,True,False
S1008143,,2026-07-30,Facebook,Mobile,8,322.5,False,False
S1008144,,2025-09-28,Email,Desktop,7,330.2,True,False
S1008145,,2026-06-24,Google Ads,Desktop,3,9.5,False,False
S1008146,C10763,2026-05-01,Facebook,Mobile,6,93.4,True,True
S1008147,,2026-05-06,Google Ads,Desktop,7,120.6,False,False
S1008148,C10734,2026-05-02,Google Ads,Mobile,6,114.1,False,False
S1008149,C11340,2026-01-29,Email,Mobile,3,119.8,False,False
S1008150,C11644,2025-12-12,Email,Mobile,5,171.5,True,True
S1008151,,2026-05-07,Instagram,Tablet,6,213.3,False,False
S1008152,C10926,2026-08-17,Organic,Tablet,4,205.2,True,False
S1008153,C10980,2026-05-17,Email,Mobile,4,24.1,True,False
S1008154,C11386,2026-05-14,Affiliate,Desktop,5,117.9,True,True
S1008155,C10189,2026-03-20,Affiliate,Mobile,5,49.4,False,False
S1008156,C10988,2026-04-27,Google Ads,Mobile,7,188.6,False,False
S1008157,C10833,2025-11-03,Facebook,Mobile,5,616.5,False,False
S1008158,C11568,2025-11-10,Organic,Mobile,3,169.3,False,False
S1008159,C10827,2025-09-04,Organic,Desktop,5,299.1,False,False
S1008160,C11568,2025-12-30,Email,Mobile,6,364.2,False,False
S1008161,,2025-09-30,Facebook,Mobile,8,326.8,True,True
S1008162,C11922,2025-10-02,Google Ads,Desktop,5,352.3,False,False
S1008163,C10840,2026-04-13,Google Ads,Desktop,1,91.6,False,False
S1008164,,2025-12-30,Email,Mobile,6,99.4,False,False
S1008165,C10056,2025-10-31,Email,Mobile,4,172.7,False,False
S1008166,C10751,2026-03-03,Affiliate,Mobile,4,80.0,False,False
S1008167,C10997,2026-04-15,Facebook,Desktop,3,247.5,False,False
S1008168,C10461,2026-03-06,Instagram,Mobile,4,159.4,True,False
S1008169,C11957,2026-06-25,Affiliate,Desktop,5,139.8,False,False
S1008170,C11978,2026-03-07,Email,Mobile,6,138.1,True,True
S1008171,,2026-05-30,Google Ads,Mobile,6,195.2,False,False
S1008172,C10953,2026-05-04,Instagram,Mobile,7,329.8,False,False
S1008173,C11108,2026-04-19,Email,Desktop,5,308.9,False,False
S1008174,C11435,2026-06-17,Google Ads,Mobile,4,54.7,True,False
S1008175,C10512,2025-08-26,Organic,Desktop,5,323.2,True,True
S1008176,C10335,2025-10-25,Facebook,Desktop,5,59.9,False,False
S1008177,C11618,2026-01-08,Email,Mobile,6,173.7,False,False
S1008178,C10039,2026-08-20,Instagram,Desktop,5,114.1,False,False
S1008179,C10659,2026-07-07,Google Ads,Desktop,7,208.7,True,False
S1008180,C10818,2026-03-31,Facebook,Mobile,9,322.2,False,False
S1008181,C11227,2026-02-12,Google Ads,Tablet,5,465.9,True,True
S1008182,C11232,2026-08-15,Google Ads,Mobile,2,203.1,False,False
S1008183,C10184,2026-04-28,Affiliate,Mobile,2,122.4,False,False
S1008184,C11651,2025-12-29,Instagram,Tablet,3,243.4,False,False
S1008185,C11828,2026-08-08,Organic,Tablet,4,305.6,False,False
S1008186,C11306,2025-11-02,Facebook,Mobile,3,269.7,False,False
S1008187,C10547,2026-05-08,Email,Mobile,2,137.4,False,False
S1008188,C10867,2026-03-04,Facebook,Tablet,8,94.0,False,False
S1008189,C10191,2026-06-07,Email,Mobile,7,106.5,False,False
S1008190,C10920,2026-01-28,Affiliate,Desktop,4,450.5,True,False
S1008191,C11725,2026-07-06,Email,Desktop,5,57.2,False,False
S1008192,,2025-09-30,Affiliate,Mobile,3,60.8,False,False
S1008193,C11698,2026-04-07,Instagram,Tablet,5,301.8,False,False
S1008194,,2025-10-14,Email,Desktop,7,92.3,True,False
S1008195,C10041,2026-03-21,Google Ads,Mobile,7,88.4,True,True
S1008196,C11632,2025-08-26,Instagram,Mobile,3,259.3,False,False
S1008197,C10775,2026-07-30,Google Ads,Desktop,10,71.4,False,False
S1008198,,2026-08-13,Affiliate,Tablet,2,134.0,False,False
S1008199,C11811,2026-07-09,Email,Desktop,3,398.5,False,False
S1008200,C11465,2025-08-29,Affiliate,Mobile,3,80.3,False,False
S1008201,,2026-07-28,Facebook,Mobile,8,42.0,True,True
S1008202,C10438,2025-10-23,Google Ads,Mobile,6,106.2,True,True
S1008203,C11304,2025-11-09,Email,Desktop,7,457.2,False,False
S1008204,C10998,2026-03-20,Organic,Desktop,6,309.5,False,False
S1008205,C11308,2025-08-30,Facebook,Desktop,4,17.8,True,False
S1008206,C10435,2025-11-29,Instagram,Tablet,5,99.5,True,False
S1008207,C10757,2026-01-30,Affiliate,Desktop,4,83.9,False,False
S1008208,C10577,2026-01-27,Facebook,Mobile,4,117.2,True,False
S1008209,C11676,2026-04-05,Email,Mobile,7,52.6,False,False
S1008210,C11559,2025-11-20,Affiliate,Mobile,9,199.9,True,False
S1008211,C10843,2026-03-22,Facebook,Mobile,2,91.7,False,False
S1008212,,2025-10-07,Instagram,Desktop,5,239.3,True,False
S1008213,C10156,2026-08-05,Organic,Tablet,4,318.6,False,False
S1008214,C11544,2025-12-13,Facebook,Mobile,9,433.8,True,False
S1008215,C11045,2025-09-26,Organic,Mobile,3,453.7,False,False
S1008216,C10615,2026-07-24,Email,Desktop,3,303.4,False,False
S1008217,C10435,2026-02-27,Instagram,Desktop,2,194.1,False,False
S1008218,,2026-08-15,Instagram,Mobile,7,69.8,False,False
S1008219,C11290,2026-05-05,Affiliate,Desktop,3,185.7,False,False
S1008220,C10257,2026-02-10,Organic,Mobile,4,194.5,False,False
S1008221,C11769,2026-07-18,Facebook,Desktop,3,141.1,False,False
S1008222,C10005,2026-07-15,Facebook,Tablet,4,310.8,False,False
S1008223,C10174,2026-01-16,Organic,Mobile,5,72.6,False,False
S1008224,C11961,2026-05-09,Organic,Mobile,3,91.4,False,False
S1008225,C11458,2026-04-13,Facebook,Mobile,3,422.5,False,False
S1008226,C10150,2025-09-21,Instagram,Desktop,7,115.3,False,False
S1008227,C11587,2025-10-08,Google Ads,Desktop,4,123.5,False,False
S1008228,C11267,2026-06-25,Google Ads,Desktop,6,74.8,False,False
S1008229,C10650,2025-11-25,Google Ads,Desktop,7,172.7,False,False
S1008230,C11098,2025-12-07,Organic,Mobile,6,110.5,False,False
S1008231,C10534,2026-06-22,Google Ads,Mobile,7,330.3,False,False
S1008232,C11913,2026-01-22,Instagram,Mobile,3,205.5,False,False
S1008233,C11460,2026-01-03,Instagram,Mobile,10,367.9,False,False
S1008234,C10823,2025-11-26,Email,Desktop,5,106.7,False,False
S1008235,C11321,2026-05-30,Facebook,Mobile,6,260.5,True,False
S1008236,C11940,2026-04-23,Affiliate,Mobile,5,51.9,False,False
S1008237,C11213,2025-08-23,Facebook,Desktop,5,174.7,False,False
S1008238,C10319,2026-03-14,Instagram,Desktop,9,188.3,True,False
S1008239,C10476,2026-07-14,Google Ads,Mobile,3,195.9,False,False
S1008240,C10776,2025-10-10,Instagram,Tablet,12,98.6,False,False
S1008241,C11221,2026-06-05,Affiliate,Mobile,6,28.0,False,False
S1008242,C11708,2025-11-16,Affiliate,Mobile,5,151.9,False,False
S1008243,C11409,2025-11-13,Instagram,Desktop,6,440.2,False,False
S1008244,C10126,2026-07-19,Email,Mobile,4,251.6,True,True
S1008245,C11866,2025-09-26,Affiliate,Mobile,4,53.2,False,False
S1008246,C11178,2025-10-29,Instagram,Tablet,5,231.5,True,False
S1008247,C11958,2025-11-29,Facebook,Mobile,7,83.2,False,False
S1008248,C10031,2026-03-20,Organic,Mobile,10,84.8,True,False
S1008249,C10387,2025-12-17,Email,Desktop,10,31.7,False,False
S1008250,C10492,2026-05-17,Affiliate,Desktop,5,225.9,False,False
S1008251,C11564,2026-05-19,Email,Tablet,7,56.0,True,False
S1008252,,2026-03-06,Affiliate,Mobile,7,52.5,False,False
S1008253,C10796,2025-12-28,Google Ads,Desktop,2,472.3,True,False
S1008254,C11396,2025-11-18,Instagram,Desktop,6,38.2,False,False
S1008255,C11448,2026-07-10,Instagram,Tablet,5,262.7,True,True
S1008256,C10784,2026-05-28,Affiliate,Desktop,10,155.9,False,False
S1008257,,2026-03-24,Instagram,Mobile,8,215.3,True,False
S1008258,C10788,2026-08-04,Affiliate,Desktop,4,291.2,False,False
S1008259,,2026-02-03,Facebook,Desktop,6,145.1,False,False
S1008260,C11709,2026-08-11,Organic,Mobile,4,70.6,False,False
S1008261,C10498,2026-06-14,Email,Desktop,2,212.5,False,False
S1008262,C10426,2025-09-24,Google Ads,Mobile,9,353.6,False,False
S1008263,C10720,2026-03-16,Google Ads,Mobile,3,104.8,False,False
S1008264,C11042,2026-06-30,Instagram,Mobile,7,133.0,False,False
S1008265,C10901,2026-07-09,Facebook,Mobile,3,154.0,False,False
S1008266,C11804,2026-07-30,Facebook,Desktop,5,153.8,True,False
S1008267,C11391,2026-08-21,Organic,Mobile,2,150.3,True,True
S1008268,,2026-01-05,Google Ads,Desktop,7,29.5,True,False
S1008269,,2026-03-13,Facebook,Mobile,5,296.3,True,False
S1008270,C11062,2025-12-15,Google Ads,Desktop,3,217.3,False,False
S1008271,C10146,2026-04-26,Email,Mobile,3,77.1,False,False
S1008272,C11667,2026-07-09,Instagram,Desktop,4,305.9,False,False
S1008273,C11756,2025-09-09,Affiliate,Mobile,8,152.4,True,False
S1008274,C10828,2025-12-19,Affiliate,Desktop,6,187.6,True,False
S1008275,C11498,2026-07-12,Google Ads,Mobile,6,68.2,True,True
S1008276,C10599,2026-01-07,Instagram,Mobile,4,31.6,False,False
S1008277,,2026-06-06,Email,Desktop,5,21.9,True,False
S1008278,,2026-03-19,Instagram,Mobile,7,449.1,False,False
S1008279,C11835,2026-03-04,Google Ads,Mobile,7,627.8,False,False
S1008280,C10204,2026-03-19,Organic,Desktop,6,88.9,True,False
S1008281,C11040,2026-02-25,Facebook,Mobile,5,156.6,False,False
S1008282,C11685,2025-10-02,Instagram,Desktop,3,69.7,False,False
S1008283,C11131,2026-05-24,Organic,Desktop,6,163.2,False,False
S1008284,C10071,2025-09-23,Facebook,Desktop,9,82.7,True,True
S1008285,C11358,2025-12-05,Organic,Mobile,8,56.2,False,False
S1008286,C10820,2026-07-31,Affiliate,Mobile,6,365.4,False,False
S1008287,C10097,2025-11-01,Organic,Tablet,5,231.8,False,False
S1008288,C10427,2025-11-27,Email,Desktop,15,294.9,True,True
S1008289,C11692,2026-05-20,Instagram,Mobile,5,110.1,False,False
S1008290,C10984,2026-03-06,Organic,Mobile,5,97.8,True,False
S1008291,,2026-04-28,Google Ads,Mobile,8,90.4,False,False
S1008292,C11289,2026-01-13,Affiliate,Desktop,8,341.2,False,False
S1008293,C11596,2026-07-18,Instagram,Desktop,5,100.7,False,False
S1008294,,2026-07-12,Instagram,Mobile,5,485.1,True,False
S1008295,,2026-02-25,Facebook,Desktop,7,105.3,True,False
S1008296,C11337,2026-02-14,Email,Desktop,8,163.5,False,False
S1008297,C10248,2026-01-29,Google Ads,Mobile,2,149.7,False,False
S1008298,C10402,2025-10-07,Affiliate,Mobile,5,107.6,True,False
S1008299,C10369,2026-08-18,Email,Tablet,3,191.7,False,False
S1008300,C10148,2026-01-07,Affiliate,Mobile,4,260.6,True,True
S1008301,C11291,2025-12-18,Instagram,Mobile,7,59.8,False,False
S1008302,C10888,2026-07-02,Google Ads,Desktop,9,151.5,False,False
S1008303,C10804,2026-01-29,Facebook,Mobile,7,476.4,True,False
S1008304,,2026-04-21,Facebook,Tablet,9,94.7,True,True
S1008305,C11001,2026-01-22,Email,Mobile,1,180.1,False,False
S1008306,C10375,2026-01-01,Facebook,Mobile,5,289.5,False,False
S1008307,C10277,2026-06-17,Organic,Desktop,5,243.9,False,False
S1008308,,2026-03-28,Facebook,Mobile,8,354.0,False,False
S1008309,C11403,2026-01-17,Organic,Desktop,8,709.1,False,False
S1008310,C10395,2026-02-05,Google Ads,Mobile,6,108.4,False,False
S1008311,C11509,2026-01-05,Instagram,Desktop,6,84.5,False,False
S1008312,C11075,2026-01-27,Instagram,Mobile,5,143.0,False,False
S1008313,C10325,2026-05-04,Organic,Tablet,7,210.2,False,False
S1008314,C10122,2025-09-22,Organic,Mobile,6,218.0,False,False
S1008315,C10143,2026-03-20,Affiliate,Mobile,3,205.0,False,False
S1008316,C10774,2026-07-31,Affiliate,Mobile,10,288.0,True,False
S1008317,C11945,2026-06-28,Google Ads,Mobile,4,31.8,False,False
S1008318,C11645,2026-03-13,Instagram,Mobile,4,258.5,False,False
S1008319,C11359,2026-02-26,Instagram,Mobile,7,345.2,False,False
S1008320,C10288,2025-09-07,Google Ads,Desktop,7,91.8,True,False
S1008321,C10616,2025-08-26,Instagram,Desktop,3,80.1,True,False
S1008322,C10576,2026-05-18,Facebook,Mobile,9,420.5,False,False
S1008323,C10099,2026-02-11,Affiliate,Mobile,7,48.9,False,False
S1008324,,2026-04-05,Facebook,Desktop,7,8.3,True,False
S1008325,C11007,2026-03-27,Organic,Mobile,10,127.3,False,False
S1008326,C11814,2026-06-24,Email,Mobile,4,163.1,False,False
S1008327,C10251,2025-11-05,Facebook,Mobile,7,170.1,False,False
S1008328,C10941,2025-09-16,Google Ads,Mobile,6,270.3,True,False
S1008329,C11032,2025-11-03,Email,Mobile,7,247.2,True,False
S1008330,C11659,2025-09-24,Organic,Mobile,5,138.9,True,False
S1008331,,2026-06-04,Google Ads,Mobile,6,122.2,False,False
S1008332,C10195,2025-12-24,Facebook,Desktop,8,65.9,True,True
S1008333,C11572,2026-04-18,Instagram,Mobile,3,25.9,False,False
S1008334,C11782,2026-03-26,Email,Desktop,5,394.2,False,False
S1008335,C11105,2025-11-18,Email,Mobile,4,225.9,False,False
S1008336,,2025-09-14,Instagram,Mobile,9,305.3,False,False
S1008337,C11816,2026-01-09,Instagram,Desktop,3,235.9,False,False
S1008338,C10817,2026-05-30,Email,Desktop,9,409.3,False,False
S1008339,C10656,2026-01-22,Email,Desktop,3,24.8,True,False
S1008340,,2026-03-21,Organic,Desktop,8,45.0,True,False
S1008341,C11909,2025-12-03,Email,Mobile,5,205.0,False,False
S1008342,C11993,2026-01-09,Google Ads,Mobile,4,138.3,False,False
S1008343,C11266,2026-02-13,Affiliate,Mobile,6,103.4,False,False
S1008344,C11282,2026-05-21,Google Ads,Desktop,5,25.3,True,False
S1008345,C10990,2026-05-29,Facebook,Mobile,5,112.1,False,False
S1008346,C11748,2026-01-02,Facebook,Mobile,4,72.8,False,False
S1008347,C11579,2026-03-12,Google Ads,Mobile,6,223.6,False,False
S1008348,C10647,2026-04-02,Organic,Mobile,5,135.9,False,False
S1008349,C11797,2025-09-10,Google Ads,Mobile,5,35.2,False,False
S1008350,C11675,2026-07-06,Facebook,Mobile,5,36.3,True,False
S1008351,,2025-10-01,Facebook,Mobile,3,243.5,False,False
S1008352,C10049,2025-11-04,Google Ads,Tablet,5,162.5,False,False
S1008353,C10960,2026-05-22,Instagram,Mobile,5,387.8,False,False
S1008354,C10712,2025-12-10,Google Ads,Desktop,6,194.2,True,False
S1008355,C11262,2025-08-25,Facebook,Mobile,9,91.9,False,False
S1008356,C11457,2026-05-15,Google Ads,Mobile,3,61.4,False,False
S1008357,C11084,2026-07-17,Google Ads,Mobile,7,173.9,True,False
S1008358,C10965,2025-09-21,Organic,Mobile,2,869.5,True,False
S1008359,,2025-12-18,Organic,Mobile,4,143.8,False,False
S1008360,C10395,2026-05-21,Organic,Mobile,7,195.5,True,False
S1008361,,2026-02-26,Google Ads,Mobile,3,191.8,False,False
S1008362,C11962,2026-08-06,Google Ads,Mobile,7,199.5,False,False
S1008363,C10462,2026-07-20,Email,Desktop,6,119.0,False,False
S1008364,C11115,2026-06-11,Affiliate,Mobile,5,99.1,False,False
S1008365,C11938,2026-06-06,Affiliate,Mobile,5,107.1,False,False
S1008366,,2025-09-23,Organic,Desktop,1,255.0,False,False
S1008367,C11306,2026-07-24,Organic,Mobile,7,284.7,True,True
S1008368,C11821,2025-08-22,Email,Desktop,5,133.1,False,False
S1008369,C11804,2025-12-28,Email,,2,407.6,False,False
S1008370,,2025-12-23,Affiliate,Mobile,4,106.9,False,False
S1008371,C10620,2026-05-04,Instagram,Desktop,7,127.2,False,False
S1008372,,2026-08-08,Google Ads,Tablet,4,205.6,False,False
S1008373,C11396,2026-06-27,Organic,Mobile,9,355.7,True,False
S1008374,C10991,2026-01-09,Google Ads,Mobile,6,264.4,False,False
S1008375,C10912,2026-06-21,Google Ads,Mobile,7,240.7,False,False
S1008376,C10217,2026-02-23,Google Ads,Mobile,6,74.3,False,False
S1008377,C10195,2026-08-20,Organic,Desktop,5,166.4,False,False
S1008378,C11787,2026-07-21,Facebook,Mobile,4,56.6,True,False
S1008379,C10879,2026-04-14,Organic,Desktop,3,183.8,False,False
S1008380,C10264,2026-05-27,Google Ads,Mobile,6,249.8,True,False
S1008381,C10857,2025-11-27,Facebook,Desktop,2,312.5,True,False
S1008382,C10925,2026-01-01,Google Ads,Mobile,4,115.5,False,False
S1008383,C11567,2025-10-20,Google Ads,Mobile,6,30.1,False,False
S1008384,C10841,2026-07-30,Facebook,Mobile,5,103.2,True,True
S1008385,,2026-07-25,Facebook,,5,284.8,False,False
S1008386,C10630,2026-06-12,Google Ads,Mobile,2,131.6,False,False
S1008387,,2025-12-19,Instagram,Desktop,4,7.8,False,False
S1008388,C11721,2026-07-02,Instagram,Mobile,5,35.1,False,False
S1008389,C10688,2026-08-10,Google Ads,Mobile,3,67.9,False,False
S1008390,C10381,2026-01-27,Instagram,Mobile,6,87.1,True,True
S1008391,C10910,2026-07-25,Organic,Mobile,6,155.7,False,False
S1008392,C11710,2026-08-17,Email,Desktop,4,114.6,False,False
S1008393,C11470,2026-03-09,Facebook,Desktop,7,75.1,False,False
S1008394,C11394,2026-07-22,Organic,Mobile,4,512.9,True,False
S1008395,C10795,2026-01-17,Email,Mobile,6,93.0,True,False
S1008396,C10460,2026-01-20,Affiliate,Tablet,4,80.8,False,False
S1008397,C11333,2026-03-12,Instagram,Mobile,5,116.7,True,True
S1008398,,2025-08-30,Organic,Mobile,5,93.3,False,False
S1008399,C11386,2026-06-30,Affiliate,Desktop,4,368.7,False,False
S1008400,C10723,2025-11-17,Affiliate,Tablet,6,86.8,False,False
S1008401,C11391,2026-06-04,Facebook,Desktop,4,180.4,False,False
S1008402,,2026-05-06,Google Ads,Desktop,10,105.4,False,False
S1008403,C11573,2026-05-08,Google Ads,Mobile,3,68.3,False,False
S1008404,C10779,2026-07-18,Affiliate,Desktop,3,19.9,True,False
S1008405,C10456,2026-05-08,Google Ads,Mobile,4,186.2,False,False
S1008406,C10629,2026-07-16,Facebook,Mobile,2,68.9,False,False
S1008407,,2025-11-17,Instagram,Mobile,6,224.3,True,False
S1008408,,2025-09-07,Google Ads,Mobile,5,60.2,False,False
S1008409,,2026-06-18,Email,Desktop,6,171.0,False,False
S1008410,,2026-05-02,Organic,Mobile,6,11.7,True,True
S1008411,C11403,2026-02-24,Email,Mobile,4,49.7,False,False
S1008412,C11648,2026-03-27,Affiliate,Desktop,5,210.4,False,False
S1008413,C10188,2025-10-01,Instagram,Tablet,3,259.9,False,False
S1008414,,2025-09-05,Organic,Desktop,5,90.1,False,False
S1008415,C11400,2025-11-28,Organic,Desktop,8,219.7,True,True
S1008416,,2026-02-15,Google Ads,Mobile,4,119.0,True,False
S1008417,C11506,2026-05-13,Affiliate,Mobile,11,269.7,False,False
S1008418,C11474,2026-04-27,Email,Mobile,5,102.7,True,False
S1008419,C10110,2025-10-26,Email,Desktop,7,235.7,False,False
S1008420,C10396,2026-01-07,Google Ads,Tablet,8,190.8,False,False
S1008421,,2026-02-09,Facebook,Mobile,3,22.3,False,False
S1008422,C10172,2025-09-15,Email,Mobile,2,317.8,False,False
S1008423,,2025-12-13,Organic,Mobile,8,116.0,True,True
S1008424,,2025-12-11,Email,Mobile,5,417.0,False,False
S1008425,,2026-01-01,Instagram,Mobile,5,478.2,False,False
S1008426,,2025-11-18,Email,Tablet,7,330.5,False,False
S1008427,C11022,2025-09-26,Facebook,Desktop,8,239.9,False,False
S1008428,C11551,2026-04-23,Organic,Mobile,3,87.9,False,False
S1008429,C10998,2026-04-01,Google Ads,Desktop,6,107.8,True,False
S1008430,C10534,2026-05-21,Google Ads,Mobile,5,231.6,True,False
S1008431,C10794,2025-10-18,Google Ads,Desktop,4,617.2,False,False
S1008432,C11006,2025-11-30,Affiliate,Mobile,7,414.3,True,True
S1008433,C11265,2026-05-01,Facebook,Mobile,4,158.3,True,True
S1008434,C10268,2026-05-21,Email,Mobile,2,397.6,False,False
S1008435,C10801,2026-07-28,Facebook,Desktop,6,138.6,False,False
S1008436,C11071,2026-01-25,Facebook,Mobile,7,144.5,True,False
S1008437,C11946,2026-04-02,Email,Mobile,4,25.0,False,False
S1008438,,2026-04-26,Instagram,Mobile,6,287.2,True,False
S1008439,,2026-03-29,Google Ads,Desktop,2,109.8,False,False
S1008440,C10083,2025-11-02,Email,Mobile,3,186.7,False,False
S1008441,C11078,2026-02-25,Affiliate,Mobile,4,74.8,True,False
S1008442,C10898,2026-06-28,Facebook,Mobile,4,146.1,False,False
S1008443,C10210,2026-02-23,Organic,Mobile,8,219.5,False,False
S1008444,C11068,2025-09-09,Google Ads,Desktop,3,50.1,False,False
S1008445,C11948,2026-07-25,Organic,Desktop,5,206.2,True,True
S1008446,C10806,2025-09-30,Organic,Mobile,8,230.5,False,False
S1008447,C10015,2026-07-24,Instagram,Mobile,3,326.3,False,False
S1008448,C10906,2026-06-27,Organic,Desktop,8,188.4,False,False
S1008449,C10536,2025-09-23,Organic,Mobile,9,216.5,False,False
S1008450,C10699,2026-06-01,Affiliate,Desktop,2,235.0,False,False
S1008451,C10265,2025-12-13,Instagram,Desktop,4,48.5,True,False
S1008452,C10822,2026-07-10,Facebook,Mobile,10,34.9,False,False
S1008453,C11562,2026-07-10,Google Ads,Mobile,5,144.5,False,False
S1008454,C10137,2026-06-04,Facebook,Mobile,3,110.9,False,False
S1008455,C10214,2026-03-30,Instagram,Desktop,7,61.0,False,False
S1008456,C10295,2026-08-04,Email,Mobile,4,226.5,False,False
S1008457,C10534,2026-06-05,Email,Mobile,4,88.3,False,False
S1008458,,2025-12-13,Email,Mobile,4,89.3,False,False
S1008459,C11282,2026-02-10,Google Ads,Desktop,5,106.0,True,False
S1008460,C10901,2026-01-25,Instagram,Mobile,6,46.3,False,False
S1008461,C11079,2026-02-18,Organic,Mobile,3,189.5,True,False
S1008462,C10860,2025-08-30,Instagram,Mobile,5,152.6,False,False
S1008463,C10611,2026-07-23,Google Ads,Mobile,5,59.0,False,False
S1008464,C10512,2025-11-07,Google Ads,Mobile,7,48.4,False,False
S1008465,C10096,2026-06-03,Facebook,Desktop,6,71.1,False,False
S1008466,,2026-03-15,Google Ads,Mobile,5,137.0,True,True
S1008467,C11108,2025-11-29,Google Ads,Desktop,12,140.6,False,False
S1008468,C11601,2026-01-01,Google Ads,Mobile,4,137.2,False,False
S1008469,,2026-07-13,Google Ads,Desktop,3,406.5,False,False
S1008470,,2025-08-28,Affiliate,Mobile,6,68.2,False,False
S1008471,C10244,2026-05-03,Instagram,Mobile,5,103.8,False,False
S1008472,C10388,2025-08-23,Organic,Desktop,6,90.8,False,False
S1008473,C10634,2026-04-02,Google Ads,Mobile,5,681.4,False,False
S1008474,C11700,2026-02-12,Instagram,Mobile,5,122.6,False,False
S1008475,C11654,2026-08-18,Instagram,Mobile,5,15.1,True,False
S1008476,C11569,2025-12-07,Email,Mobile,6,285.6,False,False
S1008477,C11340,2025-10-28,Google Ads,Desktop,5,202.1,False,False
S1008478,C10948,2025-09-28,Organic,Mobile,4,106.1,True,True
S1008479,C11353,2025-10-13,Email,Mobile,5,127.8,True,False
S1008480,C10347,2026-07-03,Organic,Mobile,4,217.9,False,False
S1008481,C11336,2025-09-14,Instagram,Desktop,7,123.9,False,False
S1008482,C11065,2026-07-29,Instagram,Mobile,2,42.2,False,False
S1008483,,2026-08-05,Organic,Mobile,7,150.1,False,False
S1008484,C10203,2026-07-07,Google Ads,Mobile,7,153.3,True,True
S1008485,C10278,2026-06-26,Organic,Tablet,3,38.0,False,False
S1008486,C11429,2026-05-16,Google Ads,Mobile,3,166.0,False,False
S1008487,C11326,2026-02-18,Facebook,Mobile,5,114.4,True,True
S1008488,,2026-05-30,Organic,Mobile,4,230.1,False,False
S1008489,C11707,2026-07-15,Email,Desktop,5,10.0,False,False
S1008490,C10578,2026-06-14,Instagram,Mobile,9,210.3,False,False
S1008491,C11933,2026-06-13,Instagram,Desktop,4,257.6,False,False
S1008492,,2026-03-02,Google Ads,Mobile,8,214.6,True,False
S1008493,C11625,2025-08-31,Affiliate,Desktop,9,69.9,False,False
S1008494,,2026-06-09,Facebook,Desktop,12,164.2,False,False
S1008495,C10342,2026-01-17,Email,Mobile,5,259.4,True,False
S1008496,C10825,2026-01-22,Instagram,Mobile,3,347.5,True,False
S1008497,C11266,2025-10-21,Affiliate,Mobile,5,65.1,True,False
S1008498,C11534,2026-08-06,Instagram,Mobile,4,251.9,True,False
S1008499,C11158,2026-04-24,Instagram,Mobile,6,181.9,False,False
S1008500,C10660,2025-09-24,Google Ads,Mobile,2,101.9,False,False
S1008501,C10654,2026-08-07,Email,Tablet,5,101.7,False,False
S1008502,C11075,2025-10-18,Google Ads,Mobile,8,95.1,False,False
S1008503,C11127,2025-12-17,Organic,Mobile,5,134.3,False,False
S1008504,C10366,2025-12-15,Organic,Mobile,7,62.3,False,False
S1008505,C10028,2026-03-30,Email,Mobile,4,162.6,False,False
S1008506,,2026-01-01,Facebook,Desktop,3,140.5,False,False
S1008507,C10247,2025-09-23,Organic,Desktop,2,161.3,False,False
S1008508,C11048,2026-06-26,Google Ads,Desktop,8,146.4,False,False
S1008509,C10001,2026-01-01,Google Ads,Tablet,8,496.2,False,False
S1008510,C10935,2026-03-28,Facebook,Mobile,3,166.5,False,False
S1008511,C10814,2025-12-20,Organic,Desktop,6,60.5,False,False
S1008512,,2026-03-24,Email,Desktop,8,155.7,False,False
S1008513,C11343,2026-06-11,Organic,Mobile,1,180.8,False,False
S1008514,C11861,2025-11-24,Affiliate,Mobile,6,43.1,False,False
S1008515,C10931,2026-05-16,Google Ads,Tablet,8,86.4,False,False
S1008516,C11111,2026-07-23,Google Ads,Desktop,4,204.3,False,False
S1008517,C11170,2026-06-30,Affiliate,Tablet,3,17.7,True,False
S1008518,C10420,2025-11-10,Organic,Mobile,4,58.1,False,False
S1008519,C10776,2026-06-23,Organic,Mobile,7,148.2,False,False
S1008520,C10232,2026-05-07,Instagram,Mobile,4,125.0,True,False
S1008521,C11744,2026-06-17,Organic,Mobile,3,13.8,False,False
S1008522,C11185,2025-12-17,Organic,Mobile,4,290.7,False,False
S1008523,C10006,2025-10-21,Organic,Desktop,3,228.3,False,False
S1008524,C10260,2026-02-11,Facebook,Mobile,1,224.7,False,False
S1008525,C11359,2025-10-09,Google Ads,Desktop,2,107.5,False,False
S1008526,C11218,2026-04-25,Instagram,Desktop,7,106.9,False,False
S1008527,C10317,2025-10-18,Email,Mobile,9,33.6,True,False
S1008528,,2026-07-13,Instagram,Desktop,3,168.1,False,False
S1008529,C10487,2025-10-30,Instagram,,2,223.9,False,False
S1008530,C11807,2025-12-01,Instagram,Mobile,4,203.4,True,False
S1008531,C11580,2025-12-20,Organic,Desktop,4,175.3,False,False
S1008532,C10999,2025-10-12,Email,Mobile,6,17.0,True,False
S1008533,,2026-07-28,Instagram,Mobile,3,141.1,False,False
S1008534,C10109,2025-09-25,Email,Desktop,6,72.8,False,False
S1008535,C11529,2026-07-13,Instagram,Mobile,6,132.8,False,False
S1008536,C10744,2025-11-10,Organic,Mobile,9,148.3,False,False
S1008537,,2025-12-03,Facebook,Tablet,3,173.1,False,False
S1008538,C11828,2026-03-09,Facebook,Mobile,5,67.9,False,False
S1008539,C10820,2025-10-15,Email,Desktop,9,187.0,False,False
S1008540,C11672,2026-05-24,Email,Desktop,4,196.6,False,False
S1008541,C10168,2026-04-04,Email,Mobile,4,497.9,False,False
S1008542,C10658,2025-12-12,Organic,Mobile,5,267.8,False,False
S1008543,C10749,2026-08-11,Google Ads,Desktop,4,207.8,True,False
S1008544,C10307,2026-04-11,Email,Mobile,6,75.1,True,False
S1008545,C11474,2026-05-10,Email,Desktop,3,253.3,False,False
S1008546,C10117,2026-07-15,Organic,Desktop,6,244.7,False,False
S1008547,C11758,2026-03-02,Organic,Mobile,4,105.8,False,False
S1008548,C10133,2026-06-29,Facebook,Mobile,4,191.6,False,False
S1008549,,2026-04-16,Email,Mobile,8,233.8,False,False
S1008550,C10087,2025-10-17,Google Ads,Mobile,6,161.6,False,False
S1008551,,2026-03-22,Organic,Mobile,2,82.8,False,False
S1008552,C11497,2026-06-29,Email,Mobile,7,124.3,True,True
S1008553,C11743,2026-02-28,Instagram,Mobile,7,138.7,True,False
S1008554,C11659,2025-08-30,Google Ads,Tablet,6,54.9,False,False
S1008555,C11963,2026-03-22,Google Ads,Desktop,5,244.1,False,False
S1008556,C11052,2025-11-21,Instagram,Desktop,8,39.5,False,False
S1008557,C10617,2025-11-05,Facebook,Mobile,5,160.0,False,False
S1008558,,2025-11-26,Email,Mobile,1,8.3,False,False
S1008559,,2026-03-26,Google Ads,Desktop,7,79.2,True,False
S1008560,C10862,2026-08-07,Google Ads,Desktop,3,72.8,False,False
S1008561,,2025-10-17,Facebook,Mobile,4,164.3,False,False
S1008562,C11506,2025-11-24,Facebook,Mobile,2,121.8,False,False
S1008563,C11814,2026-02-15,Facebook,Mobile,9,276.0,True,False
S1008564,C10044,2026-03-17,Organic,Mobile,6,489.1,False,False
S1008565,,2026-05-30,Email,Mobile,5,156.2,False,False
S1008566,C11643,2026-02-27,Google Ads,Mobile,8,150.0,False,False
S1008567,C11020,2025-12-01,Instagram,Mobile,6,94.9,False,False
S1008568,,2025-11-17,Affiliate,Desktop,2,59.5,True,False
S1008569,C10660,2025-11-11,Facebook,Desktop,3,259.5,False,False
S1008570,C11347,2026-04-28,Organic,Mobile,5,130.7,False,False
S1008571,C10705,2026-06-06,Organic,Desktop,8,240.7,False,False
S1008572,C11556,2026-07-15,Instagram,Desktop,7,130.4,False,False
S1008573,,2026-06-06,Facebook,Desktop,6,76.8,False,False
S1008574,C11121,2026-03-29,Instagram,Desktop,9,122.2,False,False
S1008575,C11493,2025-11-14,Google Ads,Mobile,7,179.0,False,False
S1008576,C11423,2025-12-16,Email,Mobile,4,123.6,True,False
S1008577,C11599,2025-09-23,Google Ads,Desktop,6,111.1,False,False
S1008578,C10560,2026-03-08,Affiliate,Mobile,3,125.3,False,False
S1008579,C11323,2026-01-16,Organic,Mobile,7,97.6,True,False
S1008580,C10991,2026-05-27,Email,Mobile,4,399.1,False,False
S1008581,C11993,2026-01-28,Organic,Mobile,4,100.3,True,False
S1008582,C11419,2026-06-24,Google Ads,Desktop,5,307.0,True,False
S1008583,C10919,2026-06-28,Organic,Mobile,4,64.9,False,False
S1008584,C10552,2026-06-09,Affiliate,Mobile,6,124.1,False,False
S1008585,C11923,2025-11-23,Instagram,Tablet,8,187.3,False,False
S1008586,C11412,2025-08-31,Facebook,Mobile,6,125.8,False,False
S1008587,C10589,2025-09-26,Facebook,Mobile,2,442.3,True,True
S1008588,C10939,2026-01-15,Instagram,Tablet,6,149.9,False,False
S1008589,C11961,2026-03-31,Google Ads,Desktop,6,121.4,False,False
S1008590,C10436,2025-11-25,Instagram,Mobile,3,303.5,False,False
S1008591,,2025-08-26,Facebook,Mobile,2,225.8,False,False
S1008592,C11266,2025-10-21,Google Ads,Desktop,6,59.8,False,False
S1008593,C10117,2026-03-17,Google Ads,Desktop,4,397.7,False,False
S1008594,,2025-11-03,Facebook,Mobile,7,89.9,False,False
S1008595,,2025-12-05,Facebook,,9,55.8,False,False
S1008596,C11383,2026-07-02,Google Ads,Mobile,6,550.6,True,True
S1008597,,2025-08-26,Instagram,Desktop,3,345.7,False,False
S1008598,C10094,2025-12-18,Email,Mobile,6,26.0,True,False
S1008599,C10032,2025-10-31,Instagram,Desktop,6,188.2,False,False
S1008600,C10977,2026-07-12,Organic,Mobile,5,152.4,False,False
S1008601,C10440,2026-05-23,Organic,Desktop,6,102.5,False,False
S1008602,C11138,2025-11-04,Affiliate,Desktop,8,153.1,True,False
S1008603,C11907,2026-07-14,Facebook,Mobile,5,134.9,False,False
S1008604,C10705,2026-03-10,Organic,Mobile,2,100.6,False,False
S1008605,C10732,2026-08-07,Instagram,Mobile,5,78.2,False,False
S1008606,C10848,2026-05-05,Email,Tablet,5,312.8,False,False
S1008607,,2025-10-25,Organic,Mobile,3,112.6,False,False
S1008608,C11485,2026-03-28,Organic,Desktop,4,229.1,False,False
S1008609,C10548,2026-04-26,Organic,Mobile,5,32.7,False,False
S1008610,,2026-04-25,Facebook,Desktop,5,188.2,False,False
S1008611,C10635,2025-11-07,Organic,Mobile,4,201.3,False,False
S1008612,C10229,2025-11-04,Instagram,Mobile,5,116.9,False,False
S1008613,C10360,2026-05-11,Instagram,Mobile,5,146.7,False,False
S1008614,C11313,2025-08-26,Instagram,Desktop,4,177.4,False,False
S1008615,C10489,2025-09-22,Instagram,Desktop,3,105.9,False,False
S1008616,C10716,2026-02-23,Google Ads,Mobile,5,129.0,False,False
S1008617,C11284,2025-12-18,Organic,Mobile,8,6.3,True,False
S1008618,,2026-07-14,Facebook,Mobile,5,165.7,False,False
S1008619,C10243,2025-12-12,Email,Mobile,3,103.2,False,False
S1008620,C10073,2026-01-23,Instagram,Desktop,5,252.7,False,False
S1008621,,2025-12-11,Google Ads,Mobile,9,143.7,False,False
S1008622,C10083,2026-08-15,Facebook,Desktop,6,416.7,False,False
S1008623,,2025-11-09,Email,Desktop,2,86.3,False,False
S1008624,,2025-08-31,Facebook,Mobile,8,27.3,False,False
S1008625,C11328,2025-10-25,Google Ads,Mobile,2,28.7,False,False
S1008626,,2025-10-14,Facebook,Desktop,5,200.4,True,False
S1008627,C11342,2025-08-27,Email,Mobile,8,287.6,False,False
S1008628,C10573,2026-05-06,Google Ads,Mobile,4,207.3,True,False
S1008629,C11924,2026-07-10,Google Ads,Mobile,5,178.0,False,False
S1008630,,2026-05-31,Organic,Desktop,3,66.1,False,False
S1008631,C10592,2026-01-08,Google Ads,Desktop,4,46.4,False,False
S1008632,C10943,2026-08-01,Organic,Desktop,5,71.7,False,False
S1008633,,2025-10-14,Affiliate,Mobile,2,126.6,False,False
S1008634,C10012,2025-12-21,Organic,Desktop,6,157.9,False,False
S1008635,C10773,2025-09-22,Facebook,Desktop,5,146.1,False,False
S1008636,C10604,2025-10-21,Organic,Mobile,4,167.4,False,False
S1008637,C10106,2025-10-23,Organic,Mobile,8,131.2,True,False
S1008638,C11991,2026-04-11,Google Ads,Mobile,6,252.4,True,False
S1008639,C10680,2026-02-03,Email,Mobile,3,92.2,False,False
S1008640,C10529,2026-03-13,Instagram,Mobile,7,133.6,False,False
S1008641,C11577,2026-05-26,Instagram,Mobile,3,275.3,False,False
S1008642,C11238,2026-08-19,Google Ads,Desktop,5,42.9,False,False
S1008643,C11589,2026-01-31,Facebook,Desktop,11,518.6,False,False
S1008644,,2026-01-05,Facebook,Mobile,3,321.0,True,False
S1008645,C11465,2026-04-13,Facebook,Mobile,6,158.5,False,False
S1008646,C11295,2026-05-09,Affiliate,Desktop,7,78.6,False,False
S1008647,,2025-12-24,Facebook,Mobile,4,28.3,True,False
S1008648,C10941,2025-08-21,Instagram,Tablet,4,30.8,False,False
S1008649,C10648,2026-01-17,Facebook,Mobile,9,161.5,True,False
S1008650,C10600,2025-08-31,Google Ads,Desktop,11,275.0,False,False
S1008651,,2026-05-27,Facebook,Mobile,11,421.7,False,False
S1008652,,2025-09-03,Affiliate,Desktop,6,94.3,False,False
S1008653,,2026-03-25,Facebook,Mobile,3,138.6,False,False
S1008654,C10075,2026-05-31,Email,Mobile,3,57.6,False,False
S1008655,C10658,2026-06-15,Google Ads,Mobile,3,131.5,True,True
S1008656,,2025-10-03,Organic,Mobile,3,410.5,False,False
S1008657,C10653,2025-09-19,Email,Mobile,7,262.4,False,False
S1008658,C10128,2026-05-06,Google Ads,Desktop,9,165.3,True,False
S1008659,C11638,2026-08-19,Facebook,Tablet,4,308.6,False,False
S1008660,C11898,2026-04-27,Instagram,Mobile,5,109.9,False,False
S1008661,C11562,2026-05-22,Organic,Mobile,9,256.2,False,False
S1008662,C11174,2026-03-31,Instagram,Mobile,4,276.1,False,False
S1008663,C11721,2025-10-31,Google Ads,Mobile,5,134.7,False,False
S1008664,C11057,2026-02-05,Google Ads,Mobile,4,151.9,False,False
S1008665,C11062,2026-02-05,Instagram,Desktop,5,44.6,False,False
S1008666,,2025-10-12,Google Ads,Mobile,3,223.5,False,False
S1008667,,2026-03-29,Email,Mobile,7,127.8,False,False
S1008668,C11882,2026-02-08,Instagram,Mobile,5,199.3,True,False
S1008669,,2026-02-04,Instagram,Desktop,5,199.1,False,False
S1008670,C10536,2026-08-20,Instagram,Desktop,8,217.1,True,False
S1008671,C10414,2025-09-26,Google Ads,Mobile,7,149.9,False,False
S1008672,C11058,2025-11-12,Google Ads,Desktop,2,50.4,False,False
S1008673,C10592,2025-11-16,Instagram,Desktop,7,198.5,True,False
S1008674,,2026-01-18,Google Ads,Mobile,4,109.9,False,False
S1008675,C10785,2026-05-08,Organic,Desktop,5,296.6,True,True
S1008676,C10953,2026-06-27,Instagram,Mobile,5,187.0,False,False
S1008677,C10211,2026-05-31,Organic,Mobile,4,47.9,False,False
S1008678,C10258,2026-07-04,Facebook,Mobile,6,310.2,False,False
S1008679,,2026-01-31,Google Ads,Desktop,2,175.5,False,False
S1008680,C10316,2025-11-07,Google Ads,Mobile,5,236.7,False,False
S1008681,,2026-02-16,Email,Tablet,5,69.2,False,False
S1008682,C10266,2026-06-09,Facebook,Mobile,4,156.4,False,False
S1008683,C11971,2025-09-14,Instagram,Desktop,4,149.5,True,True
S1008684,C11748,2026-03-14,Facebook,Mobile,8,191.7,False,False
S1008685,C10608,2026-05-07,Instagram,Mobile,5,499.6,False,False
S1008686,C11393,2026-02-15,Facebook,Mobile,5,142.8,False,False
S1008687,C11980,2026-07-13,Organic,Mobile,6,106.8,True,False
S1008688,C11967,2026-05-16,Google Ads,Desktop,2,125.1,False,False
S1008689,C10816,2026-02-10,Instagram,Desktop,5,179.8,True,True
S1008690,C11308,2025-12-28,Google Ads,Desktop,6,129.9,False,False
S1008691,,2026-04-09,Email,Mobile,8,75.9,False,False
S1008692,,2026-05-11,Affiliate,Mobile,4,182.7,True,True
S1008693,C10194,2025-09-23,Instagram,Desktop,4,92.2,False,False
S1008694,C10181,2026-03-19,Instagram,Desktop,6,320.4,False,False
S1008695,C11490,2026-03-22,Instagram,Mobile,3,391.1,False,False
S1008696,,2026-01-14,Organic,Mobile,5,104.1,False,False
S1008697,C11331,2026-01-05,Google Ads,Mobile,4,58.5,False,False
S1008698,C11040,2026-06-06,Instagram,Mobile,7,87.4,False,False
S1008699,C11525,2025-12-05,Affiliate,Mobile,6,234.8,False,False
S1008700,C10745,2025-12-15,Google Ads,Mobile,2,43.7,False,False
S1008701,C11810,2026-03-08,Affiliate,Desktop,1,136.9,False,False
S1008702,,2026-06-24,Organic,Mobile,9,512.7,False,False
S1008703,C11342,2025-09-26,Facebook,Desktop,6,143.9,False,False
S1008704,,2026-04-03,Instagram,Desktop,6,20.9,False,False
S1008705,,2025-09-12,Organic,Tablet,6,92.1,False,False
S1008706,C11645,2026-03-16,Affiliate,Mobile,5,221.4,True,True
S1008707,C11565,2026-05-01,Facebook,Mobile,7,152.5,True,True
S1008708,,2025-09-02,Google Ads,Mobile,1,190.1,False,False
S1008709,C10035,2026-06-16,Google Ads,Mobile,8,187.1,True,False
S1008710,C11088,2026-08-08,Organic,Mobile,4,110.7,False,False
S1008711,,2026-05-29,Instagram,Desktop,4,146.7,True,True
S1008712,C10403,2025-12-31,Instagram,Mobile,9,344.9,False,False
S1008713,C10074,2025-11-19,Affiliate,Mobile,11,132.6,False,False
S1008714,,2026-05-10,Affiliate,Tablet,5,555.4,False,False
S1008715,C11362,2025-09-13,Instagram,Mobile,4,161.6,False,False
S1008716,C11946,2026-07-07,Instagram,Mobile,3,16.7,False,False
S1008717,C10760,2026-02-02,Email,Mobile,8,450.0,True,False
S1008718,C11578,2026-04-22,Google Ads,Mobile,3,174.7,False,False
S1008719,,2025-08-23,Google Ads,Mobile,2,306.7,False,False
S1008720,,2026-07-13,Facebook,Mobile,5,98.5,False,False
S1008721,C10798,2026-04-20,Email,Mobile,5,162.7,False,False
S1008722,C11791,2025-10-14,Instagram,Mobile,4,49.2,False,False
S1008723,C11458,2025-08-27,Organic,Desktop,5,48.5,False,False
S1008724,C11723,2025-08-25,Google Ads,Mobile,6,217.3,False,False
S1008725,C10944,2026-07-05,Email,Desktop,5,102.4,True,True
S1008726,C10258,2026-07-20,Facebook,Mobile,4,83.9,False,False
S1008727,C11184,2026-08-10,Email,Mobile,4,160.2,True,True
S1008728,C10516,2025-10-07,Facebook,Desktop,4,678.1,False,False
S1008729,C10054,2026-04-22,Google Ads,Desktop,3,52.2,False,False
S1008730,C10032,2025-12-13,Instagram,Desktop,2,18.8,False,False
S1008731,C10803,2025-09-08,Instagram,Mobile,6,341.7,False,False
S1008732,C11220,2026-02-04,Affiliate,Desktop,4,95.6,False,False
S1008733,C11532,2026-04-03,Google Ads,Mobile,5,203.2,False,False
S1008734,,2026-02-13,Facebook,Mobile,5,385.9,False,False
S1008735,C11210,2026-07-18,Facebook,Desktop,3,124.5,False,False
S1008736,,2026-04-21,Affiliate,Mobile,6,116.7,False,False
S1008737,C10414,2026-05-06,Google Ads,Mobile,2,54.8,True,False
S1008738,C10517,2026-07-19,Instagram,Mobile,7,105.7,False,False
S1008739,C10490,2025-09-05,Email,Mobile,4,110.3,True,False
S1008740,,2026-07-16,Organic,Desktop,7,45.9,False,False
S1008741,,2026-01-29,Organic,Mobile,8,191.0,False,False
S1008742,C11733,2026-05-19,Google Ads,Desktop,5,174.1,False,False
S1008743,C10782,2026-07-24,Affiliate,Mobile,5,141.5,False,False
S1008744,C10161,2026-02-11,Affiliate,Desktop,7,106.0,False,False
S1008745,C10187,2025-12-13,Organic,Tablet,7,110.7,False,False
S1008746,C10302,2026-06-11,Organic,Tablet,5,69.9,False,False
S1008747,C10316,2026-04-13,Facebook,Mobile,4,332.7,False,False
S1008748,C11671,2026-08-07,Google Ads,Mobile,3,95.1,False,False
S1008749,C10843,2026-01-07,Email,Desktop,2,152.3,True,False
S1008750,C11558,2025-10-07,Google Ads,Mobile,4,323.6,False,False
S1008751,C11580,2026-03-24,Google Ads,Mobile,7,252.7,False,False
S1008752,C10676,2025-11-25,Instagram,Mobile,4,266.5,True,False
S1008753,C11512,2025-11-15,Email,Mobile,4,609.0,False,False
S1008754,,2026-08-15,Instagram,Mobile,4,112.3,True,False
S1008755,C11416,2025-10-08,Google Ads,Desktop,7,42.4,False,False
S1008756,C10031,2026-05-02,Google Ads,Mobile,5,69.4,True,False
S1008757,C10917,2026-06-08,Facebook,Mobile,8,457.3,False,False
S1008758,C11116,2025-10-16,Email,Mobile,5,192.3,True,False
S1008759,C11357,2026-04-11,Instagram,Mobile,9,250.5,False,False
S1008760,C11201,2025-09-03,Organic,Mobile,4,227.4,False,False
S1008761,C11463,2025-12-13,Organic,Mobile,5,59.9,False,False
S1008762,C11555,2026-03-27,Google Ads,Mobile,3,44.9,False,False
S1008763,C10780,2026-04-15,Google Ads,Tablet,6,294.1,False,False
S1008764,C10842,2026-03-02,Google Ads,Mobile,3,200.3,False,False
S1008765,C11509,2026-05-11,Email,Mobile,7,223.1,False,False
S1008766,C11506,2025-12-12,Facebook,Mobile,6,195.6,False,False
S1008767,C10115,2026-06-29,Organic,Mobile,4,105.3,False,False
S1008768,C11980,2026-03-19,Organic,Mobile,9,136.7,False,False
S1008769,C10931,2026-02-03,Facebook,Tablet,5,282.2,True,False
S1008770,,2026-01-22,Google Ads,Mobile,4,928.2,False,False
S1008771,C10564,2026-05-14,Google Ads,Mobile,4,297.9,True,False
S1008772,,2025-11-18,Email,Mobile,6,90.1,False,False
S1008773,C10111,2026-01-01,Instagram,Desktop,6,638.7,False,False
S1008774,C10487,2026-08-18,Instagram,Mobile,5,44.8,False,False
S1008775,C11943,2025-10-12,Google Ads,Mobile,7,101.0,False,False
S1008776,C11986,2026-08-08,Instagram,Mobile,7,190.8,True,False
S1008777,C11483,2025-09-28,Google Ads,Mobile,5,44.2,False,False
S1008778,C11528,2026-03-24,Organic,Desktop,5,115.7,False,False
S1008779,C10880,2025-08-24,Google Ads,Mobile,6,358.6,False,False
S1008780,C10658,2025-11-14,Affiliate,Desktop,8,140.6,False,False
S1008781,C11172,2025-09-14,Facebook,Mobile,5,205.9,False,False
S1008782,C10932,2025-09-27,Google Ads,Desktop,10,385.8,False,False
S1008783,C10374,2026-07-28,Email,Mobile,5,78.0,True,True
S1008784,C11030,2026-08-15,Google Ads,Mobile,4,215.5,False,False
S1008785,C10341,2026-02-15,Email,Mobile,6,213.2,False,False
S1008786,C10329,2026-03-11,Organic,Desktop,8,12.1,False,False
S1008787,,2026-03-22,Google Ads,Desktop,4,123.7,False,False
S1008788,C10170,2025-10-17,Google Ads,Tablet,4,129.3,False,False
S1008789,C10667,2026-06-29,Google Ads,Mobile,3,73.1,False,False
S1008790,C10692,2025-09-21,Email,Mobile,5,104.3,False,False
S1008791,C10297,2025-09-04,Facebook,Mobile,7,111.0,False,False
S1008792,C11190,2026-06-02,Organic,Mobile,4,136.5,False,False
S1008793,,2026-04-14,Organic,Desktop,7,323.3,True,True
S1008794,,2026-04-27,Organic,Desktop,2,459.4,False,False
S1008795,C10570,2026-01-20,Instagram,Mobile,2,58.5,False,False
S1008796,C10694,2026-08-15,Organic,Mobile,7,377.7,False,False
S1008797,C10318,2026-08-05,Instagram,Mobile,8,155.0,True,False
S1008798,,2026-08-12,Facebook,,5,40.0,True,False
S1008799,,2025-09-21,Email,Desktop,6,42.2,False,False
S1008800,,2026-05-16,Instagram,Desktop,6,278.8,False,False
S1008801,C11854,2025-12-18,Organic,Desktop,4,268.2,True,False
S1008802,C10071,2025-10-07,Instagram,Desktop,4,238.5,False,False
S1008803,C11422,2025-09-13,Organic,Desktop,5,183.9,False,False
S1008804,C10403,2025-10-09,Email,Mobile,4,42.5,False,False
S1008805,,2026-04-03,Google Ads,Tablet,1,128.0,True,False
S1008806,,2026-03-19,Organic,Mobile,5,143.5,False,False
S1008807,C11664,2025-10-06,Affiliate,Tablet,4,232.7,True,False
S1008808,C10480,2025-12-11,Google Ads,Mobile,1,101.4,False,False
S1008809,,2026-03-22,Facebook,Tablet,3,55.9,False,False
S1008810,C10748,2026-04-24,Affiliate,Mobile,4,108.5,False,False
S1008811,C11855,2026-05-30,Affiliate,Mobile,9,206.4,True,True
S1008812,C10698,2025-10-20,Instagram,Mobile,6,193.4,False,False
S1008813,C11309,2026-05-14,Affiliate,Mobile,3,238.1,False,False
S1008814,C10988,2026-07-23,Instagram,Mobile,2,100.2,False,False
S1008815,C11042,2026-01-23,Email,Mobile,4,68.5,True,False
S1008816,C11657,2026-01-31,Organic,Mobile,9,59.8,False,False
S1008817,C10373,2025-10-16,Affiliate,Desktop,5,178.8,False,False
S1008818,C10029,2025-09-04,Google Ads,Mobile,6,168.6,True,False
S1008819,,2025-09-14,Facebook,Desktop,10,0.8,False,False
S1008820,C11142,2025-08-23,Facebook,Desktop,4,411.7,True,False
S1008821,C11031,2026-08-08,Organic,Mobile,5,235.7,True,False
S1008822,C10935,2026-03-04,Instagram,Desktop,8,128.1,False,False
S1008823,C11543,2026-06-08,Instagram,Desktop,6,289.6,True,False
S1008824,C10201,2026-06-08,Instagram,Mobile,3,234.0,False,False
S1008825,C10752,2025-09-16,Organic,Mobile,3,69.4,False,False
S1008826,,2026-02-05,Instagram,Mobile,2,99.2,False,False
S1008827,C11580,2026-08-12,Instagram,Mobile,6,76.9,False,False
S1008828,C11718,2025-11-06,Google Ads,Desktop,4,159.8,False,False
S1008829,C11771,2026-03-01,Organic,Mobile,4,53.8,False,False
S1008830,,2025-08-24,Google Ads,,7,305.1,False,False
S1008831,C11388,2026-05-30,Email,Desktop,9,159.7,False,False
S1008832,C11301,2026-07-27,Email,Mobile,6,40.2,False,False
S1008833,,2026-02-27,Email,Desktop,5,145.2,False,False
S1008834,,2025-12-26,Affiliate,Mobile,3,160.5,False,False
S1008835,C11537,2026-07-13,Organic,Mobile,7,423.2,True,True
S1008836,C10841,2025-09-15,Google Ads,Mobile,6,114.9,False,False
S1008837,C10147,2026-01-03,Google Ads,Desktop,2,103.2,False,False
S1008838,C10913,2026-01-28,Facebook,Desktop,8,147.3,False,False
S1008839,C10054,2025-11-14,Affiliate,Tablet,6,110.7,False,False
S1008840,C11695,2026-03-26,Instagram,Mobile,4,61.1,True,True
S1008841,C10642,2026-03-16,Email,Mobile,8,195.0,True,False
S1008842,C10073,2025-08-25,Instagram,Mobile,3,161.4,False,False
S1008843,C10547,2026-06-06,Google Ads,Mobile,5,273.9,True,True
S1008844,C11569,2026-04-27,Instagram,Mobile,1,69.0,False,False
S1008845,C11465,2026-04-01,Google Ads,Mobile,3,167.5,False,False
S1008846,C10555,2025-09-10,Organic,Desktop,7,107.1,False,False
S1008847,,2026-07-30,Google Ads,Mobile,11,151.5,False,False
S1008848,C10138,2026-02-06,Instagram,Mobile,4,129.9,True,False
S1008849,C11779,2026-06-15,Google Ads,Desktop,5,75.3,False,False
S1008850,,2026-07-05,Organic,Desktop,7,76.9,False,False
S1008851,C11705,2026-06-11,Google Ads,Mobile,2,20.3,False,False
S1008852,C10306,2025-12-27,Organic,Desktop,5,183.4,False,False
S1008853,C10390,2026-05-04,Affiliate,Mobile,3,155.8,False,False
S1008854,C10134,2026-06-24,Instagram,Desktop,5,198.1,False,False
S1008855,C10843,2026-04-16,Facebook,Desktop,4,266.8,False,False
S1008856,C10062,2026-01-24,Email,Desktop,6,298.7,False,False
S1008857,C10748,2026-08-14,Instagram,Tablet,4,86.5,False,False
S1008858,C10160,2026-08-04,Affiliate,Mobile,7,166.4,False,False
S1008859,C10745,2026-05-29,Google Ads,Desktop,6,231.9,False,False
S1008860,,2026-06-01,Facebook,Mobile,5,127.9,False,False
S1008861,,2026-02-19,Instagram,Mobile,2,424.8,False,False
S1008862,C10127,2026-06-12,Facebook,Desktop,8,144.4,False,False
S1008863,,2026-03-30,Email,Mobile,3,308.7,False,False
S1008864,C10335,2026-06-07,Facebook,Desktop,4,211.8,False,False
S1008865,,2025-09-18,Organic,Mobile,6,88.1,False,False
S1008866,C11350,2026-04-11,Affiliate,Mobile,6,457.3,False,False
S1008867,C10163,2025-11-08,Affiliate,Desktop,6,17.3,False,False
S1008868,,2026-08-16,Affiliate,Mobile,8,88.0,True,True
S1008869,C10603,2025-12-10,Organic,Tablet,9,45.8,False,False
S1008870,C11073,2026-05-13,Affiliate,Mobile,5,265.3,False,False
S1008871,C11242,2026-03-19,Email,Tablet,5,24.2,False,False
S1008872,C10215,2025-10-10,Google Ads,Mobile,6,159.0,False,False
S1008873,C10630,2026-05-31,Affiliate,Desktop,7,49.1,False,False
S1008874,,2026-04-08,Google Ads,Mobile,7,238.6,False,False
S1008875,C10143,2026-02-18,Organic,Desktop,7,101.0,True,False
S1008876,,2025-10-24,Affiliate,Mobile,5,201.6,True,True
S1008877,C10348,2026-07-10,Email,Desktop,3,83.6,False,False
S1008878,C11500,2026-08-04,Organic,Mobile,4,128.6,False,False
S1008879,C11168,2025-09-02,Google Ads,Mobile,3,355.0,False,False
S1008880,,2026-01-08,Email,Mobile,5,36.2,False,False
S1008881,C11461,2026-02-21,Organic,Mobile,6,247.2,False,False
S1008882,C11819,2026-05-13,Instagram,Mobile,7,100.2,False,False
S1008883,C10121,2025-11-02,Facebook,Desktop,6,343.0,False,False
S1008884,C10563,2026-04-26,Email,Mobile,8,135.3,True,False
S1008885,C10060,2026-03-21,Affiliate,Mobile,6,54.8,False,False
S1008886,C10020,2025-10-31,Google Ads,Mobile,7,38.7,False,False
S1008887,C11070,2026-05-30,Facebook,Mobile,8,75.8,False,False
S1008888,C10080,2026-01-13,Instagram,Mobile,4,58.0,True,False
S1008889,C10882,2026-01-15,Facebook,Desktop,5,81.6,True,False
S1008890,C11327,2025-12-04,Google Ads,Mobile,6,142.9,False,False
S1008891,C11070,2025-12-05,Instagram,Tablet,4,321.4,True,False
S1008892,C10681,2025-09-12,Facebook,Mobile,3,244.5,False,False
S1008893,C10247,2026-07-30,Instagram,Mobile,6,85.5,False,False
S1008894,C10938,2026-01-04,Facebook,Desktop,3,259.1,False,False
S1008895,,2026-05-29,Google Ads,Desktop,2,320.3,False,False
S1008896,C11106,2025-08-26,Instagram,Mobile,4,967.3,False,False
S1008897,C10686,2026-05-14,Google Ads,Mobile,3,333.8,False,False
S1008898,C11453,2025-10-23,Facebook,Desktop,3,133.4,True,False
S1008899,C10965,2025-11-27,Organic,Mobile,2,101.9,False,False
S1008900,C11539,2026-01-15,Instagram,Mobile,6,94.9,True,False
S1008901,,2026-07-01,Google Ads,Mobile,6,19.2,False,False
S1008902,,2025-12-17,Email,Mobile,2,83.5,False,False
S1008903,C10667,2025-11-16,Google Ads,Mobile,3,396.1,False,False
S1008904,C11429,2025-11-19,Organic,Mobile,3,302.8,False,False
S1008905,C10651,2026-01-14,Instagram,Mobile,5,103.6,False,False
S1008906,C11432,2025-09-24,Google Ads,Mobile,10,116.3,False,False
S1008907,C11837,2025-10-06,Google Ads,Mobile,6,181.9,False,False
S1008908,C10899,2026-01-27,Google Ads,Desktop,6,112.5,False,False
S1008909,C11118,2026-01-18,Email,Mobile,6,102.7,True,True
S1008910,C11667,2026-07-21,Affiliate,Mobile,5,108.9,False,False
S1008911,C11898,2026-07-13,Google Ads,Mobile,9,22.7,True,True
S1008912,C11473,2026-02-27,Affiliate,Desktop,4,122.0,False,False
S1008913,C10878,2026-01-17,Email,Mobile,5,113.5,True,False
S1008914,C11569,2025-11-10,Organic,Desktop,2,187.9,False,False
S1008915,,2025-12-10,Facebook,Mobile,5,77.4,False,False
S1008916,,2025-09-16,Google Ads,Tablet,5,299.5,False,False
S1008917,,2026-03-11,Affiliate,Mobile,6,121.4,False,False
S1008918,C10487,2026-07-09,Affiliate,Desktop,4,91.2,False,False
S1008919,C11210,2026-05-23,Organic,Tablet,7,93.9,False,False
S1008920,,2026-08-21,Affiliate,Mobile,5,299.6,False,False
S1008921,C10121,2025-09-11,Google Ads,Mobile,9,204.0,False,False
S1008922,,2026-02-10,Email,Mobile,5,59.7,False,False
S1008923,C11710,2025-11-09,Affiliate,Desktop,3,172.7,False,False
S1008924,C11929,2026-02-12,Affiliate,Tablet,6,214.7,False,False
S1008925,C11203,2026-05-01,Google Ads,Desktop,5,99.3,True,False
S1008926,C11623,2026-06-30,Email,Mobile,5,139.9,False,False
S1008927,C10917,2026-07-04,Organic,Mobile,3,228.0,True,True
S1008928,C10158,2026-01-02,Instagram,Mobile,6,95.2,False,False
S1008929,C11852,2026-05-03,Instagram,Mobile,3,351.7,True,False
S1008930,C10729,2026-02-13,Instagram,Mobile,5,26.0,False,False
S1008931,,2026-01-07,Affiliate,Desktop,7,323.7,False,False
S1008932,C10305,2025-12-24,Facebook,Mobile,6,85.1,False,False
S1008933,,2026-07-03,Google Ads,Mobile,4,687.5,True,False
S1008934,,2025-12-20,Organic,Mobile,7,424.2,True,False
S1008935,C11220,2026-07-17,Organic,Desktop,3,94.5,False,False
S1008936,C11832,2025-11-20,Instagram,Mobile,1,196.8,False,False
S1008937,C10171,2025-09-05,Google Ads,Mobile,6,398.7,False,False
S1008938,C11569,2026-01-03,Google Ads,Desktop,5,392.5,False,False
S1008939,C10278,2026-04-18,Email,Mobile,4,80.0,True,False
S1008940,C11678,2026-05-07,Instagram,Mobile,5,350.7,True,False
S1008941,C10873,2026-03-12,Facebook,Mobile,5,39.6,False,False
S1008942,C11059,2026-05-28,Instagram,Mobile,3,260.8,False,False
S1008943,,2025-12-29,Facebook,Mobile,5,445.5,False,False
S1008944,C11011,2025-11-12,Google Ads,Desktop,5,129.0,False,False
S1008945,C10276,2026-01-27,Instagram,Mobile,2,114.6,False,False
S1008946,,2026-01-23,Email,Mobile,5,178.2,False,False
S1008947,,2025-10-06,Instagram,Desktop,6,71.5,False,False
S1008948,C11764,2026-07-31,Organic,Mobile,6,378.5,False,False
S1008949,C11561,2025-12-19,Google Ads,Mobile,3,25.5,True,False
S1008950,,2026-08-15,Email,Mobile,4,159.8,False,False
S1008951,,2026-08-12,Google Ads,Mobile,3,250.9,False,False
S1008952,C10886,2026-04-27,Instagram,Desktop,2,173.6,False,False
S1008953,C10794,2026-03-08,Email,Mobile,7,121.8,True,True
S1008954,C10914,2025-12-11,Organic,Desktop,4,101.9,True,False
S1008955,C11208,2025-12-21,Affiliate,Mobile,7,69.2,False,False
S1008956,C10240,2026-02-25,Email,Mobile,5,225.1,True,False
S1008957,C11726,2026-07-27,Organic,Mobile,6,495.3,True,False
S1008958,C11397,2026-05-14,Email,Desktop,6,54.0,False,False
S1008959,C11948,2026-05-19,Email,Desktop,2,137.9,True,False
S1008960,C10180,2026-01-30,Organic,Mobile,6,87.1,False,False
S1008961,C10555,2026-08-01,Google Ads,Mobile,10,68.5,False,False
S1008962,C10056,2026-02-11,Affiliate,Mobile,8,190.7,False,False
S1008963,C11342,2026-01-13,Email,Tablet,7,59.7,False,False
S1008964,C10801,2025-11-09,Organic,Mobile,5,273.2,False,False
S1008965,C10844,2026-01-25,Google Ads,Mobile,6,23.0,False,False
S1008966,C10469,2026-05-04,Organic,Mobile,5,414.2,False,False
S1008967,C11672,2026-03-05,Email,Desktop,6,209.6,True,False
S1008968,C10710,2026-06-05,Google Ads,Mobile,3,61.7,True,True
S1008969,,2025-11-01,Facebook,Tablet,7,280.8,False,False
S1008970,,2026-03-20,Facebook,Desktop,4,167.2,True,False
S1008971,C10698,2025-11-14,Instagram,Mobile,7,364.2,False,False
S1008972,C10055,2026-03-07,Email,Mobile,5,143.5,False,False
S1008973,C11888,2025-12-20,Google Ads,Mobile,7,207.9,False,False
S1008974,C11124,2025-12-07,Google Ads,Mobile,8,22.9,True,False
S1008975,,2026-03-11,Email,Mobile,3,120.8,False,False
S1008976,C11417,2026-06-22,Affiliate,Desktop,4,141.8,False,False
S1008977,C11699,2026-02-01,Google Ads,Tablet,6,129.2,False,False
S1008978,C11973,2026-06-02,Instagram,Mobile,4,11.5,True,True
S1008979,,2026-08-03,Instagram,Desktop,4,229.6,True,False
S1008980,C11199,2025-11-23,Email,Mobile,4,119.0,False,False
S1008981,C10139,2025-11-21,Organic,Mobile,8,129.0,True,False
S1008982,C10856,2025-11-15,Google Ads,Mobile,4,289.0,True,False
S1008983,C10027,2026-05-01,Email,Mobile,5,296.0,False,False
S1008984,C11540,2025-12-30,Organic,Mobile,9,11.8,False,False
S1008985,C10087,2025-09-23,Facebook,Mobile,5,58.0,False,False
S1008986,C10241,2026-04-24,Affiliate,Mobile,4,277.3,False,False
S1008987,C11520,2026-02-06,Organic,Mobile,8,150.0,True,True
S1008988,C11797,2026-02-21,Facebook,Mobile,6,163.2,True,False
S1008989,C11069,2026-03-16,Instagram,Mobile,6,166.8,False,False
S1008990,C10275,2026-04-28,Organic,Mobile,7,52.9,False,False
S1008991,C10907,2025-10-05,Instagram,Desktop,6,81.8,False,False
S1008992,C11425,2025-09-16,Google Ads,,4,99.6,False,False
S1008993,C10980,2026-05-19,Facebook,Mobile,3,258.0,False,False
S1008994,C10048,2026-06-11,Organic,Tablet,5,20.0,False,False
S1008995,C11619,2026-08-08,Google Ads,Mobile,2,63.7,False,False
S1008996,,2026-01-10,Facebook,Desktop,7,188.7,True,False
S1008997,,2026-04-24,Google Ads,Desktop,7,102.0,False,False
S1008998,C10681,2026-04-09,Affiliate,Mobile,7,157.1,False,False
S1008999,C11925,2026-02-08,Email,Mobile,4,352.6,False,False
S1009000,C10364,2026-03-25,Email,Mobile,5,165.6,False,False
S1009001,,2025-10-20,Facebook,Desktop,4,167.6,False,False
S1009002,,2026-02-10,Instagram,Desktop,4,27.3,False,False
S1009003,C11940,2026-01-10,Email,Mobile,4,51.9,False,False
S1009004,C11016,2026-06-15,Instagram,Mobile,6,295.0,False,False
S1009005,,2026-08-03,Organic,Desktop,3,339.6,False,False
S1009006,C10967,2026-02-09,Organic,Desktop,5,150.5,False,False
S1009007,,2026-05-10,Affiliate,Mobile,2,91.1,False,False
S1009008,C10154,2026-03-12,Organic,Mobile,4,215.8,True,False
S1009009,C11355,2025-12-03,Email,Tablet,5,104.1,False,False
S1009010,C10583,2025-09-15,Google Ads,Tablet,11,372.6,False,False
S1009011,C11017,2025-09-12,Google Ads,Mobile,2,227.3,True,True
S1009012,,2026-08-02,Google Ads,Mobile,5,131.7,False,False
S1009013,C11562,2026-02-26,Organic,Mobile,6,161.6,True,False
S1009014,C11009,2025-09-09,Facebook,Desktop,9,36.6,False,False
S1009015,C10237,2026-06-29,Google Ads,Desktop,5,139.9,False,False
S1009016,C11643,2025-09-13,Organic,Mobile,4,319.7,True,True
S1009017,C11735,2026-05-13,Instagram,Desktop,8,364.9,False,False
S1009018,C11665,2026-07-04,Affiliate,Mobile,5,352.9,False,False
S1009019,,2026-06-25,Email,Mobile,9,149.4,False,False
S1009020,C10951,2026-01-22,Instagram,Desktop,11,150.7,False,False
S1009021,C11096,2026-02-13,Affiliate,Mobile,7,118.6,False,False
S1009022,C11816,2026-03-28,Facebook,Mobile,2,23.2,False,False
S1009023,,2025-10-03,Google Ads,Desktop,7,249.4,True,False
S1009024,C10534,2026-02-05,Instagram,Desktop,8,209.7,False,False
S1009025,C10099,2025-12-16,Instagram,Desktop,4,97.0,True,False
S1009026,,2025-11-10,Instagram,Desktop,2,60.8,False,False
S1009027,C11827,2026-01-18,Organic,Desktop,6,248.6,False,False
S1009028,C10890,2026-02-23,Organic,Mobile,4,144.9,False,False
S1009029,,2026-08-14,Email,Tablet,4,416.5,True,True
S1009030,C11413,2025-11-24,Organic,Mobile,5,129.3,False,False
S1009031,C10884,2025-10-05,Google Ads,Mobile,2,70.6,False,False
S1009032,C11599,2026-06-14,Email,Desktop,6,124.6,True,True
S1009033,C10078,2025-12-01,Google Ads,Mobile,5,60.9,False,False
S1009034,C11528,2026-08-02,Organic,Mobile,4,139.0,True,True
S1009035,C10620,2026-08-10,Organic,Mobile,2,449.1,False,False
S1009036,C11477,2026-06-09,Instagram,Mobile,6,148.9,False,False
S1009037,C10187,2025-11-28,Affiliate,Mobile,4,44.5,False,False
S1009038,C10785,2026-02-12,Facebook,Desktop,6,58.0,False,False
S1009039,C11850,2026-01-19,Instagram,Tablet,4,548.8,False,False
S1009040,,2026-02-14,Email,Mobile,4,222.8,False,False
S1009041,,2026-02-09,Google Ads,Mobile,7,294.4,False,False
S1009042,C10563,2026-01-07,Instagram,Desktop,1,297.8,False,False
S1009043,,2025-10-30,Organic,Mobile,5,25.5,False,False
S1009044,C10361,2025-09-02,Instagram,Mobile,4,131.0,False,False
S1009045,C10903,2025-11-17,Facebook,Desktop,2,179.5,False,False
S1009046,,2025-09-25,Instagram,Mobile,5,113.6,False,False
S1009047,,2026-01-03,Affiliate,Desktop,6,245.5,True,False
S1009048,C11372,2026-08-19,Email,Mobile,6,585.9,True,True
S1009049,C10475,2026-05-18,Instagram,Desktop,6,142.7,False,False
S1009050,C10076,2025-10-11,Email,Desktop,12,191.3,False,False
S1009051,C11049,2026-08-14,Instagram,Mobile,3,122.3,False,False
S1009052,C11594,2026-03-28,Affiliate,Mobile,4,274.9,False,False
S1009053,,2026-02-08,Facebook,Desktop,1,104.6,False,False
S1009054,C10215,2026-07-19,Facebook,Mobile,2,14.6,False,False
S1009055,,2025-12-26,Instagram,Desktop,6,113.5,True,False
S1009056,C10033,2025-10-01,Google Ads,Mobile,6,26.2,False,False
S1009057,C11216,2025-09-29,Google Ads,Mobile,2,109.0,True,False
S1009058,C11919,2026-01-02,Affiliate,Mobile,5,154.6,True,False
S1009059,C10416,2026-01-03,Instagram,Desktop,7,105.8,False,False
S1009060,C11349,2026-02-10,Google Ads,Mobile,9,297.9,True,False
S1009061,C12000,2026-07-04,Organic,Mobile,6,82.2,False,False
S1009062,C11548,2026-04-07,Affiliate,Mobile,5,192.4,False,False
S1009063,C11506,2025-12-22,Google Ads,Mobile,3,105.2,False,False
S1009064,,2026-02-25,Email,Mobile,4,99.6,False,False
S1009065,C10041,2026-02-05,Instagram,Desktop,5,428.4,False,False
S1009066,C11790,2025-10-10,Instagram,Desktop,4,349.0,False,False
S1009067,,2026-03-23,Facebook,Desktop,5,112.4,False,False
S1009068,C11446,2026-02-24,Instagram,Desktop,6,165.6,False,False
S1009069,C11736,2025-12-09,Facebook,Mobile,9,147.2,False,False
S1009070,C11548,2025-12-22,Email,Mobile,7,186.7,False,False
S1009071,C10676,2026-01-14,Instagram,Desktop,5,137.8,True,True
S1009072,C10086,2025-10-06,Email,Mobile,6,173.5,False,False
S1009073,,2026-08-08,Instagram,Mobile,9,231.6,False,False
S1009074,C11412,2026-01-09,Instagram,Mobile,5,177.0,False,False
S1009075,C10818,2025-12-19,Google Ads,Desktop,8,122.8,True,False
S1009076,,2026-02-11,Google Ads,Mobile,6,685.1,False,False
S1009077,C11943,2026-05-17,Organic,Mobile,9,224.4,True,False
S1009078,C10047,2025-12-08,Facebook,Tablet,3,105.4,False,False
S1009079,C10603,2025-12-25,Email,Mobile,3,229.1,False,False
S1009080,C10090,2026-03-15,Google Ads,Desktop,4,121.1,False,False
S1009081,,2026-05-09,Affiliate,Tablet,6,242.2,True,False
S1009082,,2025-10-11,Google Ads,Mobile,6,142.1,False,False
S1009083,C11828,2026-07-12,Instagram,Mobile,4,116.9,False,False
S1009084,C11358,2025-12-15,Organic,Mobile,4,63.3,True,False
S1009085,,2025-09-07,Google Ads,Desktop,2,197.7,True,False
S1009086,C11635,2026-04-05,Organic,Mobile,4,43.5,False,False
S1009087,C11631,2026-06-16,Instagram,Mobile,7,199.1,True,False
S1009088,C11017,2026-02-26,Facebook,Tablet,3,51.9,False,False
S1009089,,2026-04-29,Google Ads,Mobile,5,62.3,False,False
S1009090,C11456,2026-04-20,Affiliate,Desktop,5,391.2,False,False
S1009091,C11868,2026-06-08,Organic,Tablet,3,149.6,False,False
S1009092,,2026-02-09,Instagram,Mobile,6,156.7,False,False
S1009093,C10368,2025-08-24,Email,Mobile,3,112.4,False,False
S1009094,C11323,2025-12-08,Affiliate,Mobile,4,169.7,True,False
S1009095,C11544,2025-11-13,Google Ads,Mobile,3,255.4,False,False
S1009096,,2026-03-11,Affiliate,Mobile,4,300.6,False,False
S1009097,C10222,2026-04-03,Instagram,Mobile,4,413.8,False,False
S1009098,C11856,2025-12-13,Affiliate,Mobile,4,85.8,False,False
S1009099,C10717,2026-07-24,Google Ads,Desktop,4,171.8,True,False
S1009100,,2025-09-26,Instagram,Mobile,7,80.4,True,True
S1009101,C10273,2026-01-30,Google Ads,Mobile,3,159.7,False,False
S1009102,,2026-01-28,Instagram,Desktop,5,244.6,False,False
S1009103,C11332,2026-04-05,Affiliate,Mobile,4,175.5,True,False
S1009104,C11042,2026-02-21,Facebook,Mobile,5,156.6,False,False
S1009105,C10682,2026-07-10,Instagram,Mobile,3,28.7,False,False
S1009106,C10658,2026-03-04,Google Ads,Desktop,3,85.9,False,False
S1009107,C10992,2026-07-12,Affiliate,Desktop,4,80.2,False,False
S1009108,C11295,2026-03-05,Organic,Mobile,3,13.8,False,False
S1009109,C10123,2026-06-15,Email,Mobile,4,320.0,True,False
S1009110,C10927,2025-09-15,Google Ads,Tablet,4,412.0,False,False
S1009111,C10140,2026-02-06,Instagram,Tablet,6,28.5,False,False
S1009112,C10967,2026-06-22,Instagram,Tablet,1,241.6,False,False
S1009113,C11566,2025-10-30,Organic,Desktop,5,202.4,True,True
S1009114,C11505,2025-10-19,Instagram,Mobile,8,85.9,False,False
S1009115,C10895,2026-01-22,Facebook,Mobile,4,135.5,False,False
S1009116,C10564,2026-07-06,Facebook,Desktop,6,428.1,True,False
S1009117,C11630,2026-08-12,Email,Tablet,6,27.9,False,False
S1009118,C10542,2026-02-10,Email,Mobile,6,86.5,True,True
S1009119,,2025-10-28,Facebook,Mobile,4,187.8,False,False
S1009120,,2025-11-29,Facebook,Desktop,5,514.2,False,False
S1009121,C11396,2026-06-06,Instagram,Mobile,5,195.0,False,False
S1009122,C10416,2026-05-16,Google Ads,Mobile,4,306.2,True,True
S1009123,C10534,2025-09-30,Organic,Mobile,5,205.0,False,False
S1009124,C10164,2026-02-05,Facebook,,8,185.2,True,True
S1009125,C10177,2026-01-29,Email,Mobile,4,251.7,False,False
S1009126,,2025-12-20,Organic,Mobile,4,185.4,False,False
S1009127,C11691,2025-10-26,Affiliate,Mobile,5,256.6,False,False
S1009128,C10845,2025-12-12,Email,Desktop,5,511.8,True,True
S1009129,C11854,2026-03-28,Organic,Mobile,4,164.0,False,False
S1009130,C11230,2026-01-25,Email,Mobile,6,215.3,False,False
S1009131,C10259,2025-12-21,Facebook,Mobile,6,105.0,False,False
S1009132,C11654,2026-06-06,Organic,Mobile,5,113.4,False,False
S1009133,C10981,2026-01-17,Instagram,Mobile,4,231.0,True,False
S1009134,C10275,2025-11-13,Instagram,Tablet,3,69.1,False,False
S1009135,C10965,2025-09-04,Affiliate,Mobile,5,90.3,True,False
S1009136,C10235,2026-03-09,Organic,Mobile,11,181.5,True,False
S1009137,C11350,2026-07-11,Organic,Desktop,2,77.4,False,False
S1009138,C11089,2026-01-30,Email,Mobile,5,263.1,False,False
S1009139,C11677,2026-06-22,Instagram,Desktop,2,250.0,False,False
S1009140,,2026-01-06,Affiliate,Tablet,3,117.8,True,True
S1009141,C10371,2026-08-10,Email,Desktop,4,229.6,False,False
S1009142,C10771,2026-07-25,Facebook,Mobile,6,196.8,False,False
S1009143,C10931,2025-11-24,Instagram,Mobile,3,359.4,True,True
S1009144,,2026-03-31,Email,Mobile,5,283.6,False,False
S1009145,C10480,2025-12-28,Affiliate,Mobile,6,176.6,False,False
S1009146,C11984,2026-01-21,Facebook,Tablet,2,182.0,False,False
S1009147,C11173,2026-03-19,Instagram,Mobile,4,38.1,False,False
S1009148,C11271,2026-06-26,Instagram,Mobile,7,402.1,True,False
S1009149,C11345,2026-06-25,Instagram,Tablet,4,69.0,False,False
S1009150,C10372,2025-12-25,Email,Desktop,5,131.7,False,False
S1009151,C10537,2026-04-25,Facebook,Mobile,3,51.7,False,False
S1009152,C11814,2026-08-02,Instagram,Desktop,5,123.1,True,False
S1009153,,2025-12-11,Instagram,Desktop,6,292.9,True,True
S1009154,C11431,2026-07-10,Google Ads,Desktop,5,173.4,False,False
S1009155,C11572,2025-11-23,Affiliate,Tablet,7,102.3,True,False
S1009156,C10140,2026-06-20,Organic,Desktop,8,37.2,False,False
S1009157,C10960,2026-07-02,Instagram,Desktop,3,33.1,False,False
S1009158,C11243,2026-03-13,Google Ads,Mobile,4,288.8,True,False
S1009159,C10559,2026-02-17,Organic,Mobile,4,93.8,False,False
S1009160,C10679,2026-05-05,Organic,Mobile,5,148.5,False,False
S1009161,,2026-01-01,Organic,Mobile,4,51.5,False,False
S1009162,C11744,2025-10-27,Organic,Desktop,3,538.6,False,False
S1009163,,2026-04-20,Facebook,Mobile,2,94.6,False,False
S1009164,C11992,2025-09-21,Email,Mobile,4,416.6,False,False
S1009165,C10051,2026-05-24,Google Ads,Mobile,3,58.1,True,False
S1009166,C11412,2025-11-20,Email,Desktop,6,240.4,True,False
S1009167,C10492,2026-08-03,Facebook,Mobile,4,115.0,False,False
S1009168,C11788,2026-03-06,Organic,Desktop,7,236.3,False,False
S1009169,C10125,2026-04-02,Google Ads,Desktop,4,80.6,False,False
S1009170,C11576,2025-12-29,Instagram,Desktop,2,350.8,True,True
S1009171,C11567,2026-08-15,Google Ads,Desktop,7,248.6,False,False
S1009172,,2025-11-07,Facebook,Mobile,7,85.5,True,True
S1009173,C11483,2026-04-19,Organic,Desktop,2,429.0,False,False
S1009174,C11962,2026-04-02,Email,Desktop,5,385.4,False,False
S1009175,,2026-07-17,Facebook,Mobile,9,67.6,False,False
S1009176,C10409,2026-02-15,Organic,Desktop,6,50.1,False,False
S1009177,C11922,2026-04-28,Email,Mobile,5,148.4,False,False
S1009178,C10630,2026-02-24,Facebook,Mobile,7,27.3,False,False
S1009179,C10229,2025-10-31,Instagram,Mobile,4,140.7,True,True
S1009180,C10397,2026-04-25,Facebook,Tablet,4,86.3,False,False
S1009181,C10175,2026-06-18,Instagram,Mobile,7,336.8,False,False
S1009182,C11719,2026-08-06,Organic,Mobile,7,54.6,False,False
S1009183,C11517,2026-03-20,Facebook,Mobile,4,244.0,False,False
S1009184,C10971,2026-08-17,Organic,Mobile,5,471.9,False,False
S1009185,C11081,2026-03-25,Affiliate,Mobile,4,171.9,False,False
S1009186,,2025-10-16,Instagram,Desktop,2,478.4,False,False
S1009187,C10442,2026-04-24,Organic,Mobile,3,202.3,False,False
S1009188,C11728,2025-11-11,Google Ads,Mobile,7,62.3,True,False
S1009189,C11776,2026-03-23,Affiliate,Mobile,4,50.4,True,False
S1009190,,2025-10-01,Google Ads,Desktop,5,176.7,False,False
S1009191,,2025-11-04,Email,Mobile,6,140.0,False,False
S1009192,C11118,2026-07-13,Facebook,Mobile,5,150.3,False,False
S1009193,C11500,2026-01-07,Facebook,Desktop,5,74.3,True,False
S1009194,C10806,2025-09-26,Google Ads,Desktop,5,199.9,False,False
S1009195,C11029,2026-03-01,Google Ads,Mobile,5,58.3,False,False
S1009196,C11167,2026-05-22,Organic,Desktop,4,84.4,False,False
S1009197,C10258,2026-07-03,Instagram,Mobile,3,73.6,True,False
S1009198,C11998,2026-04-24,Organic,Mobile,6,117.3,False,False
S1009199,C10902,2025-11-20,Google Ads,Desktop,9,253.9,False,False
S1009200,C10210,2025-12-18,Instagram,Mobile,3,88.8,False,False
S1009201,C11307,2026-06-14,Instagram,Desktop,4,130.6,False,False
S1009202,C10736,2026-06-16,Facebook,Mobile,8,67.9,True,True
S1009203,,2026-04-16,Facebook,Mobile,5,133.4,False,False
S1009204,C10354,2025-12-18,Google Ads,Mobile,3,163.6,False,False
S1009205,,2026-01-05,Google Ads,Mobile,4,263.4,False,False
S1009206,,2026-03-11,Organic,Mobile,2,159.6,False,False
S1009207,C11271,2025-09-14,Google Ads,Desktop,4,54.7,False,False
S1009208,C10457,2025-09-08,Affiliate,Mobile,4,212.5,False,False
S1009209,C10699,2026-02-21,Instagram,Tablet,3,122.1,False,False
S1009210,C10980,2026-06-17,Organic,Desktop,7,98.0,False,False
S1009211,C10197,2026-07-17,Organic,Mobile,3,81.4,False,False
S1009212,C10645,2026-05-04,Facebook,Mobile,5,122.3,False,False
S1009213,C10371,2025-09-24,Organic,Mobile,2,131.4,False,False
S1009214,,2025-11-01,Organic,Mobile,3,199.0,False,False
S1009215,C10911,2026-06-10,Google Ads,Mobile,4,128.1,True,False
S1009216,C10004,2026-06-06,Facebook,Mobile,8,109.7,True,True
S1009217,C10935,2026-07-12,Facebook,Mobile,5,294.0,False,False
S1009218,C11367,2025-08-31,Email,Desktop,4,492.0,False,False
S1009219,C10240,2025-10-10,Google Ads,Desktop,6,294.2,False,False
S1009220,C10802,2026-07-22,Organic,Mobile,6,152.9,False,False
S1009221,,2026-07-01,Instagram,Mobile,5,53.7,False,False
S1009222,,2026-08-02,Facebook,Mobile,3,87.2,False,False
S1009223,C10715,2026-06-02,Instagram,Mobile,4,163.8,True,True
S1009224,C10457,2025-11-04,Organic,Mobile,9,70.8,False,False
S1009225,C11423,2025-11-16,Organic,Desktop,4,330.9,False,False
S1009226,C11980,2026-01-11,Google Ads,Desktop,6,160.5,False,False
S1009227,C10068,2025-11-10,Google Ads,Mobile,9,110.8,False,False
S1009228,,2025-09-03,Instagram,Mobile,5,126.5,True,True
S1009229,C10671,2025-12-04,Affiliate,Mobile,4,142.1,True,True
S1009230,C10599,2026-03-18,Email,Desktop,5,163.8,False,False
S1009231,C10734,2025-11-01,Organic,Desktop,4,49.2,False,False
S1009232,C11550,2025-11-23,Facebook,Mobile,3,265.1,False,False
S1009233,C10196,2026-01-31,Affiliate,Mobile,3,81.6,False,False
S1009234,C10739,2026-01-10,Facebook,Desktop,9,270.7,False,False
S1009235,C10258,2026-04-12,Instagram,Mobile,5,192.2,False,False
S1009236,C10085,2026-06-25,Google Ads,Mobile,5,264.1,False,False
S1009237,C11890,2026-06-19,Google Ads,Mobile,2,194.0,False,False
S1009238,,2026-07-02,Instagram,Desktop,8,691.9,False,False
S1009239,C10396,2025-08-31,Affiliate,Desktop,10,170.6,False,False
S1009240,C11262,2026-03-06,Facebook,Desktop,3,27.0,False,False
S1009241,C11993,2026-03-13,Instagram,Mobile,7,328.6,False,False
S1009242,C10482,2025-09-27,Facebook,Desktop,8,63.4,True,False
S1009243,C10616,2026-03-04,Organic,Mobile,5,295.0,False,False
S1009244,C10634,2026-02-03,Organic,Mobile,5,330.0,False,False
S1009245,C10240,2025-12-09,Google Ads,Mobile,1,191.2,True,False
S1009246,C11956,2026-05-30,Google Ads,Mobile,4,322.3,False,False
S1009247,C10845,2026-01-22,Organic,Desktop,2,285.3,False,False
S1009248,,2026-02-17,Email,Desktop,12,172.0,False,False
S1009249,C10773,2026-01-21,Organic,Desktop,4,114.1,False,False
S1009250,C10563,2026-06-22,Google Ads,Tablet,5,202.0,False,False
S1009251,C10604,2026-02-03,Google Ads,Mobile,5,223.6,True,False
S1009252,C10288,2026-06-21,Affiliate,Mobile,4,191.3,False,False
S1009253,C11699,2026-04-22,Google Ads,Mobile,3,61.5,False,False
S1009254,C11960,2025-09-28,Google Ads,Desktop,5,225.4,True,False
S1009255,C11292,2025-10-09,Instagram,Mobile,9,228.9,False,False
S1009256,,2026-06-28,Email,Mobile,3,394.0,False,False
S1009257,C10348,2026-02-26,Google Ads,Mobile,6,226.1,False,False
S1009258,C10425,2026-03-10,Facebook,Mobile,2,175.4,False,False
S1009259,,2026-07-29,Google Ads,Mobile,1,80.1,False,False
S1009260,,2026-01-17,Google Ads,Mobile,4,22.2,False,False
S1009261,C11482,2026-03-01,Email,Mobile,5,51.4,False,False
S1009262,C11204,2025-11-18,Affiliate,Tablet,2,19.9,True,True
S1009263,C11803,2026-03-07,Organic,Mobile,9,315.4,False,False
S1009264,C10756,2026-01-15,Organic,Desktop,6,213.6,False,False
S1009265,C11947,2026-04-17,Affiliate,Tablet,5,496.3,False,False
S1009266,C11274,2026-07-12,Instagram,Mobile,2,87.5,False,False
S1009267,C10873,2025-11-20,Google Ads,Mobile,5,40.8,True,False
S1009268,,2026-04-10,Affiliate,Desktop,5,322.5,True,False
S1009269,C10796,2026-04-23,Facebook,Tablet,4,227.9,False,False
S1009270,C10079,2025-12-25,Instagram,Tablet,5,58.1,False,False
S1009271,C10064,2026-01-09,Google Ads,Tablet,5,232.1,True,False
S1009272,C11398,2026-08-05,Organic,Mobile,6,257.0,True,True
S1009273,C10861,2025-10-19,Facebook,Mobile,3,448.5,False,False
S1009274,C11436,2026-01-05,Affiliate,Mobile,5,124.8,False,False
S1009275,,2025-12-18,Organic,Mobile,7,116.8,True,False
S1009276,C11880,2026-06-05,Instagram,Mobile,2,364.6,True,True
S1009277,C10733,2026-04-08,Facebook,Mobile,4,262.3,True,False
S1009278,,2025-10-20,Google Ads,Desktop,6,48.4,False,False
S1009279,,2026-04-04,Google Ads,Tablet,7,157.9,False,False
S1009280,C10545,2025-10-31,Email,Mobile,8,154.2,False,False
S1009281,C11514,2025-10-12,Email,Desktop,4,97.6,False,False
S1009282,C11184,2025-08-22,Google Ads,Desktop,1,50.1,False,False
S1009283,C11220,2025-12-13,Affiliate,Mobile,7,107.1,False,False
S1009284,C10777,2026-07-25,Organic,Tablet,4,633.1,False,False
S1009285,C11273,2026-03-10,Affiliate,Mobile,6,224.7,True,False
S1009286,C11771,2026-01-12,Google Ads,Mobile,5,158.9,False,False
S1009287,,2026-03-17,Google Ads,Desktop,7,47.9,False,False
S1009288,,2025-11-21,Instagram,Desktop,1,138.9,False,False
S1009289,C10264,2026-08-13,Google Ads,Desktop,6,88.7,True,True
S1009290,,2025-08-24,Instagram,Mobile,2,240.5,False,False
S1009291,C11111,2026-08-16,Email,Desktop,5,29.3,True,False
S1009292,,2026-05-04,Google Ads,Mobile,4,94.2,False,False
S1009293,C10056,2026-06-06,Organic,Tablet,5,232.1,False,False
S1009294,,2025-12-27,Facebook,Mobile,8,69.5,False,False
S1009295,,2026-08-03,Google Ads,Mobile,1,72.2,False,False
S1009296,C11831,2026-01-13,Organic,Desktop,6,171.7,True,False
S1009297,C11520,2025-12-21,Facebook,Desktop,5,144.1,False,False
S1009298,C10598,2025-12-24,Google Ads,Mobile,5,816.1,False,False
S1009299,C11294,2025-10-31,Organic,Mobile,4,253.7,False,False
S1009300,C10547,2026-08-14,Organic,Mobile,5,227.3,False,False
S1009301,C10259,2026-07-06,Google Ads,Desktop,4,397.9,True,False
S1009302,,2026-05-10,Facebook,Tablet,6,89.5,False,False
S1009303,C10762,2026-06-24,Google Ads,Mobile,10,37.9,True,False
S1009304,,2026-06-16,Email,Tablet,2,85.0,False,False
S1009305,C10060,2025-11-22,Instagram,Mobile,4,239.1,False,False
S1009306,C11580,2026-07-17,Instagram,Mobile,4,261.4,False,False
S1009307,C10354,2026-01-01,Organic,Desktop,3,291.8,False,False
S1009308,C11149,2025-08-24,Facebook,Desktop,8,443.4,True,True
S1009309,,2026-07-20,Email,Desktop,7,61.0,True,True
S1009310,C11985,2026-05-22,Facebook,Desktop,8,107.2,True,True
S1009311,C10616,2026-05-05,Organic,Mobile,7,36.0,True,False
S1009312,C10543,2025-09-21,Facebook,Mobile,6,11.5,False,False
S1009313,C11436,2025-10-18,Instagram,Mobile,2,183.5,False,False
S1009314,C10200,2025-09-02,Email,Mobile,4,32.8,True,False
S1009315,C10431,2026-03-10,Google Ads,Mobile,6,161.7,False,False
S1009316,C11728,2026-02-07,Instagram,Desktop,2,930.7,False,False
S1009317,C11829,2026-01-09,Facebook,Desktop,6,295.8,False,False
S1009318,,2025-09-29,Organic,Mobile,9,489.6,False,False
S1009319,C10165,2025-09-15,Organic,Mobile,6,165.3,True,False
S1009320,,2025-10-23,Instagram,Mobile,4,168.4,False,False
S1009321,,2026-02-16,Email,Mobile,4,150.7,False,False
S1009322,C11319,2025-12-18,Affiliate,Mobile,3,89.9,False,False
S1009323,,2026-07-26,Instagram,Desktop,9,74.9,False,False
S1009324,C11020,2025-11-03,Facebook,Mobile,7,202.3,False,False
S1009325,C11777,2025-09-28,Email,Mobile,6,199.0,True,False
S1009326,,2025-09-20,Google Ads,Mobile,4,36.1,True,False
S1009327,,2025-09-25,Organic,Desktop,6,92.1,True,False
S1009328,C11742,2025-12-22,Organic,Mobile,2,282.5,False,False
S1009329,C11467,2025-12-12,Google Ads,Desktop,6,103.3,False,False
S1009330,C10388,2026-08-13,Email,Mobile,5,253.5,False,False
S1009331,C10029,2026-02-04,Google Ads,Desktop,7,155.6,True,False
S1009332,,2025-10-30,Email,Mobile,10,256.1,False,False
S1009333,C10293,2026-06-13,Instagram,Desktop,6,66.3,True,False
S1009334,C11106,2025-11-22,Organic,Mobile,8,163.4,False,False
S1009335,C11053,2026-07-11,Affiliate,Mobile,2,28.2,False,False
S1009336,C11678,2025-08-28,Organic,Mobile,5,154.1,False,False
S1009337,C10980,2025-11-22,Google Ads,Mobile,4,99.8,True,False
S1009338,C10423,2026-05-10,Affiliate,Mobile,7,44.5,True,True
S1009339,C10755,2026-06-29,Organic,Desktop,7,59.0,False,False
S1009340,,2026-05-10,Facebook,Desktop,4,188.3,False,False
S1009341,C10627,2025-10-26,Facebook,Mobile,7,54.6,False,False
S1009342,C10127,2025-10-26,Facebook,Mobile,8,184.9,False,False
S1009343,C11941,2026-04-12,Email,Desktop,3,263.5,False,False
S1009344,C10525,2026-06-14,Organic,Desktop,5,224.2,True,False
S1009345,C10715,2026-04-07,Email,Mobile,2,253.7,False,False
S1009346,C10561,2025-08-27,Google Ads,Mobile,4,212.6,False,False
S1009347,,2025-10-04,Google Ads,Mobile,6,649.6,False,False
S1009348,C11455,2026-01-31,Organic,Mobile,2,247.1,False,False
S1009349,C11013,2025-10-17,Organic,Mobile,7,446.3,False,False
S1009350,C11984,2025-08-30,Instagram,Desktop,5,196.5,False,False
S1009351,C10624,2026-03-06,Affiliate,Mobile,5,213.3,False,False
S1009352,C11742,2025-08-31,Affiliate,Desktop,4,489.3,False,False
S1009353,C11397,2026-02-12,Google Ads,Mobile,3,190.6,False,False
S1009354,C11895,2026-03-01,Google Ads,Desktop,5,272.5,False,False
S1009355,C11194,2025-11-28,Instagram,Mobile,5,529.8,True,False
S1009356,C10652,2025-09-06,Instagram,Mobile,5,76.5,False,False
S1009357,C11172,2026-03-14,Instagram,Mobile,6,147.7,False,False
S1009358,C10740,2025-11-28,Facebook,Mobile,4,304.1,True,False
S1009359,,2025-09-03,Google Ads,Mobile,2,176.6,False,False
S1009360,C11969,2025-09-01,Affiliate,Desktop,4,53.7,False,False
S1009361,C11503,2025-11-21,Organic,Mobile,6,162.4,True,True
S1009362,C10126,2026-02-26,Google Ads,Desktop,8,295.2,True,False
S1009363,C11254,2025-11-18,Google Ads,Mobile,7,135.3,False,False
S1009364,,2026-05-29,Instagram,Mobile,4,370.7,True,True
S1009365,C10221,2026-05-02,Facebook,Mobile,3,135.8,False,False
S1009366,,2025-08-21,Google Ads,Desktop,3,49.0,False,False
S1009367,C10631,2026-04-02,Facebook,Mobile,7,349.2,False,False
S1009368,C10514,2026-06-28,Affiliate,Mobile,6,332.8,False,False
S1009369,,2025-10-07,Facebook,Mobile,5,70.4,True,True
S1009370,C11551,2026-01-09,Google Ads,Desktop,4,217.8,False,False
S1009371,C11666,2026-07-27,Google Ads,Mobile,3,193.3,False,False
S1009372,C11675,2026-01-07,Affiliate,Tablet,7,204.1,False,False
S1009373,,2026-01-13,Email,Mobile,6,159.5,False,False
S1009374,C11878,2025-12-09,Affiliate,Desktop,3,289.1,False,False
S1009375,C10004,2026-07-24,Google Ads,Mobile,8,433.5,True,True
S1009376,C10425,2026-05-26,Google Ads,Desktop,4,206.3,True,False
S1009377,C10252,2026-05-13,Facebook,Mobile,4,320.6,False,False
S1009378,C10782,2026-04-20,Instagram,Mobile,3,126.6,False,False
S1009379,,2026-05-29,Organic,Desktop,9,122.8,True,False
S1009380,C11855,2025-11-26,Instagram,Mobile,6,502.9,True,True
S1009381,C11489,2026-07-22,Email,Tablet,4,45.7,True,True
S1009382,C10394,2026-01-01,Instagram,Mobile,5,125.8,False,False
S1009383,C10601,2026-01-04,Instagram,Mobile,4,385.0,False,False
S1009384,C11825,2026-03-20,Google Ads,Desktop,4,269.9,False,False
S1009385,,2025-08-27,Google Ads,Mobile,5,75.6,True,True
S1009386,C11357,2026-06-14,Email,Mobile,4,212.8,True,False
S1009387,,2025-12-31,Organic,Mobile,3,176.6,False,False
S1009388,C11761,2026-07-13,Affiliate,,6,136.0,False,False
S1009389,C10028,2025-08-27,Instagram,Mobile,4,166.9,False,False
S1009390,C10016,2025-10-24,Email,Desktop,5,127.0,False,False
S1009391,C11494,2026-04-07,Organic,Mobile,8,202.7,True,True
S1009392,C11313,2026-02-20,Google Ads,Mobile,6,191.6,True,False
S1009393,,2025-12-29,Instagram,Mobile,5,166.4,False,False
S1009394,C10913,2026-03-01,Facebook,Mobile,3,405.0,False,False
S1009395,C11434,2026-04-18,Facebook,Mobile,4,112.2,False,False
S1009396,C10588,2025-12-24,Organic,Mobile,8,292.0,True,True
S1009397,C10104,2026-04-26,Organic,Mobile,6,122.0,False,False
S1009398,C10163,2025-10-19,Organic,Desktop,4,43.7,False,False
S1009399,C11518,2025-11-26,Facebook,Desktop,6,449.5,False,False
S1009400,,2026-08-14,Facebook,Desktop,7,51.8,False,False
S1009401,,2026-08-20,Organic,Mobile,7,182.9,True,False
S1009402,C10689,2025-10-13,Google Ads,Mobile,5,289.6,False,False
S1009403,C10732,2025-11-28,Affiliate,Desktop,5,379.6,False,False
S1009404,,2026-03-29,Google Ads,Mobile,2,234.7,True,False
S1009405,C10506,2026-08-10,Email,Mobile,6,107.6,True,True
S1009406,C10197,2026-06-28,Facebook,Mobile,7,71.0,True,False
S1009407,C10626,2026-07-13,Google Ads,Desktop,6,95.9,True,False
S1009408,C10983,2025-09-06,Organic,Desktop,5,206.0,False,False
S1009409,,2026-01-09,Email,Mobile,7,120.0,True,False
S1009410,C10332,2026-08-17,Google Ads,Mobile,3,152.7,False,False
S1009411,C10156,2026-03-10,Email,Mobile,5,98.7,False,False
S1009412,,2025-09-10,Google Ads,Mobile,6,81.3,False,False
S1009413,,2026-05-22,Google Ads,Desktop,8,144.3,False,False
S1009414,,2026-07-23,Affiliate,Mobile,5,89.6,False,False
S1009415,C10640,2026-08-17,Email,Desktop,4,256.1,False,False
S1009416,C11057,2026-04-20,Affiliate,Tablet,2,375.3,True,False
S1009417,C10501,2025-12-09,Google Ads,Mobile,6,65.2,True,False
S1009418,C11561,2025-10-28,Organic,Mobile,5,111.3,False,False
S1009419,C10764,2025-12-22,Instagram,Mobile,4,258.6,False,False
S1009420,C11810,2026-03-13,Google Ads,Desktop,6,118.3,True,True
S1009421,C10450,2026-03-18,Google Ads,Mobile,3,103.1,False,False
S1009422,C10432,2026-06-04,Google Ads,Mobile,7,124.8,False,False
S1009423,C11706,2026-02-09,Instagram,Mobile,6,252.8,False,False
S1009424,C10509,2025-11-01,Facebook,Mobile,6,611.7,True,True
S1009425,,2025-11-11,Email,Desktop,7,330.8,True,False
S1009426,,2026-02-03,Organic,Mobile,3,199.3,True,False
S1009427,,2025-12-19,Email,Mobile,4,403.8,False,False
S1009428,,2026-07-30,Affiliate,Desktop,6,15.9,True,False
S1009429,C11978,2026-02-19,Facebook,Tablet,3,249.3,False,False
S1009430,C10260,2025-12-14,Facebook,Desktop,3,110.5,True,False
S1009431,C11154,2026-07-22,Facebook,Desktop,7,258.7,False,False
S1009432,,2026-04-14,Email,Mobile,7,446.9,False,False
S1009433,C11508,2025-12-01,Organic,Tablet,5,150.9,False,False
S1009434,C11426,2025-10-22,Google Ads,Mobile,5,174.9,False,False
S1009435,C11212,2026-01-29,Facebook,Desktop,2,252.1,False,False
S1009436,C10160,2026-05-05,Google Ads,Mobile,3,205.5,False,False
S1009437,C11750,2026-01-14,Facebook,Mobile,4,174.3,True,True
S1009438,C10594,2025-10-13,Email,Mobile,2,180.6,False,False
S1009439,,2026-05-11,Google Ads,Mobile,3,120.1,False,False
S1009440,C10826,2026-05-24,Google Ads,Mobile,5,29.9,False,False
S1009441,C11037,2025-09-18,Google Ads,Mobile,5,538.8,False,False
S1009442,,2026-06-30,Google Ads,Mobile,4,98.7,False,False
S1009443,C11769,2026-03-21,Instagram,Mobile,3,45.6,False,False
S1009444,C11348,2026-02-10,Organic,Mobile,3,363.1,False,False
S1009445,C10377,2025-09-09,Google Ads,Mobile,2,303.6,True,True
S1009446,C10295,2025-12-09,Organic,Desktop,3,14.3,True,False
S1009447,C10991,2026-03-11,Affiliate,Tablet,5,219.2,True,True
S1009448,C11500,2025-12-06,Instagram,Mobile,3,248.9,False,False
S1009449,,2026-03-27,Email,Tablet,4,247.6,False,False
S1009450,C11485,2026-05-14,Instagram,Desktop,3,101.0,False,False
S1009451,C11864,2026-04-20,Google Ads,Desktop,7,223.0,False,False
S1009452,C10176,2026-01-15,Affiliate,Mobile,2,135.3,False,False
S1009453,C10229,2026-02-14,Facebook,Tablet,3,89.0,False,False
S1009454,C10153,2026-08-17,Facebook,Mobile,5,50.7,True,True
S1009455,C11767,2026-07-31,Email,Desktop,7,94.1,True,True
S1009456,C10630,2026-01-28,Email,Desktop,2,119.1,False,False
S1009457,C10847,2026-05-30,Email,Mobile,8,27.5,False,False
S1009458,,2025-09-26,Google Ads,Mobile,6,81.6,True,False
S1009459,C11080,2026-03-28,Affiliate,Mobile,3,142.4,False,False
S1009460,C11839,2026-05-01,Google Ads,Mobile,2,168.8,False,False
S1009461,C10758,2026-04-15,Facebook,Desktop,5,204.8,True,True
S1009462,C10263,2025-11-02,Instagram,Mobile,7,158.4,False,False
S1009463,C10404,2026-03-26,Facebook,Mobile,3,15.6,False,False
S1009464,C10756,2026-02-11,Organic,Mobile,3,32.0,False,False
S1009465,C10022,2025-10-14,Google Ads,Mobile,3,287.0,False,False
S1009466,C10431,2026-03-16,Facebook,Mobile,6,180.2,True,False
S1009467,C11722,2025-08-24,Instagram,,4,22.5,False,False
S1009468,C11102,2025-09-22,Affiliate,Mobile,2,87.9,False,False
S1009469,C10771,2025-08-21,Affiliate,Desktop,2,106.1,True,False
S1009470,C10914,2026-07-25,Google Ads,Mobile,4,262.9,True,True
S1009471,C11325,2026-07-29,Email,Mobile,2,185.9,False,False
S1009472,C10053,2026-02-11,Facebook,Mobile,3,352.8,False,False
S1009473,C11324,2025-12-21,Email,Desktop,6,250.2,False,False
S1009474,,2025-08-30,Google Ads,Tablet,1,120.7,False,False
S1009475,C11731,2026-08-02,Facebook,Mobile,4,268.7,False,False
S1009476,C10629,2025-12-21,Instagram,Mobile,5,99.2,False,False
S1009477,,2025-11-09,Affiliate,Desktop,6,99.3,False,False
S1009478,,2026-05-31,Affiliate,Mobile,4,85.4,True,True
S1009479,,2025-08-31,Google Ads,,9,164.8,True,False
S1009480,C10474,2025-10-23,Facebook,Desktop,7,430.6,True,True
S1009481,C10832,2026-02-27,Instagram,Tablet,3,322.7,False,False
S1009482,C10587,2025-10-14,Instagram,Desktop,10,242.2,True,False
S1009483,C11610,2026-08-20,Organic,Mobile,4,97.5,False,False
S1009484,C10245,2026-04-23,Facebook,Mobile,2,18.5,False,False
S1009485,C10139,2026-06-25,Facebook,Desktop,5,166.4,False,False
S1009486,C11469,2026-05-27,Facebook,Mobile,5,81.1,False,False
S1009487,C11687,2026-08-13,Facebook,Mobile,5,54.8,False,False
S1009488,C10856,2026-04-28,Facebook,Mobile,3,111.2,False,False
S1009489,C10598,2026-07-06,Instagram,Mobile,6,81.5,False,False
S1009490,C11835,2025-12-18,Instagram,Tablet,5,151.5,False,False
S1009491,,2026-05-06,Email,Desktop,6,151.3,False,False
S1009492,,2026-07-13,Email,Desktop,8,217.9,True,True
S1009493,C11851,2026-07-02,Facebook,Mobile,6,214.9,False,False
S1009494,C11015,2026-03-24,Instagram,Mobile,3,76.4,False,False
S1009495,C11679,2026-05-31,Google Ads,Mobile,2,64.5,False,False
S1009496,,2026-08-20,Email,Desktop,5,741.0,False,False
S1009497,,2025-11-09,Instagram,Desktop,7,47.5,False,False
S1009498,,2026-01-05,Email,Desktop,4,150.8,False,False
S1009499,C10062,2026-01-24,Affiliate,Mobile,8,85.3,True,True
S1009500,C11473,2026-03-15,Google Ads,Desktop,5,197.0,False,False
S1009501,C11315,2026-07-14,Google Ads,Mobile,4,25.0,True,False
S1009502,C11311,2026-04-10,Instagram,Tablet,3,153.7,False,False
S1009503,C10055,2025-09-22,Organic,Mobile,6,112.1,False,False
S1009504,C10402,2026-03-08,Google Ads,Tablet,4,486.8,True,True
S1009505,C10214,2025-11-13,Google Ads,Mobile,3,211.6,False,False
S1009506,,2026-06-30,Instagram,Mobile,6,246.9,False,False
S1009507,C11308,2025-10-10,Google Ads,Desktop,5,225.4,False,False
S1009508,C10732,2025-09-12,Instagram,Desktop,5,308.9,False,False
S1009509,C10530,2026-06-02,Google Ads,Mobile,11,95.6,False,False
S1009510,C11615,2025-11-03,Email,Desktop,5,451.7,False,False
S1009511,C10669,2026-03-22,Organic,Mobile,7,99.3,False,False
S1009512,C10961,2026-05-08,Instagram,Mobile,3,91.1,False,False
S1009513,C10883,2026-08-09,Instagram,Tablet,4,14.5,False,False
S1009514,C10827,2025-12-11,Instagram,Mobile,5,85.5,False,False
S1009515,C11801,2026-07-22,Affiliate,Mobile,3,192.8,False,False
S1009516,C10631,2025-11-24,Google Ads,Desktop,8,73.5,False,False
S1009517,C11602,2026-05-19,Google Ads,Mobile,2,69.3,False,False
S1009518,C10106,2026-03-15,Instagram,Mobile,3,67.4,False,False
S1009519,,2026-06-20,Instagram,Mobile,2,242.6,False,False
S1009520,C10086,2026-07-31,Facebook,Mobile,2,75.0,False,False
S1009521,C10321,2025-09-09,Affiliate,Tablet,2,125.2,False,False
S1009522,C11795,2026-08-13,Email,Desktop,3,132.4,True,False
S1009523,,2025-12-08,Facebook,Mobile,1,210.2,False,False
S1009524,,2025-09-23,Email,Mobile,6,174.8,False,False
S1009525,,2026-03-15,Instagram,Mobile,3,133.7,True,False
S1009526,C10069,2025-12-26,Google Ads,Mobile,3,158.5,False,False
S1009527,C10330,2025-11-07,Organic,Desktop,4,64.1,True,False
S1009528,C10702,2026-06-09,Instagram,Desktop,9,529.0,False,False
S1009529,C11275,2025-12-31,Google Ads,Mobile,2,300.0,False,False
S1009530,C10767,2025-12-15,Affiliate,Mobile,7,289.3,False,False
S1009531,C10712,2026-08-09,Google Ads,Desktop,3,186.1,False,False
S1009532,C10796,2025-12-05,Organic,Mobile,7,111.7,False,False
S1009533,C11477,2026-08-10,Affiliate,Mobile,6,61.5,False,False
S1009534,C11108,2026-06-28,Facebook,Mobile,3,182.3,False,False
S1009535,C10720,2026-08-20,Google Ads,Mobile,6,159.6,False,False
S1009536,C11189,2026-08-20,Organic,Mobile,6,129.4,False,False
S1009537,C11855,2026-05-12,Affiliate,Desktop,2,244.3,False,False
S1009538,C11628,2025-10-09,Organic,Mobile,4,228.1,False,False
S1009539,C11102,2026-05-27,Email,Mobile,6,389.7,False,False
S1009540,C11530,2026-08-05,Google Ads,Mobile,5,42.8,False,False
S1009541,C11617,2026-03-23,Facebook,Mobile,7,282.8,True,False
S1009542,C10382,2026-05-02,Google Ads,Mobile,6,232.6,True,True
S1009543,,2026-07-19,Email,Desktop,5,104.6,True,True
S1009544,,2026-06-02,Instagram,Mobile,3,184.9,False,False
S1009545,C10969,2026-05-04,Email,Mobile,6,252.7,False,False
S1009546,C11181,2025-11-24,Facebook,Mobile,4,423.7,False,False
S1009547,C10882,2025-11-22,Instagram,Mobile,4,81.9,False,False
S1009548,C10555,2026-01-25,Email,Mobile,4,259.0,True,False
S1009549,,2025-12-23,Organic,Mobile,3,114.2,False,False
S1009550,C11015,2025-12-18,Organic,Desktop,4,216.9,True,True
S1009551,C10445,2025-09-25,Google Ads,Desktop,9,87.6,False,False
S1009552,C11909,2026-07-18,Facebook,Mobile,2,40.3,False,False
S1009553,C10294,2026-01-21,Email,Mobile,5,133.2,False,False
S1009554,,2026-07-16,Organic,Mobile,7,100.4,False,False
S1009555,,2025-11-07,Instagram,Mobile,6,245.3,True,False
S1009556,C10395,2026-07-04,Affiliate,Mobile,4,92.9,False,False
S1009557,C10601,2025-11-29,Google Ads,Desktop,4,43.5,False,False
S1009558,C10068,2026-08-11,Google Ads,Desktop,10,158.4,False,False
S1009559,C11816,2025-12-14,Email,Mobile,5,131.3,False,False
S1009560,C11775,2026-08-19,Facebook,Tablet,5,104.4,True,True
S1009561,C11855,2026-01-19,Facebook,Desktop,5,46.4,False,False
S1009562,C10118,2026-04-04,Google Ads,Mobile,5,123.4,False,False
S1009563,C10424,2026-05-07,Google Ads,Mobile,6,76.5,False,False
S1009564,,2026-03-23,Email,Mobile,6,38.7,True,False
S1009565,C11936,2025-11-02,Google Ads,Mobile,4,80.8,False,False
S1009566,C11893,2025-12-23,Organic,Mobile,3,229.4,False,False
S1009567,,2025-11-09,Facebook,Mobile,4,565.4,False,False
S1009568,C10553,2026-07-08,Instagram,Mobile,1,51.5,False,False
S1009569,C10062,2025-10-04,Instagram,Mobile,3,37.8,True,False
S1009570,C10384,2026-01-18,Instagram,Mobile,7,322.4,True,False
S1009571,C11249,2026-04-25,Instagram,Mobile,3,150.6,False,False
S1009572,C10071,2025-09-11,Instagram,Mobile,4,52.1,False,False
S1009573,C11915,2026-07-10,Affiliate,Mobile,8,542.0,False,False
S1009574,C10812,2025-09-01,Affiliate,Mobile,2,111.3,True,True
S1009575,C11293,2026-08-02,Instagram,Mobile,1,508.3,False,False
S1009576,C10508,2026-08-15,Google Ads,Mobile,2,239.8,False,False
S1009577,C10961,2026-08-01,Google Ads,Mobile,3,55.7,True,False
S1009578,C11811,2026-08-16,Instagram,Mobile,3,113.5,True,True
S1009579,C11519,2025-11-11,Instagram,Desktop,7,148.7,False,False
S1009580,C11553,2026-06-17,Google Ads,Mobile,5,407.4,True,False
S1009581,C10779,2025-12-03,Google Ads,Mobile,5,167.3,False,False
S1009582,C11251,2025-11-15,Organic,Desktop,2,30.7,False,False
S1009583,C11329,2026-06-08,Email,Mobile,6,22.7,True,True
S1009584,C10602,2025-10-23,Google Ads,Desktop,7,367.9,True,False
S1009585,,2026-03-07,Affiliate,Mobile,7,191.3,False,False
S1009586,C11003,2026-05-20,Facebook,Mobile,3,64.0,False,False
S1009587,C11266,2026-04-25,Email,Mobile,3,57.5,True,False
S1009588,,2026-07-10,Organic,Mobile,6,258.9,True,False
S1009589,C10422,2025-12-16,Instagram,Desktop,6,172.9,True,True
S1009590,C11704,2026-01-10,Google Ads,Tablet,4,150.8,False,False
S1009591,C11675,2026-01-24,Google Ads,Desktop,6,333.4,False,False
S1009592,C10814,2025-09-22,Email,Desktop,5,454.0,True,True
S1009593,C11656,2026-01-12,Instagram,Mobile,6,157.0,False,False
S1009594,C11557,2025-10-29,Organic,Mobile,6,111.9,False,False
S1009595,C10177,2025-12-09,Google Ads,Mobile,5,350.4,False,False
S1009596,C11867,2026-02-26,Facebook,Desktop,7,239.3,False,False
S1009597,,2026-08-19,Affiliate,Mobile,4,35.9,False,False
S1009598,C10382,2026-06-09,Email,Mobile,7,86.4,False,False
S1009599,C10146,2026-02-02,Affiliate,Mobile,5,309.1,False,False
S1009600,C11007,2025-10-21,Facebook,Mobile,4,82.6,False,False
S1009601,C10712,2025-08-22,Email,Mobile,3,204.7,True,False
S1009602,C10931,2025-11-09,Google Ads,Tablet,3,221.5,False,False
S1009603,,2026-08-09,Google Ads,Mobile,8,146.1,False,False
S1009604,C11934,2025-12-02,Google Ads,Mobile,3,117.7,False,False
S1009605,C11803,2026-08-05,Organic,Mobile,5,53.3,False,False
S1009606,,2025-10-21,Instagram,Mobile,7,145.5,False,False
S1009607,C10145,2026-07-09,Email,Mobile,2,203.8,False,False
S1009608,,2026-04-10,Organic,Tablet,5,179.1,True,False
S1009609,C10800,2026-02-06,Google Ads,Mobile,6,153.0,False,False
S1009610,C11392,2026-08-09,Facebook,Mobile,6,78.7,True,True
S1009611,C10530,2026-06-08,Organic,Tablet,4,43.0,False,False
S1009612,C11722,2025-11-10,Facebook,Desktop,2,93.6,False,False
S1009613,C11767,2026-05-09,Organic,Mobile,8,241.4,False,False
S1009614,C10029,2026-02-07,Facebook,Mobile,9,92.7,False,False
S1009615,,2025-11-25,Instagram,Desktop,3,237.1,False,False
S1009616,,2025-12-18,Google Ads,Mobile,3,303.1,False,False
S1009617,C11667,2026-04-21,Affiliate,Mobile,6,171.3,True,False
S1009618,C10447,2026-02-08,Instagram,Desktop,4,344.6,True,False
S1009619,C10721,2025-12-27,Organic,Mobile,6,153.2,False,False
S1009620,C11745,2026-06-16,Instagram,Mobile,4,197.8,True,False
S1009621,C10784,2025-09-01,Email,Mobile,7,611.8,False,False
S1009622,C11935,2026-04-20,Google Ads,Mobile,4,74.7,False,False
S1009623,,2025-10-18,Facebook,Mobile,4,211.4,False,False
S1009624,C10052,2026-01-18,Google Ads,Desktop,7,83.6,False,False
S1009625,C10993,2026-03-06,Organic,Mobile,7,46.1,True,False
S1009626,C10414,2025-12-28,Email,Desktop,6,86.6,False,False
S1009627,C10033,2025-10-30,Instagram,Desktop,6,35.9,False,False
S1009628,,2025-10-20,Email,Mobile,7,149.5,False,False
S1009629,C10481,2026-08-06,Organic,Mobile,4,274.3,False,False
S1009630,C10179,2026-06-11,Instagram,Desktop,5,290.4,False,False
S1009631,C10443,2025-09-02,Affiliate,Mobile,5,160.3,False,False
S1009632,C11688,2026-06-25,Google Ads,Desktop,7,126.5,True,False
S1009633,C10467,2026-07-26,Email,Desktop,6,30.8,False,False
S1009634,C11404,2026-08-19,Facebook,Desktop,6,27.1,False,False
S1009635,C11031,2026-06-10,Email,Desktop,10,67.8,False,False
S1009636,C10672,2026-04-28,Instagram,Mobile,5,162.8,False,False
S1009637,,2025-11-28,Facebook,Desktop,4,185.5,False,False
S1009638,C11251,2026-07-04,Instagram,Desktop,5,302.9,False,False
S1009639,,2026-01-15,Instagram,Mobile,4,155.1,False,False
S1009640,C11176,2026-07-29,Organic,Mobile,6,250.6,False,False
S1009641,C10290,2026-02-14,Affiliate,Mobile,4,105.2,False,False
S1009642,C10966,2025-12-28,Google Ads,Desktop,5,91.9,False,False
S1009643,C10176,2025-10-10,Affiliate,Mobile,4,158.4,False,False
S1009644,C10708,2025-09-04,Email,Mobile,4,121.0,False,False
S1009645,C11864,2026-06-11,Email,Tablet,7,304.4,False,False
S1009646,C11362,2026-08-20,Facebook,Mobile,7,70.1,False,False
S1009647,C11037,2026-07-01,Affiliate,Mobile,8,35.2,False,False
S1009648,C11095,2026-04-21,Email,Mobile,9,298.4,False,False
S1009649,C10040,2025-09-17,Email,Mobile,3,163.1,False,False
S1009650,,2025-09-24,Affiliate,Mobile,8,54.4,True,False
S1009651,C10551,2025-09-27,Affiliate,Mobile,9,156.7,False,False
S1009652,C10261,2025-09-14,Google Ads,Mobile,6,108.8,True,False
S1009653,C10531,2025-11-12,Google Ads,Mobile,7,370.0,False,False
S1009654,,2025-10-23,Affiliate,Desktop,3,236.0,False,False
S1009655,C11456,2026-06-04,Affiliate,Mobile,3,254.2,False,False
S1009656,C11835,2026-03-29,Google Ads,Desktop,5,269.6,True,True
S1009657,C10714,2025-11-09,Instagram,Mobile,9,77.5,False,False
S1009658,C11592,2025-08-23,Google Ads,Mobile,5,154.8,False,False
S1009659,C11185,2026-06-12,Google Ads,Desktop,5,380.6,False,False
S1009660,C11161,2025-10-15,Organic,Mobile,2,280.5,False,False
S1009661,,2025-11-13,Instagram,Mobile,3,277.4,False,False
S1009662,C11363,2026-05-16,Instagram,Desktop,5,107.5,False,False
S1009663,C11599,2026-03-31,Affiliate,Mobile,2,194.9,False,False
S1009664,C11120,2025-09-11,Instagram,Desktop,9,50.7,True,True
S1009665,C10607,2026-02-06,Organic,Desktop,5,96.2,True,False
S1009666,C11800,2026-02-16,Google Ads,Mobile,4,128.0,False,False
S1009667,,2025-09-05,Facebook,Desktop,5,557.3,True,False
S1009668,C10010,2026-05-11,Organic,Tablet,7,133.9,True,False
S1009669,C11696,2026-01-14,Facebook,Desktop,3,80.2,False,False
S1009670,C11314,2025-11-14,Email,Mobile,4,153.6,False,False
S1009671,C10625,2025-10-02,Organic,Mobile,7,173.3,False,False
S1009672,C12000,2026-03-16,Email,Mobile,5,92.5,False,False
S1009673,C10435,2025-09-15,Organic,Mobile,4,63.9,True,True
S1009674,C10008,2026-06-23,Facebook,Mobile,6,178.3,False,False
S1009675,C11175,2025-12-16,Google Ads,Desktop,4,40.3,True,True
S1009676,C11101,2026-04-07,Instagram,Mobile,6,258.7,False,False
S1009677,C11898,2026-04-22,Instagram,Mobile,8,141.5,False,False
S1009678,,2026-08-12,Facebook,Mobile,3,83.5,False,False
S1009679,C11189,2026-06-09,Email,Desktop,5,85.6,False,False
S1009680,C10697,2025-09-11,Organic,Desktop,6,269.6,False,False
S1009681,C11987,2026-06-04,Instagram,Desktop,7,814.4,True,False
S1009682,C11782,2026-02-04,Facebook,Desktop,6,126.2,True,False
S1009683,C10728,2025-09-17,Email,Tablet,2,105.7,False,False
S1009684,C11189,2026-02-17,Google Ads,Tablet,4,130.2,False,False
S1009685,C10777,2026-08-03,Organic,Mobile,7,231.1,False,False
S1009686,C10907,2026-03-19,Facebook,Desktop,7,61.1,False,False
S1009687,C10283,2025-11-05,Google Ads,Mobile,4,238.7,False,False
S1009688,,2026-01-17,Instagram,Desktop,3,31.6,False,False
S1009689,C11625,2026-04-01,Affiliate,Desktop,6,130.1,False,False
S1009690,C11736,2026-06-12,Instagram,Mobile,4,107.4,False,False
S1009691,C10010,2025-12-17,Affiliate,Mobile,5,443.0,True,True
S1009692,C11393,2026-06-09,Instagram,Mobile,8,87.0,False,False
S1009693,C11244,2026-02-18,Google Ads,Mobile,6,381.7,False,False
S1009694,C10881,2025-10-31,Google Ads,Mobile,6,24.9,False,False
S1009695,C10962,2026-01-31,Affiliate,Desktop,5,407.1,True,False
S1009696,C10560,2026-01-23,Google Ads,Mobile,3,185.3,False,False
S1009697,,2026-04-07,Organic,Desktop,6,194.8,False,False
S1009698,C10269,2026-01-30,Organic,Mobile,8,296.9,False,False
S1009699,,2025-10-18,Affiliate,Mobile,10,167.2,False,False
S1009700,C10983,2026-05-08,Google Ads,Mobile,7,184.2,True,True
S1009701,C11369,2026-06-20,Affiliate,Desktop,3,211.0,False,False
S1009702,C11181,2025-11-11,Google Ads,Mobile,5,63.5,False,False
S1009703,C10909,2026-05-27,Google Ads,Mobile,4,122.0,True,False
S1009704,C10207,2026-06-12,Google Ads,Mobile,4,27.8,True,True
S1009705,C11901,2026-06-30,Instagram,Mobile,3,140.7,False,False
S1009706,C11146,2025-10-30,Instagram,Mobile,4,46.6,False,False
S1009707,C10422,2025-12-18,Instagram,Mobile,5,195.9,False,False
S1009708,C10050,2026-03-11,Instagram,Mobile,4,562.9,False,False
S1009709,C11958,2026-04-15,Instagram,Tablet,6,215.9,False,False
S1009710,C10651,2025-10-21,Email,Desktop,8,555.9,False,False
S1009711,C11377,2025-09-26,Affiliate,Tablet,4,33.6,True,True
S1009712,C10135,2025-09-29,Email,Tablet,9,8.4,False,False
S1009713,C11240,2026-08-12,Email,Desktop,2,146.2,False,False
S1009714,,2025-11-21,Google Ads,Tablet,5,202.3,False,False
S1009715,C10472,2026-06-26,Organic,Mobile,6,126.6,False,False
S1009716,C10714,2026-04-04,Instagram,Desktop,7,324.4,False,False
S1009717,C11437,2026-07-10,Instagram,Mobile,7,46.5,True,True
S1009718,C10433,2025-08-25,Instagram,Desktop,3,82.2,False,False
S1009719,C11037,2025-09-21,Organic,Mobile,5,241.7,False,False
S1009720,C10620,2026-05-24,Google Ads,Desktop,4,377.6,True,False
S1009721,C11116,2026-03-12,Email,Mobile,4,176.2,False,False
S1009722,,2026-08-13,Email,Mobile,7,109.6,False,False
S1009723,C11891,2026-01-29,Facebook,Mobile,2,77.5,False,False
S1009724,C11321,2026-04-21,Email,Desktop,3,301.9,False,False
S1009725,C10699,2025-11-16,Affiliate,Desktop,3,94.7,True,False
S1009726,C10356,2026-08-18,Organic,Tablet,5,32.3,False,False
S1009727,C10710,2025-08-26,Facebook,Desktop,5,227.4,False,False
S1009728,C10856,2025-08-22,Email,Desktop,3,201.2,False,False
S1009729,,2026-03-23,Google Ads,Mobile,1,371.1,False,False
S1009730,,2026-07-29,Email,Tablet,7,396.4,False,False
S1009731,,2026-05-08,Facebook,Mobile,3,233.0,False,False
S1009732,C11929,2025-08-24,Instagram,Mobile,5,153.3,False,False
S1009733,C10219,2026-04-12,Organic,Mobile,7,107.8,False,False
S1009734,C11495,2026-04-28,Facebook,Mobile,4,139.9,False,False
S1009735,C10445,2025-12-14,Organic,Tablet,3,457.6,False,False
S1009736,C10228,2026-07-24,Affiliate,Mobile,4,593.6,True,False
S1009737,C11418,2026-01-25,Instagram,Mobile,4,193.6,False,False
S1009738,C10883,2026-02-12,Google Ads,Desktop,2,128.3,False,False
S1009739,C10653,2026-06-29,Instagram,Mobile,3,37.4,False,False
S1009740,C11397,2026-05-28,Google Ads,Desktop,7,111.4,False,False
S1009741,C11625,2026-06-24,Email,Mobile,6,115.0,True,False
S1009742,C10962,2026-08-07,Google Ads,Mobile,4,185.4,False,False
S1009743,C10532,2025-11-19,Facebook,Mobile,8,316.9,False,False
S1009744,,2026-04-05,Affiliate,Desktop,8,122.0,True,False
S1009745,C11973,2026-07-19,Instagram,Mobile,8,42.3,False,False
S1009746,C10222,2025-12-28,Facebook,Mobile,5,97.1,False,False
S1009747,C11569,2026-03-05,Email,Desktop,6,115.0,False,False
S1009748,C11358,2025-11-04,Email,Desktop,9,381.7,True,False
S1009749,C10924,2026-08-08,Google Ads,Mobile,9,152.2,False,False
S1009750,C10915,2025-10-19,Organic,Desktop,4,570.5,False,False
S1009751,C10559,2026-07-07,Google Ads,Mobile,9,96.5,True,False
S1009752,C11256,2025-11-07,Google Ads,Mobile,4,102.1,True,True
S1009753,C10217,2025-09-30,Email,Desktop,5,124.8,False,False
S1009754,C11131,2026-02-22,Organic,Desktop,4,181.7,False,False
S1009755,C10643,2026-01-06,Affiliate,Tablet,8,17.6,True,False
S1009756,C10789,2025-11-26,Email,Mobile,4,373.8,False,False
S1009757,C10530,2026-01-15,Google Ads,Desktop,2,116.7,False,False
S1009758,C10240,2025-11-07,Email,Mobile,3,197.9,False,False
S1009759,C10745,2026-01-02,Instagram,Desktop,6,284.0,False,False
S1009760,,2025-09-16,Facebook,Mobile,4,50.1,False,False
S1009761,C11637,2026-06-02,Google Ads,Mobile,6,143.5,True,False
S1009762,C10211,2025-11-04,Facebook,Mobile,5,108.1,False,False
S1009763,,2026-03-21,Instagram,Desktop,2,21.3,False,False
S1009764,C11849,2025-11-03,Organic,Mobile,2,447.4,True,False
S1009765,C11235,2026-03-05,Organic,Mobile,5,131.2,False,False
S1009766,C10776,2026-03-23,Facebook,Mobile,6,405.9,False,False
S1009767,C10902,2026-07-25,Facebook,Mobile,7,142.1,False,False
S1009768,C10118,2025-12-28,Email,Mobile,2,110.6,False,False
S1009769,C10266,2025-10-30,Instagram,Desktop,5,403.0,True,False
S1009770,C10127,2026-02-26,Email,Mobile,5,143.5,False,False
S1009771,C10837,2026-05-24,Email,Mobile,5,157.4,False,False
S1009772,C11044,2026-02-07,Instagram,Mobile,4,191.4,False,False
S1009773,C11039,2026-07-17,Affiliate,Mobile,2,305.7,False,False
S1009774,C10238,2025-12-27,Organic,Mobile,5,124.8,True,False
S1009775,C11270,2026-04-16,Organic,Mobile,7,459.3,True,True
S1009776,C10443,2026-02-22,Organic,Desktop,2,139.2,False,False
S1009777,C10416,2026-01-21,Organic,Mobile,4,177.4,False,False
S1009778,C11400,2026-06-29,Email,Mobile,6,143.6,True,True
S1009779,,2025-12-03,Google Ads,Mobile,7,386.7,True,True
S1009780,C11807,2026-06-26,Affiliate,Mobile,5,414.8,False,False
S1009781,,2025-09-15,Facebook,Mobile,4,110.3,False,False
S1009782,C10803,2026-01-31,Affiliate,Desktop,8,202.3,False,False
S1009783,C10304,2025-10-28,Google Ads,Desktop,7,433.7,False,False
S1009784,C11429,2026-05-28,Organic,Mobile,6,353.2,True,False
S1009785,C11418,2025-10-28,Facebook,Mobile,2,316.6,False,False
S1009786,C10362,2026-03-12,Facebook,Mobile,5,146.3,True,False
S1009787,C10946,2026-02-25,Affiliate,Tablet,4,106.3,True,True
S1009788,C10896,2026-06-23,Instagram,Mobile,6,112.9,False,False
S1009789,C11305,2025-08-31,Instagram,Desktop,4,70.5,False,False
S1009790,C10711,2026-07-04,Organic,Mobile,5,118.4,False,False
S1009791,C11895,2025-09-27,Instagram,Mobile,6,268.0,False,False
S1009792,,2026-02-08,Email,Mobile,3,107.5,False,False
S1009793,C10690,2025-11-14,Facebook,Desktop,1,141.0,False,False
S1009794,C11243,2026-06-21,Instagram,Mobile,5,47.4,True,False
S1009795,C11602,2025-12-03,Affiliate,Mobile,8,191.4,True,False
S1009796,C11498,2026-08-21,Facebook,Mobile,4,358.5,True,True
S1009797,C10684,2025-10-17,Instagram,Desktop,7,96.9,True,True
S1009798,C10249,2026-02-19,Facebook,Mobile,8,49.5,False,False
S1009799,C11706,2026-03-01,Affiliate,Mobile,4,152.3,False,False
S1009800,,2026-05-01,Google Ads,Mobile,4,101.7,False,False
S1009801,C11160,2026-02-24,Affiliate,Mobile,6,26.0,True,False
S1009802,C11866,2026-01-07,Google Ads,Mobile,2,53.8,False,False
S1009803,C11480,2026-07-18,Organic,Desktop,10,59.1,False,False
S1009804,C11188,2026-07-10,Facebook,Desktop,3,56.4,False,False
S1009805,C10302,2025-09-28,Instagram,Mobile,5,73.2,True,True
S1009806,C11954,2026-08-06,Organic,Mobile,9,374.9,False,False
S1009807,C10068,2026-06-08,Instagram,Tablet,8,115.4,False,False
S1009808,C10758,2025-12-20,Google Ads,Desktop,3,94.3,False,False
S1009809,C10994,2026-02-22,Email,Mobile,4,412.6,False,False
S1009810,C11902,2026-08-17,Affiliate,Mobile,4,201.7,False,False
S1009811,C10516,2026-01-12,Organic,Mobile,2,395.7,False,False
S1009812,C11913,2025-08-25,Affiliate,Desktop,6,79.4,False,False
S1009813,C10103,2026-01-27,Organic,Desktop,4,238.7,False,False
S1009814,C11350,2026-02-27,Organic,Mobile,7,252.6,True,True
S1009815,C11245,2026-05-19,Facebook,Mobile,4,74.0,True,True
S1009816,C11321,2025-10-26,Google Ads,Mobile,5,100.9,False,False
S1009817,C11442,2025-12-17,Email,Desktop,5,146.9,True,False
S1009818,C11979,2025-12-30,Organic,Desktop,5,164.6,False,False
S1009819,,2025-10-06,Instagram,Mobile,7,113.8,False,False
S1009820,C11693,2025-10-21,Affiliate,Mobile,1,94.2,False,False
S1009821,C11947,2026-01-17,Affiliate,Mobile,6,67.3,False,False
S1009822,C11488,2026-06-07,Google Ads,Mobile,7,168.8,False,False
S1009823,C11517,2026-05-30,Google Ads,Mobile,6,32.2,True,True
S1009824,,2025-10-11,Google Ads,Mobile,3,117.8,False,False
S1009825,C10108,2025-11-30,Email,Desktop,3,37.7,False,False
S1009826,C10181,2026-02-28,Affiliate,Mobile,7,91.2,True,False
S1009827,C10059,2025-12-24,Google Ads,Mobile,6,128.4,False,False
S1009828,,2025-09-26,Instagram,Mobile,2,143.4,False,False
S1009829,C11508,2026-07-03,Google Ads,Mobile,5,68.0,False,False
S1009830,C11850,2026-03-30,Email,Desktop,5,160.2,False,False
S1009831,C10362,2025-12-05,Email,Mobile,2,251.7,False,False
S1009832,C10712,2026-07-29,Organic,Mobile,3,297.7,False,False
S1009833,C10493,2026-07-11,Facebook,Mobile,5,373.3,True,False
S1009834,C11266,2025-09-24,Google Ads,Mobile,5,56.1,False,False
S1009835,,2026-06-13,Organic,Mobile,6,140.4,True,True
S1009836,C11439,2025-12-09,Affiliate,Mobile,6,227.3,False,False
S1009837,C11902,2025-11-02,Facebook,Mobile,6,159.9,False,False
S1009838,C11689,2026-03-13,Instagram,Mobile,9,58.0,True,True
S1009839,C11687,2026-05-10,Organic,Desktop,5,141.8,False,False
S1009840,,2026-01-09,Organic,Mobile,3,94.4,True,True
S1009841,C11827,2026-08-17,Instagram,Desktop,3,78.4,False,False
S1009842,C10849,2026-03-18,Instagram,Mobile,7,164.0,False,False
S1009843,,2026-02-27,Google Ads,Desktop,4,56.6,True,False
S1009844,C11150,2025-12-17,Google Ads,Mobile,1,88.2,False,False
S1009845,C10283,2025-10-13,Instagram,Mobile,3,378.2,False,False
S1009846,,2026-05-09,Google Ads,Desktop,2,269.4,False,False
S1009847,C10831,2025-10-15,Email,Desktop,1,146.1,False,False
S1009848,C11355,2026-06-02,Organic,Mobile,3,261.0,False,False
S1009849,,2026-06-08,Email,Mobile,9,287.6,False,False
S1009850,C11309,2026-07-07,Affiliate,Mobile,1,598.2,True,False
S1009851,,2026-06-14,Organic,Tablet,5,306.2,False,False
S1009852,C10244,2025-12-04,Organic,Desktop,4,16.1,True,False
S1009853,,2026-07-04,Affiliate,Desktop,8,338.8,False,False
S1009854,C10399,2026-07-17,Google Ads,Desktop,9,86.2,True,False
S1009855,C11335,2026-02-01,Instagram,Desktop,4,217.9,False,False
S1009856,C11292,2026-06-21,Google Ads,Desktop,7,162.3,True,False
S1009857,C11709,2026-03-09,Organic,Mobile,5,98.5,True,False
S1009858,C11121,2025-12-04,Affiliate,Mobile,3,171.0,False,False
S1009859,,2025-08-24,Organic,Desktop,4,107.7,True,True
S1009860,C11089,2025-10-28,Google Ads,Desktop,2,291.7,False,False
S1009861,C11374,2025-08-31,Google Ads,Mobile,4,55.1,False,False
S1009862,C10386,2025-08-23,Email,Tablet,5,153.0,True,False
S1009863,C10138,2026-04-26,Facebook,Mobile,3,145.6,True,True
S1009864,,2025-12-18,Organic,Desktop,5,114.8,False,False
S1009865,C10233,2026-01-25,Email,Desktop,3,222.8,False,False
S1009866,C11688,2026-01-11,Google Ads,Desktop,7,31.2,False,False
S1009867,C11903,2025-12-21,Google Ads,Tablet,5,266.6,True,True
S1009868,,2026-03-24,Instagram,Mobile,2,59.7,False,False
S1009869,C10494,2025-12-16,Organic,Tablet,2,37.3,False,False
S1009870,C11393,2025-09-21,Facebook,Mobile,5,685.5,False,False
S1009871,C11384,2026-04-26,Google Ads,Desktop,2,377.8,False,False
S1009872,C11625,2026-07-23,Instagram,Mobile,4,217.6,True,True
S1009873,C10649,2026-05-20,Instagram,Mobile,4,70.4,False,False
S1009874,C10635,2025-12-29,Instagram,Mobile,4,81.5,True,False
S1009875,,2026-04-21,Google Ads,Desktop,9,289.6,False,False
S1009876,C10388,2025-11-14,Instagram,Desktop,6,598.3,False,False
S1009877,C10925,2026-02-25,Email,Mobile,4,177.9,False,False
S1009878,C10510,2026-05-25,Email,Mobile,7,474.1,False,False
S1009879,C10804,2026-02-17,Google Ads,Desktop,7,61.1,False,False
S1009880,,2026-02-25,Email,Mobile,6,99.9,False,False
S1009881,C11439,2026-06-28,Instagram,Desktop,5,355.1,False,False
S1009882,C10118,2026-08-12,Instagram,Mobile,3,50.5,False,False
S1009883,,2026-06-01,Instagram,Mobile,4,92.8,True,True
S1009884,C10657,2025-10-26,Google Ads,Mobile,7,129.8,False,False
S1009885,,2025-08-23,Email,Desktop,7,191.7,False,False
S1009886,C11275,2025-12-28,Email,Desktop,4,287.6,False,False
S1009887,C10284,2026-02-19,Facebook,Mobile,12,49.4,False,False
S1009888,C10495,2026-02-08,Email,Mobile,5,165.6,True,False
S1009889,C11948,2025-10-23,Email,Tablet,3,116.1,False,False
S1009890,C11704,2026-06-16,Google Ads,Mobile,6,98.2,False,False
S1009891,,2026-05-20,Affiliate,Mobile,2,171.9,False,False
S1009892,C10437,2026-08-15,Organic,Mobile,4,184.1,False,False
S1009893,,2026-07-27,Instagram,Tablet,5,38.7,False,False
S1009894,C11680,2025-11-30,Google Ads,Desktop,7,509.9,False,False
S1009895,,2025-12-29,Facebook,Mobile,4,325.3,False,False
S1009896,C10365,2025-10-16,Email,Mobile,7,276.4,False,False
S1009897,,2026-03-06,Instagram,Mobile,7,70.7,False,False
S1009898,C11443,2026-07-17,Google Ads,Tablet,3,167.4,False,False
S1009899,C10742,2026-04-07,Facebook,Desktop,5,274.9,False,False
S1009900,C11514,2026-05-30,Google Ads,Mobile,4,63.2,False,False
S1009901,C11393,2025-11-10,Organic,Tablet,5,97.3,True,False
S1009902,C11433,2026-04-11,Organic,Desktop,4,74.0,True,False
S1009903,C11663,2025-12-22,Email,Desktop,2,442.0,False,False
S1009904,C10621,2025-09-22,Affiliate,Mobile,3,24.2,False,False
S1009905,,2026-07-16,Instagram,Mobile,8,145.8,True,False
S1009906,,2025-12-02,Google Ads,Mobile,7,123.6,True,False
S1009907,C10751,2026-03-16,Google Ads,Desktop,4,60.4,False,False
S1009908,C11416,2026-05-30,Facebook,Tablet,4,340.1,False,False
S1009909,,2026-04-10,Google Ads,Mobile,6,30.3,False,False
S1009910,,2026-05-26,Google Ads,Mobile,3,127.2,False,False
S1009911,C11335,2026-01-05,Facebook,Mobile,5,113.5,False,False
S1009912,C11254,2026-06-07,Google Ads,Mobile,2,65.0,False,False
S1009913,C10515,2025-11-22,Affiliate,Desktop,8,202.4,True,True
S1009914,C11922,2025-09-29,Organic,Mobile,7,663.5,False,False
S1009915,C10153,2025-10-07,Google Ads,Tablet,5,30.5,False,False
S1009916,C10361,2026-04-27,Google Ads,Mobile,3,111.3,False,False
S1009917,C11481,2026-06-30,Google Ads,Desktop,7,99.8,False,False
S1009918,C10269,2026-04-01,Facebook,Mobile,3,183.8,False,False
S1009919,C10308,2026-03-22,Organic,Desktop,5,167.9,False,False
S1009920,,2025-12-14,Facebook,Mobile,4,130.1,False,False
S1009921,C11675,2026-02-03,Organic,Mobile,9,148.4,False,False
S1009922,C10732,2026-04-19,Organic,Mobile,1,359.6,False,False
S1009923,C10884,2026-04-23,Google Ads,Mobile,2,433.7,False,False
S1009924,C10115,2025-09-05,Facebook,Mobile,8,281.9,False,False
S1009925,C11578,2026-06-28,Organic,Desktop,8,165.6,False,False
S1009926,C10434,2026-06-08,Google Ads,Mobile,7,31.0,False,False
S1009927,C10371,2025-11-12,Google Ads,Mobile,4,112.0,True,False
S1009928,C10793,2025-09-20,Facebook,Desktop,2,51.4,True,False
S1009929,C11276,2026-06-14,Email,Mobile,8,67.8,False,False
S1009930,,2025-09-08,Google Ads,Mobile,8,268.8,True,True
S1009931,C10329,2026-08-18,Google Ads,Mobile,7,337.2,False,False
S1009932,,2025-08-31,Instagram,Mobile,5,219.4,True,False
S1009933,C11469,2026-04-25,Instagram,Mobile,4,97.5,True,False
S1009934,,2026-03-16,Email,Mobile,8,126.6,False,False
S1009935,C10815,2026-02-14,Organic,Mobile,3,21.9,False,False
S1009936,,2025-10-21,Google Ads,Tablet,6,149.9,False,False
S1009937,,2025-12-24,Email,Desktop,3,218.4,False,False
S1009938,,2026-01-30,Organic,Mobile,8,374.1,False,False
S1009939,C11836,2025-09-30,Affiliate,Mobile,6,448.1,False,False
S1009940,C10609,2026-01-29,Google Ads,Mobile,6,362.7,True,False
S1009941,C10747,2025-10-03,Organic,,3,112.2,False,False
S1009942,C10876,2026-01-22,Organic,Desktop,5,201.3,False,False
S1009943,,2026-03-28,Affiliate,Desktop,3,188.4,False,False
S1009944,C11686,2025-12-14,Google Ads,Tablet,8,227.9,False,False
S1009945,C11916,2026-08-07,Instagram,Mobile,7,153.1,False,False
S1009946,C11113,2026-05-12,Facebook,Mobile,2,63.6,False,False
S1009947,,2025-12-03,Facebook,Mobile,4,34.1,False,False
S1009948,,2026-01-13,Instagram,Desktop,2,224.6,False,False
S1009949,C11387,2025-10-25,Facebook,Desktop,8,186.8,True,False
S1009950,C10659,2026-08-15,Google Ads,Mobile,8,232.6,True,True
S1009951,,2026-05-27,Instagram,Desktop,4,512.1,True,False
S1009952,C10812,2026-03-13,Facebook,Desktop,4,397.2,False,False
S1009953,C11191,2025-12-07,Facebook,Mobile,3,66.9,False,False
S1009954,C10691,2026-04-30,Google Ads,Mobile,3,113.1,False,False
S1009955,C11314,2025-11-18,Google Ads,Mobile,6,239.7,False,False
S1009956,C11789,2026-03-05,Organic,Mobile,6,191.5,False,False
S1009957,C11031,2026-02-01,Facebook,Mobile,7,135.0,True,False
S1009958,C10340,2025-09-11,Facebook,Mobile,2,144.6,False,False
S1009959,,2026-02-26,Email,Mobile,6,26.3,False,False
S1009960,C10095,2026-06-19,Organic,Mobile,7,63.2,True,False
S1009961,C11609,2026-07-24,Affiliate,Desktop,4,142.0,False,False
S1009962,C10835,2026-04-28,Organic,Desktop,2,53.5,False,False
S1009963,C11287,2025-11-25,Instagram,Mobile,2,243.1,False,False
S1009964,C11602,2025-10-15,Affiliate,Mobile,3,72.1,False,False
S1009965,C10761,2026-05-01,Google Ads,Mobile,4,28.3,False,False
S1009966,,2026-01-12,Facebook,Desktop,5,69.4,False,False
S1009967,C10677,2025-12-31,Google Ads,Desktop,4,214.8,False,False
S1009968,C11310,2026-06-03,Google Ads,Desktop,5,332.4,False,False
S1009969,C10324,2025-12-24,Google Ads,Mobile,3,384.3,False,False
S1009970,C10378,2026-01-17,Affiliate,Desktop,6,72.5,False,False
S1009971,,2026-04-30,Email,Mobile,8,451.1,False,False
S1009972,C11674,2026-01-28,Email,Mobile,8,343.9,False,False
S1009973,C11434,2025-12-04,Organic,Tablet,7,242.5,False,False
S1009974,,2026-01-30,Organic,Mobile,2,377.0,False,False
S1009975,C11009,2026-01-03,Instagram,Mobile,6,198.4,False,False
S1009976,,2026-04-18,Affiliate,Desktop,4,147.2,False,False
S1009977,C10602,2026-01-11,Facebook,Mobile,6,307.2,False,False
S1009978,C11747,2025-11-20,Facebook,Mobile,8,105.6,False,False
S1009979,C11373,2025-10-25,Google Ads,Desktop,5,288.2,False,False
S1009980,C11942,2025-12-12,Instagram,Mobile,3,205.8,False,False
S1009981,C11650,2026-01-03,Email,Mobile,6,314.0,False,False
S1009982,C11119,2025-11-30,Instagram,Desktop,6,202.4,False,False
S1009983,C11773,2025-11-13,Instagram,Mobile,5,245.6,False,False
S1009984,C11354,2026-02-13,Instagram,Mobile,6,474.9,False,False
S1009985,C11713,2026-03-06,Email,Mobile,6,128.8,False,False
S1009986,C11541,2025-10-26,Google Ads,Mobile,4,192.4,False,False
S1009987,C10457,2026-03-03,Organic,Tablet,5,71.9,False,False
S1009988,C11322,2026-08-11,Email,,4,187.9,False,False
S1009989,C10294,2026-06-28,Google Ads,Desktop,4,262.6,True,False
S1009990,C11336,2025-12-11,Email,Mobile,7,189.7,True,False
S1009991,C10015,2026-01-10,Email,Mobile,3,151.9,False,False
S1009992,C11123,2026-07-18,Google Ads,Desktop,7,41.8,False,False
S1009993,C11545,2026-01-21,Email,Mobile,5,191.1,True,False
S1009994,,2026-07-02,Google Ads,Mobile,3,205.7,False,False
S1009995,C11831,2026-03-09,Email,Mobile,5,176.6,False,False
S1009996,C10868,2026-02-26,Organic,Mobile,9,67.8,False,False
S1009997,C11250,2026-04-23,Affiliate,Tablet,5,425.0,True,False
S1009998,,2026-03-06,Google Ads,Desktop,6,189.1,True,True
S1009999,C10578,2026-04-14,Email,Desktop,4,183.4,False,False
S1010000,C11240,2026-03-20,Affiliate,,8,5.8,False,False
S1010001,,2026-06-01,Google Ads,Desktop,3,408.9,False,False
S1010002,C11843,2026-04-02,Email,Mobile,6,254.9,True,False
S1010003,C10058,2026-07-14,Organic,Mobile,8,79.9,True,False
S1010004,C11006,2025-11-30,Instagram,Mobile,7,58.8,False,False
S1010005,C10537,2026-01-02,Organic,Tablet,6,163.6,False,False
S1010006,C10733,2025-11-01,Email,Mobile,2,191.2,False,False
S1010007,C10183,2026-07-08,Google Ads,Mobile,7,24.2,False,False
S1010008,C10035,2026-01-31,Email,Desktop,6,78.3,True,True
S1010009,C11667,2025-10-19,Google Ads,Mobile,1,164.8,False,False
S1010010,C11117,2026-05-23,Email,Tablet,7,303.6,False,False
S1010011,,2026-02-17,Instagram,Mobile,8,84.9,False,False
S1010012,C11707,2026-03-21,Facebook,Mobile,6,163.8,False,False
S1010013,,2026-03-24,Instagram,Mobile,3,240.4,False,False
S1010014,C10765,2026-06-22,Instagram,Mobile,3,78.8,False,False
S1010015,C11817,2025-10-29,Google Ads,Mobile,3,97.0,False,False
S1010016,C10420,2026-01-09,Facebook,Desktop,4,525.9,False,False
S1010017,C11555,2026-06-13,Facebook,Mobile,4,58.7,False,False
S1010018,,2026-04-03,Organic,Mobile,4,48.5,True,True
S1010019,,2025-09-09,Affiliate,Tablet,5,89.0,False,False
S1010020,,2025-10-30,Email,Mobile,8,43.9,False,False
S1010021,,2026-04-05,Organic,Mobile,7,149.2,True,True
S1010022,C11860,2026-08-18,Email,Mobile,5,90.9,True,True
S1010023,C10231,2026-06-29,Google Ads,Mobile,3,116.5,False,False
S1010024,C10206,2025-11-18,Google Ads,Mobile,8,84.7,False,False
S1010025,C11615,2025-11-12,Organic,Mobile,6,265.6,False,False
S1010026,,2025-10-10,Organic,Mobile,8,189.2,False,False
S1010027,C11591,2025-11-28,Affiliate,Mobile,6,546.6,False,False
S1010028,C10747,2026-08-04,Facebook,Mobile,4,105.1,True,True
S1010029,C10949,2025-09-28,Affiliate,Desktop,3,336.7,False,False
S1010030,C11195,2026-02-27,Email,Mobile,3,97.7,False,False
S1010031,C10280,2025-11-19,Facebook,Desktop,5,109.1,True,True
S1010032,C10227,2026-04-11,Organic,Mobile,3,12.9,False,False
S1010033,C11378,2026-02-24,Email,Mobile,9,41.7,True,False
S1010034,,2026-08-21,Google Ads,Desktop,5,175.2,False,False
S1010035,C11743,2026-04-25,Facebook,Mobile,5,314.0,True,True
S1010036,C10870,2026-06-18,Google Ads,Mobile,2,135.8,True,True
S1010037,C11458,2026-01-14,Instagram,Desktop,5,106.7,True,False
S1010038,C11348,2025-10-06,Google Ads,Tablet,6,153.8,False,False
S1010039,C11563,2026-07-19,Organic,Mobile,6,77.8,False,False
S1010040,C11201,2025-08-23,Affiliate,Mobile,6,110.6,True,True
S1010041,C10225,2025-12-06,Instagram,Desktop,7,90.2,False,False
S1010042,C10421,2026-01-18,Affiliate,Mobile,6,257.4,False,False
S1010043,C11804,2026-07-21,Google Ads,Mobile,5,426.1,False,False
S1010044,,2026-05-09,Email,,3,70.8,False,False
S1010045,C10419,2026-07-21,Facebook,Mobile,8,183.3,True,True
S1010046,C11049,2025-12-03,Email,Mobile,3,75.8,False,False
S1010047,,2026-07-12,Email,Mobile,6,130.0,False,False
S1010048,,2025-12-27,Facebook,Mobile,5,64.0,False,False
S1010049,,2026-07-09,Affiliate,Mobile,5,218.9,True,False
S1010050,,2025-08-23,Google Ads,Mobile,7,58.8,False,False
S1010051,C10182,2025-08-28,Email,Desktop,2,495.1,False,False
S1010052,C11752,2026-07-14,Affiliate,Mobile,6,50.7,False,False
S1010053,C11477,2026-07-01,Instagram,Desktop,9,187.0,True,False
S1010054,,2025-08-21,Email,Desktop,4,57.8,False,False
S1010055,,2026-04-22,Organic,Mobile,1,29.4,False,False
S1010056,C10193,2026-05-07,Instagram,Mobile,4,41.6,False,False
S1010057,C10167,2026-08-11,Email,Mobile,5,37.7,True,True
S1010058,C11371,2025-09-21,Facebook,Desktop,2,116.7,False,False
S1010059,C10202,2026-01-27,Google Ads,Mobile,5,34.7,False,False
S1010060,C11581,2026-02-08,Email,Mobile,2,220.3,False,False
S1010061,C11528,2025-10-18,Facebook,Desktop,6,349.6,False,False
S1010062,C11263,2025-12-28,Email,Desktop,4,41.4,False,False
S1010063,C11485,2026-03-26,Google Ads,Desktop,6,96.4,True,False
S1010064,C10353,2026-03-07,Google Ads,Mobile,5,127.9,False,False
S1010065,C11040,2025-11-22,Organic,Mobile,8,155.8,False,False
S1010066,C10111,2026-08-16,Instagram,Mobile,2,711.9,False,False
S1010067,,2026-06-12,Email,Desktop,3,56.7,False,False
S1010068,C11765,2026-03-20,Instagram,Mobile,5,26.8,True,True
S1010069,C11055,2026-07-24,Affiliate,Desktop,6,144.7,True,False
S1010070,C10201,2026-07-11,Facebook,Mobile,2,41.7,False,False
S1010071,C10724,2025-09-29,Facebook,Desktop,6,112.4,False,False
S1010072,,2025-10-28,Google Ads,Mobile,6,143.7,False,False
S1010073,C10290,2026-04-27,Email,Mobile,6,176.1,False,False
S1010074,C11275,2025-12-18,Email,Mobile,7,222.2,True,False
S1010075,,2026-03-01,Affiliate,Desktop,5,63.4,False,False
S1010076,C11047,2025-10-04,Instagram,Mobile,7,131.6,True,False
S1010077,C11567,2026-01-19,Google Ads,Mobile,4,392.2,False,False
S1010078,C10255,2026-04-29,Facebook,Desktop,3,102.6,False,False
S1010079,,2025-12-09,Organic,Tablet,4,106.0,True,True
S1010080,C11745,2025-08-25,Email,Mobile,6,123.8,False,False
S1010081,C11013,2026-06-19,Facebook,Mobile,8,90.2,False,False
S1010082,C10528,2025-10-20,Google Ads,Tablet,3,65.3,False,False
S1010083,C11859,2026-03-22,Google Ads,Mobile,5,51.5,False,False
S1010084,C11368,2026-06-15,Facebook,Mobile,5,131.3,True,False
S1010085,C11449,2026-01-02,Affiliate,Mobile,8,124.5,False,False
S1010086,C10458,2026-08-12,Instagram,Tablet,3,297.6,False,False
S1010087,C11067,2026-06-06,Google Ads,Mobile,6,129.6,False,False
S1010088,C10335,2026-02-20,Affiliate,Mobile,5,202.9,False,False
S1010089,C11287,2026-05-08,Organic,Desktop,5,100.2,True,False
S1010090,C11256,2025-09-13,Organic,Desktop,5,190.9,False,False
S1010091,C11263,2025-11-21,Facebook,Mobile,4,195.2,False,False
S1010092,,2026-05-05,Instagram,Mobile,6,274.6,False,False
S1010093,C10190,2025-09-21,Instagram,Mobile,3,115.0,False,False
S1010094,C11299,2025-11-09,Google Ads,Mobile,2,136.9,False,False
S1010095,C11053,2025-12-18,Google Ads,Mobile,3,48.3,False,False
S1010096,C10272,2026-07-23,Instagram,Mobile,3,188.6,False,False
S1010097,C11588,2025-10-06,Email,Mobile,3,75.8,False,False
S1010098,C11473,2025-09-27,Email,Mobile,3,99.8,True,False
S1010099,C11674,2025-10-29,Google Ads,Mobile,4,107.9,True,False
S1010100,C11178,2026-01-28,Google Ads,Desktop,3,368.6,False,False
S1010101,,2026-02-05,Instagram,Desktop,3,268.4,False,False
S1010102,C10090,2026-07-05,Email,Mobile,7,215.2,False,False
S1010103,C10492,2026-03-06,Instagram,Tablet,5,22.0,False,False
S1010104,,2025-11-18,Instagram,Desktop,5,200.5,True,False
S1010105,C11807,2026-04-28,Organic,Mobile,1,106.7,True,False
S1010106,C11209,2026-04-06,Google Ads,Mobile,3,108.6,True,False
S1010107,C11725,2025-10-12,Organic,Mobile,4,90.8,True,True
S1010108,C11927,2026-03-27,Email,Mobile,1,324.4,False,False
S1010109,C10730,2026-03-15,Instagram,Desktop,5,325.2,False,False
S1010110,C11196,2026-03-28,Instagram,Mobile,5,83.0,False,False
S1010111,,2026-04-09,Google Ads,Mobile,7,161.1,False,False
S1010112,C11726,2025-09-23,Google Ads,Desktop,9,161.9,True,False
S1010113,,2026-03-22,Google Ads,Mobile,3,85.3,False,False
S1010114,C11612,2026-03-24,Organic,Tablet,7,57.4,False,False
S1010115,,2025-08-28,Email,Mobile,3,73.3,False,False
S1010116,C10739,2026-02-06,Facebook,Mobile,5,126.0,False,False
S1010117,C11202,2025-10-23,Google Ads,Mobile,5,344.6,True,False
S1010118,,2025-08-31,Instagram,Mobile,4,333.0,False,False
S1010119,C10581,2025-11-17,Instagram,Mobile,4,213.9,False,False
S1010120,,2026-03-15,Email,Mobile,5,244.0,True,False
S1010121,C10634,2025-11-17,Facebook,Desktop,5,57.4,False,False
S1010122,C11514,2025-12-23,Instagram,Mobile,2,107.4,False,False
S1010123,C11441,2025-09-25,Organic,Desktop,4,484.8,False,False
S1010124,C11094,2026-06-14,Email,Mobile,4,73.3,False,False
S1010125,C10777,2025-11-20,Instagram,Mobile,4,168.3,False,False
S1010126,,2026-01-30,Email,Mobile,6,81.1,False,False
S1010127,C10051,2025-09-12,Instagram,Tablet,2,106.1,False,False
S1010128,C10975,2026-07-01,Organic,Mobile,7,148.1,True,True
S1010129,,2026-08-14,Google Ads,Tablet,6,97.9,False,False
S1010130,C10201,2026-01-24,Instagram,Mobile,4,330.8,False,False
S1010131,C11248,2026-07-31,Email,Mobile,5,89.5,False,False
S1010132,,2025-11-29,Instagram,Mobile,4,84.8,True,True
S1010133,C10440,2026-07-14,Facebook,Mobile,3,264.7,True,False
S1010134,C10272,2025-12-28,Affiliate,Tablet,6,188.7,True,False
S1010135,C11512,2025-10-02,Google Ads,Mobile,6,217.6,True,False
S1010136,C11712,2026-03-13,Google Ads,Mobile,4,101.3,True,False
S1010137,,2025-12-23,Google Ads,Mobile,2,168.9,False,False
S1010138,C11562,2026-03-23,Organic,Mobile,12,49.5,True,False
S1010139,C10417,2026-07-12,Organic,Desktop,6,16.3,False,False
S1010140,C10564,2025-10-06,Affiliate,Mobile,5,418.4,False,False
S1010141,C10973,2026-05-29,Google Ads,Mobile,5,109.8,False,False
S1010142,,2026-06-12,Organic,Mobile,2,215.5,False,False
S1010143,C10300,2026-03-31,Google Ads,Mobile,5,196.5,True,True
S1010144,C10141,2025-09-20,Email,Mobile,5,612.0,False,False
S1010145,C11686,2025-10-01,Facebook,Tablet,5,203.0,False,False
S1010146,C10107,2025-09-29,Organic,Mobile,6,327.9,False,False
S1010147,C10481,2026-04-07,Email,Tablet,7,219.5,False,False
S1010148,C11141,2025-09-05,Email,Mobile,5,121.1,False,False
S1010149,C11003,2026-07-08,Organic,Mobile,3,120.7,False,False
S1010150,C11958,2026-06-17,Instagram,Mobile,8,52.7,False,False
S1010151,,2026-04-28,Google Ads,Mobile,5,186.8,False,False
S1010152,C11085,2026-03-02,Google Ads,Desktop,2,199.5,False,False
S1010153,C10749,2025-11-29,Instagram,Tablet,7,81.5,False,False
S1010154,C11828,2026-01-16,Affiliate,Mobile,5,239.3,False,False
S1010155,C10851,2026-08-01,Organic,Mobile,4,210.9,False,False
S1010156,C10180,2025-10-29,Facebook,Mobile,4,230.8,False,False
S1010157,C11579,2025-08-26,Affiliate,Desktop,3,31.0,False,False
S1010158,C11490,2025-12-31,Google Ads,Mobile,4,204.1,False,False
S1010159,C11568,2025-08-28,Facebook,Desktop,7,124.2,True,False
S1010160,C11185,2025-10-08,Facebook,Desktop,2,395.5,False,False
S1010161,C10192,2026-04-13,Facebook,Desktop,6,102.4,False,False
S1010162,C11637,2026-02-28,Organic,Desktop,6,220.2,True,False
S1010163,C10372,2026-07-03,Email,Mobile,6,257.8,False,False
S1010164,C11821,2026-08-11,Affiliate,Mobile,4,115.5,False,False
S1010165,C10277,2026-08-19,Affiliate,Mobile,3,258.6,False,False
S1010166,C10523,2026-06-26,Google Ads,Desktop,7,62.9,True,False
S1010167,C11205,2025-11-11,Affiliate,Desktop,3,40.9,False,False
S1010168,,2026-02-16,Instagram,Mobile,5,71.5,True,True
S1010169,,2025-09-26,Instagram,Mobile,5,43.9,False,False
S1010170,C11155,2025-08-29,Email,Desktop,2,143.9,False,False
S1010171,C11575,2025-10-10,Email,Mobile,4,144.1,True,True
S1010172,C10026,2026-07-31,Instagram,Desktop,1,201.2,True,True
S1010173,C11786,2026-02-09,Email,Tablet,6,112.6,True,False
S1010174,C10380,2026-01-04,Instagram,Mobile,9,54.3,False,False
S1010175,C10402,2026-02-07,Organic,Tablet,6,310.1,False,False
S1010176,C11713,2026-01-09,Organic,Desktop,9,245.1,False,False
S1010177,C11256,2026-04-22,Email,Desktop,2,200.2,False,False
S1010178,,2025-11-20,Organic,Mobile,4,36.4,False,False
S1010179,C10229,2026-05-10,Instagram,Mobile,6,213.3,False,False
S1010180,,2025-10-26,Instagram,Mobile,5,174.8,True,False
S1010181,C11347,2026-08-21,Facebook,Desktop,5,91.3,True,False
S1010182,C11020,2026-06-05,Affiliate,Mobile,6,270.8,False,False
S1010183,C10522,2025-11-22,Facebook,Mobile,5,213.3,True,False
S1010184,C11174,2026-04-04,Affiliate,Tablet,2,23.5,False,False
S1010185,C10244,2026-04-09,Organic,Mobile,4,274.2,False,False
S1010186,C11854,2026-05-28,Google Ads,Mobile,6,192.7,False,False
S1010187,C11662,2025-12-16,Facebook,Mobile,4,81.0,True,True
S1010188,C11914,2025-10-22,Email,Mobile,4,173.5,False,False
S1010189,,2025-11-28,Google Ads,Desktop,4,163.0,False,False
S1010190,C11166,2025-11-15,Organic,Desktop,3,86.3,False,False
S1010191,C11350,2026-01-31,Google Ads,Desktop,6,30.3,False,False
S1010192,C10576,2025-09-29,Instagram,Desktop,4,96.1,True,False
S1010193,,2026-06-04,Google Ads,Mobile,7,370.1,False,False
S1010194,C10787,2026-05-26,Email,Desktop,4,194.4,False,False
S1010195,,2026-07-18,Google Ads,Mobile,7,47.0,True,False
S1010196,C11856,2026-08-06,Facebook,Mobile,6,25.1,False,False
S1010197,C11913,2026-01-30,Affiliate,Mobile,2,221.1,False,False
S1010198,C11038,2025-11-01,Email,Mobile,6,332.3,False,False
S1010199,C10831,2026-06-27,Instagram,Desktop,5,23.7,False,False
S1010200,C11908,2026-03-19,Google Ads,Mobile,6,154.5,False,False
S1010201,C10108,2025-12-14,Instagram,Mobile,7,35.4,False,False
S1010202,C10043,2026-04-10,Affiliate,Mobile,3,375.4,False,False
S1010203,,2026-01-27,Instagram,Mobile,4,150.4,False,False
S1010204,C11773,2026-07-11,Google Ads,Mobile,5,40.1,False,False
S1010205,C10282,2026-08-21,Instagram,Mobile,10,99.7,False,False
S1010206,C10189,2026-07-10,Google Ads,Mobile,6,114.0,False,False
S1010207,C10442,2026-07-09,Instagram,Mobile,3,162.2,False,False
S1010208,C11101,2026-05-23,Instagram,Desktop,6,515.3,True,True
S1010209,C10490,2026-07-16,Email,Tablet,6,157.3,True,False
S1010210,C10973,2026-02-09,Organic,Mobile,10,243.2,False,False
S1010211,C10554,2026-01-30,Organic,Mobile,7,71.8,False,False
S1010212,C11309,2026-03-15,Affiliate,Mobile,7,66.3,True,False
S1010213,C11420,2025-11-30,Facebook,Desktop,5,133.3,False,False
S1010214,C10750,2026-03-20,Facebook,Desktop,7,43.2,False,False
S1010215,C10465,2025-12-25,Organic,Tablet,5,172.5,False,False
S1010216,C10220,2026-08-18,Google Ads,Desktop,8,146.9,False,False
S1010217,C11098,2025-12-10,Google Ads,Mobile,4,345.8,False,False
S1010218,C11748,2026-01-31,Facebook,Mobile,6,29.8,False,False
S1010219,C11691,2026-02-01,Google Ads,Mobile,2,149.8,False,False
S1010220,C11360,2025-11-29,Facebook,Mobile,3,100.9,False,False
S1010221,C11783,2026-07-31,Google Ads,Desktop,6,150.2,False,False
S1010222,C10178,2025-10-08,Google Ads,Mobile,7,236.9,True,True
S1010223,C10477,2025-10-07,Facebook,Mobile,4,125.6,False,False
S1010224,,2025-08-26,Instagram,Mobile,5,53.6,True,True
S1010225,C10604,2026-02-20,Email,Tablet,10,187.5,False,False
S1010226,C11386,2026-07-28,Instagram,Desktop,2,130.9,False,False
S1010227,C10313,2026-08-04,Email,Mobile,6,242.7,False,False
S1010228,C11739,2025-10-29,Organic,Mobile,5,168.7,False,False
S1010229,C11954,2026-02-24,Affiliate,Desktop,5,187.5,True,True
S1010230,C10571,2025-09-25,Facebook,Mobile,5,93.0,False,False
S1010231,C10158,2026-04-10,Facebook,Mobile,3,19.8,False,False
S1010232,C10759,2026-03-15,Instagram,Mobile,6,19.8,False,False
S1010233,C11726,2025-08-25,Google Ads,Mobile,8,24.3,False,False
S1010234,C10462,2026-03-10,Instagram,Desktop,4,69.6,False,False
S1010235,C11748,2025-09-16,Organic,Mobile,3,59.8,False,False
S1010236,C11908,2026-04-10,Google Ads,Mobile,5,180.8,False,False
S1010237,C10524,2026-01-25,Facebook,Mobile,6,57.1,False,False
S1010238,C10787,2026-02-14,Affiliate,Mobile,6,68.8,False,False
S1010239,C10839,2026-03-19,Organic,Mobile,4,468.4,False,False
S1010240,,2025-11-22,Google Ads,Mobile,6,298.3,True,False
S1010241,C10902,2026-08-19,Email,Mobile,4,210.7,False,False
S1010242,,2025-08-30,Instagram,Desktop,5,116.9,False,False
S1010243,C11925,2026-03-15,Google Ads,Mobile,4,43.8,False,False
S1010244,C11483,2025-11-21,Affiliate,Desktop,5,67.7,True,False
S1010245,C10738,2025-09-19,Email,Mobile,3,74.0,False,False
S1010246,C11987,2026-06-21,Organic,Mobile,3,63.3,False,False
S1010247,C11238,2025-09-21,Facebook,Mobile,3,25.6,False,False
S1010248,C10557,2025-09-20,Instagram,Mobile,4,58.3,True,True
S1010249,C11725,2025-10-24,Organic,Desktop,4,43.8,False,False
S1010250,C10816,2026-05-27,Google Ads,Desktop,6,93.2,False,False
S1010251,C10595,2026-01-24,Organic,Desktop,2,194.9,False,False
S1010252,C11275,2025-11-21,Facebook,Tablet,4,59.9,False,False
S1010253,C10142,2026-01-16,Google Ads,Mobile,6,63.2,True,False
S1010254,C10713,2026-04-17,Instagram,Mobile,3,40.5,False,False
S1010255,C11819,2026-06-07,Organic,Mobile,7,179.7,False,False
S1010256,,2026-02-18,Google Ads,Mobile,6,291.6,False,False
S1010257,,2026-06-20,Affiliate,Desktop,6,105.0,False,False
S1010258,C11943,2026-05-02,Email,Mobile,4,93.9,True,False
S1010259,C10376,2025-12-03,Instagram,Mobile,6,174.7,True,True
S1010260,C10047,2026-05-10,Email,Mobile,5,168.7,True,False
S1010261,C11722,2026-05-03,Email,Mobile,2,208.0,True,False
S1010262,C11616,2025-09-16,Google Ads,Mobile,5,243.7,False,False
S1010263,,2026-02-28,Organic,Mobile,3,517.6,True,False
S1010264,C11648,2025-09-15,Facebook,Mobile,4,264.5,False,False
S1010265,C11472,2026-03-02,Affiliate,Desktop,6,95.7,False,False
S1010266,C11030,2025-09-29,Email,Tablet,8,69.5,False,False
S1010267,C10875,2026-02-26,Instagram,Mobile,6,66.1,False,False
S1010268,C11151,2026-04-09,Facebook,Desktop,4,308.1,False,False
S1010269,C10920,2025-11-08,Email,Desktop,5,58.9,False,False
S1010270,C11457,2026-06-13,Facebook,Mobile,3,104.1,False,False
S1010271,C11503,2026-04-19,Instagram,Mobile,4,68.6,False,False
S1010272,C11190,2026-08-02,Email,Mobile,2,147.7,False,False
S1010273,C11575,2026-07-29,Organic,Mobile,5,224.7,False,False
S1010274,C11086,2026-01-17,Google Ads,Mobile,3,140.3,False,False
S1010275,C10827,2025-10-20,Facebook,Mobile,8,94.6,False,False
S1010276,C11014,2025-10-03,Organic,Mobile,6,130.2,True,True
S1010277,C10127,2026-06-03,Affiliate,Desktop,4,388.5,False,False
S1010278,C10928,2026-07-23,Facebook,Desktop,2,37.2,False,False
S1010279,C10883,2025-09-11,Organic,Mobile,7,350.4,False,False
S1010280,C10372,2026-07-16,Affiliate,Mobile,5,145.3,True,False
S1010281,C11556,2025-09-05,Facebook,Mobile,7,199.4,True,True
S1010282,C10012,2026-07-14,Facebook,Mobile,7,44.7,True,False
S1010283,C10900,2026-07-05,Facebook,Desktop,3,193.3,False,False
S1010284,C11815,2026-06-26,Email,Mobile,5,105.9,False,False
S1010285,C10221,2026-06-16,Organic,Desktop,4,276.6,False,False
S1010286,,2026-05-11,Organic,Desktop,4,447.9,True,False
S1010287,C11754,2026-02-08,Google Ads,Mobile,7,238.6,True,False
S1010288,,2025-12-06,Facebook,Desktop,3,90.5,False,False
S1010289,,2026-01-26,Email,Mobile,8,363.0,True,False
S1010290,C10317,2025-09-12,Facebook,Mobile,7,90.4,False,False
S1010291,C10900,2026-07-26,Organic,Mobile,4,112.2,True,True
S1010292,C10018,2026-04-18,Affiliate,Desktop,3,26.5,True,False
S1010293,C11276,2026-06-14,Organic,Mobile,12,43.6,False,False
S1010294,C11255,2026-02-21,Email,Mobile,3,101.3,False,False
S1010295,C10152,2026-05-13,Affiliate,Mobile,4,43.8,False,False
S1010296,C10996,2025-12-04,Instagram,Mobile,7,287.0,False,False
S1010297,C10418,2026-04-27,Affiliate,Mobile,6,138.6,False,False
S1010298,C11472,2026-03-08,Instagram,Mobile,4,97.6,False,False
S1010299,C11401,2026-05-14,Email,Mobile,4,200.4,False,False
S1010300,,2025-11-08,Instagram,Mobile,4,34.0,True,False
S1010301,,2025-12-18,Affiliate,Mobile,5,55.7,False,False
S1010302,C11962,2025-09-18,Facebook,Desktop,4,231.3,False,False
S1010303,C11703,2026-03-02,Organic,Mobile,8,232.1,False,False
S1010304,C11348,2026-01-12,Google Ads,Mobile,2,94.6,False,False
S1010305,,2025-12-03,Instagram,Tablet,5,66.0,False,False
S1010306,C10794,2026-07-03,Email,Desktop,4,245.3,False,False
S1010307,C10315,2025-12-06,Affiliate,Desktop,5,142.7,False,False
S1010308,C11481,2026-04-10,Facebook,Mobile,8,209.1,False,False
S1010309,C10082,2025-09-23,Google Ads,Mobile,6,57.0,False,False
S1010310,C10159,2025-08-31,Organic,Desktop,2,223.3,False,False
S1010311,,2026-08-14,Affiliate,Tablet,2,101.8,False,False
S1010312,,2026-03-23,Facebook,Mobile,7,348.2,True,True
S1010313,C10208,2025-12-24,Facebook,Mobile,5,312.3,True,False
S1010314,C10940,2026-08-04,Email,Mobile,4,85.7,True,False
S1010315,C10976,2026-07-07,Affiliate,Mobile,8,118.4,False,False
S1010316,,2026-02-21,Google Ads,Desktop,4,224.3,False,False
S1010317,C11997,2025-10-04,Facebook,Mobile,5,188.7,False,False
S1010318,C10294,2026-06-14,Facebook,Mobile,4,170.7,True,False
S1010319,C11005,2026-03-30,Instagram,Tablet,2,62.7,False,False
S1010320,C10173,2025-10-10,Google Ads,Tablet,4,365.9,False,False
S1010321,C11306,2026-06-11,Email,Desktop,3,354.7,False,False
S1010322,C10907,2025-11-16,Facebook,Mobile,7,291.3,False,False
S1010323,C11218,2026-06-19,Email,Mobile,5,198.2,True,False
S1010324,C11052,2026-07-28,Google Ads,Mobile,2,98.8,False,False
S1010325,C11384,2026-05-26,Email,Mobile,6,173.6,False,False
S1010326,C11524,2026-03-12,Organic,Mobile,4,93.0,False,False
S1010327,C10774,2026-04-13,Google Ads,Mobile,5,186.1,False,False
S1010328,C10694,2026-04-05,Affiliate,Desktop,4,332.0,False,False
S1010329,C10084,2026-02-08,Google Ads,Mobile,4,9.6,False,False
S1010330,C10043,2025-11-26,Google Ads,Desktop,9,116.3,False,False
S1010331,C11537,2026-08-13,Google Ads,Desktop,8,75.6,True,False
S1010332,C10347,2026-03-19,Affiliate,Mobile,3,209.4,False,False
S1010333,C10447,2026-02-21,Organic,Tablet,6,130.4,False,False
S1010334,,2026-06-04,Google Ads,Mobile,3,114.2,False,False
S1010335,C11527,2026-08-17,Google Ads,Tablet,7,48.5,True,False
S1010336,C11705,2026-06-28,Google Ads,Desktop,2,90.5,False,False
S1010337,C11119,2026-08-16,Organic,Desktop,3,169.3,True,False
S1010338,,2026-04-18,Email,Desktop,4,145.9,False,False
S1010339,C11488,2026-01-29,Email,Mobile,5,350.8,False,False
S1010340,,2025-09-23,Instagram,Mobile,9,226.2,False,False
S1010341,C11262,2025-12-30,Facebook,Mobile,6,189.9,False,False
S1010342,,2026-08-14,Google Ads,Desktop,6,157.2,False,False
S1010343,C10226,2026-05-10,Instagram,Mobile,8,44.8,True,False
S1010344,,2025-10-07,Google Ads,Desktop,3,65.1,True,True
S1010345,,2026-03-22,Affiliate,Mobile,4,146.5,False,False
S1010346,C11713,2026-03-03,Google Ads,Mobile,6,335.1,False,False
S1010347,C10311,2026-05-17,Instagram,Mobile,7,57.6,False,False
S1010348,C10527,2026-01-11,Affiliate,Desktop,6,39.3,True,False
S1010349,C11879,2026-01-17,Email,Mobile,6,183.7,False,False
S1010350,C11293,2026-07-11,Instagram,,3,226.5,False,False
S1010351,C10299,2025-11-19,Google Ads,Desktop,7,82.3,False,False
S1010352,C10993,2026-02-12,Google Ads,Desktop,5,165.2,False,False
S1010353,C11665,2026-01-20,Instagram,Desktop,2,30.5,False,False
S1010354,C11612,2026-07-02,Affiliate,Mobile,5,346.9,True,False
S1010355,C10670,2026-03-03,Google Ads,Mobile,7,217.3,False,False
S1010356,C10565,2026-02-23,Organic,Mobile,6,212.8,False,False
S1010357,C11467,2026-03-01,Google Ads,Mobile,3,322.9,False,False
S1010358,C11976,2026-07-03,Affiliate,Desktop,5,600.9,False,False
S1010359,C11708,2025-12-25,Affiliate,Desktop,9,68.1,False,False
S1010360,,2026-01-02,Google Ads,Desktop,4,28.4,False,False
S1010361,C11941,2026-03-01,Instagram,Desktop,7,87.2,False,False
S1010362,C10674,2026-03-08,Google Ads,Desktop,7,89.8,False,False
S1010363,C10603,2026-06-26,Google Ads,Mobile,8,62.3,False,False
S1010364,C11572,2025-09-15,Google Ads,Mobile,3,319.9,False,False
S1010365,C11977,2026-07-11,Instagram,Mobile,2,73.1,True,False
S1010366,C11351,2026-01-08,Facebook,Mobile,4,120.5,False,False
S1010367,,2025-12-10,Facebook,Mobile,6,290.4,False,False
S1010368,C10256,2026-02-13,Organic,Tablet,8,16.6,False,False
S1010369,C10315,2025-08-26,Google Ads,Mobile,5,183.6,True,False
S1010370,,2025-08-29,Google Ads,Mobile,5,314.0,False,False
S1010371,C11643,2025-10-12,Email,Mobile,7,60.2,False,False
S1010372,C10217,2025-09-07,Affiliate,Mobile,6,32.8,True,False
S1010373,C10872,2026-08-13,Organic,Desktop,4,284.4,False,False
S1010374,C10947,2026-04-21,Instagram,Mobile,3,139.1,False,False
S1010375,C10343,2026-04-01,Google Ads,Desktop,6,275.4,True,True
S1010376,C11136,2026-08-11,Google Ads,Desktop,6,124.3,False,False
S1010377,C11260,2026-07-23,Google Ads,Tablet,4,148.1,True,True
S1010378,C11841,2026-04-06,Instagram,Mobile,2,136.1,False,False
S1010379,,2025-09-30,Google Ads,Mobile,4,283.5,True,False
S1010380,C10792,2026-02-25,Facebook,Desktop,8,66.0,False,False
S1010381,C11552,2026-01-26,Organic,Mobile,3,131.9,False,False
S1010382,C10775,2026-07-10,Google Ads,Mobile,4,385.0,True,False
S1010383,C11623,2025-08-28,Affiliate,Desktop,7,142.4,True,False
S1010384,C11937,2025-09-27,Email,Desktop,6,197.3,False,False
S1010385,C11226,2026-02-12,Google Ads,Tablet,4,534.3,False,False
S1010386,C10086,2026-07-25,Instagram,Desktop,4,24.4,False,False
S1010387,C10252,2026-08-18,Organic,Mobile,7,332.4,False,False
S1010388,C11220,2026-04-03,Instagram,Mobile,7,66.6,False,False
S1010389,C11701,2026-01-23,Organic,Desktop,2,201.1,False,False
S1010390,C11739,2026-04-16,Instagram,Mobile,4,253.5,False,False
S1010391,,2026-01-14,Facebook,Mobile,4,37.8,False,False
S1010392,,2025-09-17,Affiliate,Mobile,3,282.8,True,True
S1010393,C11409,2026-04-20,Affiliate,Desktop,7,88.3,False,False
S1010394,,2025-10-24,Google Ads,Mobile,7,163.7,False,False
S1010395,C10343,2026-04-10,Facebook,Desktop,8,88.2,False,False
S1010396,C10434,2026-04-01,Email,Mobile,7,60.6,False,False
S1010397,C11862,2025-12-19,Organic,Desktop,4,391.9,True,False
S1010398,C10300,2025-10-25,Organic,Desktop,1,446.6,False,False
S1010399,C11651,2026-07-06,Facebook,Mobile,4,77.0,False,False
S1010400,C11968,2025-10-24,Instagram,Desktop,3,251.0,False,False
S1010401,C11095,2026-02-26,Email,Mobile,3,164.9,False,False
S1010402,C11764,2025-12-07,Instagram,Mobile,5,254.6,False,False
S1010403,C11637,2026-06-06,Instagram,Mobile,4,321.8,False,False
S1010404,C10626,2026-08-12,Instagram,Mobile,6,135.2,True,False
S1010405,C10121,2026-04-29,Google Ads,Desktop,6,453.7,False,False
S1010406,,2025-09-13,Affiliate,Mobile,2,362.2,False,False
S1010407,C10206,2025-11-24,Organic,Mobile,4,390.6,False,False
S1010408,C10852,2026-01-13,Instagram,Desktop,7,39.3,False,False
S1010409,,2025-12-22,Organic,Mobile,6,149.9,False,False
S1010410,C11842,2025-09-23,Organic,Mobile,5,254.6,False,False
S1010411,C11133,2026-08-15,Google Ads,Tablet,3,495.8,False,False
S1010412,,2026-03-30,Google Ads,Mobile,5,220.4,False,False
S1010413,C11617,2025-09-23,Organic,Desktop,3,383.6,False,False
S1010414,C10448,2025-09-05,Instagram,Mobile,5,121.8,False,False
S1010415,C11657,2026-05-07,Google Ads,Mobile,6,60.6,False,False
S1010416,C11560,2026-03-17,Facebook,Tablet,6,38.4,False,False
S1010417,C11568,2025-12-22,Facebook,Mobile,5,148.4,True,False
S1010418,,2026-01-02,Facebook,Mobile,5,185.1,False,False
S1010419,,2026-02-13,Email,Desktop,6,190.0,True,True
S1010420,C11361,2025-11-12,Google Ads,Desktop,5,125.9,True,False
S1010421,C10453,2025-10-03,Organic,Mobile,5,253.1,True,False
S1010422,C10002,2026-03-29,Google Ads,Mobile,3,108.4,False,False
S1010423,C11302,2026-05-08,Facebook,Mobile,4,57.3,False,False
S1010424,C11623,2025-10-07,Email,Desktop,4,143.6,True,False
S1010425,C11377,2026-06-05,Facebook,Tablet,4,202.6,True,False
S1010426,C10204,2026-08-16,Organic,Desktop,5,182.9,False,False
S1010427,,2026-01-31,Google Ads,Mobile,5,44.3,False,False
S1010428,,2026-02-20,Affiliate,Mobile,4,190.2,False,False
S1010429,C11304,2025-08-23,Instagram,Mobile,4,119.5,False,False
S1010430,,2026-06-18,Google Ads,Mobile,2,226.4,False,False
S1010431,C10560,2026-03-17,Google Ads,Mobile,5,448.0,True,False
S1010432,,2025-11-15,Instagram,Mobile,7,108.9,False,False
S1010433,C11480,2026-08-08,Organic,Mobile,2,149.7,False,False
S1010434,C11182,2026-02-01,Affiliate,Mobile,3,201.4,False,False
S1010435,C11840,2026-05-09,Email,Desktop,4,173.7,False,False
S1010436,C10747,2026-05-02,Google Ads,Desktop,5,177.9,True,False
S1010437,,2026-06-05,Organic,Mobile,6,104.5,False,False
S1010438,C11609,2026-07-18,Affiliate,Mobile,7,13.8,True,False
S1010439,C11644,2026-07-29,Instagram,Mobile,5,326.6,False,False
S1010440,C11923,2026-07-11,Email,Desktop,5,250.4,True,False
S1010441,,2026-05-14,Google Ads,Desktop,7,205.6,False,False
S1010442,,2025-11-09,Organic,Mobile,3,89.1,False,False
S1010443,C10031,2026-01-17,Google Ads,Mobile,7,46.8,False,False
S1010444,C10462,2025-09-30,Google Ads,Mobile,4,216.8,False,False
S1010445,C10769,2026-06-02,Instagram,Mobile,3,46.7,False,False
S1010446,C10300,2026-02-24,Facebook,Mobile,5,34.8,False,False
S1010447,C10387,2026-02-18,Email,Desktop,8,131.0,False,False
S1010448,C11078,2026-04-06,Google Ads,Desktop,3,25.6,False,False
S1010449,C11914,2025-10-02,Google Ads,Mobile,6,287.2,True,False
S1010450,C10912,2026-01-22,Facebook,Mobile,4,69.1,False,False
S1010451,C11314,2026-02-21,Google Ads,Mobile,5,199.6,False,False
S1010452,C10163,2026-02-14,Affiliate,Mobile,8,124.5,True,True
S1010453,C10469,2026-06-01,Organic,Mobile,7,53.5,False,False
S1010454,,2025-12-28,Organic,Desktop,7,208.9,True,False
S1010455,C10161,2025-09-17,Instagram,Mobile,7,115.1,False,False
S1010456,C11976,2026-03-29,Google Ads,Desktop,5,151.4,False,False
S1010457,C10598,2026-06-27,Google Ads,Mobile,5,493.5,False,False
S1010458,C11627,2025-11-15,Instagram,Tablet,6,300.7,False,False
S1010459,C10527,2025-11-30,Affiliate,Desktop,5,267.4,True,False
S1010460,C10577,2026-01-01,Organic,Mobile,5,449.0,True,True
S1010461,,2025-10-07,Google Ads,Desktop,7,90.7,False,False
S1010462,,2026-05-04,Facebook,Desktop,6,95.6,False,False
S1010463,C10846,2025-09-24,Facebook,Desktop,5,359.4,True,False
S1010464,,2026-06-11,Google Ads,Mobile,4,133.4,False,False
S1010465,C11219,2026-08-10,Organic,Desktop,5,164.9,False,False
S1010466,C11787,2026-05-26,Google Ads,Mobile,10,281.9,False,False
S1010467,C11345,2026-08-05,Facebook,Mobile,7,211.9,True,True
S1010468,,2026-04-25,Affiliate,Mobile,3,149.0,False,False
S1010469,,2026-06-03,Organic,Mobile,6,168.0,False,False
S1010470,C11041,2026-07-14,Organic,Mobile,4,471.5,False,False
S1010471,,2025-12-04,Organic,Desktop,3,240.8,True,True
S1010472,C10684,2026-08-16,Affiliate,Mobile,4,137.7,False,False
S1010473,C11155,2025-09-28,Email,Mobile,2,513.1,True,True
S1010474,C10366,2026-01-22,Google Ads,Desktop,4,131.8,True,False
S1010475,C10697,2026-02-17,Instagram,Mobile,3,243.8,False,False
S1010476,C11492,2025-11-03,Email,Mobile,4,44.9,False,False
S1010477,C10251,2026-01-17,Google Ads,Mobile,3,197.8,True,True
S1010478,C11303,2025-12-08,Email,Mobile,10,136.5,False,False
S1010479,C10225,2025-09-25,Affiliate,Desktop,4,295.1,False,False
S1010480,,2026-04-05,Facebook,Mobile,2,210.5,False,False
S1010481,C10573,2025-12-02,Instagram,Mobile,4,40.6,False,False
S1010482,,2025-09-15,Organic,Mobile,8,114.1,True,True
S1010483,C10710,2026-01-31,Facebook,Mobile,6,141.9,True,False
S1010484,C10779,2026-04-10,Instagram,Mobile,5,204.9,True,True
S1010485,C11524,2026-08-12,Facebook,Mobile,2,80.3,False,False
S1010486,,2026-07-06,Affiliate,Mobile,3,134.8,True,False
S1010487,C10694,2026-07-23,Affiliate,Tablet,2,303.1,True,False
S1010488,C11498,2026-02-10,Organic,Mobile,3,368.1,False,False
S1010489,C11376,2025-10-13,Email,Mobile,9,192.5,True,False
S1010490,C10710,2026-04-09,Affiliate,Tablet,7,114.3,False,False
S1010491,C11219,2026-03-13,Instagram,Desktop,3,40.5,False,False
S1010492,,2025-09-20,Organic,Mobile,5,356.8,False,False
S1010493,,2025-11-12,Email,Mobile,12,63.3,False,False
S1010494,C11685,2026-06-29,Facebook,Desktop,5,107.7,False,False
S1010495,C10217,2026-04-26,Google Ads,Mobile,4,207.8,False,False
S1010496,C10638,2026-06-29,Instagram,Desktop,9,103.1,False,False
S1010497,C11003,2025-09-22,Affiliate,Mobile,6,206.1,False,False
S1010498,C10195,2026-05-29,Affiliate,Mobile,4,127.4,False,False
S1010499,C10912,2026-01-22,Instagram,Mobile,4,26.9,False,False
S1010500,C11367,2026-05-30,Google Ads,Mobile,7,131.4,False,False
S1010501,C10843,2026-03-20,Google Ads,Mobile,7,172.8,False,False
S1010502,C11154,2026-03-08,Email,Mobile,10,93.9,False,False
S1010503,C10178,2026-08-18,Instagram,Mobile,4,69.3,True,True
S1010504,C10638,2026-03-23,Instagram,Mobile,4,107.1,True,False
S1010505,,2026-01-17,Facebook,,6,44.6,False,False
S1010506,C11909,2026-03-07,Google Ads,Mobile,8,37.2,True,False
S1010507,C11402,2026-02-19,Organic,Mobile,5,154.8,False,False
S1010508,C11836,2026-04-05,Email,Mobile,3,356.4,False,False
S1010509,C11198,2025-09-22,Google Ads,Mobile,6,96.9,False,False
S1010510,C10717,2026-08-14,Affiliate,Mobile,3,162.5,False,False
S1010511,C11837,2026-08-21,Affiliate,Tablet,6,176.5,False,False
S1010512,C10678,2025-10-17,Facebook,Desktop,5,66.9,False,False
S1010513,C10992,2025-11-15,Google Ads,Mobile,4,21.0,False,False
S1010514,C10575,2026-01-14,Google Ads,Desktop,4,85.7,False,False
S1010515,C11753,2026-02-09,Google Ads,Mobile,3,133.3,False,False
S1010516,C10316,2025-11-14,Google Ads,,3,123.9,False,False
S1010517,C10290,2026-01-12,Organic,Mobile,6,71.3,False,False
S1010518,C11093,2025-08-31,Email,Desktop,5,182.4,True,False
S1010519,C11144,2026-06-10,Instagram,Desktop,5,57.4,False,False
S1010520,,2026-07-23,Facebook,Mobile,3,211.8,False,False
S1010521,C10645,2026-05-18,Instagram,Desktop,2,61.7,True,False
S1010522,C11619,2026-03-20,Google Ads,Desktop,5,110.7,True,False
S1010523,C10901,2025-11-15,Organic,Desktop,3,63.4,False,False
S1010524,C10725,2026-02-14,Google Ads,Mobile,4,179.1,False,False
S1010525,,2025-12-12,Email,Mobile,5,84.3,False,False
S1010526,C11912,2025-09-07,Email,Tablet,4,62.7,True,False
S1010527,C11120,2026-01-09,Instagram,Desktop,2,144.1,False,False
S1010528,C10811,2026-01-30,Facebook,Mobile,7,89.9,False,False
S1010529,,2026-04-30,Instagram,Mobile,7,61.5,True,False
S1010530,C10585,2026-01-02,Organic,Mobile,4,303.4,False,False
S1010531,C10204,2026-01-07,Affiliate,Mobile,7,78.5,True,True
S1010532,C10656,2026-05-07,Instagram,Desktop,5,72.2,False,False
S1010533,,2025-09-25,Facebook,Mobile,7,107.8,True,False
S1010534,C10059,2026-06-20,Google Ads,Desktop,6,170.4,False,False
S1010535,C10257,2025-10-09,Google Ads,Mobile,3,63.1,False,False
S1010536,C11468,2026-03-11,Email,Desktop,6,38.1,False,False
S1010537,,2026-04-18,Affiliate,Desktop,4,249.4,True,True
S1010538,C10838,2025-09-01,Instagram,Mobile,7,8.8,False,False
S1010539,C10757,2026-05-15,Affiliate,Mobile,8,162.4,False,False
S1010540,C11776,2026-03-20,Google Ads,Mobile,5,118.5,False,False
S1010541,,2025-12-29,Google Ads,Desktop,6,115.1,False,False
S1010542,C10818,2026-07-30,Google Ads,Desktop,5,58.5,False,False
S1010543,C10127,2026-08-07,Organic,Desktop,5,219.7,True,True
S1010544,,2025-10-12,Instagram,Desktop,6,573.6,False,False
S1010545,,2026-05-14,Organic,Mobile,6,123.9,True,True
S1010546,C11373,2026-07-29,Instagram,Mobile,5,121.6,True,True
S1010547,C10659,2025-10-28,Organic,Mobile,5,193.5,True,False
S1010548,C11782,2026-03-10,Google Ads,Mobile,8,446.7,False,False
S1010549,,2026-06-25,Email,Desktop,3,242.5,False,False
S1010550,,2026-07-22,Affiliate,Desktop,4,201.8,False,False
S1010551,,2026-06-01,Organic,Desktop,4,137.1,False,False
S1010552,C10961,2026-07-24,Organic,Mobile,4,498.6,False,False
S1010553,C11820,2025-08-27,Instagram,Mobile,3,152.8,False,False
S1010554,C11723,2026-06-07,Affiliate,Desktop,6,297.5,True,False
S1010555,C11778,2025-11-19,Google Ads,Mobile,3,199.6,False,False
S1010556,C10823,2026-05-16,Instagram,Desktop,6,39.0,True,False
S1010557,C11814,2025-10-17,Instagram,Desktop,8,112.9,False,False
S1010558,C11949,2026-01-12,Organic,Desktop,5,73.7,False,False
S1010559,C10404,2025-12-23,Google Ads,Mobile,6,289.9,False,False
S1010560,C10724,2025-11-17,Facebook,Mobile,7,173.2,False,False
S1010561,C10778,2026-07-22,Facebook,Mobile,4,126.2,True,True
S1010562,,2025-09-21,Organic,Mobile,5,78.2,False,False
S1010563,C11857,2026-05-04,Organic,Mobile,3,219.4,False,False
S1010564,C11473,2025-11-01,Organic,Mobile,4,9.3,False,False
S1010565,,2026-07-10,Google Ads,Mobile,8,173.3,False,False
S1010566,C11313,2026-04-08,Email,Mobile,10,5.9,False,False
S1010567,,2026-06-02,Organic,Desktop,7,410.6,False,False
S1010568,C10874,2026-07-17,Google Ads,Mobile,2,148.3,False,False
S1010569,C11051,2026-08-18,Email,Mobile,7,591.9,False,False
S1010570,C11761,2026-05-29,Organic,Mobile,3,112.0,True,True
S1010571,C10790,2026-03-08,Affiliate,Mobile,5,511.6,False,False
S1010572,C10556,2026-06-03,Organic,Desktop,8,64.2,True,False
S1010573,C10532,2025-09-04,Google Ads,Desktop,3,196.9,False,False
S1010574,C10029,2025-09-13,Email,Desktop,8,314.3,False,False
S1010575,C10401,2026-02-26,Email,Mobile,5,42.2,True,True
S1010576,C11055,2025-10-26,Organic,Mobile,4,50.0,False,False
S1010577,C11613,2026-06-06,Affiliate,Mobile,4,70.9,False,False
S1010578,,2025-12-20,Google Ads,Mobile,3,108.7,True,True
S1010579,C11352,2026-05-29,Email,Mobile,5,218.3,True,False
S1010580,C11052,2026-01-26,Facebook,Mobile,4,108.6,True,False
S1010581,C10444,2025-11-28,Facebook,Mobile,4,71.9,True,True
S1010582,C11214,2026-07-02,Google Ads,,3,93.9,False,False
S1010583,C11294,2026-01-03,Email,Mobile,3,85.3,False,False
S1010584,,2026-06-25,Email,Mobile,2,186.9,False,False
S1010585,,2025-08-27,Email,Mobile,6,58.6,False,False
S1010586,C11723,2026-01-08,Organic,Tablet,2,125.5,False,False
S1010587,C11095,2026-04-29,Facebook,Mobile,6,104.3,True,True
S1010588,C10198,2025-10-28,Facebook,Mobile,2,217.1,False,False
S1010589,C11737,2025-12-17,Facebook,Mobile,8,252.4,False,False
S1010590,,2026-03-09,Affiliate,Mobile,6,444.4,False,False
S1010591,C11525,2026-07-19,Google Ads,Mobile,6,351.9,False,False
S1010592,C11977,2026-07-17,Facebook,Desktop,6,294.2,False,False
S1010593,C11401,2026-03-30,Organic,Desktop,5,167.8,True,True
S1010594,C10259,2025-08-23,Facebook,Mobile,8,651.3,True,True
S1010595,C11603,2025-10-03,Google Ads,Mobile,2,49.6,False,False
S1010596,C11062,2025-11-03,Email,Mobile,3,131.1,False,False
S1010597,C10220,2025-08-22,Organic,Tablet,2,156.4,False,False
S1010598,,2026-04-14,Facebook,Mobile,6,190.8,False,False
S1010599,C11626,2026-07-29,Affiliate,Mobile,3,160.0,False,False
S1010600,C11002,2026-05-22,Google Ads,Mobile,5,112.5,False,False
S1010601,C11733,2026-05-27,Email,Desktop,5,234.9,False,False
S1010602,C11845,2025-12-25,Instagram,Mobile,4,107.5,False,False
S1010603,C10491,2025-10-09,Instagram,Desktop,4,100.6,False,False
S1010604,C11625,2026-08-05,Affiliate,Desktop,7,209.4,False,False
S1010605,,2026-06-17,Facebook,Mobile,6,201.9,False,False
S1010606,C11642,2025-11-08,Instagram,Mobile,3,211.2,False,False
S1010607,C11951,2025-12-22,Facebook,Desktop,2,146.2,False,False
S1010608,C10129,2026-07-28,Google Ads,Mobile,6,387.2,False,False
S1010609,C10262,2025-09-16,Instagram,Desktop,5,252.8,True,False
S1010610,C10869,2026-07-26,Email,Mobile,5,462.9,True,True
S1010611,,2025-10-05,Instagram,Mobile,3,112.2,False,False
S1010612,C10934,2026-08-13,Google Ads,Mobile,7,235.0,True,False
S1010613,C10676,2025-09-03,Instagram,Desktop,4,135.2,False,False
S1010614,C10847,2026-05-09,Google Ads,Mobile,5,26.8,True,False
S1010615,C11512,2025-09-19,Organic,Mobile,4,86.9,True,False
S1010616,,2026-05-01,Google Ads,Desktop,7,463.0,False,False
S1010617,C10049,2026-05-27,Google Ads,Mobile,3,198.8,True,True
S1010618,C10026,2025-10-27,Affiliate,Mobile,6,153.5,False,False
S1010619,C11214,2026-06-20,Facebook,Desktop,4,116.0,False,False
S1010620,C11035,2026-01-22,Facebook,Mobile,8,174.3,True,False
S1010621,,2025-09-14,Email,Mobile,4,68.1,True,False
S1010622,C11434,2025-09-12,Instagram,Desktop,4,484.4,False,False
S1010623,,2025-08-26,Facebook,Mobile,1,44.9,True,False
S1010624,C11736,2026-07-31,Organic,Tablet,3,296.8,False,False
S1010625,C10446,2025-12-17,Email,Mobile,6,66.2,False,False
S1010626,,2026-05-17,Google Ads,Desktop,6,247.1,False,False
S1010627,,2026-06-20,Organic,Desktop,4,171.5,False,False
S1010628,,2025-10-03,Facebook,Tablet,6,94.4,False,False
S1010629,C11963,2025-10-29,Facebook,Desktop,5,205.1,False,False
S1010630,C11843,2025-12-24,Affiliate,Mobile,4,296.3,False,False
S1010631,C11576,2025-11-07,Google Ads,Mobile,7,90.2,False,False
S1010632,,2025-08-27,Instagram,Desktop,3,273.9,False,False
S1010633,C10765,2026-08-07,Google Ads,Desktop,8,84.8,False,False
S1010634,C10852,2026-04-24,Instagram,Mobile,7,33.5,False,False
S1010635,C11153,2026-07-05,Organic,Desktop,7,59.1,False,False
S1010636,C10449,2025-12-21,Facebook,Desktop,4,192.1,False,False
S1010637,C10601,2026-07-03,Facebook,Mobile,4,241.3,False,False
S1010638,C10468,2026-03-15,Instagram,Mobile,3,210.1,False,False
S1010639,C11525,2026-01-08,Instagram,Desktop,3,64.0,False,False
S1010640,C11712,2026-07-23,Email,Desktop,9,368.2,False,False
S1010641,C11311,2026-01-22,Instagram,Desktop,5,307.7,False,False
S1010642,C10179,2026-04-01,Google Ads,Mobile,10,243.1,False,False
S1010643,C10940,2025-11-23,Organic,Mobile,7,103.2,False,False
S1010644,,2025-11-12,Affiliate,Tablet,6,130.5,True,False
S1010645,C11272,2025-12-10,Organic,Mobile,7,109.7,True,False
S1010646,C10784,2026-02-26,Instagram,Desktop,5,171.0,True,False
S1010647,C11945,2025-12-30,Affiliate,Mobile,9,119.7,False,False
S1010648,C10863,2026-05-01,Affiliate,Desktop,7,60.3,True,False
S1010649,C11776,2026-01-17,Instagram,Mobile,3,398.9,False,False
S1010650,,2025-12-03,Google Ads,Mobile,7,86.4,False,False
S1010651,,2026-07-20,Organic,Mobile,6,314.5,False,False
S1010652,,2025-08-21,Instagram,Desktop,9,409.9,False,False
S1010653,C10069,2026-02-08,Organic,Desktop,4,421.9,False,False
S1010654,C11401,2026-07-29,Email,Mobile,6,167.7,True,False
S1010655,C10961,2025-11-16,Organic,Desktop,6,128.7,True,False
S1010656,C11561,2026-02-28,Google Ads,Mobile,5,325.7,False,False
S1010657,C11444,2026-04-19,Google Ads,Mobile,4,194.4,True,False
S1010658,C11375,2026-06-17,Organic,Mobile,6,312.6,True,False
S1010659,C11275,2026-06-26,Affiliate,Mobile,7,97.9,True,False
S1010660,C11547,2025-12-21,Facebook,Mobile,1,346.6,False,False
S1010661,C11402,2026-06-09,Google Ads,Desktop,8,130.1,True,False
S1010662,C10406,2025-11-23,Email,Tablet,4,199.6,True,False
S1010663,C11671,2025-11-30,Organic,Mobile,4,221.0,False,False
S1010664,C10164,2025-11-02,Email,Mobile,3,296.3,False,False
S1010665,C10809,2026-05-24,Instagram,Mobile,7,57.7,False,False
S1010666,C10737,2026-06-24,Google Ads,Tablet,7,260.1,False,False
S1010667,C11909,2026-03-07,Instagram,Mobile,4,257.2,True,False
S1010668,C11041,2025-10-22,Facebook,Desktop,5,309.8,False,False
S1010669,C11275,2026-05-30,Facebook,Mobile,6,574.7,False,False
S1010670,C10624,2025-12-22,Instagram,Mobile,4,287.0,True,True
S1010671,C11443,2026-01-14,Affiliate,Mobile,8,232.7,True,False
S1010672,C11801,2026-01-02,Instagram,Desktop,2,309.8,False,False
S1010673,C10978,2026-07-02,Google Ads,Mobile,7,293.7,True,False
S1010674,C11227,2026-03-02,Google Ads,Desktop,8,157.1,False,False
S1010675,C11233,2025-11-15,Organic,Mobile,3,449.0,False,False
S1010676,C11326,2025-10-18,Organic,Mobile,5,54.9,False,False
S1010677,C10770,2026-04-21,Email,Desktop,4,132.2,False,False
S1010678,C10363,2026-07-06,Affiliate,Desktop,3,194.9,False,False
S1010679,,2026-01-07,Email,Mobile,5,219.5,True,False
S1010680,C10043,2025-10-20,Facebook,Desktop,5,129.3,False,False
S1010681,C11753,2026-04-14,Affiliate,Desktop,3,134.8,False,False
S1010682,C10419,2026-07-06,Organic,Desktop,5,283.4,False,False
S1010683,,2025-10-30,Email,Tablet,7,611.7,False,False
S1010684,,2026-01-29,Instagram,Desktop,3,292.2,False,False
S1010685,C11111,2026-05-15,Organic,Tablet,6,192.6,False,False
S1010686,C11171,2025-08-28,Facebook,Mobile,6,54.1,True,False
S1010687,C10043,2025-10-03,Instagram,Tablet,5,210.6,False,False
S1010688,C11924,2026-01-30,Affiliate,Mobile,5,438.9,False,False
S1010689,C10468,2025-10-21,Organic,Desktop,4,289.1,True,True
S1010690,C11876,2025-10-18,Google Ads,Mobile,6,180.6,False,False
S1010691,C10559,2025-12-17,Affiliate,Mobile,3,124.8,True,True
S1010692,C10908,2026-05-07,Organic,Mobile,5,469.4,True,False
S1010693,C10195,2026-08-10,Organic,Mobile,5,60.0,True,True
S1010694,C10691,2025-09-25,Google Ads,Mobile,5,186.1,False,False
S1010695,C11230,2026-03-06,Instagram,Mobile,1,287.3,False,False
S1010696,C10510,2026-04-13,Affiliate,Desktop,9,121.3,False,False
S1010697,C11167,2025-10-02,Facebook,Desktop,6,144.1,True,True
S1010698,C10063,2026-05-25,Facebook,Desktop,3,148.6,False,False
S1010699,C11929,2026-03-05,Email,Mobile,6,93.8,False,False
S1010700,,2026-08-12,Affiliate,Mobile,3,70.5,False,False
S1010701,C10111,2025-12-20,Instagram,Mobile,7,135.9,True,True
S1010702,C11069,2026-01-15,Organic,Mobile,6,93.1,False,False
S1010703,C10816,2025-10-04,Google Ads,Desktop,10,223.4,False,False
S1010704,C11163,2025-11-30,Facebook,Mobile,5,301.6,True,True
S1010705,C10312,2025-09-19,Google Ads,Desktop,4,56.3,False,False
S1010706,C11756,2025-09-19,Google Ads,Mobile,3,246.5,False,False
S1010707,C10658,2026-07-06,Facebook,Mobile,6,599.1,False,False
S1010708,C10575,2026-03-02,Affiliate,Tablet,6,102.1,False,False
S1010709,C10247,2025-10-22,Instagram,Mobile,3,9.4,False,False
S1010710,,2026-05-05,Email,Mobile,3,238.0,False,False
S1010711,C10392,2026-03-23,Email,Mobile,4,475.5,False,False
S1010712,C11686,2025-10-10,Organic,Mobile,3,115.9,True,False
S1010713,C11201,2026-01-25,Affiliate,Mobile,5,162.8,False,False
S1010714,C11905,2025-11-02,Google Ads,Desktop,5,399.9,True,True
S1010715,,2026-04-21,Organic,Mobile,5,486.7,False,False
S1010716,C11569,2026-07-04,Instagram,Tablet,8,141.6,False,False
S1010717,C10639,2025-09-07,Google Ads,Desktop,6,74.0,True,False
S1010718,C11777,2025-12-30,Google Ads,Mobile,4,158.1,False,False
S1010719,C11388,2026-03-20,Facebook,Mobile,5,227.0,False,False
S1010720,C11468,2026-08-14,Instagram,Desktop,3,342.8,False,False
S1010721,C11635,2025-11-26,Facebook,Mobile,7,207.8,False,False
S1010722,C10159,2025-09-18,Google Ads,Desktop,5,199.4,False,False
S1010723,C10306,2025-09-04,Instagram,Mobile,5,96.6,False,False
S1010724,C11283,2026-06-16,Facebook,Desktop,4,335.9,True,True
S1010725,C11173,2025-10-13,Organic,Desktop,5,121.8,False,False
S1010726,C10806,2025-11-02,Google Ads,Mobile,4,109.0,True,False
S1010727,,2026-03-28,Facebook,Desktop,3,190.5,False,False
S1010728,C11241,2025-12-01,Organic,Desktop,4,175.9,False,False
S1010729,C11503,2026-03-10,Affiliate,Mobile,10,183.6,True,False
S1010730,,2026-01-22,Google Ads,Tablet,4,155.4,True,False
S1010731,C11249,2026-04-19,Google Ads,Mobile,4,48.7,False,False
S1010732,C10213,2026-02-14,Facebook,Mobile,2,331.6,False,False
S1010733,C10548,2025-09-28,Facebook,Mobile,10,148.4,True,True
S1010734,C11452,2026-08-14,Instagram,Mobile,3,171.1,False,False
S1010735,C10984,2026-06-04,Affiliate,Tablet,6,149.9,False,False
S1010736,C11500,2025-09-03,Organic,Desktop,6,32.3,False,False
S1010737,C10864,2026-07-31,Instagram,Mobile,2,237.7,False,False
S1010738,,2025-11-30,Instagram,Mobile,5,88.4,False,False
S1010739,C11775,2026-05-23,Affiliate,Mobile,5,77.9,False,False
S1010740,C10798,2026-04-24,Affiliate,Desktop,4,393.7,True,True
S1010741,,2026-07-20,Facebook,Desktop,7,127.6,False,False
S1010742,C11297,2025-12-15,Instagram,Mobile,7,60.2,False,False
S1010743,C10804,2026-01-20,Google Ads,Mobile,4,250.6,True,False
S1010744,C10719,2026-07-11,Facebook,Tablet,6,335.4,True,False
S1010745,,2026-07-31,Instagram,Desktop,8,273.3,False,False
S1010746,C11847,2026-06-26,Email,Desktop,4,145.6,False,False
S1010747,C10893,2025-10-06,Google Ads,Desktop,5,76.3,False,False
S1010748,C11736,2026-08-20,Google Ads,Mobile,4,363.2,False,False
S1010749,C11427,2025-11-01,Affiliate,Mobile,5,503.4,False,False
S1010750,C11385,2025-12-27,Organic,Mobile,3,209.4,True,False
S1010751,C10365,2025-12-10,Google Ads,Mobile,3,217.0,False,False
S1010752,C11982,2025-10-30,Google Ads,Desktop,2,312.1,False,False
S1010753,,2026-01-29,Organic,Desktop,6,67.5,False,False
S1010754,C11009,2026-07-18,Instagram,Desktop,3,375.0,False,False
S1010755,C10003,2026-03-05,Email,Desktop,5,82.9,False,False
S1010756,C11003,2026-07-21,Email,Mobile,4,86.0,False,False
S1010757,,2026-08-09,Google Ads,Mobile,4,152.9,False,False
S1010758,C11765,2026-05-26,Facebook,Mobile,6,59.8,False,False
S1010759,C10567,2025-10-23,Instagram,Mobile,6,223.0,False,False
S1010760,C11036,2025-09-21,Organic,Mobile,2,432.0,False,False
S1010761,C10402,2026-05-22,Google Ads,Tablet,8,228.5,False,False
S1010762,C10450,2026-05-21,Email,Mobile,2,386.9,True,False
S1010763,C11305,2026-02-03,Affiliate,Mobile,4,89.6,True,False
S1010764,C11604,2025-09-04,Organic,Mobile,5,189.8,False,False
S1010765,,2026-02-02,Organic,Desktop,5,264.4,False,False
S1010766,C10630,2025-09-06,Affiliate,Mobile,3,172.3,False,False
S1010767,C11563,2025-11-30,Organic,Mobile,5,160.4,False,False
S1010768,,2026-03-02,Email,Desktop,5,305.5,False,False
S1010769,C10623,2026-05-06,Email,Mobile,3,32.3,False,False
S1010770,C11428,2025-10-07,Instagram,Desktop,8,153.8,False,False
S1010771,C11432,2025-09-09,Google Ads,Mobile,7,87.6,False,False
S1010772,C11191,2026-02-11,Google Ads,Mobile,4,120.0,True,True
S1010773,,2026-02-05,Organic,Mobile,5,53.6,True,False
S1010774,C10965,2026-07-14,Google Ads,Desktop,8,244.1,False,False
S1010775,,2026-02-27,Facebook,Mobile,10,103.7,False,False
S1010776,C11512,2025-12-16,Affiliate,Mobile,5,39.0,False,False
S1010777,C11610,2026-05-25,Organic,Mobile,5,368.8,False,False
S1010778,C11445,2025-09-08,Email,Mobile,3,226.1,False,False
S1010779,C10665,2026-06-05,Google Ads,Mobile,5,106.0,False,False
S1010780,C10534,2026-07-18,Affiliate,Mobile,5,234.6,True,True
S1010781,C10421,2025-11-29,Google Ads,Mobile,3,79.7,False,False
S1010782,C10456,2026-05-28,Google Ads,Mobile,5,127.4,True,False
S1010783,C10944,2025-09-29,Instagram,Mobile,3,26.4,False,False
S1010784,C10283,2025-09-19,Google Ads,Mobile,3,96.8,False,False
S1010785,C11542,2025-12-08,Instagram,Desktop,3,229.2,False,False
S1010786,C11497,2026-06-22,Affiliate,Mobile,4,38.5,True,False
S1010787,C11717,2026-04-18,Organic,Mobile,7,132.0,False,False
S1010788,,2025-10-27,Affiliate,Desktop,4,50.9,False,False
S1010789,C10476,2026-07-11,Google Ads,Desktop,3,295.4,True,False
S1010790,C10309,2026-03-11,Email,Mobile,1,266.2,True,True
S1010791,C10364,2026-05-02,Google Ads,Desktop,6,144.4,True,True
S1010792,C11007,2026-04-10,Facebook,Mobile,4,8.5,False,False
S1010793,C11138,2026-07-20,Google Ads,Desktop,4,328.5,False,False
S1010794,C11029,2025-10-22,Google Ads,Tablet,5,60.5,False,False
S1010795,C10125,2025-11-29,Google Ads,Mobile,6,95.7,False,False
S1010796,,2026-06-15,Facebook,Desktop,3,257.7,False,False
S1010797,C11082,2025-11-21,Email,Mobile,7,315.8,True,False
S1010798,C10232,2026-05-11,Email,Desktop,7,69.7,False,False
S1010799,C10491,2026-02-01,Email,Desktop,5,245.9,True,True
S1010800,C11255,2026-05-10,Facebook,Mobile,9,140.5,False,False
S1010801,C11789,2025-11-15,Affiliate,Desktop,6,28.8,False,False
S1010802,C10459,2025-08-30,Affiliate,Mobile,5,41.3,False,False
S1010803,C10416,2025-10-06,Instagram,Mobile,4,88.0,True,True
S1010804,C10402,2026-01-18,Facebook,Desktop,2,76.8,False,False
S1010805,C11135,2026-01-16,Facebook,Mobile,2,109.1,True,False
S1010806,,2025-09-02,Affiliate,Mobile,6,55.2,False,False
S1010807,,2026-03-30,Affiliate,Mobile,5,372.2,False,False
S1010808,C11051,2026-05-24,Google Ads,Mobile,1,487.0,False,False
S1010809,C11142,2026-06-18,Organic,Mobile,11,318.6,False,False
S1010810,,2025-08-23,Facebook,Desktop,3,236.4,False,False
S1010811,C10776,2026-05-10,Instagram,Desktop,4,141.2,False,False
S1010812,C10511,2025-11-26,Instagram,Mobile,7,156.9,False,False
S1010813,C11696,2026-03-17,Email,Desktop,4,52.5,False,False
S1010814,C11294,2025-11-10,Email,Mobile,4,403.8,True,False
S1010815,C11997,2026-03-15,Facebook,Desktop,6,172.9,False,False
S1010816,C10738,2026-04-02,Google Ads,Mobile,3,249.3,False,False
S1010817,C11071,2025-12-02,Google Ads,Tablet,7,167.7,False,False
S1010818,,2025-12-29,Instagram,Desktop,5,391.4,True,True
S1010819,,2026-05-07,Facebook,Desktop,6,467.0,False,False
S1010820,C11904,2026-01-20,Google Ads,Mobile,4,250.6,True,False
S1010821,,2025-12-23,Email,Desktop,8,125.8,False,False
S1010822,,2026-03-28,Email,Mobile,4,93.9,False,False
S1010823,C11109,2026-04-13,Instagram,Mobile,6,228.8,False,False
S1010824,C11474,2025-10-06,Google Ads,Desktop,4,269.7,False,False
S1010825,C10889,2026-02-17,Google Ads,Mobile,4,72.5,False,False
S1010826,,2025-11-23,Google Ads,Mobile,2,67.2,True,False
S1010827,,2025-08-27,Facebook,Tablet,4,353.0,False,False
S1010828,C11652,2025-12-13,Affiliate,Desktop,9,67.3,False,False
S1010829,C11970,2025-09-09,Facebook,Desktop,5,219.0,False,False
S1010830,C11437,2026-01-18,Email,Mobile,5,386.1,True,True
S1010831,C10139,2026-08-04,Organic,Mobile,7,417.5,False,False
S1010832,,2026-01-19,Email,Mobile,5,181.9,False,False
S1010833,C11859,2026-05-02,Facebook,Tablet,4,174.0,False,False
S1010834,C11176,2026-04-09,Organic,Mobile,4,77.0,True,False
S1010835,,2026-05-27,Google Ads,Mobile,5,133.7,True,True
S1010836,C10996,2026-05-19,Instagram,Desktop,4,42.7,True,False
S1010837,,2026-07-15,Google Ads,Mobile,4,109.8,False,False
S1010838,C10795,2026-06-13,Google Ads,Desktop,5,202.1,False,False
S1010839,C10495,2025-12-02,Google Ads,Tablet,5,186.0,False,False
S1010840,C11420,2025-09-19,Facebook,Mobile,4,170.7,True,True
S1010841,,2026-02-28,Instagram,Mobile,10,27.8,False,False
S1010842,,2026-07-24,Instagram,Mobile,4,188.2,False,False
S1010843,C11258,2026-02-03,Facebook,Mobile,4,189.7,False,False
S1010844,C10806,2025-09-03,Google Ads,Mobile,2,35.8,True,False
S1010845,C10617,2026-03-13,Google Ads,Mobile,8,131.3,False,False
S1010846,C10747,2025-12-13,Organic,Mobile,8,39.9,True,False
S1010847,C10957,2026-01-03,Facebook,Mobile,3,58.6,True,False
S1010848,C11128,2026-07-07,Instagram,Desktop,11,159.0,True,True
S1010849,C11655,2025-12-16,Instagram,Desktop,7,51.5,False,False
S1010850,C10662,2025-11-13,Google Ads,Mobile,6,247.4,True,True
S1010851,C11133,2026-03-24,Organic,Desktop,2,221.1,False,False
S1010852,C11728,2026-02-27,Instagram,Desktop,3,117.6,False,False
S1010853,C11423,2025-09-16,Instagram,Desktop,8,149.9,False,False
S1010854,C11623,2026-04-18,Google Ads,Mobile,4,61.7,False,False
S1010855,C11663,2025-08-22,Email,Mobile,2,151.3,False,False
S1010856,C10889,2026-03-27,Organic,Tablet,4,185.8,False,False
S1010857,,2026-05-17,Email,Desktop,5,278.7,True,True
S1010858,C11999,2025-10-06,Instagram,Desktop,2,102.5,False,False
S1010859,C10642,2026-06-25,Email,Tablet,5,191.3,True,False
S1010860,C10133,2026-04-02,Organic,Mobile,3,294.3,False,False
S1010861,C10636,2026-07-23,Facebook,Mobile,7,69.1,False,False
S1010862,C10458,2025-12-30,Instagram,Mobile,5,143.9,False,False
S1010863,C10768,2026-01-19,Instagram,Desktop,4,128.4,False,False
S1010864,C11949,2025-09-24,Affiliate,Mobile,5,300.3,False,False
S1010865,C10782,2026-02-07,Organic,Mobile,6,179.2,False,False
S1010866,,2026-02-03,Instagram,Desktop,4,219.1,False,False
S1010867,C10999,2026-04-04,Facebook,Desktop,6,197.6,False,False
S1010868,,2026-03-19,Email,Mobile,6,347.9,False,False
S1010869,,2026-04-11,Google Ads,Mobile,6,85.8,False,False
S1010870,C11429,2026-01-13,Facebook,Desktop,8,35.7,False,False
S1010871,C10776,2025-09-21,Affiliate,Mobile,4,281.3,False,False
S1010872,C10664,2026-07-18,Organic,Mobile,5,184.4,False,False
S1010873,C10070,2025-08-22,Google Ads,Mobile,10,282.2,False,False
S1010874,C10279,2026-01-13,Facebook,Mobile,1,335.6,False,False
S1010875,C10123,2025-08-29,Organic,Mobile,5,118.6,False,False
S1010876,C10860,2025-09-22,Affiliate,Tablet,5,214.3,True,False
S1010877,,2025-12-14,Email,Desktop,3,143.2,False,False
S1010878,,2025-12-09,Email,Desktop,3,24.1,False,False
S1010879,C10499,2026-02-13,Organic,Desktop,6,155.9,False,False
S1010880,C11838,2025-09-14,Instagram,Mobile,6,453.9,False,False
S1010881,C10493,2026-04-13,Organic,Mobile,5,170.8,False,False
S1010882,C11218,2025-12-28,Email,Mobile,2,116.3,False,False
S1010883,C10891,2025-08-22,Facebook,Desktop,8,87.5,False,False
S1010884,C10318,2025-11-06,Affiliate,Desktop,7,140.4,False,False
S1010885,C11020,2026-01-04,Instagram,Mobile,9,53.3,False,False
S1010886,C10052,2026-02-14,Facebook,Desktop,6,52.0,False,False
S1010887,C11854,2025-09-08,Email,Mobile,6,216.8,True,False
S1010888,C10713,2026-01-30,Instagram,Desktop,3,437.0,False,False
S1010889,,2026-02-16,Instagram,Mobile,5,117.8,False,False
S1010890,C11775,2025-09-03,Email,Desktop,5,243.4,False,False
S1010891,C11772,2025-11-22,Google Ads,Mobile,2,284.0,True,False
S1010892,C10653,2026-07-20,Instagram,Mobile,6,131.7,True,True
S1010893,C10375,2026-08-05,Google Ads,Mobile,3,57.7,False,False
S1010894,,2026-03-17,Instagram,Tablet,7,181.3,False,False
S1010895,C11260,2026-02-02,Instagram,Desktop,3,313.8,False,False
S1010896,C10389,2026-02-07,Email,Desktop,4,70.9,True,False
S1010897,C11177,2026-01-21,Instagram,Mobile,3,36.6,False,False
S1010898,C10916,2025-10-17,Facebook,Mobile,7,38.7,False,False
S1010899,C10428,2026-03-30,Organic,Mobile,3,321.9,False,False
S1010900,C10163,2026-01-25,Instagram,Mobile,4,206.1,False,False
S1010901,C11203,2026-03-13,Organic,Mobile,3,207.4,False,False
S1010902,C10716,2026-03-19,Affiliate,Desktop,5,34.8,False,False
S1010903,C10892,2026-01-11,Email,Desktop,6,214.3,False,False
S1010904,C10027,2026-04-17,Organic,Desktop,4,336.9,False,False
S1010905,C10428,2026-04-20,Facebook,Mobile,5,277.1,True,False
S1010906,C11609,2026-07-28,Google Ads,Mobile,4,290.2,False,False
S1010907,,2025-09-10,Organic,Mobile,11,210.5,False,False
S1010908,C11444,2026-06-16,Affiliate,Desktop,4,119.2,False,False
S1010909,,2026-04-07,Google Ads,Desktop,8,372.3,True,True
S1010910,,2025-12-18,Organic,,5,247.0,False,False
S1010911,C11184,2026-01-09,Affiliate,Mobile,6,142.3,False,False
S1010912,C11087,2026-06-27,Google Ads,Mobile,8,169.0,False,False
S1010913,C10272,2026-02-21,Facebook,Desktop,3,291.3,False,False
S1010914,,2025-09-01,Affiliate,Mobile,4,145.5,True,False
S1010915,C11552,2026-04-01,Email,Mobile,4,193.9,False,False
S1010916,C10277,2025-12-08,Facebook,Tablet,4,255.9,False,False
S1010917,C10481,2026-03-18,Google Ads,Desktop,8,24.1,False,False
S1010918,,2026-01-02,Email,Mobile,10,120.8,False,False
S1010919,,2026-05-07,Google Ads,Mobile,4,297.2,False,False
S1010920,C10097,2026-07-30,Instagram,Desktop,6,64.2,False,False
S1010921,C11147,2026-07-11,Organic,Desktop,13,350.2,True,False
S1010922,C11170,2026-03-06,Google Ads,Desktop,7,67.7,False,False
S1010923,C10110,2026-06-17,Instagram,Desktop,2,77.8,False,False
S1010924,,2026-07-04,Instagram,Tablet,4,330.1,False,False
S1010925,,2025-09-22,Email,Mobile,3,198.3,False,False
S1010926,C11256,2026-05-01,Organic,Mobile,6,177.0,True,True
S1010927,C11994,2025-11-27,Instagram,Tablet,7,36.1,False,False
S1010928,C11217,2026-07-07,Organic,Mobile,3,172.5,False,False
S1010929,C11927,2025-11-24,Organic,Mobile,6,98.2,True,False
S1010930,C10631,2025-10-12,Facebook,Desktop,7,163.8,True,True
S1010931,C10383,2025-12-12,Organic,Desktop,4,209.7,False,False
S1010932,C11930,2025-10-21,Google Ads,Tablet,5,92.3,False,False
S1010933,C10520,2026-06-01,Facebook,Mobile,8,147.3,False,False
S1010934,C10967,2026-03-17,Google Ads,Mobile,4,172.5,True,False
S1010935,C10314,2026-03-03,Instagram,Desktop,3,306.6,False,False
S1010936,,2025-10-04,Organic,Mobile,4,380.2,True,False
S1010937,C10761,2026-08-20,Instagram,Mobile,6,160.2,False,False
S1010938,C11329,2025-10-17,Organic,Mobile,7,184.8,False,False
S1010939,C10802,2026-04-07,Organic,Mobile,3,61.6,False,False
S1010940,C11760,2025-12-22,Google Ads,Desktop,6,49.7,False,False
S1010941,C11860,2026-05-30,Affiliate,Desktop,3,76.8,False,False
S1010942,C10453,2026-06-16,Organic,Mobile,3,74.8,False,False
S1010943,C10809,2026-01-02,Email,Desktop,6,195.7,False,False
S1010944,,2025-08-25,Facebook,Mobile,6,20.5,False,False
S1010945,C11700,2026-04-01,Instagram,Tablet,3,49.6,False,False
S1010946,C11265,2026-04-01,Google Ads,Mobile,7,303.3,False,False
S1010947,C10739,2026-03-11,Email,Desktop,6,538.9,True,False
S1010948,C10877,2025-11-01,Instagram,Mobile,5,146.0,False,False
S1010949,C11177,2025-11-28,Google Ads,Desktop,5,161.9,False,False
S1010950,C11174,2026-06-21,Email,Mobile,6,260.9,False,False
S1010951,C10198,2026-07-01,Organic,Mobile,3,63.2,False,False
S1010952,C10546,2026-05-09,Instagram,Mobile,2,80.9,False,False
S1010953,C11162,2026-05-30,Organic,Mobile,5,194.8,False,False
S1010954,C10391,2026-04-15,Instagram,Mobile,2,121.8,False,False
S1010955,C11422,2026-07-16,Affiliate,Desktop,7,1058.1,True,False
S1010956,C11499,2025-08-30,Organic,Mobile,3,246.4,False,False
S1010957,C11735,2026-07-23,Google Ads,Mobile,3,380.4,False,False
S1010958,C10283,2026-05-26,Facebook,Desktop,6,245.2,True,False
S1010959,,2026-06-27,Instagram,Mobile,7,344.9,True,False
S1010960,C11566,2026-07-29,Affiliate,Mobile,4,121.4,False,False
S1010961,C10515,2025-11-21,Email,Mobile,5,170.9,False,False
S1010962,,2026-05-28,Google Ads,Mobile,5,94.2,False,False
S1010963,C11296,2026-06-25,Email,Mobile,4,86.9,False,False
S1010964,C11328,2026-02-12,Facebook,Desktop,5,341.5,False,False
S1010965,C10481,2026-02-15,Facebook,Mobile,5,104.7,True,False
S1010966,C11296,2026-06-25,Organic,Mobile,3,148.1,False,False
S1010967,,2025-12-17,Google Ads,Desktop,6,429.5,True,True
S1010968,C10511,2026-01-06,Google Ads,Desktop,7,265.7,False,False
S1010969,,2026-07-25,Facebook,Mobile,3,73.4,False,False
S1010970,C10539,2025-09-23,Instagram,Mobile,5,63.3,False,False
S1010971,,2026-03-25,Facebook,Tablet,5,347.4,True,False
S1010972,C11629,2026-01-08,Google Ads,Mobile,3,152.7,False,False
S1010973,,2026-02-20,Google Ads,Mobile,5,191.3,False,False
S1010974,C11807,2026-01-26,Google Ads,Mobile,5,28.1,True,False
S1010975,C11297,2026-08-15,Google Ads,Mobile,5,32.7,True,True
S1010976,C10656,2026-03-26,Facebook,Desktop,1,169.3,False,False
S1010977,C11132,2025-10-09,Instagram,Desktop,7,225.3,True,False
S1010978,,2026-03-07,Google Ads,Desktop,6,245.9,False,False
S1010979,,2026-02-02,Instagram,Mobile,3,142.4,False,False
S1010980,C10065,2025-11-13,Google Ads,Mobile,5,64.1,False,False
S1010981,C11140,2026-05-04,Email,Mobile,3,314.8,False,False
S1010982,C11804,2026-01-04,Email,Mobile,4,123.7,True,False
S1010983,,2026-06-08,Google Ads,Mobile,4,103.0,False,False
S1010984,,2026-02-17,Instagram,Desktop,5,286.5,True,False
S1010985,C11870,2026-07-12,Google Ads,Mobile,7,291.7,False,False
S1010986,C10453,2025-11-15,Email,Tablet,4,94.9,False,False
S1010987,C11529,2025-09-11,Affiliate,Mobile,3,380.2,False,False
S1010988,C11107,2026-01-09,Google Ads,Desktop,4,56.1,False,False
S1010989,C11969,2025-12-19,Facebook,Desktop,7,189.4,False,False
S1010990,C11866,2025-10-29,Affiliate,Mobile,5,38.7,False,False
S1010991,,2026-07-08,Organic,Desktop,7,156.1,True,False
S1010992,C11637,2025-12-05,Instagram,Mobile,2,219.7,True,True
S1010993,C11065,2026-05-26,Organic,Mobile,7,216.2,False,False
S1010994,C11372,2026-08-17,Affiliate,Desktop,7,310.3,False,False
S1010995,C11612,2026-04-05,Organic,Tablet,8,190.8,False,False
S1010996,C10556,2025-11-26,Facebook,Mobile,6,120.2,False,False
S1010997,C11222,2026-04-17,Email,Mobile,2,139.3,False,False
S1010998,C10227,2026-05-26,Facebook,Mobile,2,409.9,False,False
S1010999,C11778,2026-06-07,Organic,Desktop,13,397.9,False,False
S1011000,,2025-12-02,Facebook,Mobile,3,128.1,False,False
S1011001,C10811,2025-11-30,Instagram,Mobile,5,507.4,True,True
S1011002,C10742,2025-10-15,Instagram,Desktop,5,133.9,False,False
S1011003,C11367,2026-06-28,Instagram,Desktop,9,256.6,False,False
S1011004,C11299,2026-08-09,Email,Mobile,6,61.5,True,False
S1011005,C11908,2025-09-02,Affiliate,Mobile,5,126.9,False,False
S1011006,C10739,2026-07-20,Email,Desktop,3,192.9,False,False
S1011007,,2025-09-22,Email,Mobile,6,238.2,True,False
S1011008,C11358,2026-02-17,Instagram,Mobile,5,159.6,False,False
S1011009,,2026-07-29,Affiliate,Mobile,6,108.9,True,True
S1011010,,2025-10-05,Organic,Mobile,8,133.3,True,False
S1011011,C11710,2026-08-18,Facebook,Mobile,5,161.6,False,False
S1011012,C10879,2026-03-07,Organic,Mobile,7,176.1,True,False
S1011013,C10635,2026-03-19,Email,Mobile,8,289.4,False,False
S1011014,C11328,2025-10-24,Instagram,Mobile,8,434.0,False,False
S1011015,C11816,2026-05-29,Google Ads,Mobile,7,123.1,False,False
S1011016,C10828,2025-12-19,Google Ads,Mobile,5,64.7,False,False
S1011017,C11927,2025-08-28,Google Ads,Mobile,7,197.1,False,False
S1011018,,2025-09-28,Google Ads,Mobile,3,153.6,False,False
S1011019,C10739,2025-08-30,Google Ads,Mobile,4,338.1,False,False
S1011020,C11388,2025-10-12,Organic,Mobile,3,328.5,False,False
S1011021,C10233,2026-05-27,Affiliate,Tablet,6,201.5,True,False
S1011022,C11837,2025-10-13,Google Ads,Mobile,6,156.0,False,False
S1011023,C10593,2025-11-03,Facebook,Mobile,8,92.2,False,False
S1011024,C10935,2026-03-21,Organic,Mobile,6,242.2,False,False
S1011025,C10393,2026-06-19,Facebook,Desktop,6,102.3,True,True
S1011026,,2026-06-23,Instagram,Desktop,7,159.7,False,False
S1011027,,2025-08-26,Affiliate,Mobile,1,53.4,False,False
S1011028,C11564,2025-10-24,Instagram,Mobile,4,163.6,False,False
S1011029,C11991,2026-03-08,Organic,Mobile,5,176.5,False,False
S1011030,C11805,2026-08-13,Google Ads,Mobile,7,114.1,False,False
S1011031,,2026-03-01,Instagram,Tablet,9,225.7,False,False
S1011032,C11941,2026-02-11,Organic,Mobile,3,81.5,False,False
S1011033,C10404,2026-07-02,Google Ads,Desktop,9,194.8,False,False
S1011034,C11539,2026-03-10,Instagram,Desktop,9,106.6,False,False
S1011035,C11015,2026-07-02,Instagram,Mobile,1,152.4,False,False
S1011036,C10630,2026-02-02,Facebook,Mobile,5,195.7,True,False
S1011037,C10925,2026-06-10,Google Ads,Mobile,4,115.8,False,False
S1011038,C11177,2026-03-26,Email,Mobile,4,405.4,False,False
S1011039,C10998,2026-04-01,Instagram,Mobile,4,417.3,False,False
S1011040,C10994,2026-03-31,Email,Desktop,5,102.7,False,False
S1011041,C10114,2025-11-15,Instagram,Mobile,4,177.4,False,False
S1011042,C10498,2025-10-09,Affiliate,Mobile,4,268.4,True,False
S1011043,C10674,2025-12-19,Google Ads,Mobile,5,305.5,False,False
S1011044,C11224,2026-02-28,Instagram,Mobile,5,69.9,True,False
S1011045,C10160,2026-08-17,Email,Tablet,3,14.8,False,False
S1011046,,2026-07-29,Google Ads,Mobile,6,175.3,False,False
S1011047,,2026-03-16,Organic,Mobile,5,165.1,True,True
S1011048,C10885,2026-04-30,Instagram,Mobile,6,238.2,False,False
S1011049,C10013,2026-03-11,Google Ads,Mobile,3,296.4,False,False
S1011050,C11584,2026-07-25,Google Ads,Mobile,5,567.8,False,False
S1011051,,2026-01-04,Organic,Desktop,2,696.0,False,False
S1011052,C10780,2025-11-06,Instagram,Desktop,6,364.7,True,False
S1011053,C10624,2026-05-05,Instagram,Mobile,6,202.9,False,False
S1011054,C10503,2025-10-16,Facebook,Tablet,3,430.3,False,False
S1011055,C11727,2026-03-21,Google Ads,Mobile,4,327.5,False,False
S1011056,,2026-02-06,Instagram,Mobile,3,108.9,False,False
S1011057,C10566,2025-09-14,Facebook,Desktop,2,203.8,False,False
S1011058,,2026-02-11,Instagram,Tablet,3,90.7,False,False
S1011059,C10157,2026-04-11,Instagram,Mobile,6,325.0,False,False
S1011060,C10385,2025-12-04,Facebook,Desktop,7,237.4,False,False
S1011061,C11061,2025-11-26,Instagram,Desktop,6,116.8,False,False
S1011062,,2025-12-01,Google Ads,Mobile,3,122.8,False,False
S1011063,C11289,2025-10-18,Facebook,Mobile,3,63.3,False,False
S1011064,C11267,2026-04-20,Google Ads,Mobile,5,19.3,False,False
S1011065,C10767,2025-08-25,Facebook,Mobile,4,36.7,True,True
S1011066,C11961,2026-05-21,Instagram,Mobile,4,426.0,False,False
S1011067,C10639,2026-06-17,Email,Mobile,7,134.8,False,False
S1011068,C11193,2025-12-21,Organic,Desktop,6,395.6,True,True
S1011069,C10670,2026-07-08,Facebook,Mobile,4,143.0,False,False
S1011070,C10997,2026-01-18,Organic,Mobile,7,376.1,True,False
S1011071,C10075,2026-06-24,Organic,Mobile,6,200.4,True,True
S1011072,,2026-04-24,Email,Mobile,5,362.6,False,False
S1011073,C10160,2026-07-13,Organic,Mobile,4,267.0,True,False
S1011074,,2026-07-21,Facebook,Mobile,5,233.8,False,False
S1011075,C11066,2026-02-14,Facebook,Mobile,6,135.2,False,False
S1011076,C11696,2025-11-02,Facebook,Mobile,7,260.0,False,False
S1011077,C11757,2026-01-01,Facebook,Mobile,8,423.9,False,False
S1011078,,2025-08-28,Google Ads,Desktop,3,200.7,False,False
S1011079,C11686,2026-08-15,Email,Mobile,3,238.1,False,False
S1011080,C11901,2026-01-19,Google Ads,Mobile,5,94.4,False,False
S1011081,C11920,2025-11-01,Instagram,Mobile,5,335.9,False,False
S1011082,,2026-02-13,Google Ads,Mobile,4,325.7,False,False
S1011083,C10015,2026-07-21,Instagram,Mobile,3,172.6,False,False
S1011084,C10733,2025-10-31,Affiliate,Mobile,6,372.6,True,False
S1011085,C11250,2026-02-15,Email,Mobile,4,154.8,True,True
S1011086,C11718,2025-12-05,Facebook,Mobile,8,104.7,False,False
S1011087,C10109,2025-11-26,Google Ads,Mobile,7,36.7,False,False
S1011088,,2026-04-21,Organic,Mobile,5,112.8,False,False
S1011089,C10285,2026-05-03,Affiliate,Mobile,4,348.0,False,False
S1011090,C10341,2026-07-30,Google Ads,Mobile,6,182.2,True,False
S1011091,C11706,2026-05-21,Facebook,Desktop,5,11.7,False,False
S1011092,C10122,2025-10-02,Instagram,Mobile,3,40.5,False,False
S1011093,C11878,2026-08-16,Email,Desktop,9,130.6,False,False
S1011094,C10680,2026-07-07,Email,Mobile,3,214.9,False,False
S1011095,C10479,2026-06-15,Instagram,Mobile,6,413.3,False,False
S1011096,,2026-07-31,Google Ads,Mobile,5,130.5,False,False
S1011097,C11689,2025-10-09,Email,Mobile,4,29.7,True,True
S1011098,C11208,2025-10-19,Google Ads,Tablet,1,55.0,False,False
S1011099,,2026-02-16,Affiliate,Mobile,5,315.4,False,False
S1011100,C10429,2026-01-03,Organic,Mobile,3,58.7,False,False
S1011101,C11820,2026-03-09,Google Ads,Mobile,8,118.2,False,False
S1011102,C10757,2026-08-06,Google Ads,Desktop,9,98.7,False,False
S1011103,,2026-08-08,Instagram,Mobile,5,240.3,False,False
S1011104,C10890,2026-03-30,Instagram,Mobile,6,178.1,True,True
S1011105,C11298,2026-01-30,Instagram,Mobile,7,31.8,False,False
S1011106,C10053,2025-11-07,Email,Desktop,4,357.4,False,False
S1011107,C10939,2025-11-10,Google Ads,Mobile,3,221.7,False,False
S1011108,C10023,2025-11-12,Affiliate,Mobile,2,287.0,False,False
S1011109,C11341,2026-01-05,Email,Mobile,7,595.7,False,False
S1011110,,2026-03-07,Organic,Mobile,4,37.4,True,False
S1011111,C11621,2025-12-16,Google Ads,Mobile,4,56.9,True,True
S1011112,C10183,2026-05-30,Affiliate,Mobile,5,259.4,False,False
S1011113,C10860,2025-09-05,Instagram,Mobile,5,172.0,False,False
S1011114,C11313,2026-05-20,Organic,Mobile,3,213.2,False,False
S1011115,,2025-09-23,Instagram,Mobile,6,87.8,False,False
S1011116,,2026-06-10,Organic,Mobile,2,380.8,False,False
S1011117,C10087,2026-02-03,Facebook,Mobile,4,77.2,False,False
S1011118,C11323,2025-09-17,Email,Mobile,5,53.9,False,False
S1011119,C10388,2026-05-08,Facebook,Mobile,4,143.0,False,False
S1011120,C11743,2025-11-12,Facebook,,3,349.5,False,False
S1011121,C10385,2025-12-11,Facebook,Mobile,4,196.0,False,False
S1011122,C11892,2025-11-30,Email,Mobile,3,37.7,False,False
S1011123,C11853,2025-10-18,Email,Mobile,3,468.1,False,False
S1011124,C10668,2026-02-11,Google Ads,Mobile,8,18.5,False,False
S1011125,C11777,2026-03-24,Facebook,Mobile,4,214.2,False,False
S1011126,,2026-04-11,Instagram,Mobile,4,207.0,False,False
S1011127,C10728,2026-02-03,Instagram,Mobile,3,81.2,False,False
S1011128,,2025-11-28,Google Ads,Desktop,8,292.9,False,False
S1011129,C11660,2026-08-21,Facebook,Desktop,3,146.9,False,False
S1011130,C11375,2025-08-25,Instagram,Mobile,6,238.9,False,False
S1011131,,2026-03-18,Facebook,Mobile,7,150.7,False,False
S1011132,,2026-02-02,Facebook,Mobile,5,497.5,True,False
S1011133,,2026-07-08,Facebook,Mobile,4,178.0,False,False
S1011134,,2026-01-10,Affiliate,Mobile,8,139.6,False,False
S1011135,C10262,2026-07-07,Email,Mobile,4,364.9,False,False
S1011136,C11319,2025-11-04,Affiliate,Desktop,5,212.1,False,False
S1011137,C11057,2026-06-24,Facebook,Desktop,4,150.8,False,False
S1011138,,2025-12-17,Email,Desktop,7,73.0,True,False
S1011139,C10537,2025-10-06,Google Ads,Mobile,5,81.9,True,True
S1011140,C11510,2026-07-14,Facebook,Desktop,4,203.6,True,True
S1011141,C10688,2025-10-31,Instagram,Desktop,8,134.9,False,False
S1011142,,2025-12-08,Instagram,Desktop,5,104.3,False,False
S1011143,C10591,2025-09-14,Email,Mobile,6,312.6,False,False
S1011144,,2026-03-15,Email,Mobile,5,429.7,False,False
S1011145,C11814,2026-03-19,Facebook,Mobile,6,89.2,False,False
S1011146,,2026-07-24,Email,Mobile,7,187.9,False,False
S1011147,C10762,2025-10-01,Organic,Mobile,4,148.9,True,False
S1011148,C11277,2026-08-09,Organic,Tablet,5,148.9,False,False
S1011149,C11412,2025-10-30,Instagram,Desktop,6,327.1,False,False
S1011150,C10355,2026-02-15,Organic,Mobile,3,265.8,False,False
S1011151,,2026-07-21,Facebook,Desktop,4,178.7,False,False
S1011152,C10587,2025-09-21,Affiliate,Mobile,2,147.1,False,False
S1011153,C11741,2026-08-03,Google Ads,Desktop,4,285.9,False,False
S1011154,C11952,2026-05-07,Facebook,Mobile,6,90.4,False,False
S1011155,C11158,2026-06-30,Affiliate,Desktop,5,265.8,False,False
S1011156,C10311,2025-08-21,Organic,Mobile,5,297.5,True,False
S1011157,C10209,2026-02-17,Organic,Mobile,10,170.5,False,False
S1011158,C10658,2025-12-23,Facebook,Mobile,4,322.1,False,False
S1011159,C11118,2026-04-04,Google Ads,Desktop,5,47.3,False,False
S1011160,C10080,2025-12-01,Affiliate,Desktop,2,105.7,False,False
S1011161,,2026-07-04,Google Ads,Desktop,3,89.0,False,False
S1011162,C11466,2025-09-30,Google Ads,Mobile,6,71.5,True,True
S1011163,C11969,2026-01-24,Instagram,Mobile,6,301.6,False,False
S1011164,C11762,2026-03-08,Affiliate,Mobile,1,134.8,False,False
S1011165,C10460,2025-09-27,Google Ads,Mobile,5,357.8,True,False
S1011166,C10728,2025-09-28,Organic,Mobile,7,193.6,False,False
S1011167,C12000,2026-06-18,Google Ads,Mobile,3,100.6,False,False
S1011168,C11677,2026-02-05,Instagram,Mobile,3,65.4,False,False
S1011169,C11524,2025-12-02,Organic,Mobile,4,89.1,False,False
S1011170,C10605,2026-05-19,Instagram,Mobile,8,121.0,True,False
S1011171,C10973,2025-11-23,Google Ads,Desktop,7,147.1,False,False
S1011172,C10547,2026-04-15,Instagram,Desktop,4,138.4,False,False
S1011173,C10805,2026-06-16,Facebook,Desktop,8,31.9,False,False
S1011174,C11012,2026-01-27,Email,Desktop,5,117.5,False,False
S1011175,C11569,2025-09-13,Organic,Mobile,7,145.5,False,False
S1011176,C10256,2026-08-04,Email,Desktop,6,65.1,True,True
S1011177,C10206,2026-06-26,Google Ads,Mobile,2,101.8,False,False
S1011178,,2025-09-02,Instagram,Mobile,4,127.8,True,False
S1011179,,2026-04-19,Google Ads,Desktop,4,75.6,True,False
S1011180,C10390,2026-02-06,Instagram,Desktop,2,107.4,False,False
S1011181,C10849,2026-04-12,Email,Mobile,1,288.1,False,False
S1011182,,2025-11-13,Google Ads,Mobile,6,320.6,True,True
S1011183,C11508,2025-12-26,Email,Mobile,7,257.7,False,False
S1011184,C10072,2026-04-05,Organic,Desktop,4,190.3,False,False
S1011185,C10911,2026-05-19,Google Ads,Mobile,3,475.9,False,False
S1011186,C10361,2026-04-22,Google Ads,Mobile,3,12.5,False,False
S1011187,C10726,2026-02-11,Instagram,Mobile,2,327.7,False,False
S1011188,C10930,2025-10-08,Organic,Tablet,3,168.0,False,False
S1011189,C11495,2025-10-09,Facebook,Desktop,5,140.9,True,False
S1011190,C10332,2026-05-23,Email,Mobile,5,253.4,True,False
S1011191,,2026-06-22,Google Ads,Mobile,7,90.5,False,False
S1011192,,2026-01-10,Facebook,Mobile,6,168.9,False,False
S1011193,C11385,2026-05-26,Email,Mobile,7,105.4,False,False
S1011194,,2025-10-04,Email,Mobile,2,205.5,True,False
S1011195,C10888,2025-11-20,Facebook,Tablet,3,152.7,False,False
S1011196,C11229,2026-02-28,Affiliate,Mobile,7,59.1,False,False
S1011197,C11426,2026-06-29,Email,Mobile,3,246.8,False,False
S1011198,C11166,2025-08-29,Organic,Mobile,4,96.2,False,False
S1011199,C11243,2026-06-21,Email,Desktop,5,314.5,False,False
S1011200,,2026-06-13,Organic,Tablet,3,94.2,False,False
S1011201,,2025-11-30,Organic,Mobile,8,159.1,True,True
S1011202,C11833,2025-10-16,Email,Mobile,4,227.4,True,False
S1011203,C11987,2026-03-23,Affiliate,Desktop,7,143.0,False,False
S1011204,C10559,2025-12-09,Instagram,Mobile,3,303.4,False,False
S1011205,C11973,2026-06-29,Email,Mobile,4,31.7,False,False
S1011206,C11357,2026-04-29,Google Ads,Mobile,5,91.0,False,False
S1011207,C10187,2025-10-17,Instagram,Mobile,5,66.3,True,False
S1011208,,2025-08-26,Organic,Mobile,5,411.8,False,False
S1011209,C11558,2026-07-06,Instagram,Mobile,4,444.3,False,False
S1011210,C11889,2025-10-27,Organic,Mobile,5,88.1,False,False
S1011211,,2026-07-14,Google Ads,Mobile,2,145.1,False,False
S1011212,,2025-11-09,Facebook,Mobile,2,179.6,True,False
S1011213,C11588,2026-04-09,Affiliate,Mobile,2,288.6,False,False
S1011214,C10837,2026-05-25,Organic,Mobile,9,109.1,False,False
S1011215,C11658,2026-02-04,Organic,Mobile,1,49.0,False,False
S1011216,,2026-04-25,Affiliate,Desktop,3,155.7,False,False
S1011217,,2025-11-14,Instagram,Mobile,5,234.2,False,False
S1011218,C10789,2025-10-25,Google Ads,Mobile,9,252.4,False,False
S1011219,C11459,2026-05-30,Email,Mobile,8,101.5,False,False
S1011220,C11768,2026-02-08,Organic,Mobile,3,151.4,False,False
S1011221,C11436,2026-06-27,Email,Desktop,6,300.7,True,True
S1011222,C10424,2026-05-10,Affiliate,Tablet,8,58.9,False,False
S1011223,C11504,2026-03-11,Instagram,Desktop,5,219.4,False,False
S1011224,,2026-03-21,Affiliate,Mobile,4,228.1,False,False
S1011225,C10697,2026-01-19,Instagram,Mobile,5,509.3,True,True
S1011226,C11358,2026-03-15,Google Ads,Mobile,3,53.1,False,False
S1011227,C10113,2025-12-25,Organic,Desktop,10,118.2,False,False
S1011228,C10945,2025-08-28,Instagram,Mobile,7,138.0,False,False
S1011229,C11142,2025-09-12,Organic,Mobile,5,530.8,False,False
S1011230,C11185,2025-10-14,Affiliate,Mobile,4,318.9,False,False
S1011231,C11249,2026-07-11,Facebook,Mobile,6,71.8,False,False
S1011232,C10680,2025-11-07,Organic,Mobile,6,209.8,False,False
S1011233,C10524,2026-07-22,Organic,Mobile,4,45.0,False,False
S1011234,C10537,2026-05-18,Email,Desktop,4,22.3,False,False
S1011235,C10343,2026-02-04,Affiliate,Mobile,5,893.3,False,False
S1011236,C11449,2026-04-09,Organic,Tablet,6,80.9,False,False
S1011237,,2025-09-14,Facebook,Mobile,4,33.7,True,True
S1011238,C11317,2026-02-13,Organic,Mobile,2,116.9,False,False
S1011239,C11280,2025-09-01,Organic,Mobile,2,344.4,False,False
S1011240,C10092,2025-11-19,Email,Mobile,6,43.5,False,False
S1011241,,2026-04-28,Email,Desktop,7,237.4,False,False
S1011242,,2026-03-27,Affiliate,Desktop,6,178.9,False,False
S1011243,C11198,2026-07-31,Google Ads,Mobile,3,71.0,False,False
S1011244,C11975,2025-10-02,Instagram,Mobile,6,120.1,False,False
S1011245,C10005,2026-03-21,Instagram,Mobile,7,35.6,False,False
S1011246,C10715,2026-05-02,Google Ads,Mobile,10,79.3,False,False
S1011247,C10496,2026-05-07,Email,Mobile,6,516.8,False,False
S1011248,C10559,2026-06-02,Affiliate,Tablet,5,91.0,False,False
S1011249,C11410,2026-02-06,Facebook,Mobile,4,178.2,False,False
S1011250,C10850,2026-02-08,Instagram,Desktop,8,229.9,True,False
S1011251,C10352,2026-04-30,Affiliate,Mobile,5,299.3,True,False
S1011252,,2026-02-08,Google Ads,Desktop,5,109.5,False,False
S1011253,C11412,2026-03-15,Google Ads,Mobile,4,265.3,False,False
S1011254,C11768,2025-11-26,Google Ads,Mobile,3,80.4,False,False
S1011255,C11229,2026-06-18,Organic,Mobile,4,228.6,True,False
S1011256,C11736,2026-06-19,Instagram,Mobile,5,210.5,False,False
S1011257,,2026-03-23,Facebook,Mobile,3,25.5,False,False
S1011258,C10580,2026-01-20,Affiliate,Mobile,2,199.8,False,False
S1011259,C10753,2026-03-16,Email,Tablet,6,143.0,True,True
S1011260,C11433,2025-11-19,Affiliate,Desktop,8,118.9,False,False
S1011261,C11743,2026-06-05,Facebook,Desktop,4,194.4,False,False
S1011262,C11540,2026-02-24,Email,Mobile,7,232.1,False,False
S1011263,,2025-11-26,Affiliate,Tablet,3,156.5,False,False
S1011264,C11031,2026-01-22,Organic,Mobile,4,129.2,False,False
S1011265,C10201,2025-12-03,Facebook,Mobile,3,119.7,True,False
S1011266,C10339,2026-03-09,Google Ads,Desktop,5,116.9,False,False
S1011267,C11576,2026-06-12,Instagram,Mobile,5,52.9,False,False
S1011268,,2026-08-18,Instagram,Mobile,4,89.4,False,False
S1011269,,2025-09-08,Affiliate,Mobile,3,207.6,True,False
S1011270,,2026-06-03,Affiliate,Mobile,3,475.3,False,False
S1011271,C10017,2025-10-31,Email,Desktop,6,91.9,True,False
S1011272,,2026-02-17,Email,Mobile,8,43.9,True,False
S1011273,C10892,2026-06-05,Email,Mobile,2,113.0,False,False
S1011274,C11872,2026-06-07,Google Ads,Desktop,4,18.1,True,False
S1011275,C10652,2025-12-20,Email,Mobile,11,123.5,False,False
S1011276,C10700,2026-05-31,Email,Mobile,2,257.8,False,False
S1011277,,2026-02-20,Facebook,Mobile,5,39.4,True,False
S1011278,,2025-10-11,Organic,Desktop,7,236.0,False,False
S1011279,,2026-08-18,Instagram,Mobile,4,166.6,False,False
S1011280,C10004,2026-02-23,Facebook,Mobile,7,154.7,False,False
S1011281,C11840,2025-09-08,Email,Mobile,6,1.1,False,False
S1011282,,2026-06-13,Facebook,Mobile,4,49.1,False,False
S1011283,,2025-08-22,Facebook,Desktop,4,202.7,False,False
S1011284,,2026-04-02,Google Ads,Mobile,4,268.5,False,False
S1011285,,2026-04-22,Google Ads,Desktop,8,101.1,False,False
S1011286,C10663,2025-11-12,Instagram,Mobile,4,483.1,False,False
S1011287,C10016,2025-11-07,Google Ads,Desktop,6,97.6,True,True
S1011288,C10690,2026-07-27,Organic,Mobile,5,328.9,False,False
S1011289,,2025-11-09,Affiliate,Mobile,5,105.3,True,False
S1011290,C11564,2026-05-22,Instagram,Desktop,4,123.4,False,False
S1011291,C10391,2025-08-25,Organic,Mobile,6,183.2,True,True
S1011292,C11891,2026-03-13,Google Ads,Mobile,6,131.2,False,False
S1011293,C10850,2026-05-11,Facebook,Mobile,5,97.6,False,False
S1011294,C11105,2026-02-27,Affiliate,Desktop,6,103.9,True,False
S1011295,C10324,2026-04-14,Google Ads,Desktop,4,140.6,False,False
S1011296,C10405,2026-02-20,Google Ads,Mobile,5,190.6,False,False
S1011297,C10435,2026-01-28,Google Ads,Desktop,8,95.2,True,True
S1011298,C11260,2025-10-04,Google Ads,Mobile,5,224.3,False,False
S1011299,C11973,2026-03-09,Email,Mobile,3,112.8,False,False
S1011300,C11165,2026-07-14,Google Ads,Mobile,3,141.4,False,False
S1011301,C11682,2025-08-30,Instagram,Mobile,6,139.1,False,False
S1011302,C11759,2026-06-17,Affiliate,Mobile,4,209.5,True,False
S1011303,C11017,2026-04-30,Google Ads,Mobile,6,50.2,False,False
S1011304,C10858,2026-03-23,Organic,Desktop,3,225.1,False,False
S1011305,C10674,2026-01-24,Google Ads,Tablet,5,96.1,False,False
S1011306,C10666,2025-11-18,Google Ads,Mobile,4,16.3,False,False
S1011307,,2026-03-10,Email,Mobile,4,279.3,False,False
S1011308,C11806,2026-02-16,Instagram,Mobile,5,199.2,True,True
S1011309,C10633,2025-12-24,Facebook,Mobile,3,142.5,False,False
S1011310,C10383,2026-06-23,Organic,Mobile,6,181.2,False,False
S1011311,C11562,2025-12-09,Email,Mobile,5,100.9,False,False
S1011312,C10524,2026-01-13,Email,Mobile,4,81.2,True,False
S1011313,C11994,2026-07-04,Facebook,Mobile,3,55.0,False,False
S1011314,C10492,2025-10-11,Organic,Mobile,2,282.9,False,False
S1011315,C10362,2025-09-26,Google Ads,Mobile,4,241.6,False,False
S1011316,C10001,2025-08-23,Organic,Mobile,8,64.1,False,False
S1011317,C10014,2026-01-28,Organic,Mobile,6,192.4,False,False
S1011318,C10295,2026-04-20,Google Ads,Desktop,3,221.4,False,False
S1011319,C11612,2025-11-24,Affiliate,Mobile,5,139.4,False,False
S1011320,C10576,2025-11-29,Google Ads,Mobile,3,268.0,False,False
S1011321,,2026-05-10,Organic,Mobile,7,90.4,True,False
S1011322,,2025-10-07,Google Ads,Tablet,4,111.0,False,False
S1011323,,2026-01-08,Organic,Mobile,6,155.1,True,False
S1011324,C10819,2026-05-22,Google Ads,Mobile,4,165.5,True,False
S1011325,C10043,2026-06-06,Organic,Desktop,5,223.9,True,False
S1011326,C11170,2026-04-18,Google Ads,Mobile,4,225.7,False,False
S1011327,C10034,2026-03-25,Email,Mobile,3,156.1,False,False
S1011328,C11943,2026-05-01,Email,Mobile,1,121.7,False,False
S1011329,C11682,2025-12-27,Organic,Tablet,2,48.6,False,False
S1011330,,2025-12-17,Google Ads,Tablet,5,347.0,False,False
S1011331,,2026-01-13,Affiliate,Mobile,4,430.1,True,True
S1011332,C11790,2026-01-31,Facebook,Tablet,3,88.4,False,False
S1011333,C11402,2025-10-03,Instagram,Mobile,3,72.8,False,False
S1011334,C10794,2026-03-21,Facebook,Mobile,5,100.0,False,False
S1011335,C11935,2026-07-18,Affiliate,Mobile,5,111.2,True,True
S1011336,C10888,2026-05-26,Facebook,Mobile,8,21.7,False,False
S1011337,,2026-08-21,Facebook,Desktop,6,97.6,False,False
S1011338,C10381,2026-04-08,Instagram,Mobile,5,29.9,False,False
S1011339,C11453,2026-01-31,Google Ads,Desktop,3,89.4,False,False
S1011340,C10183,2026-02-26,Email,Mobile,3,116.9,True,False
S1011341,C10272,2026-06-27,Facebook,Desktop,10,111.5,True,False
S1011342,C11509,2026-03-26,Affiliate,Desktop,3,81.9,True,True
S1011343,C11944,2025-09-26,Google Ads,Mobile,4,230.8,False,False
S1011344,C10927,2026-03-09,Google Ads,Desktop,4,250.2,False,False
S1011345,C10855,2026-06-09,Email,Mobile,8,328.6,True,True
S1011346,C11235,2026-07-21,Email,Mobile,9,43.8,False,False
S1011347,C11755,2026-02-12,Email,Desktop,5,181.4,False,False
S1011348,C11756,2026-06-19,Facebook,Mobile,6,356.6,False,False
S1011349,,2025-10-04,Affiliate,Mobile,6,97.0,False,False
S1011350,C11948,2026-06-22,Google Ads,Mobile,7,136.1,False,False
S1011351,C10086,2026-02-23,Affiliate,Mobile,6,84.9,False,False
S1011352,C11195,2026-02-02,Organic,Tablet,2,391.0,False,False
S1011353,C10308,2026-03-23,Instagram,Desktop,6,218.4,False,False
S1011354,C11056,2026-04-24,Organic,Desktop,4,259.9,False,False
S1011355,C11988,2026-05-18,Facebook,Mobile,4,438.4,False,False
S1011356,,2025-09-18,Affiliate,Mobile,6,142.3,False,False
S1011357,C11595,2025-09-11,Google Ads,Mobile,2,25.7,False,False
S1011358,,2025-11-19,Organic,Mobile,6,188.2,False,False
S1011359,,2026-08-19,Email,Mobile,7,275.6,False,False
S1011360,C10348,2026-02-19,Email,Mobile,7,127.1,False,False
S1011361,,2025-12-17,Affiliate,,5,165.7,True,False
S1011362,,2026-02-19,Facebook,Mobile,4,162.7,False,False
S1011363,C11866,2026-01-18,Facebook,Mobile,8,148.0,False,False
S1011364,,2026-04-19,Organic,Mobile,4,262.8,False,False
S1011365,C10031,2026-07-22,Google Ads,Desktop,5,13.4,True,True
S1011366,C11800,2026-03-11,Affiliate,Mobile,6,62.2,False,False
S1011367,C11533,2026-06-08,Organic,Desktop,4,109.3,True,True
S1011368,C11676,2026-03-29,Affiliate,Desktop,6,238.5,False,False
S1011369,,2026-04-14,Google Ads,Mobile,7,279.3,True,False
S1011370,C10282,2025-11-29,Facebook,Mobile,4,468.0,True,True
S1011371,C11727,2026-07-23,Email,Desktop,4,73.8,True,False
S1011372,C11789,2026-05-11,Facebook,Desktop,5,491.8,False,False
S1011373,,2026-06-17,Instagram,Mobile,2,74.7,False,False
S1011374,C10677,2026-01-05,Affiliate,Desktop,5,93.2,False,False
S1011375,C11422,2025-09-24,Email,Mobile,3,99.4,False,False
S1011376,C10316,2026-04-09,Organic,Mobile,6,229.6,False,False
S1011377,C10313,2025-12-28,Google Ads,Mobile,5,100.9,True,False
S1011378,,2026-03-26,Google Ads,Mobile,2,148.0,False,False
S1011379,C11134,2026-07-11,Google Ads,Mobile,3,137.1,False,False
S1011380,C11108,2026-08-13,Email,Mobile,5,174.4,False,False
S1011381,C10217,2026-01-03,Email,Tablet,4,61.4,False,False
S1011382,C11284,2026-06-06,Affiliate,Desktop,4,265.3,False,False
S1011383,C11019,2025-11-18,Affiliate,Mobile,4,457.6,False,False
S1011384,C11629,2026-02-02,Instagram,Desktop,6,250.6,False,False
S1011385,C10938,2026-07-19,Email,Mobile,5,18.8,False,False
S1011386,,2025-11-26,Organic,Mobile,6,38.7,False,False
S1011387,C10897,2026-06-22,Organic,Desktop,4,250.1,False,False
S1011388,C10504,2026-01-22,Instagram,Desktop,6,160.0,True,True
S1011389,C11463,2025-11-03,Instagram,Mobile,5,426.7,True,True
S1011390,C11578,2026-01-12,Instagram,Desktop,5,217.6,False,False
S1011391,,2026-08-21,Organic,Mobile,8,87.0,False,False
S1011392,C10214,2026-02-19,Instagram,Desktop,5,354.0,False,False
S1011393,C11631,2026-06-22,Facebook,Mobile,2,138.8,False,False
S1011394,C10555,2026-01-15,Google Ads,Desktop,4,27.8,False,False
S1011395,C10318,2025-10-23,Organic,Mobile,3,98.7,False,False
S1011396,C10133,2025-09-23,Instagram,Desktop,6,219.7,False,False
S1011397,C11730,2026-03-25,Email,Mobile,8,32.3,False,False
S1011398,C11160,2026-05-07,Email,Mobile,3,127.7,False,False
S1011399,C11036,2026-08-07,Affiliate,Mobile,3,215.4,False,False
S1011400,C10355,2026-07-10,Organic,Mobile,4,22.7,False,False
S1011401,C10129,2025-10-26,Google Ads,Desktop,6,129.2,False,False
S1011402,,2026-06-28,Facebook,Mobile,3,77.4,True,False
S1011403,C11325,2025-10-29,Google Ads,Mobile,9,148.2,False,False
S1011404,C10594,2026-07-16,Organic,Mobile,10,95.5,False,False
S1011405,,2026-08-08,Facebook,Desktop,7,74.3,False,False
S1011406,C10155,2026-01-04,Affiliate,Desktop,5,417.4,True,False
S1011407,C11211,2025-12-12,Facebook,Desktop,5,61.2,False,False
S1011408,C10044,2026-07-03,Email,Tablet,2,92.7,False,False
S1011409,,2025-12-03,Organic,Desktop,8,17.3,False,False
S1011410,C10573,2025-10-02,Email,Mobile,6,55.1,False,False
S1011411,C11778,2025-11-26,Instagram,Mobile,5,122.3,True,True
S1011412,C11789,2025-11-25,Google Ads,Mobile,4,429.7,False,False
S1011413,C11722,2025-12-10,Email,Mobile,7,84.0,False,False
S1011414,C11817,2025-12-12,Email,Mobile,4,145.6,False,False
S1011415,C11447,2025-10-06,Facebook,Tablet,7,176.6,False,False
S1011416,C11331,2025-08-27,Instagram,Tablet,5,332.0,False,False
S1011417,,2026-01-12,Affiliate,Mobile,4,367.8,False,False
S1011418,C11381,2025-09-28,Instagram,Mobile,5,146.2,False,False
S1011419,,2025-12-18,Email,Mobile,5,123.9,True,True
S1011420,C10367,2025-10-30,Instagram,Mobile,3,210.8,False,False
S1011421,C11518,2026-06-03,Facebook,Mobile,8,80.9,True,False
S1011422,,2025-11-15,Organic,Tablet,3,102.2,False,False
S1011423,,2025-12-05,Email,Mobile,3,56.1,False,False
S1011424,C10272,2026-01-19,Instagram,Mobile,8,31.3,False,False
S1011425,C11004,2025-10-28,Google Ads,Desktop,4,22.8,False,False
S1011426,,2026-01-22,Instagram,Desktop,6,567.7,False,False
S1011427,C10603,2026-05-08,Google Ads,Mobile,8,142.1,False,False
S1011428,C10842,2026-06-28,Organic,Mobile,6,82.4,False,False
S1011429,,2026-05-04,Organic,Mobile,7,105.7,False,False
S1011430,C10549,2026-06-14,Google Ads,Mobile,5,49.6,False,False
S1011431,,2026-03-31,Instagram,Desktop,3,27.7,False,False
S1011432,C11094,2026-08-12,Google Ads,Mobile,8,317.7,False,False
S1011433,C11644,2025-10-01,Facebook,Mobile,5,63.0,False,False
S1011434,C11059,2025-12-04,Google Ads,Desktop,8,150.9,False,False
S1011435,C10843,2026-05-03,Instagram,Desktop,2,54.9,False,False
S1011436,C11464,2025-09-01,Facebook,Desktop,4,66.9,False,False
S1011437,C10563,2025-08-24,Affiliate,Mobile,5,156.8,False,False
S1011438,C10390,2026-07-24,Google Ads,Desktop,4,224.5,True,False
S1011439,C10121,2026-04-22,Affiliate,,3,36.7,False,False
S1011440,C10121,2025-12-20,Organic,Desktop,4,46.8,True,False
S1011441,C11329,2026-03-10,Google Ads,Mobile,4,65.4,True,False
S1011442,C11582,2026-01-21,Organic,Desktop,8,22.7,True,False
S1011443,C11766,2026-03-14,Instagram,Mobile,2,100.4,False,False
S1011444,C10202,2026-03-22,Email,Mobile,5,41.4,False,False
S1011445,,2025-12-18,Organic,Desktop,6,102.1,False,False
S1011446,C10109,2026-01-30,Google Ads,Mobile,4,52.5,True,False
S1011447,C10270,2026-08-13,Google Ads,Desktop,4,99.2,False,False
S1011448,C10512,2025-10-03,Organic,Desktop,6,230.1,False,False
S1011449,C11213,2025-12-09,Organic,Mobile,5,145.2,False,False
S1011450,C11045,2025-12-31,Email,Mobile,6,133.7,True,False
S1011451,C10555,2026-05-29,Organic,Mobile,4,166.0,True,True
S1011452,C11739,2025-10-16,Google Ads,Mobile,5,415.4,False,False
S1011453,,2026-04-07,Facebook,Desktop,7,81.4,False,False
S1011454,C10818,2025-09-18,Facebook,Mobile,7,42.8,True,False
S1011455,C10101,2026-02-11,Google Ads,Mobile,7,66.9,False,False
S1011456,C11149,2026-03-07,Email,Mobile,7,508.5,False,False
S1011457,,2026-01-08,Organic,Mobile,4,113.8,False,False
S1011458,C10563,2025-10-27,Organic,Mobile,5,184.7,False,False
S1011459,C11406,2026-04-24,Affiliate,Tablet,7,195.4,True,False
S1011460,C11117,2026-03-20,Google Ads,Mobile,2,325.7,False,False
S1011461,C11729,2026-05-30,Organic,Mobile,5,86.6,True,False
S1011462,C11022,2026-05-11,Email,Mobile,6,191.9,False,False
S1011463,C10094,2026-01-11,Instagram,Mobile,7,161.7,False,False
S1011464,C11328,2026-06-05,Affiliate,Desktop,6,153.9,False,False
S1011465,C10524,2025-10-18,Facebook,Tablet,6,631.1,False,False
S1011466,C11285,2025-08-31,Email,Mobile,4,317.1,False,False
S1011467,C11060,2026-05-25,Google Ads,Mobile,3,320.8,False,False
S1011468,,2026-03-21,Google Ads,Mobile,6,100.0,False,False
S1011469,C10611,2025-11-07,Organic,Mobile,6,409.0,True,True
S1011470,C11289,2025-10-25,Organic,Mobile,3,304.4,False,False
S1011471,,2025-11-20,Affiliate,Desktop,7,170.9,False,False
S1011472,C10043,2025-12-07,Instagram,Mobile,4,192.2,True,True
S1011473,C10782,2026-03-12,Email,Mobile,4,217.1,False,False
S1011474,C11206,2025-12-20,Instagram,Desktop,7,302.3,False,False
S1011475,C11153,2026-01-03,Facebook,Mobile,1,87.8,False,False
S1011476,,2026-02-14,Organic,Desktop,4,162.2,False,False
S1011477,C11558,2026-04-03,Google Ads,Mobile,4,256.8,False,False
S1011478,C10925,2026-04-20,Facebook,Desktop,3,40.0,False,False
S1011479,C11248,2026-08-17,Instagram,Mobile,3,97.0,False,False
S1011480,C10015,2025-11-12,Google Ads,Mobile,4,168.3,False,False
S1011481,C10746,2025-12-16,Google Ads,Mobile,6,58.0,False,False
S1011482,C11290,2026-04-15,Google Ads,Mobile,6,125.4,True,False
S1011483,C11590,2026-05-14,Instagram,Mobile,2,191.5,True,False
S1011484,C10977,2026-04-12,Google Ads,Desktop,2,333.0,False,False
S1011485,C10218,2026-06-22,Instagram,Desktop,4,133.0,False,False
S1011486,C11140,2026-06-13,Affiliate,Desktop,4,277.6,False,False
S1011487,C10637,2025-12-30,Affiliate,Mobile,4,243.6,True,True
S1011488,C11868,2026-04-23,Google Ads,Desktop,6,152.3,False,False
S1011489,C10064,2026-01-23,Organic,Mobile,4,251.4,True,True
S1011490,C10260,2026-05-03,Facebook,Desktop,3,200.3,False,False
S1011491,C11882,2025-09-03,Organic,Mobile,6,286.7,False,False
S1011492,C10217,2026-07-22,Facebook,Mobile,3,210.6,False,False
S1011493,C11238,2025-12-20,Google Ads,Desktop,7,101.2,False,False
S1011494,C10522,2025-09-14,Organic,Mobile,5,56.4,False,False
S1011495,C10758,2025-11-22,Facebook,Desktop,6,384.9,False,False
S1011496,C10634,2026-01-26,Facebook,Mobile,3,25.8,False,False
S1011497,C10170,2026-04-16,Affiliate,Desktop,4,128.6,False,False
S1011498,,2025-09-16,Facebook,Mobile,7,48.6,False,False
S1011499,,2025-11-07,Organic,Mobile,5,65.8,False,False
S1011500,C11449,2025-12-27,Organic,,4,9.5,False,False
S1011501,C10016,2026-01-24,Organic,Tablet,3,117.4,False,False
S1011502,C11197,2025-09-26,Email,Mobile,3,164.2,False,False
S1011503,C10225,2025-10-20,Facebook,Desktop,5,47.2,False,False
S1011504,,2026-06-25,Organic,Mobile,4,267.3,True,True
S1011505,C11279,2026-02-25,Google Ads,Mobile,6,200.7,True,False
S1011506,C11432,2026-02-20,Affiliate,Mobile,3,118.4,False,False
S1011507,C11688,2025-11-07,Facebook,Mobile,5,20.9,True,False
S1011508,C11675,2026-08-03,Facebook,Mobile,3,116.5,False,False
S1011509,,2025-12-10,Facebook,Mobile,6,157.0,True,False
S1011510,,2026-04-26,Email,Mobile,5,211.6,True,False
S1011511,C10709,2026-05-03,Facebook,Mobile,3,358.6,False,False
S1011512,C11474,2026-03-21,Organic,Desktop,6,360.2,True,False
S1011513,C11653,2025-11-21,Affiliate,Mobile,4,210.1,False,False
S1011514,,2026-03-05,Affiliate,Tablet,5,261.1,True,False
S1011515,C11421,2025-10-15,Facebook,Desktop,5,117.7,True,False
S1011516,C11647,2025-11-18,Google Ads,Mobile,6,268.1,True,False
S1011517,C10796,2026-03-14,Organic,Mobile,7,208.5,False,False
S1011518,C11858,2025-09-13,Email,Mobile,3,161.8,False,False
S1011519,C10878,2025-10-22,Instagram,Mobile,3,182.6,False,False
S1011520,C10938,2026-06-05,Google Ads,Mobile,6,82.4,False,False
S1011521,C11624,2026-01-17,Organic,Tablet,4,251.9,False,False
S1011522,C11684,2026-06-10,Google Ads,Mobile,5,145.0,False,False
S1011523,C11013,2025-11-03,Google Ads,Mobile,6,62.0,True,False
S1011524,C11346,2025-10-21,Google Ads,Mobile,5,237.2,True,True
S1011525,C11079,2026-03-09,Affiliate,Mobile,4,46.2,True,False
S1011526,,2025-11-03,Instagram,Mobile,5,120.3,False,False
S1011527,C11293,2026-03-17,Email,Mobile,5,95.3,False,False
S1011528,,2026-05-10,Organic,Mobile,5,78.8,False,False
S1011529,,2026-05-16,Instagram,Desktop,7,26.6,False,False
S1011530,C10282,2026-07-30,Instagram,Mobile,4,250.5,False,False
S1011531,C10716,2026-02-17,Google Ads,Desktop,2,78.8,False,False
S1011532,C11735,2026-03-16,Organic,Mobile,5,234.3,True,False
S1011533,C10712,2026-06-03,Organic,Mobile,6,94.2,True,False
S1011534,,2026-07-08,Email,Desktop,5,195.1,False,False
S1011535,C11097,2025-10-07,Google Ads,Mobile,1,352.8,False,False
S1011536,,2026-03-19,Google Ads,Mobile,5,106.9,True,False
S1011537,,2025-10-08,Affiliate,Desktop,6,278.0,True,True
S1011538,C11058,2026-06-07,Affiliate,Mobile,3,377.7,False,False
S1011539,C10021,2026-01-20,Affiliate,Mobile,6,201.5,True,False
S1011540,C11954,2026-06-21,Google Ads,Mobile,8,92.7,True,False
S1011541,C11791,2026-04-29,Email,Mobile,7,207.5,False,False
S1011542,,2026-02-01,Instagram,Mobile,11,217.7,True,True
S1011543,C11778,2025-09-01,Google Ads,Desktop,2,334.0,False,False
S1011544,C10133,2026-05-27,Affiliate,Mobile,5,15.3,False,False
S1011545,,2026-04-21,Email,Mobile,2,69.9,False,False
S1011546,C10445,2026-02-16,Google Ads,Mobile,4,80.6,True,False
S1011547,C10016,2025-11-11,Google Ads,Mobile,5,68.8,False,False
S1011548,C11666,2025-12-16,Organic,Mobile,3,510.7,False,False
S1011549,C10634,2026-08-18,Organic,Desktop,5,134.6,False,False
S1011550,C11345,2025-10-19,Email,Desktop,8,144.1,False,False
S1011551,C10218,2026-06-29,Organic,Mobile,7,128.3,False,False
S1011552,,2025-09-22,Instagram,Mobile,4,44.0,False,False
S1011553,,2026-08-15,Google Ads,Desktop,6,203.5,False,False
S1011554,C10922,2026-05-07,Facebook,Mobile,5,95.1,False,False
S1011555,C11515,2026-04-17,Affiliate,Mobile,6,271.7,False,False
S1011556,C11251,2025-09-08,Instagram,Mobile,4,74.1,False,False
S1011557,C11398,2026-03-31,Organic,Desktop,4,177.2,True,True
S1011558,C11155,2025-10-30,Google Ads,Mobile,6,365.8,True,False
S1011559,C10809,2026-03-03,Email,Mobile,6,253.5,False,False
S1011560,,2026-07-19,Email,Mobile,6,49.4,True,True
S1011561,C10229,2026-03-02,Facebook,Mobile,7,185.0,True,True
S1011562,C11069,2026-07-21,Facebook,Mobile,6,316.2,False,False
S1011563,C11545,2025-12-12,Facebook,Mobile,6,156.1,False,False
S1011564,C10837,2025-12-06,Email,Tablet,6,171.7,False,False
S1011565,C10163,2025-10-11,Facebook,Mobile,5,463.8,True,False
S1011566,,2025-12-15,Organic,Desktop,3,448.3,False,False
S1011567,C10973,2026-08-10,Organic,Mobile,6,274.9,True,True
S1011568,C11453,2025-11-11,Facebook,Mobile,5,284.1,False,False
S1011569,C10842,2025-10-12,Affiliate,Desktop,5,101.4,False,False
S1011570,C11448,2026-06-02,Instagram,Desktop,6,36.5,False,False
S1011571,C10369,2026-07-20,Email,Desktop,5,84.6,False,False
S1011572,C10733,2025-10-20,Organic,Desktop,5,180.2,False,False
S1011573,C11296,2025-08-29,Email,Tablet,5,322.0,False,False
S1011574,C11115,2026-03-06,Affiliate,Desktop,7,442.6,True,True
S1011575,,2025-11-17,Instagram,Desktop,5,381.4,True,False
S1011576,C10529,2026-04-03,Instagram,Mobile,3,216.1,False,False
S1011577,C10911,2026-01-01,Affiliate,Mobile,9,175.3,False,False
S1011578,C10741,2026-03-28,Google Ads,Mobile,6,97.5,False,False
S1011579,C11996,2025-10-24,Facebook,Tablet,5,387.4,False,False
S1011580,,2026-01-06,Google Ads,Mobile,5,22.6,False,False
S1011581,C10544,2026-08-08,Instagram,Desktop,5,55.6,False,False
S1011582,,2025-10-21,Google Ads,Desktop,3,143.7,False,False
S1011583,C11636,2025-10-21,Organic,Desktop,5,32.4,False,False
S1011584,C11100,2025-09-22,Facebook,Desktop,4,137.5,False,False
S1011585,C10790,2025-12-09,Facebook,Tablet,5,112.1,False,False
S1011586,C11466,2026-07-14,Instagram,Mobile,7,75.8,False,False
S1011587,,2026-07-22,Instagram,Mobile,4,64.1,False,False
S1011588,C11885,2026-03-18,Email,Mobile,9,96.9,False,False
S1011589,C10128,2025-09-26,Facebook,Mobile,6,191.6,False,False
S1011590,C11465,2026-02-18,Google Ads,Desktop,6,464.4,False,False
S1011591,C10045,2026-01-21,Google Ads,Mobile,6,130.6,False,False
S1011592,,2026-07-09,Email,Desktop,2,261.3,False,False
S1011593,C11102,2026-04-17,Organic,Mobile,3,64.0,False,False
S1011594,C11818,2025-09-20,Affiliate,Mobile,5,97.9,False,False
S1011595,C11566,2026-04-27,Organic,Tablet,3,128.5,False,False
S1011596,C10637,2026-03-28,Google Ads,,5,180.1,False,False
S1011597,,2026-01-14,Instagram,Mobile,4,116.7,True,False
S1011598,,2025-11-28,Email,Mobile,6,85.5,False,False
S1011599,C10733,2026-03-11,Organic,Tablet,3,49.2,False,False
S1011600,C10379,2026-02-14,Google Ads,Desktop,5,481.3,True,True
S1011601,,2026-07-10,Facebook,Mobile,6,55.4,True,False
S1011602,C10098,2025-09-25,Facebook,Mobile,8,72.4,True,True
S1011603,,2026-04-18,Instagram,Mobile,2,264.5,False,False
S1011604,C10608,2025-12-04,Instagram,Desktop,5,243.0,False,False
S1011605,C10581,2026-05-30,Affiliate,Mobile,3,145.9,False,False
S1011606,,2025-10-06,Affiliate,Desktop,2,91.6,False,False
S1011607,C12000,2026-07-04,Affiliate,Tablet,5,78.1,True,False
S1011608,,2026-05-16,Organic,Mobile,7,91.2,False,False
S1011609,,2025-09-30,Instagram,Mobile,4,131.7,False,False
S1011610,,2026-07-13,Email,Mobile,2,86.2,False,False
S1011611,C10944,2025-12-14,Affiliate,Desktop,4,401.5,True,False
S1011612,C10118,2025-10-02,Affiliate,Mobile,3,142.3,False,False
S1011613,,2026-01-14,Organic,Mobile,7,256.2,False,False
S1011614,C10156,2025-11-05,Email,Desktop,8,80.0,True,False
S1011615,C11251,2025-10-19,Email,Tablet,6,146.5,False,False
S1011616,C11336,2026-07-14,Affiliate,Desktop,5,123.2,True,False
S1011617,C11731,2026-01-28,Affiliate,Tablet,9,166.3,False,False
S1011618,C10572,2025-10-27,Instagram,Mobile,6,147.5,False,False
S1011619,C10954,2026-04-04,Google Ads,Mobile,2,134.9,False,False
S1011620,C10242,2026-06-20,Google Ads,Mobile,5,91.3,False,False
S1011621,C11464,2025-09-08,Organic,Mobile,4,94.7,False,False
S1011622,,2026-04-25,Organic,Mobile,6,138.4,False,False
S1011623,C11420,2025-12-17,Instagram,Mobile,7,298.8,False,False
S1011624,C11488,2026-08-08,Email,Mobile,3,251.8,False,False
S1011625,C11079,2026-06-08,Google Ads,Mobile,6,122.3,True,False
S1011626,C11875,2025-10-04,Organic,Tablet,6,72.5,False,False
S1011627,C10704,2025-12-25,Instagram,Mobile,8,38.8,True,False
S1011628,C10113,2025-10-26,Affiliate,Mobile,6,204.0,True,False
S1011629,C10151,2025-11-16,Instagram,Desktop,5,382.6,False,False
S1011630,,2026-07-02,Organic,Mobile,5,134.4,True,False
S1011631,C10488,2026-04-09,Google Ads,Desktop,6,289.0,False,False
S1011632,,2026-05-12,Affiliate,Desktop,6,155.6,True,False
S1011633,C11018,2025-12-21,Instagram,Mobile,3,134.5,False,False
S1011634,C11812,2026-07-22,Organic,Mobile,1,130.8,True,True
S1011635,C10336,2025-10-23,Google Ads,Mobile,5,86.7,False,False
S1011636,C11164,2026-05-22,Google Ads,Tablet,3,252.4,True,False
S1011637,C10435,2026-08-14,Email,Mobile,6,183.6,False,False
S1011638,C10398,2026-03-23,Facebook,Mobile,8,283.6,False,False
S1011639,C10465,2026-08-01,Email,Desktop,4,48.9,False,False
S1011640,C11439,2026-01-12,Affiliate,Tablet,5,549.1,False,False
S1011641,C11363,2026-02-13,Facebook,Mobile,8,213.2,False,False
S1011642,C11707,2026-03-10,Google Ads,Desktop,6,167.6,False,False
S1011643,C10572,2026-05-17,Facebook,Mobile,4,137.6,True,True
S1011644,C11702,2026-06-25,Affiliate,Mobile,5,205.8,True,False
S1011645,C10954,2026-05-28,Organic,Mobile,5,38.3,False,False
S1011646,C10749,2026-02-15,Facebook,Mobile,6,99.6,True,True
S1011647,C11893,2026-08-21,Instagram,Mobile,6,190.6,True,False
S1011648,C11773,2026-03-26,Facebook,Mobile,5,98.3,False,False
S1011649,,2026-04-23,Google Ads,Mobile,6,342.9,False,False
S1011650,C11562,2026-06-16,Instagram,Mobile,4,367.3,False,False
S1011651,C10858,2025-11-04,Email,Mobile,4,275.4,True,False
S1011652,C11041,2026-06-15,Organic,Desktop,5,426.4,True,True
S1011653,C11818,2026-02-27,Facebook,Mobile,6,203.4,False,False
S1011654,C11779,2026-06-23,Email,Mobile,6,116.9,False,False
S1011655,C11625,2026-06-23,Instagram,Mobile,4,317.7,False,False
S1011656,C11536,2026-07-01,Facebook,Mobile,5,38.5,False,False
S1011657,C11683,2026-05-27,Instagram,Mobile,6,79.5,False,False
S1011658,,2026-03-03,Email,Mobile,5,237.2,False,False
S1011659,,2026-07-11,Google Ads,Mobile,6,151.4,False,False
S1011660,C10544,2025-11-27,Instagram,Desktop,6,252.1,False,False
S1011661,C11736,2025-08-27,Email,Desktop,5,245.2,False,False
S1011662,C11952,2025-10-31,Instagram,Mobile,4,78.7,True,False
S1011663,C10296,2026-07-27,Google Ads,Mobile,5,254.4,False,False
S1011664,C11998,2026-08-14,Organic,Mobile,5,468.9,True,False
S1011665,C10178,2026-01-11,Email,Mobile,5,417.8,True,False
S1011666,C10806,2026-06-22,Instagram,Tablet,3,251.3,False,False
S1011667,,2026-04-17,Google Ads,Mobile,2,103.3,False,False
S1011668,C11848,2025-09-17,Facebook,Mobile,2,423.7,True,False
S1011669,,2026-01-24,Instagram,Tablet,7,135.0,True,False
S1011670,,2025-12-22,Affiliate,Mobile,4,13.6,True,False
S1011671,C11350,2026-01-01,Affiliate,Tablet,3,46.0,False,False
S1011672,C10038,2026-08-07,Google Ads,Mobile,6,131.6,False,False
S1011673,,2026-05-13,Facebook,Desktop,8,222.1,False,False
S1011674,C11955,2026-02-19,Organic,Mobile,3,260.2,False,False
S1011675,C11790,2026-06-02,Email,Mobile,4,272.9,True,False
S1011676,C10113,2026-02-16,Organic,Desktop,5,441.5,True,False
S1011677,C11036,2026-05-02,Affiliate,Desktop,8,78.5,False,False
S1011678,C10898,2026-04-17,Email,Desktop,3,230.4,False,False
S1011679,C11496,2026-04-21,Organic,Tablet,13,23.5,True,True
S1011680,,2025-12-03,Instagram,Desktop,5,225.1,False,False
S1011681,C11362,2025-08-21,Organic,Mobile,3,142.1,False,False
S1011682,,2026-06-17,Facebook,Mobile,7,350.8,True,False
S1011683,C10360,2026-05-26,Google Ads,Mobile,9,275.7,False,False
S1011684,C10429,2025-11-14,Instagram,Mobile,5,74.9,False,False
S1011685,C10190,2026-04-10,Facebook,Mobile,6,62.0,False,False
S1011686,C10652,2026-01-21,Affiliate,Mobile,7,170.7,False,False
S1011687,C10176,2025-09-21,Google Ads,Mobile,4,78.5,False,False
S1011688,C10147,2025-09-06,Email,Mobile,6,74.4,False,False
S1011689,C11068,2026-01-07,Google Ads,Mobile,3,342.6,False,False
S1011690,C11315,2026-04-13,Organic,Desktop,5,238.7,False,False
S1011691,C11089,2025-12-29,Affiliate,Desktop,6,140.5,False,False
S1011692,C11354,2026-07-06,Facebook,Mobile,6,107.8,False,False
S1011693,C10222,2025-12-11,Organic,Mobile,10,377.4,True,False
S1011694,C11717,2025-10-09,Facebook,Mobile,4,41.2,True,True
S1011695,C11616,2025-11-14,Google Ads,Mobile,4,257.3,False,False
S1011696,,2025-11-25,Affiliate,Mobile,7,96.8,False,False
S1011697,,2026-04-06,Instagram,Mobile,5,180.2,False,False
S1011698,C10076,2026-05-09,Google Ads,Desktop,3,129.6,False,False
S1011699,C11409,2026-05-29,Instagram,Desktop,2,194.0,False,False
S1011700,C10338,2025-10-23,Google Ads,Mobile,4,216.2,True,False
S1011701,C11512,2026-01-26,Google Ads,Tablet,7,184.5,True,False
S1011702,C11960,2025-09-27,Organic,Mobile,3,56.7,False,False
S1011703,C11410,2025-09-28,Email,Desktop,6,26.8,False,False
S1011704,C10740,2026-06-22,Affiliate,Mobile,3,472.9,False,False
S1011705,C11979,2026-06-02,Affiliate,Tablet,5,58.4,True,False
S1011706,,2026-02-10,Organic,Mobile,6,305.9,False,False
S1011707,C11113,2025-09-09,Instagram,Mobile,3,324.3,False,False
S1011708,C11672,2026-06-01,Google Ads,Desktop,5,240.7,False,False
S1011709,C10949,2025-12-14,Affiliate,Mobile,3,323.1,False,False
S1011710,C11337,2025-12-15,Google Ads,Mobile,2,141.1,False,False
S1011711,C10294,2026-08-02,Google Ads,Mobile,3,81.5,False,False
S1011712,C11063,2026-06-05,Google Ads,Desktop,4,121.8,False,False
S1011713,,2026-07-26,Organic,Mobile,6,81.6,False,False
S1011714,C11995,2026-06-12,Email,Desktop,4,141.1,False,False
S1011715,C10682,2026-06-21,Instagram,Desktop,5,329.9,False,False
S1011716,C10506,2026-04-19,Instagram,Desktop,6,30.0,False,False
S1011717,C10307,2025-09-20,Email,Mobile,4,248.8,True,False
S1011718,C11242,2026-01-23,Google Ads,Mobile,3,56.1,False,False
S1011719,C11357,2025-09-01,Affiliate,Mobile,6,87.0,True,False
S1011720,C11623,2025-12-23,Organic,Mobile,4,19.3,True,False
S1011721,,2026-06-25,Instagram,Desktop,4,236.9,False,False
S1011722,C10538,2026-04-07,Email,Mobile,3,568.8,False,False
S1011723,C11204,2025-09-11,Facebook,Mobile,3,182.4,False,False
S1011724,C10557,2025-12-14,Instagram,Mobile,3,133.3,False,False
S1011725,,2026-07-20,Affiliate,,6,14.7,False,False
S1011726,C11183,2026-07-27,Organic,Mobile,2,41.8,False,False
S1011727,C10647,2026-07-28,Facebook,Desktop,8,135.9,False,False
S1011728,C10875,2025-11-04,Google Ads,Mobile,5,74.5,False,False
S1011729,C11327,2026-01-31,Google Ads,Mobile,6,324.4,False,False
S1011730,C10295,2026-05-07,Instagram,Mobile,3,120.5,False,False
S1011731,C11740,2026-07-25,Email,Mobile,4,144.1,False,False
S1011732,C11155,2025-10-28,Facebook,Mobile,5,225.4,True,False
S1011733,C10060,2025-10-30,Email,Mobile,4,239.5,False,False
S1011734,C11905,2026-07-28,Affiliate,Mobile,6,6.6,False,False
S1011735,C10958,2025-11-30,Facebook,Tablet,5,180.8,False,False
S1011736,,2026-07-11,Affiliate,Mobile,5,89.3,False,False
S1011737,C11730,2026-04-03,Facebook,,5,11.0,False,False
S1011738,C10680,2025-10-22,Facebook,Mobile,3,537.8,False,False
S1011739,C11160,2026-05-17,Email,Mobile,5,120.3,True,True
S1011740,,2026-04-12,Organic,,9,260.0,False,False
S1011741,C10616,2025-10-25,Instagram,Tablet,5,245.2,False,False
S1011742,C10497,2026-01-06,Google Ads,Desktop,6,33.3,False,False
S1011743,C11402,2026-05-13,Instagram,Mobile,7,82.8,False,False
S1011744,C11903,2025-10-25,Google Ads,Tablet,5,83.6,True,True
S1011745,C10940,2025-10-17,Instagram,Mobile,5,168.8,False,False
S1011746,C11162,2026-07-19,Organic,Mobile,3,88.8,False,False
S1011747,C10189,2026-04-21,Email,Mobile,7,55.1,False,False
S1011748,C10078,2026-01-25,Google Ads,Desktop,2,175.3,False,False
S1011749,C10699,2025-12-03,Email,Tablet,10,84.2,False,False
S1011750,C11322,2025-10-20,Email,Mobile,6,169.4,True,False
S1011751,C10431,2026-04-06,Instagram,Mobile,3,307.3,False,False
S1011752,,2026-03-07,Instagram,Desktop,2,381.2,False,False
S1011753,C11465,2026-01-26,Instagram,,8,182.3,False,False
S1011754,,2026-06-02,Organic,Mobile,7,85.4,False,False
S1011755,C10003,2025-08-29,Affiliate,Desktop,2,52.7,False,False
S1011756,,2025-11-02,Facebook,Mobile,5,118.9,True,False
S1011757,C10159,2026-01-31,Email,Desktop,6,389.2,False,False
S1011758,C10422,2025-09-29,Google Ads,Tablet,5,28.3,False,False
S1011759,C10883,2026-05-28,Google Ads,Mobile,4,79.0,True,True
S1011760,C11557,2026-02-08,Organic,Mobile,4,78.4,False,False
S1011761,C10588,2025-09-30,Instagram,Mobile,2,385.0,False,False
S1011762,C11957,2026-03-23,Instagram,Mobile,6,136.3,False,False
S1011763,C10865,2025-09-20,Instagram,Desktop,4,90.7,False,False
S1011764,,2026-01-29,Google Ads,Mobile,8,99.3,False,False
S1011765,,2026-01-11,Affiliate,Mobile,8,92.9,False,False
S1011766,C10448,2026-02-13,Organic,Mobile,6,437.5,False,False
S1011767,C11360,2026-07-28,Affiliate,Desktop,5,237.3,False,False
S1011768,C10498,2026-02-09,Facebook,Mobile,6,158.2,False,False
S1011769,C11822,2026-01-28,Facebook,Mobile,8,139.1,False,False
S1011770,C10729,2026-02-03,Facebook,Mobile,5,210.1,False,False
S1011771,,2025-11-10,Google Ads,Mobile,4,149.3,False,False
S1011772,C11523,2025-12-20,Instagram,Mobile,5,85.1,False,False
S1011773,,2026-08-02,Organic,Mobile,9,291.9,False,False
S1011774,C10305,2026-02-15,Google Ads,Mobile,4,89.3,False,False
S1011775,C11867,2025-09-21,Google Ads,Desktop,8,60.4,False,False
S1011776,C10164,2025-12-05,Google Ads,Tablet,6,61.8,False,False
S1011777,C10749,2026-04-21,Organic,Mobile,7,22.6,True,False
S1011778,C11065,2026-03-27,Google Ads,Mobile,4,244.1,True,False
S1011779,C11412,2026-06-15,Google Ads,Mobile,6,327.9,False,False
S1011780,,2025-12-14,Google Ads,Mobile,8,30.2,False,False
S1011781,C11891,2025-11-29,Affiliate,Mobile,5,347.2,False,False
S1011782,C10043,2025-11-07,Email,Mobile,3,146.8,False,False
S1011783,,2025-09-05,Google Ads,Mobile,6,210.9,True,False
S1011784,C11270,2025-09-12,Affiliate,Desktop,3,184.4,False,False
S1011785,,2025-12-31,Affiliate,Desktop,6,82.9,False,False
S1011786,,2025-11-13,Google Ads,Desktop,8,163.6,False,False
S1011787,C10520,2025-08-29,Organic,Desktop,5,97.8,False,False
S1011788,C10616,2025-12-13,Affiliate,Tablet,2,159.4,False,False
S1011789,C10668,2026-02-11,Email,Tablet,7,196.0,True,False
S1011790,,2026-08-07,Google Ads,Mobile,4,144.9,False,False
S1011791,C10226,2026-03-28,Instagram,Desktop,5,226.6,False,False
S1011792,C10851,2026-07-07,Affiliate,Desktop,3,208.1,False,False
S1011793,C10432,2026-02-22,Google Ads,Mobile,6,265.3,False,False
S1011794,C10612,2026-04-09,Google Ads,Desktop,7,89.4,False,False
S1011795,C10650,2025-12-16,Email,Desktop,3,392.4,False,False
S1011796,,2026-05-30,Organic,Mobile,3,671.0,False,False
S1011797,C10573,2025-10-05,Organic,Mobile,5,291.8,False,False
S1011798,,2025-10-10,Instagram,Mobile,2,192.3,False,False
S1011799,C10204,2026-05-29,Affiliate,Desktop,1,52.3,False,False
S1011800,C10030,2026-03-26,Google Ads,Mobile,2,261.3,False,False
S1011801,C11392,2025-11-15,Instagram,Desktop,3,423.7,False,False
S1011802,C10277,2025-09-04,Instagram,Desktop,4,132.9,True,False
S1011803,,2025-08-23,Email,Mobile,3,349.6,False,False
S1011804,C10071,2026-05-20,Organic,Mobile,9,81.8,False,False
S1011805,C10146,2026-03-13,Email,Mobile,2,62.9,False,False
S1011806,C10378,2026-05-22,Google Ads,Mobile,5,133.9,True,False
S1011807,C10482,2026-02-27,Facebook,Mobile,4,247.3,False,False
S1011808,,2026-01-29,Google Ads,Desktop,3,59.4,False,False
S1011809,C11955,2026-06-19,Organic,Mobile,7,137.7,True,False
S1011810,,2026-01-10,Instagram,,7,94.2,True,True
S1011811,C11913,2026-04-23,Affiliate,Desktop,7,211.0,False,False
S1011812,C11306,2026-04-11,Instagram,Tablet,7,201.3,True,True
S1011813,C10086,2026-06-01,Instagram,Desktop,6,39.8,False,False
S1011814,C10641,2026-08-11,Email,Desktop,2,242.4,False,False
S1011815,C11492,2026-06-03,Affiliate,Desktop,4,196.1,True,False
S1011816,,2025-12-02,Email,Mobile,8,287.4,True,True
S1011817,C11292,2025-10-17,Affiliate,Mobile,3,114.1,False,False
S1011818,C11356,2026-04-01,Organic,Mobile,4,293.9,False,False
S1011819,C10848,2025-11-28,Google Ads,Mobile,5,166.4,False,False
S1011820,,2026-04-16,Affiliate,Mobile,5,81.7,False,False
S1011821,C11823,2026-03-05,Google Ads,Mobile,3,9.7,False,False
S1011822,C11913,2026-03-17,Organic,Mobile,4,126.4,True,False
S1011823,C11406,2026-08-05,Google Ads,Mobile,2,69.4,False,False
S1011824,,2026-08-06,Facebook,Mobile,11,55.5,False,False
S1011825,C10262,2026-01-19,Organic,Mobile,4,37.7,False,False
S1011826,,2026-07-27,Google Ads,Mobile,6,525.3,False,False
S1011827,,2026-01-21,Facebook,Mobile,4,65.0,True,False
S1011828,,2025-10-18,Affiliate,Mobile,5,106.8,False,False
S1011829,,2025-12-11,Affiliate,Mobile,11,362.9,False,False
S1011830,,2026-04-23,Facebook,Mobile,5,161.3,True,False
S1011831,,2025-10-19,Instagram,Desktop,3,85.1,False,False
S1011832,C10239,2026-03-28,Organic,Mobile,3,154.4,False,False
S1011833,C10189,2025-11-12,Instagram,Desktop,3,127.7,False,False
S1011834,C10372,2026-03-25,Instagram,Mobile,3,53.6,False,False
S1011835,C10722,2025-10-14,Organic,Mobile,8,98.5,True,True
S1011836,,2026-03-10,Google Ads,Mobile,5,32.8,True,False
S1011837,C10998,2026-01-28,Google Ads,Mobile,9,88.8,True,True
S1011838,C10804,2026-04-01,Facebook,Mobile,3,355.0,False,False
S1011839,C10826,2026-01-13,Facebook,Desktop,4,237.0,False,False
S1011840,C11030,2026-03-09,Instagram,Desktop,4,82.4,False,False
S1011841,C11596,2026-03-03,Google Ads,Mobile,4,20.7,False,False
S1011842,C11884,2026-07-12,Google Ads,Mobile,3,213.2,False,False
S1011843,C10489,2026-08-04,Organic,Mobile,4,113.3,True,True
S1011844,C10315,2026-01-07,Email,Desktop,5,61.2,True,False
S1011845,C10697,2026-07-12,Google Ads,Desktop,7,448.2,True,True
S1011846,,2026-05-26,Organic,Mobile,6,246.5,False,False
S1011847,C10949,2026-08-12,Affiliate,Tablet,7,127.6,False,False
S1011848,C11912,2025-11-19,Email,Desktop,5,259.0,False,False
S1011849,C10317,2025-11-30,Organic,Mobile,7,113.9,False,False
S1011850,C10181,2026-03-31,Email,Tablet,6,18.3,True,False
S1011851,C11247,2025-12-26,Affiliate,Desktop,8,122.5,False,False
S1011852,,2025-08-28,Email,Mobile,3,405.6,False,False
S1011853,,2025-09-04,Organic,Mobile,5,353.5,False,False
S1011854,,2026-03-08,Facebook,Mobile,2,226.4,False,False
S1011855,C11584,2026-01-23,Email,Desktop,4,94.2,False,False
S1011856,C11458,2026-05-11,Instagram,Mobile,5,295.3,True,True
S1011857,C11921,2026-07-08,Google Ads,Mobile,5,282.5,True,False
S1011858,C11035,2025-12-21,Instagram,Mobile,7,155.9,False,False
S1011859,C11914,2026-04-20,Organic,Mobile,6,261.5,True,False
S1011860,C11429,2026-02-24,Google Ads,Desktop,4,45.0,False,False
S1011861,C11973,2025-12-11,Facebook,Mobile,3,5.5,True,True
S1011862,C11046,2026-03-08,Instagram,Desktop,6,135.8,True,False
S1011863,C10036,2025-10-12,Affiliate,Mobile,4,35.2,False,False
S1011864,C11663,2026-07-17,Google Ads,Tablet,8,90.9,False,False
S1011865,C10302,2026-03-05,Instagram,Desktop,5,74.7,False,False
S1011866,C11358,2026-06-14,Email,Desktop,4,61.4,False,False
S1011867,C10458,2025-11-05,Facebook,Desktop,8,157.8,False,False
S1011868,,2025-08-23,Organic,Desktop,5,186.6,False,False
S1011869,C10290,2025-12-13,Organic,Mobile,4,145.7,False,False
S1011870,C10482,2025-12-17,Instagram,Mobile,2,201.9,False,False
S1011871,C10702,2025-10-10,Instagram,Mobile,5,200.3,True,True
S1011872,C10830,2025-10-04,Instagram,Mobile,6,358.9,False,False
S1011873,C10864,2025-12-14,Organic,Mobile,4,116.6,True,False
S1011874,,2026-06-08,Google Ads,Desktop,6,278.9,True,False
S1011875,C10074,2026-02-07,Google Ads,Mobile,7,246.8,False,False
S1011876,C10177,2025-10-12,Organic,Mobile,4,92.5,False,False
S1011877,C11838,2025-11-29,Instagram,Desktop,4,80.5,True,False
S1011878,C10550,2025-09-18,Facebook,Desktop,3,87.5,False,False
S1011879,C11277,2025-09-18,Google Ads,Tablet,6,41.8,False,False
S1011880,C11961,2025-11-09,Instagram,Desktop,4,235.7,False,False
S1011881,,2025-11-14,Google Ads,Mobile,9,170.7,False,False
S1011882,C10809,2025-10-21,Organic,Desktop,6,308.6,False,False
S1011883,C10797,2026-04-24,Organic,Desktop,8,299.4,False,False
S1011884,C10177,2026-02-28,Organic,Tablet,5,72.0,False,False
S1011885,C10712,2026-06-21,Email,Desktop,4,387.4,True,True
S1011886,C10098,2025-10-14,Email,Mobile,4,186.1,False,False
S1011887,,2025-10-19,Instagram,Desktop,6,187.5,True,True
S1011888,C10944,2025-09-21,Instagram,Tablet,5,103.4,False,False
S1011889,,2025-10-14,Google Ads,Mobile,7,180.6,False,False
S1011890,C11562,2025-12-23,Instagram,Desktop,4,203.2,True,False
S1011891,C10279,2026-04-24,Organic,Mobile,8,188.9,False,False
S1011892,C11363,2026-02-23,Affiliate,Mobile,3,186.1,False,False
S1011893,C10525,2026-04-01,Instagram,Tablet,4,160.9,False,False
S1011894,C10655,2025-09-07,Google Ads,Desktop,4,80.7,False,False
S1011895,C11293,2026-06-18,Facebook,Mobile,4,130.9,False,False
S1011896,C10752,2025-12-20,Affiliate,Desktop,6,63.7,False,False
S1011897,,2025-10-11,Instagram,Mobile,6,367.2,True,False
S1011898,,2025-11-22,Organic,Mobile,5,277.1,True,True
S1011899,C10463,2026-08-11,Google Ads,Mobile,7,388.6,False,False
S1011900,C10574,2025-12-01,Organic,Mobile,3,499.1,False,False
S1011901,C10135,2026-01-02,Facebook,Desktop,5,71.3,False,False
S1011902,C11970,2025-11-01,Organic,Mobile,6,152.0,False,False
S1011903,,2025-09-28,Organic,Mobile,4,393.2,False,False
S1011904,C10078,2026-06-20,Google Ads,Mobile,4,374.7,True,False
S1011905,C10395,2025-09-17,Facebook,Mobile,4,188.7,False,False
S1011906,,2025-12-02,Affiliate,Desktop,4,124.1,False,False
S1011907,C10997,2026-02-01,Google Ads,Mobile,5,157.1,True,False
S1011908,C10478,2026-02-14,Google Ads,Mobile,3,171.3,True,True
S1011909,C10320,2026-07-06,Organic,Mobile,4,196.2,False,False
S1011910,,2026-02-16,Email,Mobile,3,166.7,False,False
S1011911,C10857,2026-01-07,Organic,Tablet,6,207.3,False,False
S1011912,C11225,2026-07-03,Email,Mobile,7,82.5,True,False
S1011913,C10001,2026-02-02,Facebook,Mobile,4,681.5,True,False
S1011914,C10238,2025-12-11,Facebook,Mobile,3,255.8,False,False
S1011915,,2025-09-20,Instagram,Mobile,3,165.8,False,False
S1011916,C10737,2025-10-14,Instagram,Desktop,2,92.7,False,False
S1011917,C10206,2026-07-06,Google Ads,Desktop,7,125.5,True,False
S1011918,C11139,2026-06-16,Google Ads,Mobile,4,139.7,True,False
S1011919,C11769,2026-07-21,Google Ads,Mobile,6,221.1,False,False
S1011920,,2026-05-29,Facebook,Mobile,5,559.8,True,False
S1011921,C10624,2025-10-30,Google Ads,Mobile,5,108.7,True,False
S1011922,,2025-11-29,Instagram,Mobile,3,154.0,False,False
S1011923,C10659,2026-03-04,Instagram,Mobile,2,266.0,False,False
S1011924,C10773,2026-01-17,Google Ads,Tablet,5,66.1,False,False
S1011925,C11185,2026-07-26,Organic,Tablet,3,16.7,False,False
S1011926,C11028,2026-08-20,Email,Mobile,7,210.4,False,False
S1011927,C11186,2026-08-03,Google Ads,Desktop,5,299.7,False,False
S1011928,C10246,2026-06-20,Email,Mobile,4,150.9,False,False
S1011929,C10809,2026-02-28,Facebook,Mobile,4,534.2,True,False
S1011930,C11847,2026-08-13,Instagram,Mobile,6,491.6,True,False
S1011931,C11212,2026-04-22,Organic,Tablet,3,572.3,False,False
S1011932,C11368,2026-06-23,Email,Mobile,6,96.0,False,False
S1011933,C10853,2026-05-21,Affiliate,Desktop,3,376.5,False,False
S1011934,C11825,2025-10-30,Affiliate,Desktop,4,67.5,False,False
S1011935,C10693,2025-10-07,Affiliate,Mobile,2,48.2,False,False
S1011936,,2026-04-13,Instagram,Mobile,6,21.5,False,False
S1011937,C11638,2026-06-22,Organic,Mobile,1,333.9,False,False
S1011938,C11360,2025-10-24,Affiliate,Mobile,5,146.7,False,False
S1011939,C10943,2026-07-18,Instagram,Desktop,2,319.6,False,False
S1011940,C11954,2026-07-08,Instagram,Desktop,2,230.2,False,False
S1011941,C11264,2025-12-16,Google Ads,Desktop,6,206.8,False,False
S1011942,C10081,2026-07-04,Facebook,Mobile,6,77.9,True,True
S1011943,C10477,2026-02-04,Instagram,Mobile,4,284.9,False,False
S1011944,C11119,2025-12-12,Instagram,Mobile,5,207.8,False,False
S1011945,,2025-12-12,Email,Desktop,2,282.1,False,False
S1011946,C10382,2025-09-24,Facebook,Tablet,4,179.3,False,False
S1011947,C11917,2026-01-29,Facebook,Tablet,1,128.8,False,False
S1011948,C11860,2025-10-27,Facebook,Desktop,4,259.7,False,False
S1011949,C10591,2025-11-16,Google Ads,Mobile,3,124.8,False,False
S1011950,C11405,2025-09-15,Email,Mobile,5,591.3,True,True
S1011951,C11925,2026-03-15,Organic,Mobile,3,76.5,False,False
S1011952,C11141,2026-04-08,Google Ads,Desktop,8,53.8,False,False
S1011953,C10177,2025-11-20,Organic,Mobile,6,455.0,False,False
S1011954,C11363,2026-07-19,Google Ads,Mobile,9,84.4,False,False
S1011955,C10583,2026-05-16,Google Ads,Mobile,5,103.2,False,False
S1011956,C11877,2026-01-18,Facebook,Mobile,3,16.9,False,False
S1011957,C10136,2026-06-26,Facebook,Mobile,5,106.3,False,False
S1011958,C11551,2026-03-15,Organic,Mobile,5,464.9,True,True
S1011959,C11284,2025-09-16,Email,Mobile,5,82.3,False,False
S1011960,,2026-06-08,Email,Mobile,4,133.4,False,False
S1011961,C11623,2026-02-01,Google Ads,Desktop,4,246.8,False,False
S1011962,C11796,2026-04-16,Organic,Mobile,5,195.7,True,True
S1011963,C10121,2026-07-11,Organic,Desktop,6,87.3,False,False
S1011964,C10346,2026-03-09,Affiliate,Mobile,7,131.5,False,False
S1011965,C11122,2026-07-01,Email,Mobile,5,86.3,False,False
S1011966,C10017,2025-12-10,Google Ads,Desktop,6,52.3,True,True
S1011967,C11838,2025-10-29,Instagram,Desktop,2,6.4,False,False
S1011968,C11316,2025-08-27,Email,Mobile,4,198.1,False,False
S1011969,C11353,2026-06-26,Email,Desktop,6,265.8,True,False
S1011970,C11802,2026-04-05,Google Ads,Mobile,4,97.6,False,False
S1011971,C11573,2026-01-27,Facebook,Mobile,11,77.0,True,False
S1011972,,2025-12-15,Instagram,Desktop,6,220.7,True,True
S1011973,C11456,2025-10-02,Facebook,Mobile,4,69.0,False,False
S1011974,C10773,2025-10-04,Google Ads,Desktop,5,267.2,False,False
S1011975,C11519,2026-04-06,Organic,Mobile,3,334.5,False,False
S1011976,C11149,2025-09-26,Email,Mobile,2,215.5,False,False
S1011977,C11852,2026-08-06,Email,Mobile,6,78.8,False,False
S1011978,C11697,2026-04-22,Google Ads,Desktop,6,121.3,True,True
S1011979,C11934,2026-04-01,Instagram,Desktop,7,180.8,False,False
S1011980,C10634,2026-06-11,Facebook,Mobile,5,146.2,False,False
S1011981,C11290,2026-07-28,Organic,Mobile,3,114.6,False,False
S1011982,C11056,2025-12-26,Facebook,Tablet,3,362.3,False,False
S1011983,,2025-09-25,Google Ads,Mobile,6,190.7,False,False
S1011984,C11379,2026-03-11,Email,Mobile,6,455.9,False,False
S1011985,,2026-01-06,Facebook,Mobile,3,120.6,False,False
S1011986,C11932,2026-02-17,Facebook,Mobile,7,137.7,False,False
S1011987,C11528,2025-09-23,Instagram,Mobile,4,130.0,True,False
S1011988,C11161,2025-08-30,Facebook,Desktop,3,96.2,False,False
S1011989,C11595,2025-09-20,Email,Mobile,6,330.3,False,False
S1011990,C10145,2025-08-27,Google Ads,Mobile,8,208.6,False,False
S1011991,,2026-03-12,Email,Mobile,3,63.6,True,False
S1011992,C10789,2026-02-04,Affiliate,Mobile,7,321.7,True,False
S1011993,C11161,2026-04-19,Organic,Desktop,5,283.1,False,False
S1011994,C10938,2026-02-18,Organic,Desktop,3,32.9,False,False
S1011995,C11383,2026-08-15,Organic,Desktop,3,85.1,False,False
S1011996,C10870,2025-12-06,Email,Mobile,7,91.2,False,False
S1011997,,2026-01-23,Facebook,Desktop,9,52.8,False,False
S1011998,C10608,2026-03-26,Organic,Desktop,10,8.9,False,False
S1011999,C10761,2026-07-13,Organic,Mobile,2,218.3,False,False
S1012000,,2026-02-01,Email,Mobile,4,190.9,False,False
S1012001,C11861,2025-11-03,Organic,Mobile,4,128.4,True,False
S1012002,C10988,2026-04-26,Google Ads,Desktop,7,74.5,False,False
S1012003,C11651,2025-12-15,Email,Mobile,6,197.8,False,False
S1012004,C11849,2026-07-10,Facebook,Mobile,4,165.8,True,False
S1012005,,2026-01-09,Affiliate,Mobile,4,191.9,False,False
S1012006,C10394,2026-01-28,Email,Mobile,6,180.0,False,False
S1012007,C10973,2025-12-09,Instagram,Desktop,6,181.9,False,False
S1012008,C11160,2026-04-19,Instagram,Mobile,5,31.1,False,False
S1012009,C10579,2026-05-19,Email,Tablet,7,167.8,False,False
S1012010,C11473,2025-12-19,Google Ads,Mobile,3,150.9,False,False
S1012011,C11025,2025-08-26,Facebook,Mobile,4,450.5,False,False
S1012012,,2026-01-24,Google Ads,Mobile,5,223.7,False,False
S1012013,C11678,2026-08-04,Facebook,Tablet,3,183.0,False,False
S1012014,C10536,2025-12-06,Organic,Mobile,6,62.2,False,False
S1012015,C11523,2026-08-04,Affiliate,Mobile,4,586.7,False,False
S1012016,C11993,2026-05-15,Facebook,Desktop,8,51.5,False,False
S1012017,C10431,2025-12-28,Google Ads,Mobile,3,138.7,False,False
S1012018,C10007,2026-02-01,Email,Mobile,2,33.4,False,False
S1012019,C10899,2026-04-15,Email,Mobile,2,400.7,False,False
S1012020,C11637,2025-10-18,Email,Mobile,5,69.2,True,True
S1012021,C10031,2026-04-02,Organic,Tablet,3,136.2,False,False
S1012022,,2026-02-21,Affiliate,Tablet,9,154.4,True,False
S1012023,C11206,2025-12-27,Email,Mobile,4,272.8,True,False
S1012024,C11592,2025-11-26,Affiliate,Desktop,8,296.9,False,False
S1012025,C10816,2026-02-13,Email,Mobile,2,203.1,False,False
S1012026,C11049,2026-04-19,Facebook,Mobile,4,209.6,False,False
S1012027,C11668,2026-07-19,Email,Mobile,4,79.6,False,False
S1012028,,2026-04-12,Affiliate,Desktop,3,181.8,False,False
S1012029,C11706,2026-06-03,Email,Mobile,11,212.8,False,False
S1012030,C11488,2025-08-28,Google Ads,Mobile,5,186.2,False,False
S1012031,C11403,2026-02-12,Email,Mobile,8,75.3,False,False
S1012032,C11518,2025-11-13,Instagram,Desktop,3,113.3,False,False
S1012033,C10602,2026-01-24,Email,Mobile,5,87.8,False,False
S1012034,C11008,2025-10-27,Instagram,Desktop,4,342.5,False,False
S1012035,C10007,2026-07-22,Email,Tablet,4,35.3,False,False
S1012036,C10585,2026-03-16,Facebook,Mobile,6,73.7,True,True
S1012037,C10255,2026-05-23,Google Ads,Mobile,9,167.3,True,False
S1012038,C11580,2026-04-06,Google Ads,Mobile,12,51.1,False,False
S1012039,C11293,2026-07-05,Instagram,Mobile,7,303.9,False,False
S1012040,C10491,2025-11-03,Instagram,Mobile,5,294.5,False,False
S1012041,C11701,2026-01-14,Affiliate,Desktop,7,173.9,True,False
S1012042,C10097,2026-08-04,Organic,Mobile,2,68.2,False,False
S1012043,C10856,2026-05-21,Organic,Desktop,3,172.4,False,False
S1012044,,2026-01-20,Affiliate,Desktop,4,77.1,True,False
S1012045,C11975,2025-09-01,Facebook,Mobile,6,105.2,False,False
S1012046,C11036,2025-09-01,Email,Mobile,6,180.2,True,False
S1012047,C11362,2026-02-04,Facebook,Mobile,6,62.0,False,False
S1012048,C11461,2025-09-15,Instagram,Desktop,3,273.5,False,False
S1012049,C10763,2025-10-02,Organic,Mobile,6,172.7,False,False
S1012050,,2026-07-07,Facebook,Mobile,3,178.1,True,False
S1012051,C11774,2026-05-15,Email,Mobile,5,338.3,False,False
S1012052,C10244,2025-12-20,Facebook,Mobile,6,60.3,False,False
S1012053,C11610,2025-11-20,Instagram,Mobile,2,100.2,False,False
S1012054,,2026-05-20,Affiliate,Mobile,2,184.5,True,False
S1012055,C11824,2026-04-05,Google Ads,Desktop,1,6.7,False,False
S1012056,C11864,2025-12-11,Facebook,Mobile,5,124.9,False,False
S1012057,C11913,2026-02-13,Email,Mobile,4,100.1,False,False
S1012058,C10354,2026-05-08,Google Ads,Mobile,3,212.7,False,False
S1012059,C11138,2026-05-29,Email,Mobile,4,113.3,True,False
S1012060,,2026-01-31,Instagram,Mobile,3,25.6,False,False
S1012061,C10640,2026-07-25,Instagram,Desktop,5,158.0,True,False
S1012062,C11299,2026-07-24,Google Ads,Mobile,3,287.5,True,False
S1012063,C10185,2026-01-23,Organic,Mobile,3,167.1,False,False
S1012064,C11448,2026-02-16,Instagram,Mobile,1,329.1,False,False
S1012065,C10835,2026-01-03,Organic,Mobile,6,75.3,False,False
S1012066,C10615,2025-10-06,Instagram,Desktop,7,89.4,False,False
S1012067,,2025-08-21,Google Ads,Mobile,14,89.9,False,False
S1012068,C10423,2025-11-05,Organic,Mobile,4,577.3,False,False
S1012069,C11203,2025-10-03,Google Ads,Desktop,5,215.8,False,False
S1012070,C11547,2025-11-25,Instagram,Mobile,8,194.3,False,False
S1012071,C10715,2026-04-11,Email,Mobile,1,441.4,False,False
S1012072,C10049,2026-04-08,Email,Mobile,7,283.8,False,False
S1012073,C10477,2026-06-06,Facebook,Desktop,2,164.7,False,False
S1012074,C11043,2025-12-12,Instagram,Mobile,6,90.8,False,False
S1012075,C10915,2026-07-15,Organic,Mobile,3,160.4,False,False
S1012076,C10667,2025-10-13,Google Ads,Desktop,2,130.2,False,False
S1012077,C11736,2026-04-15,Email,Mobile,4,380.0,True,False
S1012078,C11161,2025-08-28,Google Ads,Mobile,4,309.9,True,False
S1012079,C10815,2025-10-26,Instagram,Mobile,8,189.8,False,False
S1012080,,2025-09-28,Instagram,Mobile,3,189.5,False,False
S1012081,,2025-11-04,Facebook,Desktop,3,79.5,False,False
S1012082,C11597,2025-08-29,Email,Mobile,2,318.8,False,False
S1012083,C11281,2026-03-24,Google Ads,Desktop,5,89.6,True,False
S1012084,C10543,2025-09-21,Google Ads,Desktop,4,354.0,False,False
S1012085,C10307,2026-08-08,Instagram,Desktop,6,119.1,False,False
S1012086,C11122,2026-03-01,Organic,Mobile,6,232.4,True,True
S1012087,C11196,2026-04-17,Google Ads,Desktop,3,40.3,False,False
S1012088,,2026-05-13,Google Ads,Desktop,4,30.8,False,False
S1012089,,2025-11-11,Email,Desktop,5,26.9,False,False
S1012090,C10403,2026-06-06,Organic,Desktop,5,167.2,False,False
S1012091,,2025-11-25,Google Ads,Mobile,3,70.9,False,False
S1012092,C10081,2026-03-28,Organic,Mobile,3,54.4,False,False
S1012093,C10428,2025-11-08,Email,Mobile,4,151.0,False,False
S1012094,,2026-04-23,Instagram,Desktop,6,218.1,True,True
S1012095,C10746,2026-03-11,Google Ads,Desktop,6,552.5,False,False
S1012096,,2026-04-12,Google Ads,Mobile,10,128.7,False,False
S1012097,C10101,2026-04-13,Google Ads,Mobile,5,165.6,False,False
S1012098,C11194,2025-10-03,Google Ads,Mobile,11,65.1,False,False
S1012099,C11569,2026-01-22,Organic,Desktop,3,48.6,False,False
S1012100,C10574,2025-12-28,Organic,Mobile,7,317.1,False,False
S1012101,C11058,2025-10-05,Instagram,Mobile,6,23.0,False,False
S1012102,C10053,2026-07-16,Affiliate,Mobile,6,184.5,False,False
S1012103,C11180,2026-07-20,Affiliate,Desktop,9,178.9,True,False
S1012104,C10743,2025-10-08,Google Ads,Mobile,4,44.1,False,False
S1012105,C10785,2025-10-16,Organic,Mobile,4,37.0,False,False
S1012106,,2025-10-13,Email,Tablet,6,108.7,False,False
S1012107,C11350,2025-11-23,Instagram,Tablet,3,23.6,False,False
S1012108,C10801,2025-11-08,Google Ads,Mobile,5,86.6,False,False
S1012109,C10451,2026-06-10,Google Ads,Mobile,5,94.0,True,True
S1012110,C10740,2026-05-15,Facebook,Desktop,5,131.6,False,False
S1012111,C10228,2026-05-19,Organic,Desktop,7,232.2,False,False
S1012112,C11245,2026-03-19,Google Ads,Mobile,3,17.5,False,False
S1012113,C11176,2026-05-17,Affiliate,Mobile,4,126.2,False,False
S1012114,C11576,2026-05-11,Affiliate,Desktop,4,135.6,False,False
S1012115,C10006,2025-10-24,Organic,Mobile,2,19.7,False,False
S1012116,C11784,2025-11-27,Instagram,Mobile,4,144.5,False,False
S1012117,C11050,2026-01-05,Google Ads,Tablet,7,205.8,False,False
S1012118,,2026-06-15,Email,Mobile,4,93.8,True,False
S1012119,C10746,2025-10-23,Google Ads,Mobile,4,425.7,False,False
S1012120,,2026-02-27,Google Ads,Mobile,7,259.1,True,False
S1012121,,2026-06-17,Google Ads,Desktop,4,86.9,False,False
S1012122,C10895,2026-02-10,Google Ads,Desktop,3,23.0,False,False
S1012123,C10175,2025-09-11,Google Ads,Mobile,4,51.2,False,False
S1012124,C11944,2026-05-04,Organic,Mobile,6,221.7,False,False
S1012125,C10468,2026-06-20,Organic,Desktop,3,226.8,False,False
S1012126,C11158,2026-07-23,Google Ads,Desktop,5,144.6,False,False
S1012127,C10741,2025-10-14,Google Ads,Desktop,3,151.5,False,False
S1012128,,2026-02-22,Instagram,Mobile,5,104.6,False,False
S1012129,C11458,2025-10-02,Affiliate,Desktop,3,40.0,False,False
S1012130,C11474,2026-08-07,Google Ads,Mobile,5,81.1,False,False
S1012131,C10726,2026-08-07,Email,Desktop,10,175.5,False,False
S1012132,C11580,2026-08-14,Instagram,Tablet,6,148.6,True,False
S1012133,C11866,2026-01-13,Email,Mobile,2,176.1,False,False
S1012134,C10213,2026-04-15,Instagram,Mobile,6,440.7,False,False
S1012135,C11017,2026-01-20,Google Ads,Desktop,7,142.3,False,False
S1012136,C11128,2026-02-25,Google Ads,Desktop,4,23.7,False,False
S1012137,,2025-09-02,Facebook,Mobile,8,146.0,False,False
S1012138,C11333,2025-12-23,Google Ads,Mobile,7,122.9,False,False
S1012139,C11122,2026-08-18,Google Ads,Desktop,3,184.4,False,False
S1012140,C10820,2025-08-28,Google Ads,Mobile,3,254.3,False,False
S1012141,,2026-03-22,Facebook,Mobile,3,163.1,False,False
S1012142,,2026-01-09,Facebook,Desktop,6,48.5,False,False
S1012143,C11319,2025-10-05,Organic,Tablet,4,436.9,False,False
S1012144,C11826,2025-10-28,Email,Desktop,5,325.7,False,False
S1012145,C11799,2026-04-28,Instagram,Tablet,9,156.0,False,False
S1012146,C10333,2025-12-02,Google Ads,Mobile,3,221.4,False,False
S1012147,C10283,2026-01-28,Instagram,,1,114.5,False,False
S1012148,,2026-05-03,Google Ads,Tablet,4,77.5,False,False
S1012149,C11140,2025-11-28,Affiliate,Mobile,3,131.7,False,False
S1012150,C11529,2026-04-11,Google Ads,Mobile,5,122.1,True,False
S1012151,C10214,2026-04-29,Instagram,Tablet,3,110.0,False,False
S1012152,C11913,2026-05-22,Facebook,Mobile,1,11.6,False,False
S1012153,C11666,2025-10-04,Facebook,Mobile,10,269.6,True,False
S1012154,C11252,2026-02-01,Google Ads,Mobile,6,157.4,False,False
S1012155,C10580,2026-03-29,Email,Mobile,7,46.2,False,False
S1012156,C10640,2026-08-20,Google Ads,Mobile,11,54.0,False,False
S1012157,C10008,2026-02-15,Instagram,Mobile,7,16.9,False,False
S1012158,C11368,2025-10-03,Affiliate,Mobile,7,120.9,False,False
S1012159,,2026-06-25,Instagram,Desktop,4,443.6,False,False
S1012160,C10445,2026-08-17,Google Ads,Mobile,8,175.3,False,False
S1012161,C10263,2026-03-11,Instagram,Desktop,6,85.3,False,False
S1012162,C11358,2025-09-30,Facebook,Mobile,5,82.5,True,True
S1012163,C11489,2025-09-07,Instagram,Mobile,6,273.8,True,False
S1012164,,2025-09-24,Email,Mobile,6,169.4,True,True
S1012165,C10011,2026-01-17,Affiliate,Desktop,7,242.6,False,False
S1012166,C11237,2026-07-10,Facebook,Mobile,5,93.9,False,False
S1012167,C11658,2025-10-30,Instagram,Mobile,9,67.3,False,False
S1012168,,2025-11-28,Facebook,Mobile,6,272.3,False,False
S1012169,,2026-08-04,Instagram,Mobile,3,59.5,False,False
S1012170,C11867,2026-06-13,Facebook,Mobile,9,163.0,False,False
S1012171,C11622,2025-12-23,Affiliate,Mobile,6,129.7,False,False
S1012172,C10879,2025-12-03,Organic,Mobile,3,210.2,False,False
S1012173,,2026-04-30,Instagram,Desktop,2,239.0,False,False
S1012174,,2026-04-11,Facebook,Tablet,6,159.7,False,False
S1012175,C10531,2025-11-12,Email,Mobile,3,148.8,False,False
S1012176,C11897,2026-07-01,Facebook,Mobile,3,54.7,False,False
S1012177,,2026-06-24,Instagram,Tablet,4,231.8,True,True
S1012178,C10880,2025-11-05,Google Ads,Mobile,2,344.7,False,False
S1012179,C11063,2026-03-10,Organic,Desktop,5,7.4,False,False
S1012180,C11390,2025-12-23,Instagram,Mobile,4,241.9,False,False
S1012181,C10871,2026-06-18,Facebook,Desktop,4,93.5,False,False
S1012182,,2026-07-12,Organic,Mobile,8,242.8,True,False
S1012183,,2026-05-19,Google Ads,Mobile,3,78.1,False,False
S1012184,C11484,2026-04-29,Facebook,Mobile,4,151.5,True,False
S1012185,C10009,2026-05-04,Email,Mobile,5,196.1,True,False
S1012186,,2026-03-03,Google Ads,Tablet,6,256.6,True,True
S1012187,,2025-10-11,Email,Mobile,5,125.2,False,False
S1012188,C10363,2026-08-16,Email,Mobile,5,210.1,True,True
S1012189,C11441,2025-12-15,Affiliate,Mobile,4,152.7,False,False
S1012190,C10296,2025-08-21,Google Ads,Mobile,6,128.8,False,False
S1012191,C10531,2026-08-20,Facebook,Mobile,2,78.7,False,False
S1012192,C10102,2026-07-09,Affiliate,Mobile,8,180.0,True,False
S1012193,,2026-03-12,Affiliate,Mobile,8,167.0,False,False
S1012194,C11733,2026-05-11,Organic,Mobile,4,130.6,True,False
S1012195,C10646,2026-03-26,Google Ads,Mobile,7,606.8,False,False
S1012196,,2025-10-25,Email,Mobile,5,337.7,False,False
S1012197,C10982,2026-01-12,Email,Tablet,8,302.4,False,False
S1012198,C10279,2026-03-09,Organic,Desktop,2,165.5,False,False
S1012199,C11172,2025-10-05,Organic,Mobile,5,108.4,True,False
S1012200,C11050,2025-09-02,Organic,Mobile,6,23.3,False,False
S1012201,,2026-05-18,Affiliate,Desktop,4,157.7,False,False
S1012202,,2025-11-12,Affiliate,Mobile,8,177.7,True,False
S1012203,C10434,2026-02-12,Google Ads,Desktop,6,13.3,True,False
S1012204,C10476,2026-07-13,Google Ads,Mobile,4,11.8,False,False
S1012205,C10101,2026-05-13,Email,Desktop,6,82.3,True,False
S1012206,C10959,2026-03-09,Facebook,Mobile,3,6.3,False,False
S1012207,C10478,2025-12-03,Facebook,Mobile,4,120.4,False,False
S1012208,C11005,2026-04-09,Google Ads,Mobile,4,196.6,True,False
S1012209,C11836,2026-07-23,Instagram,Mobile,4,260.7,False,False
S1012210,C10602,2025-11-16,Instagram,Mobile,5,93.1,True,True
S1012211,C11825,2026-03-12,Organic,Desktop,5,68.8,False,False
S1012212,C10757,2025-10-16,Organic,Mobile,4,67.3,False,False
S1012213,C11382,2026-02-08,Google Ads,Mobile,3,41.2,False,False
S1012214,C11938,2025-12-14,Instagram,Desktop,5,264.0,False,False
S1012215,C10288,2026-05-14,Email,Mobile,3,67.1,False,False
S1012216,,2025-10-27,Organic,Tablet,10,108.1,False,False
S1012217,,2025-09-15,Google Ads,Mobile,6,177.6,False,False
S1012218,C11277,2026-01-03,Affiliate,Tablet,6,811.6,False,False
S1012219,,2026-05-22,Instagram,Mobile,5,59.5,True,True
S1012220,,2025-12-04,Google Ads,Desktop,6,391.9,False,False
S1012221,C10226,2026-02-08,Instagram,Mobile,3,97.2,False,False
S1012222,,2025-08-30,Google Ads,Mobile,6,236.5,True,False
S1012223,C11706,2026-01-21,Organic,Desktop,2,61.0,False,False
S1012224,C10509,2026-06-09,Facebook,Desktop,5,177.4,False,False
S1012225,C11257,2026-01-02,Email,Desktop,5,137.1,False,False
S1012226,C10044,2026-04-30,Affiliate,Mobile,3,182.5,False,False
S1012227,C11234,2026-01-03,Email,Mobile,2,278.6,False,False
S1012228,C11068,2026-07-03,Email,Mobile,2,140.3,False,False
S1012229,,2026-03-13,Instagram,Mobile,7,285.6,False,False
S1012230,C11156,2026-03-04,Organic,Desktop,6,153.1,True,False
S1012231,C11108,2025-08-24,Organic,Mobile,4,187.0,False,False
S1012232,C11005,2026-06-07,Google Ads,Mobile,7,168.7,True,False
S1012233,C11925,2025-08-22,Organic,Desktop,5,231.6,True,False
S1012234,C11658,2026-06-09,Organic,Desktop,5,262.6,False,False
S1012235,C11413,2026-05-10,Affiliate,Mobile,6,165.2,False,False
S1012236,C11272,2025-12-31,Organic,Mobile,5,65.0,True,False
S1012237,,2026-02-28,Organic,Desktop,6,131.3,True,True
S1012238,C10168,2026-01-14,Affiliate,Mobile,5,60.8,False,False
S1012239,C11376,2025-08-29,Organic,Mobile,7,155.2,True,False
S1012240,,2026-07-08,Google Ads,Tablet,4,57.2,False,False
S1012241,C11230,2025-08-31,Affiliate,Desktop,6,401.8,False,False
S1012242,C11444,2026-08-04,Affiliate,Mobile,7,244.0,False,False
S1012243,C10751,2026-08-14,Google Ads,Mobile,3,208.9,False,False
S1012244,C10457,2026-03-28,Organic,Desktop,2,54.6,False,False
S1012245,C10235,2026-06-06,Email,Mobile,6,75.7,False,False
S1012246,C10414,2026-02-13,Instagram,Tablet,9,179.3,False,False
S1012247,C11543,2026-05-06,Email,Mobile,3,211.4,False,False
S1012248,C11092,2026-07-21,Organic,Tablet,8,51.1,True,False
S1012249,C11323,2025-12-12,Organic,Mobile,5,272.7,False,False
S1012250,C11676,2026-04-08,Organic,Tablet,6,51.3,True,False
S1012251,C11330,2026-04-09,Instagram,Mobile,4,145.2,True,False
S1012252,C10955,2025-09-15,Google Ads,Mobile,2,169.8,False,False
S1012253,,2025-08-28,Instagram,Mobile,5,199.9,False,False
S1012254,C11847,2025-12-18,Organic,Mobile,4,172.1,False,False
S1012255,C11844,2025-12-16,Email,Desktop,6,259.5,True,False
S1012256,,2026-06-04,Email,Mobile,5,24.8,True,False
S1012257,C10526,2026-02-20,Email,Desktop,3,501.1,False,False
S1012258,C11278,2026-06-14,Google Ads,Desktop,4,194.2,True,False
S1012259,,2026-04-25,Instagram,Mobile,6,132.1,False,False
S1012260,C10241,2026-04-04,Facebook,Mobile,3,206.9,False,False
S1012261,C11340,2026-05-05,Instagram,Mobile,2,106.9,False,False
S1012262,C10246,2026-03-09,Instagram,Mobile,5,131.8,False,False
S1012263,C11616,2026-04-01,Facebook,Mobile,4,70.5,False,False
S1012264,C11566,2026-03-16,Affiliate,Desktop,2,63.0,False,False
S1012265,,2025-10-07,Email,Mobile,8,118.9,False,False
S1012266,C10240,2026-06-05,Organic,Mobile,6,208.0,False,False
S1012267,C10840,2025-12-23,Instagram,Mobile,6,128.3,True,True
S1012268,C10561,2025-11-14,Organic,Mobile,10,70.8,True,False
S1012269,C10788,2025-09-27,Instagram,Mobile,4,239.7,False,False
S1012270,C11884,2026-08-01,Email,Desktop,6,190.4,False,False
S1012271,C10165,2026-05-16,Email,Mobile,4,402.2,True,False
S1012272,,2026-06-12,Email,Mobile,6,103.1,False,False
S1012273,C11187,2025-12-31,Facebook,Desktop,4,24.0,False,False
S1012274,C10677,2025-10-25,Organic,Mobile,6,346.7,False,False
S1012275,C10922,2025-10-15,Email,Mobile,4,119.1,True,False
S1012276,C11787,2026-02-18,Instagram,Mobile,7,140.9,False,False
S1012277,,2025-09-16,Organic,Mobile,9,74.6,False,False
S1012278,,2026-01-31,Email,Mobile,2,88.8,False,False
S1012279,C10752,2026-07-12,Email,Mobile,3,164.1,False,False
S1012280,C11957,2025-10-03,Email,Mobile,5,165.3,False,False
S1012281,C10581,2026-05-16,Email,Mobile,5,169.7,False,False
S1012282,C10096,2025-12-09,Email,Mobile,6,262.2,True,False
S1012283,C11958,2026-01-04,Google Ads,Mobile,4,262.0,False,False
S1012284,C10821,2026-04-05,Email,Mobile,4,312.8,True,False
S1012285,,2026-01-07,Facebook,Mobile,2,319.7,False,False
S1012286,,2026-04-13,Organic,Tablet,6,135.4,False,False
S1012287,C10391,2026-03-25,Google Ads,Mobile,5,253.8,False,False
S1012288,C11965,2026-06-07,Affiliate,,4,69.0,False,False
S1012289,C10789,2025-12-28,Instagram,Desktop,5,537.5,False,False
S1012290,C11713,2026-07-24,Email,Desktop,2,91.3,False,False
S1012291,,2026-05-21,Facebook,Mobile,1,272.6,True,True
S1012292,C11155,2026-05-09,Affiliate,Mobile,11,142.1,False,False
S1012293,C11343,2025-11-22,Organic,Mobile,6,476.9,False,False
S1012294,C11057,2026-02-14,Google Ads,Mobile,3,116.9,False,False
S1012295,C10226,2025-09-16,Google Ads,Mobile,7,213.5,False,False
S1012296,,2026-07-14,Email,Mobile,3,257.1,False,False
S1012297,C10037,2025-11-23,Affiliate,Tablet,8,141.9,True,True
S1012298,,2026-01-28,Email,Desktop,3,248.4,False,False
S1012299,C10053,2026-02-24,Facebook,Mobile,5,120.7,False,False
S1012300,C11484,2026-06-11,Facebook,Mobile,8,47.0,False,False
S1012301,C10725,2026-08-04,Email,Desktop,5,191.9,True,True
S1012302,C10401,2026-05-09,Email,Mobile,6,229.7,True,True
S1012303,C10747,2026-06-02,Organic,Desktop,3,48.3,False,False
S1012304,C10789,2026-01-03,Affiliate,Mobile,8,73.8,False,False
S1012305,C11812,2026-03-03,Email,Mobile,5,106.6,False,False
S1012306,C11882,2026-02-12,Facebook,Mobile,2,161.3,True,False
S1012307,C11625,2026-07-15,Google Ads,Tablet,5,82.9,True,False
S1012308,C11060,2026-03-07,Facebook,Desktop,4,295.3,False,False
S1012309,,2025-12-23,Google Ads,Desktop,3,185.8,False,False
S1012310,C11633,2026-02-23,Email,Mobile,10,445.8,False,False
S1012311,C10770,2025-09-25,Organic,Desktop,4,102.9,True,False
S1012312,C11376,2026-04-09,Instagram,Mobile,10,134.8,False,False
S1012313,C11226,2026-06-14,Facebook,Desktop,4,123.2,True,False
S1012314,C10447,2026-03-23,Google Ads,Desktop,5,330.8,False,False
S1012315,C11076,2026-03-23,Google Ads,Desktop,5,156.1,True,False
S1012316,C10264,2026-06-15,Instagram,Desktop,4,82.5,True,False
S1012317,C10670,2026-08-16,Instagram,Mobile,6,31.9,False,False
S1012318,C10234,2026-03-19,Google Ads,Desktop,7,349.2,False,False
S1012319,C11710,2025-09-24,Email,Mobile,6,306.7,True,False
S1012320,C11511,2026-04-08,Facebook,Mobile,5,430.2,False,False
S1012321,C11808,2026-04-18,Instagram,Mobile,7,156.6,False,False
S1012322,C10061,2025-10-20,Facebook,Mobile,4,309.7,False,False
S1012323,C10545,2025-11-27,Instagram,Mobile,6,104.2,True,False
S1012324,,2026-05-19,Facebook,Desktop,5,204.2,False,False
S1012325,C11632,2026-08-17,Organic,Mobile,4,100.3,False,False
S1012326,,2025-10-19,Organic,Tablet,4,213.5,False,False
S1012327,,2025-10-13,Affiliate,Mobile,5,551.8,False,False
S1012328,C10909,2026-06-21,Organic,Mobile,3,248.7,True,False
S1012329,C10190,2026-07-29,Google Ads,Mobile,2,140.3,False,False
S1012330,C11792,2025-08-21,Instagram,Mobile,6,47.9,False,False
S1012331,C10903,2025-11-30,Email,Tablet,4,194.8,True,True
S1012332,C10723,2026-03-24,Google Ads,Mobile,7,533.8,False,False
S1012333,,2026-01-19,Instagram,Desktop,5,34.5,False,False
S1012334,C11261,2026-07-26,Google Ads,Desktop,4,110.0,True,True
S1012335,C11700,2025-11-11,Email,Mobile,4,37.6,False,False
S1012336,C11419,2026-05-13,Organic,Tablet,3,92.6,False,False
S1012337,C10686,2025-08-30,Instagram,Desktop,3,60.1,False,False
S1012338,,2026-04-26,Instagram,Mobile,3,408.4,False,False
S1012339,C10349,2025-11-24,Email,Tablet,7,76.1,False,False
S1012340,C10297,2026-03-26,Organic,Mobile,3,131.8,False,False
S1012341,,2025-10-07,Instagram,Desktop,6,117.6,True,False
S1012342,C11260,2025-10-17,Facebook,Desktop,3,46.0,False,False
S1012343,C11664,2026-03-28,Affiliate,Desktop,5,88.5,False,False
S1012344,C12000,2026-04-07,Organic,Desktop,6,198.8,True,False
S1012345,C10099,2026-04-29,Facebook,Mobile,4,27.5,False,False
S1012346,,2026-06-07,Affiliate,Mobile,5,56.5,False,False
S1012347,C11437,2025-12-12,Google Ads,Mobile,5,35.6,True,False
S1012348,C10610,2026-05-13,Google Ads,Tablet,6,155.7,False,False
S1012349,C10493,2026-08-19,Google Ads,Tablet,5,152.9,False,False
S1012350,C10657,2026-04-29,Facebook,Mobile,9,381.0,False,False
S1012351,,2025-11-28,Google Ads,Tablet,3,197.1,False,False
S1012352,C10711,2026-06-02,Affiliate,Mobile,7,168.4,False,False
S1012353,,2026-03-25,Organic,Mobile,3,184.8,False,False
S1012354,C11551,2025-10-20,Google Ads,Mobile,2,389.7,False,False
S1012355,C11128,2026-07-12,Instagram,Mobile,5,50.8,True,False
S1012356,,2025-09-13,Google Ads,Desktop,4,166.2,True,True
S1012357,C10864,2026-03-01,Affiliate,Mobile,7,94.5,False,False
S1012358,C10211,2026-03-06,Email,Tablet,15,102.6,True,False
S1012359,C10942,2025-11-07,Google Ads,Desktop,3,332.7,True,True
S1012360,,2025-10-06,Facebook,Mobile,6,34.7,False,False
S1012361,C11860,2026-02-17,Email,Mobile,2,106.2,False,False
S1012362,C10370,2026-02-01,Organic,Mobile,7,43.3,False,False
S1012363,,2026-06-11,Facebook,Desktop,6,343.1,False,False
S1012364,,2026-03-08,Facebook,Desktop,4,55.4,False,False
S1012365,,2025-09-27,Instagram,Mobile,3,210.4,False,False
S1012366,C11716,2025-11-22,Organic,Mobile,2,24.4,False,False
S1012367,C11987,2026-02-21,Facebook,Mobile,4,86.6,True,False
S1012368,C11343,2025-12-28,Affiliate,Tablet,4,391.4,False,False
S1012369,C11690,2025-12-11,Facebook,Desktop,3,179.9,False,False
S1012370,C10012,2026-01-04,Google Ads,Tablet,5,120.5,False,False
S1012371,C11989,2026-04-26,Organic,Mobile,5,355.9,False,False
S1012372,C10415,2025-10-18,Email,Desktop,7,165.0,False,False
S1012373,,2026-03-31,Email,Desktop,9,137.4,False,False
S1012374,C10106,2026-02-13,Google Ads,Desktop,2,271.1,False,False
S1012375,,2026-07-09,Email,Mobile,5,74.1,False,False
S1012376,C11700,2025-09-01,Organic,Desktop,2,18.3,False,False
S1012377,C10965,2026-08-17,Affiliate,Mobile,5,171.7,True,True
S1012378,C10929,2026-05-25,Google Ads,Tablet,5,201.0,False,False
S1012379,C11472,2025-10-18,Affiliate,Mobile,5,105.2,False,False
S1012380,C10232,2026-05-11,Affiliate,Mobile,6,272.5,True,False
S1012381,C10605,2026-08-17,Email,Mobile,7,292.2,False,False
S1012382,C11742,2025-10-27,Facebook,Tablet,4,315.6,False,False
S1012383,,2026-04-22,Organic,Mobile,6,40.5,False,False
S1012384,C10944,2026-02-25,Instagram,Desktop,4,300.2,False,False
S1012385,C11591,2026-08-20,Facebook,Mobile,5,70.1,False,False
S1012386,C11912,2026-06-26,Organic,Mobile,8,147.1,False,False
S1012387,C10590,2026-03-29,Email,Mobile,4,19.2,True,False
S1012388,C10308,2026-08-20,Organic,Desktop,9,282.4,False,False
S1012389,C11203,2026-01-05,Facebook,Mobile,5,57.0,False,False
S1012390,C11067,2026-08-03,Facebook,Mobile,8,85.0,False,False
S1012391,C10787,2026-02-17,Google Ads,Mobile,7,97.5,False,False
S1012392,C11472,2026-01-16,Google Ads,Tablet,3,589.9,False,False
S1012393,,2026-05-05,Google Ads,Mobile,7,111.3,False,False
S1012394,,2026-08-13,Organic,Desktop,3,153.4,False,False
S1012395,C11052,2026-08-02,Google Ads,Mobile,4,251.2,False,False
S1012396,,2026-01-20,Facebook,Desktop,4,285.2,True,False
S1012397,C10172,2026-03-29,Organic,Desktop,5,151.5,False,False
S1012398,C11800,2026-08-17,Organic,Mobile,5,322.7,True,True
S1012399,,2025-12-23,Instagram,Desktop,4,70.2,True,True
S1012400,C11379,2025-11-04,Google Ads,Mobile,1,148.5,False,False
S1012401,C11650,2026-06-13,Affiliate,Mobile,4,253.2,True,False
S1012402,,2026-05-02,Google Ads,Mobile,6,72.6,False,False
S1012403,C11972,2026-03-19,Organic,Mobile,7,46.8,False,False
S1012404,C10032,2026-02-19,Organic,Mobile,3,235.2,False,False
S1012405,,2026-03-05,Email,Mobile,5,211.4,True,False
S1012406,,2025-11-05,Organic,Mobile,5,113.8,False,False
S1012407,C11429,2026-02-04,Affiliate,Desktop,3,105.9,True,True
S1012408,C11808,2025-12-05,Facebook,Mobile,5,92.5,True,False
S1012409,C10796,2026-06-09,Organic,Desktop,4,15.5,True,False
S1012410,C10772,2025-09-27,Google Ads,Mobile,11,51.9,False,False
S1012411,C10925,2026-04-03,Organic,Mobile,5,230.1,False,False
S1012412,C10252,2025-09-08,Affiliate,Mobile,6,57.5,False,False
S1012413,C10625,2025-12-02,Organic,Desktop,2,352.0,False,False
S1012414,C10983,2026-03-02,Email,Mobile,4,155.6,False,False
S1012415,,2026-06-18,Organic,Mobile,3,254.8,False,False
S1012416,C10780,2025-12-24,Instagram,Desktop,5,97.0,False,False
S1012417,C11268,2026-01-07,Affiliate,Mobile,4,178.3,False,False
S1012418,C10012,2026-04-23,Google Ads,Mobile,5,129.6,False,False
S1012419,C10600,2026-03-15,Organic,Mobile,5,169.3,False,False
S1012420,C11983,2026-06-06,Organic,Mobile,7,337.0,True,True
S1012421,C10789,2026-08-10,Instagram,Tablet,3,122.5,False,False
S1012422,C11356,2026-06-18,Affiliate,Desktop,4,231.5,True,False
S1012423,C11746,2025-09-25,Organic,Mobile,9,198.1,False,False
S1012424,C10174,2026-01-19,Affiliate,Desktop,4,144.5,False,False
S1012425,C10925,2026-08-10,Email,Mobile,5,18.7,False,False
S1012426,C10135,2025-10-29,Google Ads,Mobile,2,692.2,False,False
S1012427,C11964,2025-10-15,Organic,Mobile,8,287.8,False,False
S1012428,C11541,2025-10-27,Organic,Desktop,7,753.9,False,False
S1012429,C11994,2026-02-13,Email,Desktop,2,65.5,False,False
S1012430,C10435,2026-05-07,Affiliate,Mobile,7,101.1,True,True
S1012431,,2026-03-01,Facebook,Desktop,7,46.4,False,False
S1012432,,2026-05-06,Google Ads,Desktop,3,167.2,False,False
S1012433,C11463,2026-04-20,Email,Mobile,2,241.8,False,False
S1012434,C11584,2025-10-04,Google Ads,Tablet,4,39.9,False,False
S1012435,C11710,2025-10-21,Email,Tablet,4,182.2,False,False
S1012436,C10154,2026-01-06,Google Ads,Mobile,3,168.9,False,False
S1012437,C11779,2026-02-11,Google Ads,Tablet,5,390.2,False,False
S1012438,,2026-05-12,Affiliate,Mobile,6,109.9,False,False
S1012439,C10099,2026-07-31,Organic,Mobile,4,253.0,True,False
S1012440,C11892,2026-05-26,Google Ads,Mobile,8,197.4,False,False
S1012441,,2025-12-02,Organic,Desktop,7,301.9,False,False
S1012442,C11096,2026-05-11,Affiliate,Desktop,6,40.5,False,False
S1012443,C10183,2026-03-22,Google Ads,Mobile,6,328.8,False,False
S1012444,C11224,2026-03-24,Instagram,Mobile,4,175.9,False,False
S1012445,C11297,2026-07-07,Google Ads,Mobile,4,253.4,True,False
S1012446,C11446,2026-03-13,Affiliate,Mobile,1,239.9,False,False
S1012447,C11175,2026-05-28,Organic,Desktop,4,111.3,False,False
S1012448,C10017,2025-11-27,Google Ads,Desktop,5,67.5,False,False
S1012449,C10372,2025-11-02,Instagram,Mobile,2,61.9,False,False
S1012450,C11115,2026-02-21,Organic,Mobile,2,103.0,False,False
S1012451,C11584,2026-04-01,Organic,Mobile,5,53.5,False,False
S1012452,,2026-05-23,Affiliate,Mobile,6,498.2,False,False
S1012453,,2025-10-04,Facebook,Desktop,4,148.6,True,True
S1012454,C10645,2025-12-30,Instagram,Mobile,4,77.3,False,False
S1012455,C11972,2025-12-21,Email,Mobile,3,25.1,False,False
S1012456,C11161,2026-01-04,Google Ads,Mobile,5,64.9,False,False
S1012457,,2025-09-11,Affiliate,Mobile,2,322.1,True,False
S1012458,,2026-08-06,Email,Mobile,3,584.3,False,False
S1012459,,2026-05-28,Email,Mobile,5,110.8,True,True
S1012460,C10536,2026-06-17,Email,Desktop,4,32.3,False,False
S1012461,,2026-05-04,Organic,Mobile,5,208.7,True,True
S1012462,C10157,2026-05-20,Facebook,Desktop,5,170.3,False,False
S1012463,C10544,2026-08-20,Email,Mobile,6,26.3,True,False
S1012464,,2026-08-02,Email,Mobile,6,49.2,False,False
S1012465,C10324,2025-08-29,Google Ads,Mobile,4,588.8,False,False
S1012466,C11462,2025-10-29,Instagram,Mobile,3,49.1,False,False
S1012467,,2025-12-07,Email,Mobile,2,325.6,False,False
S1012468,C10930,2026-06-30,Affiliate,Desktop,7,173.6,False,False
S1012469,C10619,2025-12-30,Facebook,Mobile,11,543.4,False,False
S1012470,C11609,2026-08-17,Email,Desktop,11,52.5,False,False
S1012471,C11621,2025-12-22,Organic,Mobile,2,271.6,True,False
S1012472,,2025-09-19,Organic,Mobile,5,61.0,False,False
S1012473,C10538,2026-08-16,Google Ads,,3,136.5,False,False
S1012474,C10950,2026-03-20,Google Ads,Desktop,6,143.7,False,False
S1012475,C10191,2026-04-12,Instagram,Mobile,9,177.1,False,False
S1012476,,2025-08-22,Google Ads,Mobile,4,130.4,False,False
S1012477,C10416,2026-08-14,Affiliate,Mobile,9,297.1,False,False
S1012478,C10480,2026-06-28,Organic,Mobile,8,157.6,False,False
S1012479,C10826,2026-05-04,Affiliate,Desktop,8,23.0,False,False
S1012480,C10237,2025-12-08,Organic,Mobile,6,56.7,True,True
S1012481,C11502,2026-07-22,Email,Mobile,4,329.8,True,False
S1012482,C10752,2026-05-10,Affiliate,Tablet,4,240.9,False,False
S1012483,C11886,2026-03-25,Google Ads,Mobile,1,172.8,False,False
S1012484,C11170,2026-01-19,Affiliate,Desktop,2,277.7,False,False
S1012485,,2025-09-21,Facebook,Desktop,2,174.1,False,False
S1012486,C10022,2025-11-13,Organic,Desktop,7,291.0,True,False
S1012487,C10904,2026-06-16,Email,Desktop,7,69.7,False,False
S1012488,C10124,2025-10-14,Organic,Tablet,7,378.0,False,False
S1012489,C10944,2026-08-21,Email,Mobile,1,434.1,False,False
S1012490,C11253,2026-05-14,Email,Mobile,5,180.0,False,False
S1012491,C10820,2025-08-22,Email,Mobile,3,76.3,False,False
S1012492,C11464,2025-09-10,Facebook,Tablet,6,95.6,True,False
S1012493,C11941,2026-06-15,Google Ads,Mobile,3,79.7,False,False
S1012494,C11228,2025-10-19,Google Ads,Desktop,4,65.2,False,False
S1012495,,2026-08-21,Email,Tablet,3,163.2,False,False
S1012496,,2026-01-09,Facebook,Mobile,6,286.2,True,False
S1012497,C11915,2025-08-23,Email,Desktop,5,72.6,False,False
S1012498,C11045,2026-07-07,Organic,Mobile,4,296.4,False,False
S1012499,C11881,2025-10-17,Affiliate,Mobile,8,153.2,True,True
S1012500,C10484,2025-09-15,Email,Mobile,4,116.3,False,False
S1012501,C11308,2026-03-19,Organic,Mobile,6,30.2,True,True
S1012502,,2025-10-29,Instagram,Mobile,3,175.7,False,False
S1012503,,2025-10-19,Google Ads,Mobile,4,399.4,False,False
S1012504,C10178,2025-12-26,Instagram,Mobile,6,143.7,True,False
S1012505,,2025-12-09,Organic,Mobile,5,139.8,False,False
S1012506,C11577,2026-04-17,Organic,Mobile,5,440.0,True,False
S1012507,C10147,2026-06-15,Facebook,Tablet,6,65.1,False,False
S1012508,C11544,2026-02-06,Instagram,Mobile,6,387.0,False,False
S1012509,C10947,2026-08-04,Organic,Mobile,4,329.7,False,False
S1012510,C10472,2026-06-17,Affiliate,Desktop,5,124.1,False,False
S1012511,C11963,2026-03-11,Organic,Mobile,2,85.3,False,False
S1012512,,2025-12-17,Instagram,Desktop,6,45.0,False,False
S1012513,C10719,2026-03-21,Google Ads,Desktop,4,48.7,True,False
S1012514,,2026-07-06,Instagram,Mobile,2,429.5,False,False
S1012515,C10703,2026-07-04,Google Ads,Mobile,4,192.1,False,False
S1012516,,2026-05-16,Instagram,Mobile,5,173.7,False,False
S1012517,,2026-05-05,Google Ads,Mobile,6,108.2,False,False
S1012518,C10659,2025-08-28,Instagram,Mobile,7,493.8,False,False
S1012519,,2026-05-06,Google Ads,Mobile,3,117.8,False,False
S1012520,,2025-12-24,Google Ads,Mobile,6,130.9,True,False
S1012521,,2026-07-04,Email,Desktop,3,232.7,False,False
S1012522,C11068,2025-09-03,Email,Mobile,6,155.5,True,False
S1012523,C11147,2025-10-05,Google Ads,Mobile,3,39.2,False,False
S1012524,C11991,2026-08-20,Google Ads,Mobile,7,79.9,False,False
S1012525,,2025-09-21,Email,Mobile,5,28.7,False,False
S1012526,,2026-01-18,Email,Mobile,3,238.4,True,False
S1012527,C10480,2025-11-03,Google Ads,Mobile,3,163.1,False,False
S1012528,C10312,2026-03-17,Email,Mobile,7,273.2,False,False
S1012529,,2025-12-12,Affiliate,Mobile,5,244.0,True,True
S1012530,C11955,2025-10-30,Organic,Desktop,6,272.3,False,False
S1012531,C11658,2026-01-24,Facebook,Mobile,5,12.3,False,False
S1012532,,2025-09-02,Affiliate,Mobile,5,136.3,True,False
S1012533,,2026-03-26,Organic,Desktop,3,68.2,False,False
S1012534,C11393,2025-10-17,Facebook,Mobile,3,218.6,False,False
S1012535,C11427,2025-11-19,Facebook,,7,185.2,False,False
S1012536,,2025-12-15,Instagram,Mobile,6,321.1,False,False
S1012537,C10593,2025-10-24,Google Ads,Tablet,6,141.8,False,False
S1012538,,2026-08-10,Email,Mobile,5,183.2,False,False
S1012539,C11359,2025-12-27,Facebook,Mobile,4,109.1,False,False
S1012540,C11415,2025-09-16,Organic,Mobile,5,380.9,False,False
S1012541,C10839,2026-05-04,Google Ads,Desktop,4,44.0,False,False
S1012542,C11225,2025-09-15,Instagram,Mobile,2,459.5,False,False
S1012543,C10237,2026-01-19,Google Ads,Mobile,4,150.3,True,False
S1012544,C10681,2025-08-21,Organic,Mobile,4,138.4,False,False
S1012545,,2025-10-23,Google Ads,Mobile,5,126.9,False,False
S1012546,C11403,2026-06-26,Organic,Mobile,5,201.5,True,True
S1012547,C10530,2026-06-09,Instagram,Mobile,4,162.5,False,False
S1012548,C10953,2026-06-04,Google Ads,Mobile,4,241.9,False,False
S1012549,C10673,2025-10-16,Organic,Mobile,2,70.7,False,False
S1012550,C10047,2026-01-22,Google Ads,Mobile,4,65.9,True,False
S1012551,C11055,2026-06-09,Google Ads,Mobile,8,87.3,False,False
S1012552,C11269,2025-08-31,Affiliate,Desktop,13,77.6,False,False
S1012553,C10677,2025-11-11,Organic,Desktop,5,354.2,False,False
S1012554,C11012,2026-01-30,Google Ads,Desktop,7,408.7,False,False
S1012555,,2026-06-09,Instagram,Mobile,4,90.8,False,False
S1012556,C10466,2026-02-07,Google Ads,Mobile,5,116.0,False,False
S1012557,,2025-08-30,Organic,Desktop,4,107.0,True,True
S1012558,,2025-10-23,Email,Desktop,6,74.4,True,False
S1012559,C11817,2026-05-11,Email,Mobile,6,156.1,True,False
S1012560,C11693,2025-10-02,Instagram,Mobile,5,239.2,False,False
S1012561,,2026-05-22,Instagram,Tablet,6,208.0,False,False
S1012562,,2026-04-13,Instagram,Mobile,7,290.6,True,False
S1012563,C10723,2026-01-31,Organic,Desktop,4,151.3,False,False
S1012564,C11490,2026-02-14,Instagram,Mobile,7,93.0,False,False
S1012565,C10305,2026-05-29,Organic,Mobile,4,154.6,False,False
S1012566,C11601,2025-09-04,Email,Mobile,4,172.0,True,False
S1012567,C11950,2026-03-02,Email,Desktop,5,178.3,True,False
S1012568,C11693,2026-08-08,Facebook,Tablet,7,82.1,True,True
S1012569,,2026-02-07,Affiliate,Desktop,5,182.3,True,False
S1012570,,2026-07-21,Organic,Mobile,9,247.4,True,False
S1012571,C11083,2026-01-16,Google Ads,Mobile,4,205.8,False,False
S1012572,C11296,2025-12-24,Email,Tablet,4,387.7,False,False
S1012573,C11822,2025-11-17,Organic,Mobile,4,356.3,False,False
S1012574,C10706,2026-04-20,Instagram,Mobile,3,107.2,True,False
S1012575,,2026-05-29,Google Ads,Mobile,5,201.7,True,True
S1012576,,2026-01-18,Email,Desktop,4,163.4,False,False
S1012577,C10871,2026-02-25,Google Ads,Mobile,3,176.9,False,False
S1012578,C11939,2025-09-28,Affiliate,Mobile,6,57.9,True,False
S1012579,C11613,2026-02-12,Organic,Mobile,3,118.9,False,False
S1012580,C10912,2026-07-25,Google Ads,Desktop,7,179.2,True,False
S1012581,C11018,2026-02-22,Organic,Desktop,8,116.9,True,False
S1012582,,2025-09-21,Organic,Mobile,3,164.9,False,False
S1012583,C11350,2025-12-11,Organic,Desktop,8,49.9,True,False
S1012584,,2026-06-13,Instagram,Mobile,6,141.7,False,False
S1012585,C11271,2026-02-16,Instagram,Desktop,3,190.2,False,False
S1012586,C11816,2025-08-28,Organic,Mobile,3,547.2,False,False
S1012587,C10465,2026-03-27,Email,Mobile,4,55.9,False,False
S1012588,C11504,2026-06-20,Email,Desktop,8,183.6,False,False
S1012589,C10097,2025-10-24,Organic,Mobile,5,425.4,True,False
S1012590,,2026-04-30,Email,Tablet,7,202.9,False,False
S1012591,C11582,2026-07-17,Email,Desktop,5,207.5,False,False
S1012592,C11771,2025-11-29,Instagram,Desktop,7,335.7,False,False
S1012593,C10607,2026-05-21,Email,Mobile,3,62.8,False,False
S1012594,C10579,2026-01-21,Email,Mobile,2,224.9,False,False
S1012595,C11573,2025-12-15,Instagram,,2,93.9,False,False
S1012596,C10534,2025-10-19,Google Ads,Mobile,4,305.3,False,False
S1012597,C11551,2026-07-29,Organic,Mobile,4,313.6,False,False
S1012598,,2025-09-24,Facebook,Mobile,2,11.5,False,False
S1012599,,2026-02-28,Instagram,Desktop,6,299.8,True,False
S1012600,C10663,2025-10-15,Email,Mobile,4,189.7,True,False
S1012601,,2026-03-11,Email,Mobile,7,213.2,True,False
S1012602,C11212,2025-10-15,Google Ads,Desktop,5,114.8,False,False
S1012603,C10935,2025-12-28,Email,Mobile,2,260.2,False,False
S1012604,C11288,2025-11-22,Google Ads,Mobile,5,146.2,True,False
S1012605,C10578,2026-05-15,Email,Mobile,7,308.0,False,False
S1012606,C10979,2025-08-27,Organic,Desktop,3,100.2,False,False
S1012607,C10471,2025-12-29,Google Ads,Desktop,4,123.4,True,False
S1012608,C11906,2025-11-19,Email,Mobile,4,267.4,False,False
S1012609,C11314,2026-04-16,Email,,6,50.2,False,False
S1012610,C11851,2026-05-08,Instagram,Tablet,7,357.1,False,False
S1012611,C11181,2026-06-27,Google Ads,Tablet,7,500.4,True,True
S1012612,,2026-08-03,Facebook,Mobile,6,57.2,False,False
S1012613,C11802,2025-12-05,Organic,Mobile,6,166.5,False,False
S1012614,C11683,2026-02-21,Organic,Mobile,8,196.4,False,False
S1012615,C10888,2025-12-13,Instagram,Desktop,7,70.5,False,False
S1012616,C10574,2026-01-11,Organic,Desktop,6,33.1,False,False
S1012617,C11564,2026-06-29,Organic,Mobile,5,269.9,False,False
S1012618,C11695,2025-11-14,Facebook,Desktop,5,52.7,True,False
S1012619,,2026-08-14,Google Ads,Mobile,5,60.1,False,False
S1012620,C10814,2025-11-13,Google Ads,Tablet,4,33.5,False,False
S1012621,C10233,2026-08-11,Google Ads,Mobile,3,81.8,False,False
S1012622,,2025-10-01,Facebook,Mobile,5,238.6,False,False
S1012623,,2026-08-19,Instagram,Desktop,4,54.0,False,False
S1012624,C10637,2026-07-31,Google Ads,Mobile,8,425.7,True,False
S1012625,C10882,2025-10-21,Facebook,Mobile,8,270.6,False,False
S1012626,,2025-11-06,Facebook,Mobile,3,155.2,False,False
S1012627,C11307,2025-10-16,Instagram,Desktop,7,165.5,False,False
S1012628,C10418,2025-10-26,Google Ads,Mobile,5,285.2,False,False
S1012629,C10252,2026-05-12,Organic,Mobile,3,29.9,False,False
S1012630,C11348,2025-10-05,Organic,Tablet,2,165.1,False,False
S1012631,C11072,2026-05-21,Google Ads,Mobile,7,177.3,False,False
S1012632,C10549,2026-04-05,Email,Desktop,7,87.3,True,True
S1012633,C10553,2026-05-20,Google Ads,Mobile,4,305.2,True,False
S1012634,C11519,2026-04-18,Google Ads,Desktop,3,62.7,False,False
S1012635,C11325,2025-12-02,Facebook,Mobile,10,107.4,False,False
S1012636,C10529,2025-09-14,Affiliate,Mobile,5,180.1,False,False
S1012637,C10642,2026-01-23,Email,Mobile,4,371.6,True,True
S1012638,C10198,2025-10-26,Organic,Desktop,4,193.0,False,False
S1012639,C10562,2026-03-30,Organic,Mobile,4,317.8,False,False
S1012640,C11026,2026-02-13,Google Ads,Desktop,8,287.2,True,False
S1012641,,2026-04-22,Google Ads,Mobile,3,125.2,False,False
S1012642,C11421,2026-06-02,Facebook,Mobile,6,53.2,False,False
S1012643,C11597,2026-02-23,Facebook,Mobile,4,202.0,False,False
S1012644,C11984,2026-02-01,Google Ads,Mobile,7,162.1,False,False
S1012645,C11198,2026-04-15,Google Ads,Mobile,5,50.2,False,False
S1012646,,2026-03-01,Affiliate,Mobile,2,53.3,False,False
S1012647,,2026-07-30,Affiliate,Mobile,2,53.8,False,False
S1012648,C10591,2026-08-05,Google Ads,Mobile,7,51.0,False,False
S1012649,C11387,2026-06-12,Instagram,Mobile,2,78.2,False,False
S1012650,C11941,2026-01-26,Google Ads,Desktop,5,399.3,False,False
S1012651,C10222,2025-11-30,Email,Desktop,4,171.5,True,False
S1012652,C11355,2026-07-06,Instagram,Mobile,6,85.9,False,False
S1012653,C11243,2025-09-11,Email,Tablet,7,67.7,False,False
S1012654,C10004,2026-07-31,Facebook,Desktop,5,123.6,False,False
S1012655,C11171,2025-11-18,Facebook,Mobile,3,143.4,False,False
S1012656,C11544,2025-10-12,Affiliate,Desktop,3,69.7,False,False
S1012657,,2026-01-30,Affiliate,Mobile,8,33.8,False,False
S1012658,,2026-05-12,Facebook,Mobile,6,80.7,False,False
S1012659,C11802,2025-09-06,Facebook,Desktop,4,696.6,False,False
S1012660,C10427,2026-03-25,Organic,Mobile,6,25.8,False,False
S1012661,C11501,2026-04-17,Instagram,Mobile,7,92.9,False,False
S1012662,C10901,2025-10-02,Organic,Desktop,4,80.9,True,False
S1012663,C10096,2025-12-30,Facebook,Mobile,3,142.9,False,False
S1012664,C11340,2026-02-20,Google Ads,Mobile,9,77.9,False,False
S1012665,C11052,2025-08-31,Affiliate,Mobile,4,18.7,False,False
S1012666,C11435,2026-02-07,Organic,,8,166.3,False,False
S1012667,C11959,2026-07-20,Google Ads,Mobile,2,153.4,False,False
S1012668,C10004,2025-11-02,Organic,Mobile,6,74.8,True,True
S1012669,C11060,2025-10-17,Google Ads,Desktop,5,272.5,False,False
S1012670,C11350,2026-02-17,Instagram,Tablet,4,90.2,False,False
S1012671,C11470,2026-03-25,Organic,Mobile,1,122.5,False,False
S1012672,,2025-10-18,Instagram,Desktop,6,162.4,True,False
S1012673,C11390,2026-01-08,Organic,Desktop,4,475.8,False,False
S1012674,C10938,2026-06-22,Email,Mobile,7,114.8,False,False
S1012675,,2026-08-02,Facebook,Mobile,7,240.0,False,False
S1012676,C10481,2026-01-28,Organic,Desktop,4,210.3,True,True
S1012677,C10342,2025-12-01,Facebook,Desktop,6,121.7,False,False
S1012678,C11714,2026-01-04,Affiliate,Mobile,6,262.0,False,False
S1012679,,2025-10-19,Facebook,Desktop,3,51.6,False,False
S1012680,,2026-05-23,Google Ads,Desktop,4,210.8,False,False
S1012681,C10301,2026-05-29,Google Ads,Desktop,4,255.9,True,True
S1012682,C10029,2026-02-08,Email,Mobile,3,110.7,False,False
S1012683,C10968,2025-12-14,Facebook,Mobile,5,216.1,True,True
S1012684,C10987,2025-11-19,Affiliate,Mobile,6,235.3,False,False
S1012685,C11282,2025-09-15,Instagram,Mobile,3,464.2,False,False
S1012686,,2026-03-10,Instagram,Mobile,3,146.5,False,False
S1012687,C10302,2026-05-24,Google Ads,Tablet,3,80.3,False,False
S1012688,C10248,2026-07-17,Google Ads,Mobile,6,150.1,True,False
S1012689,C10817,2025-09-12,Email,Mobile,2,103.5,False,False
S1012690,C11949,2025-11-02,Instagram,Mobile,6,121.0,False,False
S1012691,,2026-06-08,Google Ads,Tablet,4,264.8,False,False
S1012692,C10358,2026-05-26,Affiliate,Mobile,1,289.9,False,False
S1012693,C10341,2026-04-26,Facebook,Mobile,4,86.0,False,False
S1012694,C10531,2025-12-23,Google Ads,Mobile,2,65.5,False,False
S1012695,C11576,2026-08-04,Organic,Desktop,5,325.5,False,False
S1012696,C11057,2026-06-18,Google Ads,Mobile,5,143.5,False,False
S1012697,,2026-03-08,Email,Mobile,4,80.4,False,False
S1012698,C11552,2026-04-13,Facebook,Desktop,5,278.9,False,False
S1012699,C10556,2025-11-24,Facebook,Desktop,8,102.3,False,False
S1012700,,2026-07-12,Organic,Mobile,5,371.3,True,False
S1012701,C11405,2026-02-12,Organic,Mobile,5,106.7,False,False
S1012702,C11029,2026-05-09,Organic,Mobile,9,279.0,False,False
S1012703,C11545,2025-12-24,Organic,Mobile,5,313.4,True,False
S1012704,C11233,2026-08-02,Email,Mobile,6,55.6,False,False
S1012705,C10093,2026-01-04,Facebook,Mobile,4,139.0,True,False
S1012706,C11043,2025-09-04,Facebook,Mobile,6,137.1,False,False
S1012707,,2026-07-29,Organic,Mobile,6,230.9,False,False
S1012708,C11318,2025-12-12,Instagram,Tablet,7,361.6,True,False
S1012709,C11419,2026-07-31,Instagram,Tablet,5,14.0,False,False
S1012710,C11752,2026-04-03,Google Ads,Desktop,6,150.0,False,False
S1012711,C10707,2025-10-17,Email,Desktop,5,338.1,False,False
S1012712,,2026-07-15,Instagram,Mobile,6,174.4,True,False
S1012713,C10980,2026-06-12,Google Ads,Mobile,4,794.4,False,False
S1012714,C10541,2026-07-05,Organic,Desktop,8,19.7,False,False
S1012715,C11881,2026-04-29,Email,Mobile,3,330.1,False,False
S1012716,C11009,2026-07-08,Affiliate,Desktop,5,194.5,False,False
S1012717,C10339,2026-02-09,Organic,Desktop,8,252.2,True,False
S1012718,,2026-02-13,Email,Desktop,6,26.5,False,False
S1012719,C10411,2026-07-27,Google Ads,Mobile,5,299.8,False,False
S1012720,C11055,2026-05-11,Organic,Mobile,4,47.5,False,False
S1012721,C10107,2026-01-17,Facebook,Desktop,7,227.1,True,False
S1012722,,2026-06-02,Facebook,Mobile,10,187.7,False,False
S1012723,C10456,2025-09-29,Google Ads,Mobile,4,90.9,False,False
S1012724,C11853,2025-09-27,Organic,Tablet,3,395.8,False,False
S1012725,C10820,2026-02-02,Email,Desktop,5,226.1,False,False
S1012726,C11602,2025-10-03,Email,Mobile,4,59.2,True,True
S1012727,,2025-12-06,Organic,Mobile,5,328.8,True,False
S1012728,C11956,2026-08-16,Facebook,Desktop,6,121.4,False,False
S1012729,C10990,2025-09-25,Affiliate,Tablet,4,78.1,False,False
S1012730,C10729,2026-03-02,Email,Mobile,6,53.4,True,False
S1012731,C10997,2025-11-02,Organic,Desktop,7,172.4,False,False
S1012732,C11868,2025-09-13,Affiliate,Mobile,1,91.0,False,False
S1012733,C10480,2025-08-24,Instagram,Mobile,3,88.7,False,False
S1012734,C10456,2026-03-04,Facebook,Mobile,6,216.1,False,False
S1012735,C11988,2025-10-08,Email,Mobile,9,233.6,False,False
S1012736,C10506,2025-10-15,Facebook,Tablet,7,379.3,False,False
S1012737,C11533,2026-03-29,Email,Tablet,4,12.5,False,False
S1012738,C11601,2026-02-02,Email,Mobile,5,749.4,False,False
S1012739,C11217,2025-10-16,Affiliate,Desktop,5,270.9,True,False
S1012740,C10940,2026-03-03,Instagram,Mobile,7,142.8,True,False
S1012741,C11254,2025-12-14,Google Ads,Tablet,2,370.1,False,False
S1012742,C11815,2025-08-26,Facebook,Mobile,4,190.0,False,False
S1012743,C11386,2025-12-08,Organic,Mobile,5,346.1,False,False
S1012744,,2025-11-01,Email,Mobile,6,351.9,True,False
S1012745,C11108,2026-03-21,Google Ads,Mobile,4,67.6,False,False
S1012746,C11257,2025-08-27,Instagram,Mobile,8,81.2,False,False
S1012747,C11346,2026-01-15,Google Ads,Mobile,8,109.4,False,False
S1012748,C10874,2026-05-30,Google Ads,Mobile,4,335.8,False,False
S1012749,C10503,2026-04-20,Organic,Mobile,6,98.9,False,False
S1012750,,2025-11-05,Google Ads,Mobile,4,423.2,True,False
S1012751,C11489,2026-01-27,Email,Tablet,3,106.5,False,False
S1012752,C10131,2026-08-16,Google Ads,Mobile,5,520.3,False,False
S1012753,C10677,2026-06-23,Instagram,Mobile,4,37.1,False,False
S1012754,C10942,2026-07-20,Organic,Mobile,7,490.5,False,False
S1012755,C10755,2026-07-24,Google Ads,Desktop,3,67.4,False,False
S1012756,C10929,2026-07-09,Affiliate,Desktop,7,126.5,True,False
S1012757,,2026-04-02,Instagram,Mobile,2,160.2,True,False
S1012758,,2026-03-17,Email,Mobile,2,210.0,False,False
S1012759,,2025-09-12,Organic,Desktop,6,182.7,False,False
S1012760,C11006,2026-04-18,Organic,Desktop,5,95.8,False,False
S1012761,C11000,2026-08-02,Email,Mobile,6,469.4,True,False
S1012762,C11728,2025-10-31,Affiliate,Mobile,7,62.2,False,False
S1012763,C10482,2026-07-21,Google Ads,Mobile,5,162.3,False,False
S1012764,C10587,2026-03-12,Organic,Mobile,6,191.1,False,False
S1012765,C10278,2026-02-05,Google Ads,Desktop,5,104.5,False,False
S1012766,C10004,2026-04-11,Organic,Mobile,7,90.2,False,False
S1012767,C10440,2026-01-08,Instagram,Mobile,4,596.9,False,False
S1012768,C11093,2025-09-20,Facebook,Tablet,5,108.4,False,False
S1012769,C11597,2026-06-23,Instagram,Mobile,4,300.1,False,False
S1012770,,2026-04-01,Email,Tablet,6,42.0,False,False
S1012771,C10402,2025-09-05,Email,Mobile,5,334.8,True,False
S1012772,C11592,2025-10-13,Organic,Mobile,5,67.2,False,False
S1012773,C11754,2025-08-28,Organic,Mobile,2,101.5,False,False
S1012774,,2026-06-03,Instagram,Mobile,3,25.9,False,False
S1012775,C11694,2026-08-17,Organic,Mobile,5,266.5,False,False
S1012776,C10451,2026-05-11,Google Ads,Tablet,2,219.8,False,False
S1012777,C11170,2026-01-26,Instagram,Desktop,9,40.7,False,False
S1012778,C11628,2025-10-13,Affiliate,Mobile,3,69.6,True,False
S1012779,C11055,2026-02-23,Email,Tablet,7,226.9,False,False
S1012780,C11501,2026-05-24,Facebook,Desktop,4,197.9,True,True
S1012781,C11109,2026-04-22,Facebook,Mobile,4,580.5,False,False
S1012782,C11737,2025-08-24,Organic,Mobile,4,88.9,True,False
S1012783,C10283,2026-05-29,Email,Desktop,4,194.5,False,False
S1012784,,2026-03-05,Google Ads,Desktop,3,111.0,False,False
S1012785,C11076,2026-08-05,Google Ads,Mobile,4,359.5,True,False
S1012786,C11858,2026-06-18,Facebook,Desktop,5,126.8,False,False
S1012787,C11435,2025-09-09,Email,Desktop,6,50.6,True,False
S1012788,C10812,2026-01-27,Google Ads,Mobile,4,58.6,False,False
S1012789,C11289,2026-03-05,Google Ads,Mobile,2,101.9,False,False
S1012790,C10567,2026-04-21,Organic,Desktop,5,78.7,False,False
S1012791,,2026-08-17,Email,Desktop,2,109.5,False,False
S1012792,C11860,2025-11-20,Google Ads,Mobile,5,57.1,False,False
S1012793,C10131,2026-05-22,Organic,Mobile,3,306.3,False,False
S1012794,C11871,2026-07-13,Email,Mobile,6,286.1,False,False
S1012795,,2026-02-19,Instagram,Mobile,5,89.6,False,False
S1012796,C11330,2026-01-04,Instagram,Mobile,2,126.5,False,False
S1012797,C11102,2026-06-15,Affiliate,Desktop,5,178.3,False,False
S1012798,C11678,2025-10-11,Instagram,Desktop,3,74.6,False,False
S1012799,,2025-11-22,Email,Mobile,7,116.9,False,False
S1012800,C10719,2026-07-07,Google Ads,Mobile,7,302.3,False,False
S1012801,C10539,2026-08-07,Email,Mobile,7,215.6,True,False
S1012802,C11991,2026-03-23,Google Ads,Mobile,3,66.6,False,False
S1012803,C10941,2025-09-28,Instagram,Desktop,8,320.4,False,False
S1012804,C11033,2026-05-23,Affiliate,Mobile,3,96.1,True,False
S1012805,C10278,2026-05-26,Instagram,Mobile,3,240.0,True,False
S1012806,C11750,2026-08-12,Instagram,Mobile,5,592.8,False,False
S1012807,,2026-05-04,Email,Mobile,7,119.3,False,False
S1012808,C12000,2026-08-16,Organic,,8,140.0,False,False
S1012809,C11416,2026-08-01,Organic,Mobile,4,211.7,False,False
S1012810,C10235,2026-03-14,Email,Desktop,6,124.6,False,False
S1012811,C10345,2025-12-23,Facebook,Tablet,6,169.7,True,False
S1012812,,2026-05-31,Organic,Desktop,6,50.8,False,False
S1012813,C10302,2026-03-03,Instagram,Desktop,5,81.2,False,False
S1012814,,2025-11-18,Affiliate,Mobile,3,155.7,False,False
S1012815,C10139,2026-05-18,Affiliate,Mobile,9,20.1,False,False
S1012816,C11769,2026-06-07,Instagram,Mobile,4,379.3,False,False
S1012817,C10947,2026-01-29,Facebook,Mobile,1,411.9,False,False
S1012818,C11194,2025-10-06,Facebook,Mobile,3,202.3,False,False
S1012819,,2026-03-20,Facebook,Desktop,7,101.2,False,False
S1012820,C11043,2026-02-06,Affiliate,Mobile,8,34.8,True,False
S1012821,C10722,2026-08-21,Google Ads,Tablet,5,154.7,False,False
S1012822,C11952,2025-10-12,Instagram,Desktop,3,374.9,True,False
S1012823,,2026-02-25,Email,Mobile,5,90.7,False,False
S1012824,C11837,2026-05-22,Affiliate,Mobile,5,689.5,False,False
S1012825,C10781,2026-03-25,Affiliate,Mobile,7,102.7,True,False
S1012826,C11415,2025-11-10,Email,Tablet,7,52.8,True,False
S1012827,C11601,2025-09-15,Email,Mobile,5,279.4,False,False
S1012828,,2025-10-12,Google Ads,Desktop,3,95.9,False,False
S1012829,C11550,2026-03-12,Organic,Desktop,3,114.3,False,False
S1012830,C11258,2026-05-19,Google Ads,Mobile,6,136.2,True,False
S1012831,,2026-04-24,Facebook,Desktop,8,89.8,False,False
S1012832,C10798,2025-12-30,Affiliate,Mobile,5,117.8,False,False
S1012833,C11549,2026-08-20,Organic,Mobile,4,36.4,False,False
S1012834,C11884,2025-08-29,Organic,Desktop,8,98.0,False,False
S1012835,C10175,2026-02-06,Affiliate,Mobile,7,218.8,True,True
S1012836,C10988,2025-09-20,Organic,Mobile,5,292.7,True,False
S1012837,C10485,2026-02-21,Organic,Mobile,8,28.0,False,False
S1012838,,2026-06-21,Organic,Desktop,5,27.7,False,False
S1012839,,2026-05-22,Google Ads,Mobile,5,85.4,False,False
S1012840,,2026-06-05,Facebook,Mobile,3,163.6,False,False
S1012841,,2026-04-29,Email,Mobile,5,25.6,False,False
S1012842,C11526,2025-09-20,Google Ads,Desktop,6,206.5,False,False
S1012843,C10381,2026-05-18,Instagram,Desktop,3,281.2,False,False
S1012844,C10182,2026-04-18,Email,Mobile,5,100.6,False,False
S1012845,C11381,2026-04-06,Google Ads,Mobile,3,265.7,False,False
S1012846,C11791,2025-11-28,Instagram,Mobile,6,40.2,False,False
S1012847,C10757,2026-04-12,Instagram,Desktop,3,178.2,False,False
S1012848,C11488,2025-10-16,Organic,Desktop,4,198.4,False,False
S1012849,C11869,2026-03-30,Facebook,Mobile,7,243.6,False,False
S1012850,C11063,2025-12-13,Organic,Desktop,2,87.4,False,False
S1012851,C11713,2025-09-30,Google Ads,Mobile,6,146.9,True,False
S1012852,C10897,2026-06-13,Affiliate,Desktop,6,281.6,False,False
S1012853,C10942,2026-05-20,Organic,Mobile,7,313.5,False,False
S1012854,C10639,2026-04-29,Google Ads,Tablet,4,29.6,False,False
S1012855,C11143,2026-07-06,Instagram,Mobile,5,268.6,True,False
S1012856,C11184,2026-01-05,Affiliate,Mobile,4,50.8,True,True
S1012857,,2026-07-07,Google Ads,Desktop,5,263.0,False,False
S1012858,,2025-11-19,Google Ads,Mobile,3,7.9,False,False
S1012859,C11248,2026-04-30,Organic,Desktop,2,205.5,False,False
S1012860,C10392,2026-03-24,Facebook,Mobile,6,182.2,False,False
S1012861,C11149,2026-07-12,Google Ads,Tablet,9,124.0,False,False
S1012862,,2025-08-29,Email,Desktop,4,250.8,False,False
S1012863,C11950,2026-06-18,Google Ads,Mobile,6,572.0,True,True
S1012864,C11009,2025-09-21,Facebook,Desktop,2,96.6,False,False
S1012865,C11155,2026-06-16,Google Ads,Mobile,4,239.5,False,False
S1012866,C11025,2026-07-29,Organic,Mobile,6,264.5,False,False
S1012867,,2025-10-10,Google Ads,Mobile,6,127.7,True,True
S1012868,C10832,2026-03-01,Google Ads,Desktop,4,119.8,True,False
S1012869,,2025-11-19,Organic,Desktop,7,48.8,True,False
S1012870,C10229,2026-03-11,Instagram,Mobile,6,72.9,True,False
S1012871,C10069,2026-05-12,Google Ads,Desktop,7,273.1,False,False
S1012872,C10351,2026-01-16,Google Ads,Mobile,3,101.1,True,False
S1012873,C11716,2026-03-04,Affiliate,Mobile,5,270.5,False,False
S1012874,C10394,2025-08-21,Instagram,Mobile,3,627.6,False,False
S1012875,C11982,2025-12-21,Affiliate,Desktop,8,209.5,False,False
S1012876,C10596,2025-11-26,Instagram,Desktop,6,51.5,False,False
S1012877,,2025-08-26,Affiliate,Mobile,6,256.9,False,False
S1012878,C11870,2025-09-30,Facebook,Mobile,4,21.9,False,False
S1012879,,2026-06-11,Organic,Desktop,5,55.0,False,False
S1012880,,2026-05-20,Instagram,Desktop,8,154.9,False,False
S1012881,C10120,2025-11-12,Google Ads,Mobile,8,157.7,False,False
S1012882,C10096,2025-11-09,Email,Mobile,6,67.0,True,False
S1012883,C10321,2026-07-05,Facebook,Desktop,7,249.6,False,False
S1012884,C10315,2025-10-20,Instagram,Desktop,5,48.4,True,False
S1012885,C10814,2025-10-28,Email,Mobile,3,310.2,False,False
S1012886,C11636,2026-02-09,Email,Mobile,2,41.1,True,False
S1012887,C10054,2026-06-14,Google Ads,Mobile,4,64.3,False,False
S1012888,,2026-04-06,Google Ads,Desktop,3,141.9,False,False
S1012889,C10103,2026-04-15,Email,Mobile,8,129.3,False,False
S1012890,C10974,2025-08-26,Instagram,Mobile,9,378.9,False,False
S1012891,C10852,2025-11-26,Organic,Desktop,3,251.3,False,False
S1012892,,2025-09-05,Organic,Mobile,3,45.0,True,False
S1012893,C10231,2026-04-15,Instagram,Desktop,5,324.3,False,False
S1012894,,2025-09-15,Affiliate,Desktop,8,149.1,False,False
S1012895,C11014,2025-12-01,Email,Desktop,3,267.1,False,False
S1012896,C11988,2026-06-28,Google Ads,Mobile,10,51.9,True,False
S1012897,,2025-12-29,Instagram,Desktop,5,164.2,False,False
S1012898,C10006,2026-04-10,Facebook,Tablet,4,129.7,False,False
S1012899,C11273,2026-04-19,Affiliate,Mobile,6,39.2,False,False
S1012900,,2025-11-23,Affiliate,Mobile,3,79.3,False,False
S1012901,C11857,2025-11-16,Email,Mobile,4,116.3,False,False
S1012902,C11918,2026-01-11,Facebook,Mobile,5,120.3,False,False
S1012903,C11400,2026-03-04,Instagram,Desktop,4,420.6,False,False
S1012904,C11192,2026-06-26,Organic,Desktop,5,48.8,False,False
S1012905,C10112,2026-08-14,Organic,Mobile,4,214.1,False,False
S1012906,C11712,2025-08-27,Facebook,Desktop,5,74.2,False,False
S1012907,C11124,2026-02-27,Facebook,Desktop,8,416.6,True,False
S1012908,,2025-11-13,Email,Mobile,4,165.8,False,False
S1012909,C10286,2026-07-14,Organic,Desktop,5,266.1,False,False
S1012910,C10968,2025-10-03,Affiliate,Desktop,5,286.3,False,False
S1012911,C10658,2026-01-24,Google Ads,Desktop,7,107.2,False,False
S1012912,C10689,2025-12-14,Email,Desktop,4,599.3,False,False
S1012913,C11663,2026-07-04,Google Ads,Mobile,4,124.9,False,False
S1012914,C11568,2025-11-10,Google Ads,Mobile,3,79.0,False,False
S1012915,C10764,2026-01-13,Instagram,Mobile,5,98.3,False,False
S1012916,,2026-03-03,Affiliate,Desktop,6,259.1,False,False
S1012917,C11904,2026-05-26,Instagram,Mobile,4,361.2,False,False
S1012918,C11395,2026-06-20,Google Ads,Mobile,3,288.5,False,False
S1012919,C11118,2026-03-16,Google Ads,Mobile,8,766.6,False,False
S1012920,,2025-09-25,Facebook,Tablet,2,787.1,False,False
S1012921,C10305,2026-02-07,Instagram,Mobile,5,53.5,True,False
S1012922,C11366,2026-07-01,Facebook,Mobile,4,72.1,False,False
S1012923,C10023,2025-11-29,Organic,Mobile,8,201.3,False,False
S1012924,C10165,2026-04-30,Facebook,Mobile,2,302.5,False,False
S1012925,C10821,2025-11-21,Facebook,Mobile,5,51.5,False,False
S1012926,C10989,2025-11-09,Email,Mobile,8,63.7,False,False
S1012927,C11247,2026-05-22,Email,Desktop,5,67.1,False,False
S1012928,C11965,2026-03-19,Google Ads,Mobile,4,226.4,False,False
S1012929,C11476,2026-01-22,Google Ads,Mobile,5,54.4,False,False
S1012930,,2026-03-02,Affiliate,Mobile,12,235.9,True,True
S1012931,C10562,2026-02-11,Facebook,Mobile,3,23.3,False,False
S1012932,C10142,2026-05-05,Instagram,Desktop,4,157.1,False,False
S1012933,C10729,2025-10-12,Instagram,Mobile,5,40.0,False,False
S1012934,C11471,2026-07-17,Google Ads,Mobile,8,79.1,False,False
S1012935,C11934,2026-03-13,Email,Mobile,3,144.3,False,False
S1012936,C10040,2026-07-10,Email,Mobile,4,37.4,True,False
S1012937,C11071,2026-02-10,Instagram,Mobile,3,577.2,False,False
S1012938,C11310,2026-05-27,Instagram,Mobile,10,64.2,True,False
S1012939,C10260,2025-10-23,Facebook,Desktop,4,358.8,True,True
S1012940,C11461,2026-02-02,Facebook,Desktop,5,80.5,True,False
S1012941,C10277,2026-07-27,Organic,Mobile,5,168.8,True,False
S1012942,C10731,2026-02-08,Organic,Mobile,5,266.8,True,False
S1012943,C10999,2026-06-17,Affiliate,Desktop,6,268.7,False,False
S1012944,C11047,2026-03-04,Email,Mobile,10,348.0,True,False
S1012945,C11274,2026-03-15,Instagram,Mobile,8,118.8,False,False
S1012946,C10095,2025-12-28,Instagram,Mobile,3,100.4,False,False
S1012947,C11974,2026-04-08,Google Ads,Mobile,8,246.5,False,False
S1012948,C11937,2026-06-01,Affiliate,Mobile,4,128.7,True,False
S1012949,C10691,2025-10-02,Email,,2,165.4,False,False
S1012950,C10768,2026-04-16,Email,Mobile,6,73.9,False,False
S1012951,C10329,2025-09-19,Facebook,Desktop,5,233.2,False,False
S1012952,,2026-07-30,Organic,Mobile,6,259.9,False,False
S1012953,C11380,2026-01-30,Organic,Mobile,6,107.6,False,False
S1012954,C10412,2025-11-16,Organic,Mobile,2,139.2,False,False
S1012955,C11812,2026-08-17,Instagram,Desktop,4,235.5,True,False
S1012956,C11994,2025-11-14,Instagram,Desktop,4,86.4,True,False
S1012957,C10864,2026-02-25,Instagram,Mobile,4,171.7,True,True
S1012958,C11458,2025-12-28,Email,Mobile,7,248.2,False,False
S1012959,C10687,2026-03-17,Facebook,Mobile,5,110.9,False,False
S1012960,C11819,2026-07-15,Facebook,Mobile,5,97.6,False,False
S1012961,C10977,2026-01-03,Organic,Tablet,4,377.3,True,False
S1012962,,2025-11-02,Organic,Mobile,4,82.7,False,False
S1012963,C10859,2025-10-17,Facebook,Mobile,2,85.9,False,False
S1012964,C10829,2026-07-03,Instagram,Mobile,6,118.2,False,False
S1012965,,2026-02-13,Facebook,Desktop,6,19.7,True,False
S1012966,C11040,2025-11-21,Email,Mobile,2,65.6,False,False
S1012967,C10621,2026-02-22,Affiliate,Mobile,5,129.3,False,False
S1012968,C10371,2026-07-27,Google Ads,Desktop,5,61.3,False,False
S1012969,C11043,2026-05-11,Affiliate,Mobile,5,421.8,False,False
S1012970,C10945,2026-07-05,Instagram,Mobile,5,240.0,True,False
S1012971,C11397,2026-05-29,Facebook,Mobile,1,91.7,False,False
S1012972,C11067,2026-04-01,Affiliate,Desktop,4,68.2,False,False
S1012973,C11511,2026-04-29,Instagram,Desktop,7,199.2,False,False
S1012974,C11372,2026-05-15,Google Ads,Mobile,3,79.2,False,False
S1012975,C10765,2026-01-26,Organic,Mobile,8,260.4,True,False
S1012976,C11934,2025-12-02,Affiliate,Tablet,5,95.2,False,False
S1012977,C11749,2026-07-05,Facebook,Mobile,7,56.1,False,False
S1012978,C10169,2026-04-17,Organic,Mobile,6,81.2,False,False
S1012979,C11689,2026-08-17,Instagram,Mobile,2,210.4,False,False
S1012980,C10969,2026-01-06,Facebook,Desktop,3,68.5,False,False
S1012981,C11906,2025-11-16,Email,Desktop,7,72.0,False,False
S1012982,C10785,2026-07-06,Google Ads,Mobile,5,206.1,True,True
S1012983,C11550,2026-05-29,Email,Mobile,5,15.2,False,False
S1012984,C11106,2026-01-09,Google Ads,Mobile,4,186.7,False,False
S1012985,C10923,2026-07-02,Organic,Mobile,3,223.2,False,False
S1012986,C10055,2026-07-30,Google Ads,Mobile,8,273.9,True,False
S1012987,C10816,2025-08-24,Instagram,Mobile,3,10.5,False,False
S1012988,C11473,2025-12-06,Affiliate,Mobile,4,115.8,True,True
S1012989,C11461,2026-04-19,Organic,Mobile,5,155.5,False,False
S1012990,C11998,2026-01-14,Email,Desktop,6,225.8,False,False
S1012991,C11156,2025-10-18,Affiliate,Desktop,5,88.7,False,False
S1012992,,2025-11-11,Instagram,Mobile,4,196.5,False,False
S1012993,C11423,2026-01-26,Organic,Mobile,3,186.4,False,False
S1012994,C11067,2026-05-05,Google Ads,Desktop,3,204.3,True,True
S1012995,C10465,2026-05-02,Email,Mobile,7,254.6,False,False
S1012996,C10510,2026-04-15,Email,Mobile,8,211.8,True,False
S1012997,C10585,2025-10-25,Facebook,Tablet,7,76.6,False,False
S1012998,C11405,2026-01-16,Google Ads,Desktop,5,433.5,False,False
S1012999,,2025-09-14,Organic,Mobile,5,27.1,False,False
S1013000,C10017,2026-04-20,Organic,Desktop,7,357.0,False,False
S1013001,C10880,2025-10-14,Facebook,Mobile,5,294.9,False,False
S1013002,C11024,2025-12-24,Email,Desktop,7,375.8,True,False
S1013003,,2026-04-02,Affiliate,Mobile,4,84.3,False,False
S1013004,C10044,2026-01-15,Google Ads,Desktop,5,87.0,False,False
S1013005,C11911,2026-04-24,Google Ads,Mobile,5,85.8,True,False
S1013006,C10421,2025-11-04,Organic,Desktop,4,534.1,False,False
S1013007,C10818,2026-04-21,Facebook,Mobile,6,266.3,False,False
S1013008,C11149,2026-05-03,Google Ads,Desktop,3,97.2,False,False
S1013009,,2025-11-09,Organic,Desktop,5,67.1,True,False
S1013010,,2025-09-22,Instagram,Desktop,9,49.0,False,False
S1013011,C11443,2026-07-05,Email,Mobile,4,82.0,True,False
S1013012,C11993,2025-12-14,Organic,Tablet,7,102.0,False,False
S1013013,C11423,2026-02-03,Facebook,Mobile,8,565.5,False,False
S1013014,C10008,2025-10-07,Google Ads,Desktop,2,39.5,False,False
S1013015,C11563,2026-03-08,Instagram,Desktop,4,159.6,False,False
S1013016,C10726,2025-11-15,Google Ads,Mobile,5,68.8,False,False
S1013017,C10273,2026-05-17,Affiliate,Mobile,4,495.5,False,False
S1013018,C10741,2025-09-14,Organic,Mobile,10,65.3,False,False
S1013019,C10935,2025-08-27,Instagram,Mobile,6,133.3,False,False
S1013020,C11827,2026-05-03,Google Ads,Mobile,2,217.3,False,False
S1013021,C11964,2026-03-11,Email,Desktop,2,282.8,False,False
S1013022,C11527,2026-07-23,Instagram,Mobile,5,57.2,True,True
S1013023,C10343,2025-11-15,Instagram,Mobile,7,517.7,False,False
S1013024,,2026-01-22,Affiliate,Mobile,4,118.7,True,False
S1013025,C10051,2026-04-10,Google Ads,Desktop,3,187.1,False,False
S1013026,C11565,2025-09-18,Affiliate,Desktop,2,256.7,False,False
S1013027,C10092,2025-11-24,Google Ads,Mobile,5,258.6,False,False
S1013028,C11880,2026-06-24,Organic,Mobile,2,185.3,False,False
S1013029,C10041,2025-09-03,Facebook,Mobile,6,80.0,False,False
S1013030,C11146,2025-09-28,Organic,Mobile,3,42.6,False,False
S1013031,C10240,2026-06-24,Facebook,Mobile,3,56.2,False,False
S1013032,C10934,2026-02-02,Facebook,Desktop,5,119.2,False,False
S1013033,C10415,2025-10-07,Google Ads,Mobile,2,392.7,False,False
S1013034,,2025-12-03,Google Ads,Mobile,3,95.2,False,False
S1013035,C10654,2026-04-07,Organic,Mobile,8,98.4,False,False
S1013036,C11226,2026-03-29,Facebook,Mobile,5,478.3,True,True
S1013037,C11715,2025-10-31,Facebook,Mobile,5,95.8,False,False
S1013038,C10062,2026-04-30,Organic,Tablet,4,148.6,False,False
S1013039,,2026-07-08,Instagram,Mobile,5,197.6,True,False
S1013040,C10611,2026-01-03,Google Ads,Mobile,6,412.5,True,True
S1013041,C11501,2025-10-25,Affiliate,Desktop,4,149.3,False,False
S1013042,,2025-12-16,Facebook,Mobile,7,38.8,False,False
S1013043,,2025-12-05,Google Ads,Tablet,3,110.2,False,False
S1013044,C11249,2026-03-24,Affiliate,Desktop,8,34.2,True,False
S1013045,C11799,2026-08-03,Google Ads,Desktop,9,369.1,True,False
S1013046,,2025-12-30,Facebook,Mobile,8,37.2,True,False
S1013047,C10327,2025-12-23,Affiliate,Mobile,7,127.6,True,True
S1013048,,2026-04-04,Email,Desktop,2,182.7,False,False
S1013049,C10847,2026-06-19,Google Ads,Mobile,5,74.5,False,False
S1013050,,2026-07-18,Organic,Desktop,4,214.8,True,True
S1013051,C10035,2025-09-29,Google Ads,Mobile,4,44.1,False,False
S1013052,,2026-08-10,Email,Desktop,3,107.2,False,False
S1013053,C11657,2026-02-17,Google Ads,Tablet,4,565.0,False,False
S1013054,C11213,2026-01-19,Affiliate,Mobile,5,309.7,False,False
S1013055,C10659,2026-05-02,Google Ads,Desktop,3,108.2,False,False
S1013056,C11182,2025-11-01,Instagram,Tablet,2,88.5,False,False
S1013057,C10172,2025-09-19,Affiliate,Mobile,6,284.0,True,True
S1013058,C10557,2025-09-19,Email,Mobile,5,180.8,False,False
S1013059,C10690,2025-12-21,Affiliate,Desktop,3,81.9,False,False
S1013060,C10594,2026-08-14,Organic,Mobile,4,28.6,False,False
S1013061,C11357,2026-04-28,Email,Mobile,4,248.9,True,False
S1013062,C10642,2026-04-20,Google Ads,Tablet,4,47.3,False,False
S1013063,C10010,2025-10-08,Google Ads,Desktop,4,483.7,False,False
S1013064,,2026-08-18,Google Ads,Mobile,4,314.3,False,False
S1013065,,2025-12-28,Facebook,Desktop,6,101.6,False,False
S1013066,C10150,2025-12-10,Instagram,Desktop,6,277.6,False,False
S1013067,C10880,2025-11-27,Google Ads,Mobile,7,194.2,False,False
S1013068,C10270,2026-06-09,Google Ads,Tablet,4,107.7,False,False
S1013069,C10204,2026-01-21,Affiliate,Mobile,4,632.4,True,True
S1013070,C10587,2026-05-07,Facebook,Mobile,2,114.4,False,False
S1013071,C10966,2026-07-01,Instagram,Mobile,7,119.8,False,False
S1013072,C11839,2025-09-11,Google Ads,Mobile,4,63.0,False,False
S1013073,C10884,2026-01-13,Instagram,Mobile,5,323.9,True,False
S1013074,C11388,2025-11-10,Organic,Desktop,4,489.9,False,False
S1013075,,2025-10-09,Organic,Mobile,4,249.6,False,False
S1013076,C11665,2025-09-14,Google Ads,Mobile,5,98.6,False,False
S1013077,C10113,2025-11-18,Organic,Desktop,1,211.2,True,True
S1013078,C11653,2026-07-02,Instagram,Desktop,6,355.6,False,False
S1013079,C10943,2025-09-30,Google Ads,Mobile,2,151.2,False,False
S1013080,C11766,2026-07-02,Instagram,Mobile,6,137.3,False,False
S1013081,C11500,2026-07-13,Google Ads,Mobile,6,302.4,False,False
S1013082,,2025-09-08,Organic,Desktop,7,15.3,True,True
S1013083,C11545,2026-08-04,Email,Mobile,3,42.1,False,False
S1013084,,2026-02-24,Organic,Desktop,2,78.6,False,False
S1013085,C10515,2025-11-23,Email,Desktop,8,173.1,False,False
S1013086,,2025-12-18,Google Ads,Mobile,4,70.5,True,False
S1013087,C11554,2026-06-14,Facebook,Desktop,4,177.3,False,False
S1013088,,2025-12-24,Affiliate,Desktop,3,124.3,False,False
S1013089,,2025-08-23,Organic,Desktop,9,218.8,True,False
S1013090,C11180,2026-08-19,Email,Desktop,4,231.7,True,False
S1013091,C10684,2026-06-12,Google Ads,Desktop,5,159.5,False,False
S1013092,C11302,2026-06-03,Google Ads,Mobile,5,355.0,False,False
S1013093,C10990,2025-11-23,Google Ads,Mobile,7,73.9,False,False
S1013094,C10401,2026-07-15,Email,Desktop,4,49.4,False,False
S1013095,C10915,2026-05-26,Instagram,Mobile,2,178.4,False,False
S1013096,C10510,2026-03-31,Organic,Mobile,8,25.2,False,False
S1013097,C10437,2026-06-30,Facebook,Mobile,5,361.3,False,False
S1013098,,2025-11-17,Affiliate,Mobile,5,102.0,False,False
S1013099,,2025-11-04,Instagram,Desktop,2,154.3,False,False
S1013100,C10809,2026-03-24,Affiliate,Mobile,9,214.5,False,False
S1013101,C10262,2026-02-04,Instagram,Mobile,9,76.7,True,False
S1013102,C11607,2026-07-02,Google Ads,Mobile,6,217.1,True,False
S1013103,C10933,2026-07-31,Instagram,Desktop,4,87.9,False,False
S1013104,C11516,2026-04-12,Google Ads,Tablet,3,64.8,False,False
S1013105,C11755,2026-01-16,Google Ads,Mobile,8,130.7,False,False
S1013106,,2026-02-16,Organic,Mobile,5,144.0,False,False
S1013107,C10989,2026-07-11,Instagram,Desktop,5,140.1,False,False
S1013108,C10062,2026-07-18,Instagram,Mobile,5,117.8,False,False
S1013109,C11234,2026-05-23,Organic,Desktop,3,216.9,False,False
S1013110,C11842,2026-08-12,Organic,Mobile,3,32.5,False,False
S1013111,,2025-08-27,Email,Mobile,4,61.4,False,False
S1013112,C11198,2026-01-03,Facebook,Desktop,2,163.7,False,False
S1013113,C11668,2026-03-27,Organic,Desktop,6,95.5,False,False
S1013114,C10041,2025-11-05,Instagram,Mobile,5,31.8,False,False
S1013115,C10447,2026-02-12,Google Ads,Desktop,5,207.1,True,False
S1013116,,2026-01-31,Email,Mobile,2,82.9,False,False
S1013117,C11190,2026-02-19,Email,Desktop,9,40.3,False,False
S1013118,C11680,2025-09-02,Instagram,Desktop,6,123.9,False,False
S1013119,C11718,2025-11-02,Facebook,Mobile,4,177.2,True,False
S1013120,C11494,2025-11-30,Facebook,Mobile,6,167.5,False,False
S1013121,C11960,2026-03-12,Facebook,Mobile,6,69.1,True,True
S1013122,C11079,2026-02-07,Instagram,Mobile,4,360.7,True,False
S1013123,,2025-10-14,Email,Mobile,5,99.3,False,False
S1013124,,2026-01-15,Instagram,Desktop,2,208.6,False,False
S1013125,,2025-12-07,Facebook,Mobile,6,52.2,True,False
S1013126,C10958,2025-09-12,Instagram,Desktop,8,114.9,False,False
S1013127,,2025-08-21,Organic,Desktop,6,71.3,False,False
S1013128,C10639,2026-07-18,Organic,Mobile,4,113.8,True,True
S1013129,C11013,2026-05-07,Facebook,Mobile,4,477.7,True,False
S1013130,C11235,2025-10-06,Google Ads,Desktop,2,357.1,False,False
S1013131,C10268,2026-08-19,Affiliate,Desktop,4,220.3,False,False
S1013132,C10640,2026-01-18,Email,Mobile,7,130.6,True,False
S1013133,C10384,2025-09-17,Affiliate,Mobile,5,168.6,False,False
S1013134,,2026-04-01,Facebook,Mobile,2,313.2,False,False
S1013135,C11968,2025-10-20,Organic,Mobile,5,81.8,False,False
S1013136,C11043,2025-11-26,Affiliate,Tablet,7,106.7,False,False
S1013137,C11248,2025-09-10,Facebook,Mobile,4,342.8,False,False
S1013138,C10590,2026-06-19,Google Ads,Mobile,5,270.9,False,False
S1013139,C11876,2026-04-06,Affiliate,Desktop,5,13.0,False,False
S1013140,C10935,2026-01-30,Organic,Mobile,6,34.7,True,True
S1013141,C10452,2026-05-18,Google Ads,Mobile,6,134.3,False,False
S1013142,,2026-06-21,Instagram,Mobile,9,53.5,False,False
S1013143,C10785,2025-08-27,Affiliate,Mobile,2,155.4,False,False
S1013144,C10301,2026-06-17,Affiliate,Tablet,5,155.0,True,False
S1013145,C11884,2026-06-08,Facebook,Desktop,7,126.5,False,False
S1013146,C10418,2026-01-24,Google Ads,Mobile,4,122.5,True,False
S1013147,C11294,2025-12-29,Instagram,Mobile,3,162.9,False,False
S1013148,C10959,2026-05-15,Email,Mobile,3,541.8,False,False
S1013149,C11789,2025-12-21,Affiliate,Tablet,5,23.5,False,False
S1013150,C10656,2025-12-12,Organic,Mobile,6,81.5,False,False
S1013151,C10293,2026-04-08,Facebook,Desktop,8,264.8,False,False
S1013152,C10730,2026-06-20,Instagram,Desktop,4,28.1,False,False
S1013153,C11629,2025-10-22,Instagram,Tablet,5,211.8,False,False
S1013154,C11274,2026-03-03,Email,Mobile,3,185.6,False,False
S1013155,C11385,2026-01-03,Email,Mobile,4,289.0,False,False
S1013156,C11003,2026-06-13,Google Ads,Mobile,5,115.3,False,False
S1013157,C10502,2025-09-12,Affiliate,Desktop,4,117.8,True,False
S1013158,C11899,2026-05-07,Instagram,Mobile,2,233.2,False,False
S1013159,,2026-03-29,Google Ads,Mobile,5,101.7,False,False
S1013160,C11585,2026-03-29,Email,Desktop,4,107.5,True,False
S1013161,,2026-03-10,Instagram,Desktop,5,377.5,True,False
S1013162,C11935,2025-10-20,Email,Desktop,10,289.7,False,False
S1013163,,2026-06-11,Google Ads,Mobile,4,315.2,False,False
S1013164,C10840,2025-11-24,Google Ads,Mobile,7,66.0,True,False
S1013165,C10642,2025-09-16,Google Ads,Mobile,6,434.9,False,False
S1013166,C10204,2025-12-23,Organic,Mobile,6,176.6,False,False
S1013167,C11582,2025-12-12,Instagram,Desktop,5,162.9,True,False
S1013168,C10089,2026-03-20,Facebook,,7,143.4,False,False
S1013169,C11219,2026-06-19,Email,Mobile,7,85.2,False,False
S1013170,,2026-02-22,Facebook,Desktop,2,169.7,False,False
S1013171,C11241,2025-11-13,Organic,Desktop,4,110.2,False,False
S1013172,C10177,2026-07-27,Instagram,Mobile,6,134.3,True,False
S1013173,C10057,2026-06-23,Google Ads,Mobile,3,98.2,True,False
S1013174,C11030,2025-09-21,Facebook,Mobile,7,78.5,True,False
S1013175,C10935,2025-09-12,Organic,Desktop,9,263.2,False,False
S1013176,C11494,2026-01-17,Google Ads,Mobile,3,154.3,False,False
S1013177,,2026-05-21,Google Ads,Mobile,3,487.2,False,False
S1013178,C11554,2026-08-18,Facebook,Desktop,5,17.1,True,True
S1013179,C10535,2025-09-16,Google Ads,Mobile,3,100.5,False,False
S1013180,C10767,2026-01-23,Email,Tablet,6,282.5,False,False
S1013181,,2026-07-12,Affiliate,Mobile,4,164.2,False,False
S1013182,C11574,2026-06-28,Organic,Mobile,6,274.1,False,False
S1013183,,2025-08-25,Google Ads,Mobile,3,154.6,False,False
S1013184,C10684,2026-06-14,Affiliate,Desktop,5,69.3,False,False
S1013185,,2025-10-28,Organic,Desktop,4,175.0,False,False
S1013186,C11505,2026-02-05,Organic,Mobile,6,178.1,False,False
S1013187,C11679,2026-02-12,Organic,Desktop,5,55.4,False,False
S1013188,C10172,2026-04-02,Email,Mobile,5,188.3,True,False
S1013189,,2025-11-13,Google Ads,Mobile,11,138.7,False,False
S1013190,C11018,2026-06-03,Affiliate,Mobile,5,142.4,False,False
S1013191,,2026-04-08,Affiliate,Mobile,7,110.3,True,False
S1013192,C10505,2026-07-24,Google Ads,Tablet,4,55.3,False,False
S1013193,C10749,2025-11-06,Email,Mobile,3,96.1,False,False
S1013194,C11922,2025-12-24,Google Ads,Desktop,5,61.0,True,True
S1013195,C11653,2025-11-06,Organic,Desktop,6,161.9,False,False
S1013196,C11042,2025-09-07,Email,Desktop,9,270.3,False,False
S1013197,C11304,2026-02-01,Google Ads,Mobile,4,267.8,True,False
S1013198,,2026-03-24,Instagram,Desktop,12,158.7,True,True
S1013199,C11988,2026-01-08,Organic,Mobile,9,129.9,False,False
S1013200,C11588,2026-04-04,Organic,Desktop,3,168.4,False,False
S1013201,,2026-07-04,Email,Mobile,8,87.9,False,False
S1013202,C10810,2025-09-09,Google Ads,Desktop,4,155.6,False,False
S1013203,C11619,2025-08-27,Google Ads,Desktop,3,97.2,False,False
S1013204,C11561,2025-10-07,Organic,Mobile,3,152.1,False,False
S1013205,,2026-02-14,Google Ads,Mobile,5,123.5,True,True
S1013206,,2025-11-09,Facebook,Mobile,11,73.5,False,False
S1013207,C11743,2025-12-23,Google Ads,Mobile,6,345.9,False,False
S1013208,C10655,2026-06-10,Instagram,Mobile,3,137.8,False,False
S1013209,C11269,2026-03-02,Google Ads,Mobile,8,192.6,False,False
S1013210,C10456,2025-12-19,Organic,Mobile,6,165.2,False,False
S1013211,C10599,2025-09-04,Organic,Mobile,5,106.9,False,False
S1013212,,2026-07-03,Organic,Mobile,6,107.5,False,False
S1013213,C10396,2026-07-27,Instagram,Mobile,3,255.5,False,False
S1013214,C10733,2025-12-17,Email,Desktop,6,247.0,False,False
S1013215,C11910,2025-11-21,Instagram,Desktop,6,106.8,False,False
S1013216,C10921,2026-01-08,Organic,Mobile,3,165.0,False,False
S1013217,C11539,2026-05-29,Organic,Mobile,5,293.5,False,False
S1013218,C11140,2025-12-18,Organic,Mobile,4,144.3,False,False
S1013219,,2026-06-21,Google Ads,Mobile,3,188.6,False,False
S1013220,C10393,2026-05-18,Facebook,Desktop,4,222.3,False,False
S1013221,C10389,2025-12-19,Google Ads,Desktop,5,127.1,False,False
S1013222,C11853,2026-04-14,Organic,Mobile,8,115.2,False,False
S1013223,C11261,2025-11-14,Instagram,Desktop,6,123.6,False,False
S1013224,,2026-06-21,Affiliate,Desktop,4,236.1,False,False
S1013225,,2026-07-23,Affiliate,Desktop,6,244.4,False,False
S1013226,C10903,2025-10-22,Affiliate,Desktop,3,151.7,False,False
S1013227,C11494,2026-06-04,Organic,Desktop,7,68.8,True,True
S1013228,C11061,2026-01-03,Instagram,Mobile,7,64.4,False,False
S1013229,C10111,2026-04-13,Google Ads,Mobile,3,131.7,False,False
S1013230,C11475,2026-08-17,Facebook,Mobile,7,290.6,False,False
S1013231,C10012,2026-07-01,Google Ads,Mobile,9,214.3,False,False
S1013232,C10112,2026-06-03,Facebook,Mobile,5,261.3,True,True
S1013233,C10994,2026-05-12,Google Ads,Mobile,3,104.3,False,False
S1013234,C11210,2026-03-25,Google Ads,Desktop,7,125.1,False,False
S1013235,C11675,2026-02-12,Instagram,Desktop,5,34.9,True,False
S1013236,C10719,2025-10-11,Organic,Mobile,6,26.2,False,False
S1013237,C11648,2026-05-31,Email,Mobile,4,168.9,False,False
S1013238,C11002,2026-01-05,Instagram,Mobile,7,144.2,True,True
S1013239,C11501,2026-06-05,Organic,Desktop,3,132.0,False,False
S1013240,C11980,2026-02-02,Email,Mobile,6,348.4,True,True
S1013241,C10428,2025-09-08,Affiliate,Mobile,3,23.1,False,False
S1013242,C11709,2026-08-15,Affiliate,Mobile,4,52.7,True,False
S1013243,C11399,2025-09-03,Email,Mobile,4,146.0,True,False
S1013244,C10680,2025-10-18,Facebook,Desktop,7,263.7,False,False
S1013245,,2026-05-05,Instagram,Mobile,5,344.5,True,False
S1013246,C11662,2026-08-02,Instagram,Tablet,3,180.3,False,False
S1013247,,2026-04-28,Instagram,Desktop,8,365.6,False,False
S1013248,C11159,2025-08-26,Organic,Mobile,4,107.1,False,False
S1013249,,2026-08-07,Instagram,Mobile,6,104.2,False,False
S1013250,C11066,2026-05-31,Email,Mobile,4,273.1,False,False
S1013251,C11971,2025-10-04,Email,Desktop,8,265.3,False,False
S1013252,C11847,2025-11-05,Google Ads,Mobile,7,50.4,False,False
S1013253,C10681,2026-03-17,Organic,Desktop,4,22.9,True,False
S1013254,C10453,2026-03-07,Instagram,Mobile,3,3.0,True,True
S1013255,C11994,2026-08-06,Google Ads,Tablet,3,47.0,False,False
S1013256,,2026-08-20,Instagram,Mobile,5,84.5,True,True
S1013257,C11187,2026-07-30,Google Ads,Mobile,7,94.1,True,False
S1013258,C10522,2025-11-09,Facebook,Mobile,9,163.1,False,False
S1013259,,2025-10-02,Organic,Desktop,6,116.0,False,False
S1013260,C10696,2025-10-09,Facebook,Mobile,3,264.4,False,False
S1013261,C11407,2026-03-03,Affiliate,Desktop,1,76.9,False,False
S1013262,,2026-06-10,Google Ads,Mobile,7,250.0,False,False
S1013263,C10169,2026-06-11,Organic,Desktop,6,253.8,True,False
S1013264,C11368,2025-11-18,Google Ads,Desktop,5,225.1,True,False
S1013265,C10093,2026-04-05,Google Ads,Mobile,9,35.9,True,False
S1013266,C11299,2026-04-26,Google Ads,Desktop,6,285.5,True,False
S1013267,C10576,2025-10-31,Google Ads,Tablet,6,280.8,True,True
S1013268,C10097,2026-01-08,Google Ads,Desktop,4,282.9,False,False
S1013269,,2026-02-27,Facebook,Desktop,5,75.8,False,False
S1013270,C11133,2026-02-17,Instagram,Desktop,4,89.3,True,True
S1013271,C11728,2026-01-29,Google Ads,Desktop,4,96.1,True,False
S1013272,,2026-07-22,Affiliate,Mobile,3,507.8,True,False
S1013273,C10643,2026-02-10,Email,Mobile,6,11.4,False,False
S1013274,C11113,2026-08-13,Google Ads,Mobile,5,312.7,True,True
S1013275,C11159,2026-04-26,Instagram,Desktop,1,25.4,False,False
S1013276,C10834,2026-05-03,Organic,Mobile,4,164.0,True,True
S1013277,,2026-01-12,Affiliate,Tablet,7,85.9,False,False
S1013278,C11263,2026-07-22,Google Ads,Mobile,5,35.2,False,False
S1013279,C11111,2026-08-18,Email,Mobile,6,190.4,False,False
S1013280,C11421,2026-01-18,Google Ads,Mobile,6,267.6,False,False
S1013281,C11318,2026-04-07,Organic,Mobile,3,143.7,False,False
S1013282,C10646,2026-03-03,Affiliate,Mobile,4,223.4,False,False
S1013283,C10331,2025-12-02,Email,Mobile,5,148.3,False,False
S1013284,C10389,2025-11-17,Facebook,,3,106.9,False,False
S1013285,C10639,2026-05-02,Organic,Mobile,4,21.8,False,False
S1013286,C10429,2025-11-09,Google Ads,Desktop,5,357.6,False,False
S1013287,C11076,2026-06-28,Email,Mobile,6,337.8,False,False
S1013288,C11947,2026-01-29,Facebook,Mobile,2,58.2,False,False
S1013289,C11667,2026-01-30,Instagram,Desktop,4,100.0,False,False
S1013290,C11660,2025-09-18,Google Ads,Mobile,12,191.2,True,False
S1013291,C10695,2026-04-23,Instagram,Mobile,6,165.7,True,False
S1013292,C11046,2025-12-21,Google Ads,Mobile,4,53.3,False,False
S1013293,C10952,2025-08-27,Facebook,Desktop,7,121.2,False,False
S1013294,C11388,2026-08-01,Organic,Desktop,2,75.9,False,False
S1013295,C10234,2026-06-06,Google Ads,Desktop,5,65.5,True,False
S1013296,C11384,2026-03-11,Instagram,Mobile,5,88.9,False,False
S1013297,,2025-10-04,Organic,Mobile,7,49.0,False,False
S1013298,C10554,2026-02-15,Organic,Mobile,4,204.8,True,True
S1013299,C10196,2025-10-20,Organic,Tablet,7,159.0,False,False
S1013300,C10869,2026-07-19,Facebook,Desktop,7,50.2,False,False
S1013301,C11329,2025-10-01,Affiliate,Tablet,3,203.6,False,False
S1013302,C11826,2026-06-14,Google Ads,Mobile,4,218.7,False,False
S1013303,C10463,2026-06-22,Instagram,Mobile,3,130.4,False,False
S1013304,C10509,2026-07-18,Instagram,Mobile,2,150.3,False,False
S1013305,C10337,2026-02-15,Organic,Mobile,8,202.7,True,False
S1013306,C10619,2026-04-11,Email,Mobile,6,706.1,False,False
S1013307,C11733,2026-06-25,Instagram,Mobile,6,104.4,False,False
S1013308,C11090,2025-11-27,Google Ads,Desktop,6,59.2,True,False
S1013309,C11813,2026-08-21,Google Ads,Mobile,3,285.9,False,False
S1013310,C11685,2026-07-27,Organic,Mobile,3,197.2,False,False
S1013311,C10075,2026-07-27,Instagram,Mobile,4,196.9,False,False
S1013312,C10837,2025-11-07,Organic,Desktop,7,46.0,True,True
S1013313,C11373,2025-10-02,Affiliate,Mobile,4,41.7,False,False
S1013314,C10560,2026-02-10,Email,Mobile,2,120.1,False,False
S1013315,C10448,2026-02-17,Instagram,Tablet,5,113.9,False,False
S1013316,C10529,2025-11-05,Google Ads,Mobile,6,116.4,False,False
S1013317,C11636,2025-11-25,Email,Mobile,4,35.8,True,False
S1013318,C11500,2026-01-15,Affiliate,Mobile,5,216.3,False,False
S1013319,C11203,2026-06-29,Google Ads,Desktop,6,231.2,False,False
S1013320,C11737,2025-10-16,Email,Desktop,6,587.5,False,False
S1013321,C11317,2025-10-04,Email,Tablet,3,176.1,False,False
S1013322,C11958,2026-07-27,Google Ads,Mobile,8,720.0,True,True
S1013323,C11336,2026-01-01,Email,Mobile,7,55.7,False,False
S1013324,C11064,2025-11-23,Organic,Mobile,3,191.1,False,False
S1013325,C11503,2025-10-03,Google Ads,Mobile,3,101.5,True,False
S1013326,C11351,2026-03-08,Facebook,Mobile,8,201.8,False,False
S1013327,C10541,2026-02-13,Organic,Mobile,8,344.2,True,False
S1013328,,2026-05-12,Affiliate,Mobile,5,355.6,False,False
S1013329,C10895,2026-05-22,Organic,Desktop,8,49.3,False,False
S1013330,C10409,2026-07-09,Google Ads,Mobile,4,73.0,True,False
S1013331,C11090,2026-02-03,Google Ads,Mobile,4,213.7,False,False
S1013332,,2025-09-30,Email,Mobile,2,96.3,False,False
S1013333,,2025-11-18,Google Ads,Mobile,3,112.0,False,False
S1013334,C10294,2025-12-12,Instagram,Mobile,3,278.4,False,False
S1013335,,2026-03-18,Organic,Desktop,6,311.3,False,False
S1013336,C11033,2026-03-07,Affiliate,Mobile,5,555.7,False,False
S1013337,C10117,2026-02-24,Affiliate,Mobile,3,349.9,False,False
S1013338,C11475,2026-06-24,Email,Desktop,6,293.2,True,False
S1013339,C10550,2025-11-05,Organic,Mobile,9,85.5,False,False
S1013340,C11540,2025-11-16,Instagram,Mobile,5,56.1,True,False
S1013341,C11194,2026-01-02,Affiliate,Desktop,4,215.6,False,False
S1013342,C11195,2026-01-26,Instagram,Desktop,5,186.0,False,False
S1013343,C11233,2025-12-14,Facebook,Mobile,5,17.4,False,False
S1013344,C11615,2025-10-02,Google Ads,Mobile,3,80.5,False,False
S1013345,,2026-08-03,Facebook,Mobile,4,146.6,False,False
S1013346,C10164,2026-07-21,Instagram,Mobile,4,155.0,False,False
S1013347,C10910,2025-12-24,Instagram,Mobile,10,44.5,False,False
S1013348,C10168,2025-11-03,Organic,Desktop,5,80.6,False,False
S1013349,C11073,2025-09-19,Email,Desktop,3,239.4,False,False
S1013350,C11734,2026-06-07,Affiliate,Mobile,2,60.0,False,False
S1013351,C11592,2026-01-29,Organic,Desktop,7,148.1,False,False
S1013352,,2026-06-09,Google Ads,Mobile,4,13.9,False,False
S1013353,C11523,2025-09-10,Instagram,Mobile,3,191.2,False,False
S1013354,C10566,2025-12-29,Instagram,Mobile,5,231.2,False,False
S1013355,C11161,2026-01-15,Organic,Mobile,5,141.3,False,False
S1013356,C10638,2025-11-30,Email,Mobile,8,5.7,True,False
S1013357,C10368,2026-07-17,Instagram,Mobile,5,191.4,True,False
S1013358,C11553,2026-04-14,Google Ads,Desktop,6,299.7,False,False
S1013359,C10309,2025-11-11,Facebook,Mobile,8,426.2,False,False
S1013360,C11368,2026-06-24,Email,Mobile,7,76.2,True,True
S1013361,,2025-09-19,Affiliate,Desktop,2,373.2,False,False
S1013362,C11846,2026-06-21,Google Ads,Desktop,3,437.5,False,False
S1013363,C10467,2026-07-03,Google Ads,Mobile,6,206.3,True,False
S1013364,C11049,2026-04-20,Google Ads,Mobile,2,219.5,False,False
S1013365,,2026-05-01,Facebook,Desktop,5,93.6,False,False
S1013366,C10550,2025-12-19,Organic,Desktop,6,68.9,False,False
S1013367,C11511,2026-03-07,Email,Desktop,3,225.1,False,False
S1013368,C10920,2026-07-21,Email,Tablet,6,106.1,True,False
S1013369,C10660,2026-01-03,Instagram,Mobile,3,359.9,False,False
S1013370,C11710,2026-01-17,Instagram,Mobile,8,242.2,False,False
S1013371,C11338,2026-05-02,Facebook,Mobile,3,172.3,False,False
S1013372,C10738,2026-02-25,Email,Mobile,2,205.8,False,False
S1013373,,2026-02-04,Affiliate,Mobile,5,444.8,False,False
S1013374,C10994,2026-07-08,Instagram,Desktop,5,148.3,False,False
S1013375,,2026-04-27,Google Ads,Desktop,5,202.7,True,False
S1013376,C10858,2026-08-12,Instagram,Desktop,6,310.6,False,False
S1013377,C11062,2026-01-17,Email,Mobile,6,249.2,True,True
S1013378,,2026-02-24,Organic,Mobile,6,147.7,False,False
S1013379,C10488,2026-08-07,Instagram,Mobile,3,890.6,False,False
S1013380,C10718,2025-10-07,Email,Desktop,5,112.8,False,False
S1013381,,2026-03-12,Affiliate,Mobile,3,208.6,False,False
S1013382,C10803,2026-05-15,Google Ads,Mobile,4,48.6,False,False
S1013383,C10685,2026-05-29,Google Ads,Mobile,4,111.6,True,False
S1013384,C11974,2025-08-28,Affiliate,Mobile,5,268.0,False,False
S1013385,C10228,2025-11-07,Instagram,Tablet,4,248.4,False,False
S1013386,,2026-01-06,Facebook,Desktop,6,56.1,False,False
S1013387,,2025-12-28,Facebook,Desktop,9,62.5,False,False
S1013388,C10962,2026-05-22,Google Ads,Desktop,12,288.3,False,False
S1013389,C10332,2026-02-28,Organic,Mobile,2,143.6,True,False
S1013390,C11019,2026-03-24,Affiliate,Desktop,5,12.3,False,False
S1013391,C11032,2025-10-12,Facebook,Mobile,8,202.7,False,False
S1013392,C11641,2026-01-28,Google Ads,Mobile,3,165.5,False,False
S1013393,C10844,2026-02-19,Google Ads,Mobile,3,109.9,True,False
S1013394,C11250,2026-01-14,Instagram,Mobile,2,120.7,False,False
S1013395,,2025-12-31,Affiliate,Mobile,4,232.4,False,False
S1013396,C11828,2026-08-15,Email,Mobile,6,178.7,False,False
S1013397,,2025-10-03,Google Ads,Mobile,6,175.8,False,False
S1013398,C10866,2026-07-02,Facebook,Mobile,3,75.1,False,False
S1013399,C11559,2026-08-20,Facebook,Tablet,5,239.4,False,False
S1013400,C10901,2025-09-04,Facebook,Mobile,4,81.8,False,False
S1013401,C11502,2026-03-01,Google Ads,Mobile,4,50.5,False,False
S1013402,C11570,2026-06-21,Instagram,Mobile,9,210.4,False,False
S1013403,C10429,2026-02-24,Google Ads,,10,302.3,True,False
S1013404,,2026-02-03,Organic,Desktop,4,89.3,False,False
S1013405,,2026-06-11,Email,Mobile,5,37.6,True,False
S1013406,C10775,2025-11-02,Affiliate,Mobile,4,220.8,False,False
S1013407,C11110,2025-09-09,Organic,Desktop,10,101.0,False,False
S1013408,,2026-02-09,Instagram,Mobile,6,236.6,True,False
S1013409,C10761,2026-01-30,Affiliate,Desktop,3,204.4,False,False
S1013410,C11626,2026-05-23,Organic,Tablet,10,101.7,False,False
S1013411,C11777,2026-08-13,Organic,Tablet,2,223.2,False,False
S1013412,C10388,2025-12-26,Organic,Mobile,4,122.4,False,False
S1013413,,2025-11-12,Facebook,Mobile,7,68.1,False,False
S1013414,C11382,2026-01-27,Google Ads,Mobile,4,223.9,True,False
S1013415,C10150,2026-07-25,Facebook,Mobile,4,144.5,False,False
S1013416,C11803,2026-02-02,Facebook,Mobile,6,35.1,True,False
S1013417,C11958,2026-03-23,Facebook,Mobile,5,128.4,False,False
S1013418,C10301,2025-12-14,Google Ads,Desktop,9,187.6,True,True
S1013419,C10692,2025-10-17,Instagram,Mobile,3,241.8,False,False
S1013420,C10890,2026-02-06,Instagram,Desktop,5,78.9,False,False
S1013421,C11535,2025-10-01,Affiliate,Mobile,6,99.4,False,False
S1013422,C11998,2026-05-05,Affiliate,Desktop,6,137.9,True,True
S1013423,,2025-10-16,Google Ads,Desktop,7,206.8,False,False
S1013424,C10293,2025-10-10,Affiliate,Desktop,6,61.7,False,False
S1013425,C11812,2025-10-27,Google Ads,Desktop,3,355.4,False,False
S1013426,,2026-02-09,Organic,Tablet,6,143.3,False,False
S1013427,,2025-09-16,Google Ads,Mobile,5,285.7,True,True
S1013428,,2026-04-13,Facebook,Desktop,3,124.3,False,False
S1013429,C11982,2025-10-09,Email,Desktop,3,128.1,False,False
S1013430,C11851,2026-06-28,Google Ads,Desktop,4,259.6,False,False
S1013431,C10914,2026-05-25,Email,Desktop,7,116.6,False,False
S1013432,C10441,2025-11-22,Facebook,Mobile,4,345.1,False,False
S1013433,C11550,2025-12-06,Google Ads,Mobile,4,120.5,False,False
S1013434,C10687,2025-11-18,Affiliate,Desktop,2,67.5,False,False
S1013435,C11166,2025-09-10,Affiliate,Desktop,5,17.6,True,False
S1013436,,2026-02-18,Affiliate,Desktop,6,119.5,False,False
S1013437,C11451,2026-07-15,Affiliate,Mobile,2,58.2,False,False
S1013438,C10166,2025-10-09,Google Ads,Mobile,4,246.5,False,False
S1013439,C11706,2025-11-18,Email,Mobile,4,119.8,False,False
S1013440,,2025-10-22,Google Ads,Mobile,5,303.5,True,False
S1013441,C10480,2026-01-08,Google Ads,Mobile,9,63.9,False,False
S1013442,C10586,2025-11-27,Instagram,Mobile,4,112.6,False,False
S1013443,C10548,2026-01-24,Affiliate,Desktop,7,20.5,False,False
S1013444,C11821,2026-06-07,Instagram,Tablet,6,35.5,False,False
S1013445,,2026-05-04,Organic,Desktop,4,68.7,False,False
S1013446,C11233,2025-11-10,Email,Tablet,4,106.5,False,False
S1013447,C10166,2025-12-11,Organic,Mobile,6,80.6,True,False
S1013448,C11103,2026-08-05,Google Ads,Desktop,7,302.8,False,False
S1013449,C10843,2026-04-06,Email,Desktop,5,95.9,False,False
S1013450,C11277,2026-04-17,Instagram,Desktop,3,90.1,False,False
S1013451,C11584,2025-12-12,Facebook,Mobile,3,133.8,False,False
S1013452,,2026-05-10,Instagram,Mobile,4,95.4,False,False
S1013453,,2026-02-19,Google Ads,Desktop,4,396.0,False,False
S1013454,C11925,2026-08-07,Instagram,Mobile,6,187.4,True,False
S1013455,C10482,2026-07-09,Organic,Desktop,3,601.0,False,False
S1013456,C11531,2026-07-16,Affiliate,Tablet,7,199.8,False,False
S1013457,C11934,2025-10-29,Affiliate,Mobile,6,43.7,False,False
S1013458,,2026-03-09,Affiliate,Mobile,6,137.8,True,True
S1013459,C11022,2025-10-20,Email,Mobile,2,35.1,False,False
S1013460,C10591,2026-07-24,Organic,Desktop,5,144.4,False,False
S1013461,C10862,2025-12-22,Google Ads,Desktop,4,162.5,False,False
S1013462,C10655,2026-05-31,Facebook,Mobile,2,203.2,False,False
S1013463,C11322,2025-09-12,Google Ads,Mobile,11,344.9,True,True
S1013464,C11958,2025-12-04,Email,Mobile,4,381.5,True,False
S1013465,C11840,2025-08-24,Google Ads,Tablet,6,131.3,False,False
S1013466,C11625,2026-02-15,Email,Mobile,5,217.1,False,False
S1013467,C10484,2025-10-13,Google Ads,Desktop,6,147.9,False,False
S1013468,C11523,2025-10-14,Facebook,Desktop,2,155.6,False,False
S1013469,C11783,2025-10-09,Instagram,Desktop,6,146.1,False,False
S1013470,C11190,2026-07-31,Google Ads,Desktop,6,82.0,False,False
S1013471,C10086,2025-12-06,Google Ads,Desktop,5,37.9,False,False
S1013472,C11393,2026-08-09,Email,Desktop,7,63.4,True,False
S1013473,,2026-06-02,Email,Desktop,7,222.0,False,False
S1013474,C10985,2026-07-06,Google Ads,Mobile,4,176.8,False,False
S1013475,,2026-02-22,Affiliate,Desktop,4,245.0,True,False
S1013476,C11807,2026-07-28,Organic,Desktop,6,393.3,True,True
S1013477,C11020,2026-06-07,Instagram,Desktop,4,371.3,False,False
S1013478,,2025-12-26,Facebook,Desktop,2,341.2,False,False
S1013479,C10186,2026-05-05,Email,Desktop,5,48.6,False,False
S1013480,C10548,2025-10-18,Google Ads,Mobile,4,115.6,True,True
S1013481,C11098,2026-04-09,Google Ads,Desktop,2,96.4,False,False
S1013482,C10552,2025-09-12,Instagram,Mobile,3,231.1,False,False
S1013483,C10995,2026-02-28,Instagram,Mobile,5,196.9,True,False
S1013484,C11553,2025-12-08,Instagram,Desktop,6,100.7,True,True
S1013485,C11027,2026-06-29,Instagram,Mobile,3,112.2,False,False
S1013486,C11534,2026-03-20,Facebook,Mobile,4,30.8,True,False
S1013487,C11196,2026-03-08,Google Ads,Desktop,5,176.4,False,False
S1013488,C10389,2025-11-22,Google Ads,Mobile,7,101.3,False,False
S1013489,,2026-03-25,Instagram,Desktop,9,568.9,False,False
S1013490,,2026-07-28,Email,Mobile,10,151.4,False,False
S1013491,C10599,2025-12-20,Email,Desktop,6,341.9,True,True
S1013492,C10911,2026-07-05,Affiliate,Desktop,1,393.1,True,False
S1013493,C10359,2026-06-20,Organic,Mobile,7,375.7,True,False
S1013494,C10636,2026-05-17,Organic,Mobile,8,145.5,False,False
S1013495,C11531,2026-05-20,Organic,Tablet,1,116.5,False,False
S1013496,C10617,2025-09-15,Google Ads,Mobile,6,274.3,False,False
S1013497,,2025-09-12,Email,Mobile,5,79.7,False,False
S1013498,C10218,2025-11-27,Google Ads,Mobile,4,125.8,True,True
S1013499,C10323,2025-08-27,Facebook,Mobile,5,41.2,False,False
S1013500,C10577,2026-04-13,Organic,Tablet,3,111.3,False,False
S1013501,C10960,2026-07-03,Affiliate,Mobile,4,56.3,False,False
S1013502,C10885,2026-02-03,Organic,Tablet,5,115.7,False,False
S1013503,,2026-07-08,Email,Mobile,7,344.8,False,False
S1013504,,2026-01-22,Facebook,Mobile,6,166.9,True,False
S1013505,C11093,2026-06-07,Facebook,Mobile,2,246.7,False,False
S1013506,C11961,2026-08-10,Facebook,Desktop,4,43.9,False,False
S1013507,,2026-01-19,Google Ads,Mobile,2,46.7,False,False
S1013508,C11202,2026-07-12,Facebook,Desktop,6,139.8,False,False
S1013509,C11119,2025-11-01,Email,Mobile,6,180.1,False,False
S1013510,C10192,2026-08-06,Email,,4,254.4,False,False
S1013511,C10130,2026-02-21,Google Ads,Mobile,5,206.9,False,False
S1013512,,2026-07-22,Affiliate,Mobile,2,227.4,True,False
S1013513,,2026-04-06,Organic,Desktop,8,164.6,False,False
S1013514,,2026-04-25,Google Ads,Mobile,4,48.5,True,True
S1013515,C10199,2026-04-13,Google Ads,Mobile,5,228.3,True,True
S1013516,C10330,2025-12-16,Organic,Mobile,8,64.9,True,False
S1013517,,2026-04-25,Google Ads,Desktop,4,238.5,True,True
S1013518,C11828,2026-06-28,Affiliate,Mobile,2,160.9,False,False
S1013519,C10054,2026-03-29,Organic,Mobile,5,406.5,False,False
S1013520,C11863,2025-12-09,Facebook,Mobile,6,228.5,True,False
S1013521,C10747,2025-12-01,Instagram,Mobile,6,87.1,False,False
S1013522,C10765,2026-01-10,Organic,Mobile,2,62.0,False,False
S1013523,,2026-04-09,Email,Mobile,2,111.8,True,True
S1013524,C10685,2026-04-13,Email,Mobile,6,216.8,True,False
S1013525,,2026-05-20,Affiliate,,10,108.5,False,False
S1013526,C10531,2026-08-12,Google Ads,Mobile,4,169.0,False,False
S1013527,C10580,2025-09-19,Facebook,Desktop,6,6.3,False,False
S1013528,C11823,2025-12-01,Facebook,Mobile,5,235.7,False,False
S1013529,C11113,2025-09-05,Organic,Mobile,3,150.1,False,False
S1013530,,2025-12-27,Google Ads,Mobile,6,180.5,False,False
S1013531,,2025-11-08,Google Ads,Desktop,2,71.6,False,False
S1013532,C11788,2026-05-12,Instagram,Mobile,7,261.2,True,False
S1013533,C10473,2025-09-07,Email,Mobile,8,162.3,False,False
S1013534,C11336,2025-11-06,Google Ads,Mobile,4,247.0,False,False
S1013535,C11890,2025-12-01,Google Ads,Mobile,3,392.9,False,False
S1013536,C11533,2026-06-03,Facebook,Mobile,1,136.4,True,False
S1013537,C10489,2025-09-12,Organic,Mobile,5,100.0,False,False
S1013538,C10286,2025-09-29,Google Ads,Desktop,5,175.2,False,False
S1013539,C11762,2026-07-28,Google Ads,Mobile,4,710.4,False,False
S1013540,,2026-05-21,Instagram,Mobile,5,140.7,False,False
S1013541,C11662,2025-11-03,Organic,Mobile,4,425.4,True,True
S1013542,,2025-08-27,Organic,Desktop,2,17.5,False,False
S1013543,C11923,2025-12-28,Organic,Desktop,6,247.1,True,False
S1013544,C10414,2026-03-04,Google Ads,Tablet,8,4.0,False,False
S1013545,,2026-03-19,Organic,Mobile,3,23.6,False,False
S1013546,C10780,2026-06-03,Google Ads,Mobile,5,381.7,True,False
S1013547,C11719,2025-11-05,Instagram,Desktop,4,225.0,False,False
S1013548,C10624,2026-02-16,Email,Mobile,8,300.5,False,False
S1013549,C11541,2026-08-11,Email,Mobile,4,98.4,False,False
S1013550,C10310,2025-11-29,Organic,Desktop,5,110.7,False,False
S1013551,C11361,2026-02-17,Instagram,Desktop,5,86.8,False,False
S1013552,C11334,2026-07-17,Facebook,Mobile,5,95.6,False,False
S1013553,C10477,2026-05-20,Google Ads,Mobile,9,190.1,True,True
S1013554,C10558,2025-12-23,Affiliate,Mobile,2,77.4,False,False
S1013555,C11802,2026-03-31,Google Ads,Desktop,6,597.4,True,False
S1013556,C11881,2025-10-05,Affiliate,Mobile,5,228.6,False,False
S1013557,C10167,2026-07-04,Facebook,Mobile,7,233.4,False,False
S1013558,C11052,2026-06-03,Organic,Mobile,5,494.5,False,False
S1013559,C10007,2026-03-06,Organic,Mobile,6,80.2,False,False
S1013560,C11234,2025-11-14,Google Ads,Tablet,5,368.8,False,False
S1013561,C11097,2025-10-02,Email,Desktop,2,116.9,False,False
S1013562,C11222,2026-03-23,Affiliate,Mobile,6,75.5,False,False
S1013563,C10130,2025-12-30,Organic,Desktop,4,78.7,False,False
S1013564,C11570,2025-12-29,Instagram,Mobile,6,66.9,True,True
S1013565,C11915,2026-01-02,Google Ads,Mobile,3,49.1,False,False
S1013566,C10361,2026-03-09,Affiliate,Desktop,3,96.3,False,False
S1013567,C11786,2026-01-05,Google Ads,Mobile,6,82.9,False,False
S1013568,C11518,2026-08-09,Organic,Mobile,5,318.8,False,False
S1013569,C10826,2026-03-22,Affiliate,Mobile,5,174.7,False,False
S1013570,,2026-03-07,Email,Desktop,7,318.7,False,False
S1013571,C11826,2026-07-20,Google Ads,Desktop,5,55.2,False,False
S1013572,C10037,2025-10-14,Instagram,Mobile,5,98.6,False,False
S1013573,,2025-12-13,Instagram,Mobile,2,266.3,False,False
S1013574,,2026-01-04,Affiliate,Desktop,4,103.5,False,False
S1013575,C11794,2026-01-22,Email,Mobile,3,28.5,False,False
S1013576,C10757,2026-07-23,Google Ads,Desktop,4,68.1,True,False
S1013577,,2026-04-03,Organic,Desktop,8,78.3,False,False
S1013578,C10812,2025-12-09,Instagram,Mobile,10,29.1,False,False
S1013579,C11400,2026-01-15,Instagram,Tablet,7,186.7,True,True
S1013580,C10204,2026-05-08,Instagram,Mobile,4,290.9,True,True
S1013581,C10343,2025-11-24,Google Ads,Desktop,6,247.2,False,False
S1013582,C10084,2025-09-25,Affiliate,Mobile,7,38.3,False,False
S1013583,C11038,2026-04-15,Organic,Mobile,7,94.6,False,False
S1013584,C10012,2025-12-02,Facebook,Mobile,4,57.1,False,False
S1013585,C10155,2025-12-07,Affiliate,Desktop,4,265.2,True,False
S1013586,C11293,2026-02-09,Google Ads,Desktop,4,310.4,False,False
S1013587,C11151,2026-01-17,Affiliate,Desktop,8,207.3,False,False
S1013588,,2026-08-19,Affiliate,Desktop,3,279.2,False,False
S1013589,C10904,2026-01-25,Affiliate,Mobile,4,23.9,False,False
S1013590,C11243,2026-05-27,Affiliate,Mobile,7,486.7,False,False
S1013591,,2025-12-17,Google Ads,Mobile,2,224.8,False,False
S1013592,C10454,2026-02-23,Email,Mobile,5,124.6,False,False
S1013593,C11263,2026-06-24,Affiliate,Desktop,6,452.2,False,False
S1013594,C10657,2025-10-18,Google Ads,Mobile,2,93.5,False,False
S1013595,C10671,2025-10-18,Google Ads,Tablet,6,272.1,True,True
S1013596,,2025-10-01,Organic,Mobile,4,125.6,True,False
S1013597,C11630,2026-07-14,Google Ads,Desktop,5,177.1,False,False
S1013598,C10524,2026-06-27,Organic,Desktop,2,104.6,False,False
S1013599,C11313,2026-01-07,Email,Mobile,7,277.6,False,False
S1013600,C10641,2026-02-16,Email,Mobile,5,78.3,False,False
S1013601,,2025-11-30,Affiliate,Desktop,4,245.2,False,False
S1013602,,2026-01-26,Google Ads,Mobile,5,25.6,False,False
S1013603,,2026-05-05,Google Ads,Mobile,4,219.5,False,False
S1013604,C10298,2025-11-27,Email,Tablet,4,24.0,True,False
S1013605,C10548,2025-12-02,Google Ads,Desktop,5,617.6,True,True
S1013606,,2026-05-10,Email,Mobile,5,245.9,False,False
S1013607,C11322,2026-07-08,Facebook,Desktop,5,275.0,False,False
S1013608,,2025-12-20,Affiliate,Desktop,2,137.2,False,False
S1013609,C11875,2026-06-30,Instagram,Mobile,4,159.3,False,False
S1013610,,2026-01-23,Email,Desktop,6,449.5,True,False
S1013611,,2026-02-08,Affiliate,Mobile,5,165.1,True,True
S1013612,,2026-02-05,Facebook,Mobile,6,139.0,True,False
S1013613,C11303,2026-07-29,Instagram,Mobile,2,158.9,False,False
S1013614,,2026-04-11,Facebook,Mobile,2,113.7,False,False
S1013615,C10149,2025-09-28,Instagram,Mobile,6,67.2,False,False
S1013616,C11826,2026-05-02,Affiliate,Desktop,3,113.3,True,False
S1013617,C11006,2026-03-26,Facebook,Mobile,5,130.1,False,False
S1013618,,2026-05-28,Google Ads,Desktop,5,125.9,False,False
S1013619,C10853,2026-06-28,Email,,3,152.2,True,True
S1013620,C11524,2026-04-28,Organic,Mobile,5,142.7,False,False
S1013621,C11759,2026-01-29,Affiliate,Mobile,8,37.0,False,False
S1013622,C10756,2026-08-17,Organic,Desktop,5,52.8,False,False
S1013623,C11640,2025-08-21,Instagram,Desktop,3,78.2,False,False
S1013624,,2025-10-23,Google Ads,Mobile,4,374.2,True,True
S1013625,C10728,2025-08-31,Organic,Mobile,4,145.9,False,False
S1013626,C11516,2026-05-15,Instagram,Mobile,8,185.4,False,False
S1013627,C10513,2025-11-21,Email,Mobile,5,45.7,False,False
S1013628,C10741,2025-12-14,Organic,Mobile,5,617.5,False,False
S1013629,C11048,2026-01-16,Organic,Desktop,5,501.8,True,False
S1013630,C11058,2026-07-07,Facebook,Mobile,3,70.3,False,False
S1013631,C10490,2025-11-21,Email,Desktop,8,161.1,True,False
S1013632,,2026-07-12,Google Ads,Tablet,6,217.8,False,False
S1013633,C11292,2026-06-21,Organic,Mobile,4,12.3,False,False
S1013634,C10044,2026-03-11,Instagram,Mobile,3,452.3,False,False
S1013635,C11117,2026-07-09,Google Ads,Desktop,6,117.8,False,False
S1013636,C10016,2025-08-29,Instagram,Mobile,1,220.0,False,False
S1013637,C10238,2026-01-09,Email,Mobile,4,124.3,False,False
S1013638,C10706,2026-05-07,Instagram,Mobile,4,238.8,False,False
S1013639,C11101,2026-04-18,Affiliate,Mobile,3,251.7,False,False
S1013640,,2025-12-26,Organic,Desktop,3,255.5,False,False
S1013641,C10517,2026-04-16,Facebook,Desktop,6,153.0,False,False
S1013642,C11935,2025-08-26,Instagram,Tablet,4,164.3,False,False
S1013643,C10684,2026-03-31,Google Ads,Tablet,3,129.0,False,False
S1013644,C11908,2026-08-09,Affiliate,Desktop,5,248.4,False,False
S1013645,,2025-09-27,Organic,Desktop,4,216.0,False,False
S1013646,C10044,2025-10-24,Affiliate,Mobile,5,158.9,False,False
S1013647,C10470,2026-08-03,Email,Mobile,4,302.3,True,False
S1013648,C11093,2026-04-07,Email,Tablet,2,170.8,False,False
S1013649,C10165,2025-09-08,Instagram,Mobile,6,38.1,False,False
S1013650,C10175,2026-05-24,Email,Mobile,8,211.1,True,True
S1013651,C11056,2026-07-14,Facebook,Desktop,3,224.2,False,False
S1013652,C11005,2025-11-04,Instagram,Desktop,9,212.5,False,False
S1013653,,2026-01-04,Google Ads,Mobile,2,156.8,False,False
S1013654,C10630,2026-04-25,Instagram,Mobile,3,88.1,False,False
S1013655,C10603,2025-11-17,Google Ads,Mobile,6,658.4,False,False
S1013656,C11669,2025-12-29,Facebook,Mobile,7,55.6,True,False
S1013657,C11559,2026-02-21,Organic,Desktop,3,38.6,False,False
S1013658,C11589,2025-09-02,Organic,Mobile,5,102.2,True,True
S1013659,C10108,2026-08-02,Google Ads,Desktop,8,228.1,True,False
S1013660,C10409,2026-01-03,Facebook,Desktop,7,39.7,False,False
S1013661,C11541,2026-05-16,Google Ads,Mobile,5,88.6,False,False
S1013662,C11249,2025-08-31,Instagram,Desktop,6,233.9,False,False
S1013663,C10288,2026-08-06,Facebook,Desktop,6,164.5,False,False
S1013664,,2025-10-07,Google Ads,Mobile,6,149.9,False,False
S1013665,C10703,2026-03-16,Facebook,Mobile,3,59.2,True,True
S1013666,,2026-03-13,Instagram,Mobile,3,146.9,True,False
S1013667,C10104,2026-04-21,Google Ads,Desktop,7,190.7,False,False
S1013668,C10508,2026-02-25,Google Ads,Mobile,5,106.2,False,False
S1013669,C11033,2026-02-22,Instagram,Mobile,4,164.0,False,False
S1013670,C11099,2026-01-12,Affiliate,Desktop,3,199.4,False,False
S1013671,C11529,2025-10-06,Email,Mobile,1,171.1,False,False
S1013672,C10483,2026-06-19,Email,Mobile,4,455.2,True,False
S1013673,C10361,2025-11-15,Facebook,Mobile,5,55.2,False,False
S1013674,C11586,2025-11-29,Organic,,5,88.1,True,False
S1013675,C10095,2025-12-04,Email,Mobile,2,266.1,False,False
S1013676,C10574,2025-10-07,Facebook,Mobile,4,70.6,True,True
S1013677,C11777,2026-01-31,Organic,Desktop,3,101.9,False,False
S1013678,C11849,2026-02-14,Organic,Mobile,3,271.1,False,False
S1013679,C10414,2025-11-02,Organic,Mobile,6,44.5,False,False
S1013680,,2026-01-14,Affiliate,Mobile,5,361.1,True,True
S1013681,,2026-01-10,Organic,Desktop,9,78.5,False,False
S1013682,C11986,2026-03-07,Facebook,Mobile,5,207.0,False,False
S1013683,C10720,2025-09-27,Instagram,Mobile,3,512.9,False,False
S1013684,C11483,2026-01-22,Instagram,Mobile,7,417.2,True,True
S1013685,,2025-12-27,Organic,Mobile,4,337.9,False,False
S1013686,C10711,2026-02-28,Affiliate,Desktop,3,292.3,False,False
S1013687,,2025-11-10,Instagram,Mobile,11,29.1,False,False
S1013688,C11126,2026-03-27,Google Ads,Mobile,8,139.9,False,False
S1013689,,2026-03-28,Organic,Desktop,3,95.2,False,False
S1013690,C10949,2026-01-21,Organic,Desktop,4,253.4,False,False
S1013691,C11144,2026-07-28,Google Ads,Mobile,8,308.5,True,False
S1013692,C10516,2026-05-09,Email,Mobile,6,280.3,False,False
S1013693,C11356,2025-10-19,Email,Tablet,8,146.6,False,False
S1013694,C10387,2025-10-13,Email,Mobile,7,239.9,False,False
S1013695,C10739,2026-01-01,Google Ads,Desktop,5,108.4,False,False
S1013696,C11440,2026-03-22,Google Ads,Mobile,5,45.1,False,False
S1013697,C11216,2026-06-23,Google Ads,Desktop,10,26.2,False,False
S1013698,C11885,2026-04-11,Google Ads,Tablet,8,102.0,False,False
S1013699,C10570,2026-02-15,Instagram,Mobile,3,347.1,False,False
S1013700,,2026-03-24,Instagram,Mobile,5,47.0,True,False
S1013701,,2026-04-06,Organic,Desktop,5,187.0,True,True
S1013702,,2026-01-03,Email,Tablet,2,406.3,False,False
S1013703,C10037,2026-07-12,Facebook,Desktop,6,263.5,False,False
S1013704,,2026-04-04,Organic,Mobile,8,125.5,False,False
S1013705,,2026-05-17,Email,Mobile,6,31.1,False,False
S1013706,C10591,2026-04-06,Organic,Mobile,4,351.1,False,False
S1013707,C11548,2026-03-23,Organic,Mobile,2,80.2,False,False
S1013708,C10371,2026-04-22,Google Ads,Mobile,5,173.5,True,False
S1013709,C10109,2026-02-24,Facebook,Desktop,5,75.1,False,False
S1013710,C10119,2025-08-27,Email,Mobile,4,66.1,False,False
S1013711,C10423,2026-06-25,Affiliate,Mobile,5,219.3,True,False
S1013712,C11580,2026-01-13,Affiliate,Mobile,3,345.6,False,False
S1013713,C11822,2025-11-08,Instagram,Mobile,5,169.3,False,False
S1013714,C10136,2026-08-02,Google Ads,Mobile,3,394.9,False,False
S1013715,C11410,2025-08-21,Instagram,Tablet,5,250.5,False,False
S1013716,C10577,2026-05-08,Facebook,Desktop,3,183.4,True,False
S1013717,C11236,2025-11-03,Google Ads,Mobile,3,13.7,False,False
S1013718,C10467,2025-12-31,Instagram,Mobile,8,193.8,True,True
S1013719,C10820,2026-04-05,Google Ads,Mobile,5,436.4,True,False
S1013720,,2026-03-11,Google Ads,Desktop,5,122.6,False,False
S1013721,,2026-07-17,Facebook,Mobile,7,177.7,False,False
S1013722,C10573,2026-03-10,Affiliate,Mobile,4,212.4,False,False
S1013723,C11567,2026-06-30,Organic,Mobile,7,171.2,False,False
S1013724,C10546,2026-05-02,Organic,Mobile,12,126.6,True,False
S1013725,C11794,2026-03-03,Email,Mobile,3,300.8,False,False
S1013726,C11649,2026-04-27,Affiliate,Tablet,6,162.2,True,False
S1013727,C10746,2025-10-24,Google Ads,Desktop,3,222.2,False,False
S1013728,C11776,2025-11-30,Instagram,Mobile,8,211.8,True,False
S1013729,C11640,2025-10-08,Google Ads,Mobile,3,149.7,True,False
S1013730,C10307,2026-08-18,Affiliate,Mobile,5,180.0,False,False
S1013731,C11703,2026-03-03,Facebook,Desktop,5,19.8,False,False
S1013732,C11956,2026-05-04,Facebook,Mobile,2,140.2,False,False
S1013733,C11317,2026-07-11,Organic,Tablet,3,110.7,False,False
S1013734,C11505,2026-04-10,Facebook,Mobile,4,313.6,False,False
S1013735,C10883,2026-05-05,Google Ads,Mobile,4,70.0,False,False
S1013736,C10794,2026-06-13,Facebook,Mobile,5,332.5,False,False
S1013737,C10292,2026-07-12,Google Ads,Desktop,2,285.9,False,False
S1013738,C10938,2026-06-02,Email,Desktop,3,100.9,True,False
S1013739,C10715,2026-03-18,Email,Desktop,3,179.0,False,False
S1013740,C10612,2025-11-10,Instagram,Mobile,5,92.8,True,False
S1013741,C10366,2025-12-02,Google Ads,Mobile,5,74.2,False,False
S1013742,C10462,2025-09-29,Organic,Tablet,6,164.9,False,False
S1013743,C10907,2026-07-28,Affiliate,Mobile,4,16.5,False,False
S1013744,C11608,2026-07-01,Organic,Mobile,8,99.6,False,False
S1013745,C11426,2026-07-03,Facebook,Mobile,3,244.2,False,False
S1013746,C10308,2025-10-17,Affiliate,Mobile,5,55.3,False,False
S1013747,C11179,2026-04-21,Facebook,Desktop,3,132.8,False,False
S1013748,C11543,2026-06-23,Facebook,Mobile,6,121.3,False,False
S1013749,,2026-04-14,Organic,Mobile,4,184.0,False,False
S1013750,C11942,2026-06-11,Organic,Mobile,7,201.8,True,False
S1013751,,2026-04-14,Google Ads,Desktop,11,168.1,False,False
S1013752,C11490,2026-02-19,Email,Desktop,5,74.4,False,False
S1013753,C10971,2026-07-04,Facebook,Desktop,4,73.9,False,False
S1013754,C11361,2025-12-27,Email,Desktop,6,128.5,True,True
S1013755,C10453,2025-11-07,Email,Mobile,6,59.1,True,False
S1013756,C11032,2026-01-18,Organic,Mobile,6,93.2,False,False
S1013757,C11544,2026-05-10,Google Ads,Mobile,2,453.2,False,False
S1013758,,2026-01-19,Instagram,Tablet,6,228.8,True,False
S1013759,C11175,2026-04-15,Facebook,Mobile,6,87.8,False,False
S1013760,C10673,2026-03-25,Affiliate,Mobile,2,232.8,False,False
S1013761,C10099,2026-07-23,Instagram,Desktop,6,217.6,False,False
S1013762,C11664,2026-05-06,Email,Mobile,11,102.5,False,False
S1013763,C10613,2025-11-23,Instagram,Desktop,4,60.7,False,False
S1013764,C11072,2025-12-19,Instagram,Tablet,6,187.8,False,False
S1013765,C10076,2026-06-12,Email,Mobile,6,123.2,True,False
S1013766,C11386,2026-07-31,Instagram,Desktop,4,150.1,True,False
S1013767,C11563,2025-09-21,Organic,Mobile,3,306.6,False,False
S1013768,,2026-07-13,Instagram,Desktop,5,135.9,False,False
S1013769,C11589,2026-06-28,Organic,Desktop,2,152.1,True,False
S1013770,C10204,2026-02-24,Instagram,Mobile,3,91.4,False,False
S1013771,C10316,2025-09-14,Organic,Desktop,3,47.7,False,False
S1013772,C11249,2026-03-06,Organic,Mobile,7,220.2,False,False
S1013773,C11175,2025-11-07,Organic,Mobile,7,412.4,False,False
S1013774,C10807,2026-02-19,Facebook,Desktop,3,120.6,False,False
S1013775,C10476,2025-09-01,Email,Desktop,4,189.1,False,False
S1013776,C11500,2026-01-21,Affiliate,Mobile,5,285.8,False,False
S1013777,C10876,2026-04-11,Instagram,Mobile,7,11.1,False,False
S1013778,C10472,2026-06-29,Organic,Mobile,5,403.3,False,False
S1013779,C10489,2025-11-08,Facebook,Mobile,8,104.8,False,False
S1013780,C11643,2026-01-21,Facebook,Mobile,10,135.2,True,False
S1013781,C10526,2026-06-05,Google Ads,Mobile,6,26.9,False,False
S1013782,,2026-08-15,Google Ads,Mobile,6,207.0,False,False
S1013783,C11046,2026-05-30,Instagram,Mobile,5,183.2,False,False
S1013784,C10105,2026-02-28,Google Ads,Mobile,3,220.2,False,False
S1013785,C11877,2025-11-12,Google Ads,Mobile,4,102.1,True,False
S1013786,,2025-09-24,Google Ads,Desktop,5,247.2,False,False
S1013787,,2025-10-19,Organic,Mobile,4,467.2,False,False
S1013788,,2026-04-19,Google Ads,Mobile,1,67.7,False,False
S1013789,C11746,2026-05-02,Email,Mobile,6,70.9,True,False
S1013790,C11030,2026-04-24,Affiliate,Mobile,6,239.8,False,False
S1013791,,2025-09-16,Facebook,Desktop,4,70.2,False,False
S1013792,C10357,2026-03-17,Instagram,Desktop,7,137.8,False,False
S1013793,,2026-08-05,Facebook,Mobile,4,202.6,True,False
S1013794,C11818,2026-06-09,Google Ads,Desktop,3,125.9,False,False
S1013795,,2026-04-19,Google Ads,Tablet,5,110.7,True,True
S1013796,C10054,2026-04-07,Google Ads,Desktop,5,310.9,False,False
S1013797,C10368,2026-06-05,Email,Mobile,3,403.0,False,False
S1013798,C10795,2025-08-25,Facebook,Tablet,6,93.3,False,False
S1013799,C10847,2026-06-09,Instagram,Mobile,5,192.8,False,False
S1013800,C11695,2026-04-18,Instagram,Mobile,4,165.5,False,False
S1013801,,2025-11-02,Facebook,Mobile,6,195.9,False,False
S1013802,,2026-06-10,Facebook,Tablet,4,338.1,False,False
S1013803,C11668,2026-04-20,Google Ads,Desktop,3,200.3,False,False
S1013804,C11116,2025-12-12,Affiliate,Mobile,5,67.9,True,False
S1013805,C11545,2026-01-19,Email,Mobile,1,263.2,False,False
S1013806,C11985,2026-06-15,Email,Mobile,3,199.8,False,False
S1013807,C10052,2025-12-28,Email,Desktop,4,48.4,False,False
S1013808,,2025-09-24,Google Ads,Mobile,6,105.2,True,True
S1013809,,2025-12-02,Email,Mobile,3,338.1,True,False
S1013810,C11570,2026-03-12,Instagram,Mobile,4,77.2,False,False
S1013811,C10918,2026-05-25,Facebook,Desktop,9,206.1,False,False
S1013812,C10344,2026-04-06,Facebook,Desktop,7,191.4,False,False
S1013813,,2026-01-30,Email,Tablet,4,86.8,True,True
S1013814,C11949,2026-01-13,Google Ads,Desktop,7,222.2,False,False
S1013815,,2026-02-22,Organic,Mobile,5,148.0,False,False
S1013816,C11480,2026-07-18,Affiliate,Mobile,5,327.2,True,False
S1013817,C10960,2026-01-23,Google Ads,Desktop,6,121.3,False,False
S1013818,C10274,2025-10-11,Facebook,Desktop,8,156.0,False,False
S1013819,C10796,2026-05-19,Email,Desktop,5,289.5,False,False
S1013820,C11203,2026-07-02,Organic,Mobile,6,111.2,False,False
S1013821,,2026-07-25,Email,Mobile,6,404.7,True,False
S1013822,C10966,2026-05-09,Google Ads,Mobile,4,85.3,False,False
S1013823,,2026-01-28,Organic,Desktop,1,23.5,False,False
S1013824,,2025-10-28,Facebook,Mobile,11,124.9,False,False
S1013825,C10476,2025-11-02,Organic,Mobile,9,198.2,False,False
S1013826,C11935,2026-01-06,Google Ads,Tablet,7,133.6,False,False
S1013827,C11880,2026-02-27,Facebook,Mobile,4,28.7,False,False
S1013828,C10823,2026-03-05,Instagram,Desktop,1,31.8,False,False
S1013829,C10108,2026-03-18,Google Ads,Mobile,2,90.2,False,False
S1013830,C11328,2026-01-30,Organic,Desktop,4,72.2,False,False
S1013831,C10881,2026-02-06,Instagram,Mobile,4,95.8,False,False
S1013832,C11048,2026-01-11,Google Ads,Mobile,4,96.5,False,False
S1013833,C10655,2025-10-29,Google Ads,Mobile,11,299.4,True,True
S1013834,C10637,2026-07-17,Google Ads,Tablet,5,283.2,True,True
S1013835,C11991,2026-03-03,Instagram,Desktop,3,137.0,False,False
S1013836,C10381,2026-02-03,Email,Mobile,1,98.2,False,False
S1013837,C11518,2026-04-20,Organic,Mobile,6,91.1,False,False
S1013838,C10740,2025-11-30,Instagram,Desktop,8,285.1,True,True
S1013839,C11681,2026-04-23,Google Ads,Mobile,6,144.8,False,False
S1013840,C10164,2026-01-25,Organic,Mobile,4,184.0,False,False
S1013841,C10825,2025-11-26,Instagram,Mobile,1,109.1,False,False
S1013842,C10675,2026-04-07,Email,Mobile,10,87.8,False,False
S1013843,C11591,2025-11-06,Instagram,Mobile,4,160.3,False,False
S1013844,C11257,2026-08-19,Email,Mobile,4,418.3,True,False
S1013845,,2025-12-18,Organic,Tablet,10,14.2,False,False
S1013846,C10054,2026-08-20,Organic,Desktop,5,271.1,True,False
S1013847,C10362,2026-08-07,Facebook,Mobile,6,96.9,False,False
S1013848,,2026-06-30,Email,Mobile,5,82.0,False,False
S1013849,C11386,2026-05-23,Organic,Mobile,6,481.0,False,False
S1013850,C11984,2026-07-14,Affiliate,Desktop,7,121.8,True,False
S1013851,,2026-02-10,Affiliate,Mobile,3,149.7,True,False
S1013852,C11419,2026-07-03,Google Ads,Mobile,5,156.2,True,False
S1013853,C10208,2025-09-19,Instagram,Desktop,8,75.8,False,False
S1013854,C11045,2025-09-04,Facebook,Mobile,4,216.3,False,False
S1013855,C11083,2026-05-20,Email,Mobile,3,186.5,False,False
S1013856,,2025-12-29,Google Ads,Desktop,3,580.5,False,False
S1013857,C11666,2026-04-24,Organic,Mobile,3,156.9,False,False
S1013858,C11179,2026-02-16,Affiliate,Mobile,2,161.9,False,False
S1013859,C11131,2026-07-04,Email,Mobile,3,32.7,False,False
S1013860,C11728,2026-03-22,Facebook,Mobile,4,292.6,False,False
S1013861,C10622,2025-08-25,Email,Mobile,4,38.1,True,False
S1013862,,2025-12-04,Email,Mobile,3,58.8,False,False
S1013863,C10865,2026-03-28,Instagram,Mobile,3,93.0,False,False
S1013864,,2026-03-27,Email,Desktop,8,213.8,False,False
S1013865,C10789,2025-10-02,Affiliate,Desktop,5,191.5,True,True
S1013866,C10957,2025-12-28,Facebook,Mobile,7,173.0,False,False
S1013867,C10053,2025-08-25,Google Ads,Mobile,7,31.1,False,False
S1013868,C11320,2026-06-23,Affiliate,Desktop,4,331.2,False,False
S1013869,C10992,2026-07-03,Email,Mobile,3,248.3,False,False
S1013870,C10392,2026-02-17,Organic,Mobile,5,458.0,True,False
S1013871,C11024,2026-03-07,Instagram,Desktop,3,220.5,False,False
S1013872,C11039,2026-01-20,Email,Desktop,9,292.4,False,False
S1013873,C10435,2026-04-15,Affiliate,Mobile,7,413.0,False,False
S1013874,C10370,2025-12-08,Organic,Mobile,5,137.3,False,False
S1013875,,2025-09-11,Email,Mobile,7,276.6,True,True
S1013876,C11165,2026-08-18,Affiliate,Mobile,2,146.7,False,False
S1013877,C11560,2026-08-09,Affiliate,Mobile,4,280.5,False,False
S1013878,C11932,2026-05-07,Facebook,Desktop,6,16.6,False,False
S1013879,C10518,2026-03-26,Organic,Mobile,7,85.5,True,False
S1013880,C11954,2025-12-28,Affiliate,Mobile,6,243.4,False,False
S1013881,C11859,2025-11-14,Organic,Desktop,10,134.0,True,False
S1013882,C11493,2025-11-27,Email,Tablet,4,162.0,False,False
S1013883,C11817,2026-06-02,Instagram,,1,174.8,False,False
S1013884,C11608,2026-02-24,Google Ads,Mobile,3,289.2,True,True
S1013885,C10274,2025-12-13,Organic,Desktop,4,32.6,True,True
S1013886,C11909,2026-03-22,Google Ads,Desktop,9,26.4,False,False
S1013887,C11427,2026-08-13,Organic,Mobile,8,90.0,False,False
S1013888,,2026-03-25,Instagram,Mobile,7,100.7,True,False
S1013889,C10357,2026-07-24,Email,Desktop,3,173.8,False,False
S1013890,,2026-01-15,Organic,Mobile,6,155.3,False,False
S1013891,C10996,2026-07-03,Facebook,Mobile,4,73.9,False,False
S1013892,C10612,2026-07-29,Organic,Desktop,6,70.5,True,False
S1013893,C10131,2025-10-23,Organic,Mobile,6,193.9,False,False
S1013894,,2026-07-02,Instagram,Mobile,9,134.6,False,False
S1013895,C11758,2026-02-04,Organic,Mobile,6,40.9,False,False
S1013896,C11438,2025-10-03,Instagram,Desktop,2,166.4,False,False
S1013897,C10513,2026-08-05,Google Ads,Desktop,6,299.5,False,False
S1013898,C10144,2026-06-22,Facebook,Mobile,7,188.2,True,False
S1013899,C10177,2026-01-29,Google Ads,Mobile,8,162.9,False,False
S1013900,C10238,2026-03-03,Affiliate,Mobile,6,160.9,True,True
S1013901,C11957,2026-01-17,Google Ads,Tablet,3,209.6,False,False
S1013902,C11660,2026-03-02,Email,Mobile,5,109.2,False,False
S1013903,C10234,2025-10-05,Facebook,Mobile,3,82.1,False,False
S1013904,C10671,2025-10-15,Email,Mobile,4,144.4,True,False
S1013905,,2026-05-08,Google Ads,Desktop,4,193.2,False,False
S1013906,C11864,2026-07-20,Instagram,Tablet,6,257.7,False,False
S1013907,C10254,2026-03-26,Organic,Mobile,3,184.4,False,False
S1013908,C10431,2026-05-28,Instagram,Mobile,8,215.3,False,False
S1013909,C11714,2026-04-30,Organic,Desktop,5,262.7,False,False
S1013910,,2025-12-25,Instagram,Mobile,5,122.4,False,False
S1013911,C11585,2025-10-14,Google Ads,Mobile,4,152.1,True,False
S1013912,C11454,2026-06-02,Google Ads,Desktop,3,131.9,False,False
S1013913,,2026-03-25,Email,Mobile,7,58.7,True,True
S1013914,C11617,2025-11-04,Organic,Tablet,5,114.2,False,False
S1013915,C11866,2026-02-21,Organic,Tablet,4,592.4,False,False
S1013916,,2026-02-01,Affiliate,Mobile,6,80.6,False,False
S1013917,C11257,2026-04-28,Facebook,Mobile,4,258.7,False,False
S1013918,,2026-04-01,Google Ads,Mobile,6,130.7,False,False
S1013919,C10460,2026-06-08,Google Ads,Mobile,6,118.3,False,False
S1013920,C10519,2026-02-19,Email,Desktop,6,38.3,False,False
S1013921,C10086,2025-09-26,Google Ads,Tablet,6,239.3,True,False
S1013922,C10839,2026-04-14,Organic,Mobile,3,17.2,False,False
S1013923,C11269,2025-09-11,Instagram,Mobile,6,52.6,False,False
S1013924,C10286,2026-03-18,Facebook,Mobile,8,348.9,False,False
S1013925,C10562,2025-12-07,Instagram,Mobile,5,199.7,False,False
S1013926,C10757,2025-12-20,Organic,Mobile,5,99.8,False,False
S1013927,C11381,2026-07-16,Email,Mobile,7,460.4,True,True
S1013928,,2026-04-28,Affiliate,Mobile,5,199.1,False,False
S1013929,C10786,2025-10-09,Facebook,Desktop,6,284.5,False,False
S1013930,C10245,2026-01-08,Instagram,Desktop,9,109.9,False,False
S1013931,C11322,2026-05-28,Organic,Mobile,4,423.9,False,False
S1013932,C10871,2025-11-08,Google Ads,Desktop,4,181.1,True,False
S1013933,C10607,2026-02-09,Facebook,Mobile,5,281.1,False,False
S1013934,C10859,2026-02-27,Affiliate,Mobile,9,242.0,False,False
S1013935,C10803,2025-10-10,Organic,Desktop,5,147.3,False,False
S1013936,C10273,2026-04-21,Facebook,Mobile,4,200.7,True,False
S1013937,C11914,2026-02-03,Facebook,Desktop,5,157.4,False,False
S1013938,C10714,2026-04-24,Organic,Desktop,4,55.5,False,False
S1013939,C10324,2026-01-30,Organic,Mobile,7,187.6,False,False
S1013940,C11427,2026-04-30,Organic,,6,109.6,False,False
S1013941,C10435,2025-09-03,Google Ads,Desktop,4,340.6,False,False
S1013942,C10685,2026-06-19,Instagram,Mobile,8,121.7,False,False
S1013943,C11469,2026-03-14,Email,Mobile,7,172.7,True,True
S1013944,C10909,2026-06-01,Affiliate,Mobile,5,60.1,False,False
S1013945,,2026-01-31,Google Ads,Tablet,10,135.3,True,True
S1013946,C11699,2026-05-20,Google Ads,Mobile,6,106.3,False,False
S1013947,C11099,2026-04-07,Email,Mobile,4,153.6,True,False
S1013948,,2026-01-01,Google Ads,Mobile,4,138.5,False,False
S1013949,C10436,2025-09-21,Email,Desktop,3,273.8,True,False
S1013950,C11284,2026-06-05,Google Ads,Mobile,5,76.0,False,False
S1013951,C10820,2025-08-31,Instagram,Desktop,4,118.6,False,False
S1013952,,2026-01-05,Instagram,Mobile,2,156.3,False,False
S1013953,C11651,2025-11-17,Facebook,Mobile,5,173.9,True,True
S1013954,C11108,2026-03-22,Facebook,Mobile,6,241.4,False,False
S1013955,C11054,2025-12-06,Organic,Tablet,4,380.5,False,False
S1013956,C11933,2026-05-19,Email,Desktop,5,405.4,True,False
S1013957,,2025-12-29,Google Ads,Mobile,6,29.3,False,False
S1013958,C10627,2026-06-06,Instagram,Desktop,3,130.6,True,True
S1013959,,2026-07-29,Facebook,Mobile,7,236.2,True,False
S1013960,,2026-05-22,Organic,Mobile,6,99.4,True,True
S1013961,C10592,2026-05-30,Email,Desktop,5,212.6,False,False
S1013962,C11775,2026-04-11,Organic,Desktop,3,144.9,False,False
S1013963,C11731,2025-08-26,Google Ads,Mobile,4,35.0,False,False
S1013964,C11615,2025-10-09,Instagram,Desktop,11,134.6,False,False
S1013965,C10072,2025-09-09,Email,Mobile,4,71.0,False,False
S1013966,,2025-12-22,Instagram,Mobile,3,276.4,False,False
S1013967,C11319,2026-05-22,Google Ads,Tablet,8,26.2,False,False
S1013968,,2025-12-16,Facebook,Mobile,4,75.0,True,True
S1013969,C10384,2026-08-11,Organic,Desktop,2,62.3,False,False
S1013970,C11018,2025-12-18,Facebook,Mobile,4,17.8,False,False
S1013971,C11092,2026-04-05,Organic,Mobile,2,209.7,False,False
S1013972,C10186,2026-04-06,Instagram,Mobile,9,66.8,False,False
S1013973,,2026-04-18,Organic,Mobile,5,64.4,False,False
S1013974,,2025-11-20,Google Ads,Mobile,7,396.1,False,False
S1013975,C11857,2026-05-10,Facebook,Mobile,6,156.4,False,False
S1013976,,2026-02-23,Google Ads,Mobile,2,55.5,False,False
S1013977,C10280,2025-09-24,Instagram,Mobile,5,289.9,False,False
S1013978,,2025-08-23,Google Ads,Desktop,3,62.8,False,False
S1013979,C11919,2026-04-21,Organic,Mobile,2,37.5,False,False
S1013980,C11295,2026-03-01,Google Ads,Mobile,7,371.6,False,False
S1013981,C10766,2026-06-16,Instagram,Mobile,5,231.4,False,False
S1013982,C11440,2026-06-24,Instagram,Desktop,3,153.1,False,False
S1013983,C11043,2025-10-22,Affiliate,Desktop,6,101.9,False,False
S1013984,C11599,2026-01-11,Organic,Mobile,5,297.3,False,False
S1013985,C11553,2025-10-21,Google Ads,Mobile,4,153.2,False,False
S1013986,,2026-01-30,Instagram,Mobile,2,171.9,False,False
S1013987,C10264,2026-07-29,Email,Mobile,5,353.5,False,False
S1013988,C11525,2026-02-14,Organic,Desktop,3,156.0,False,False
S1013989,C10668,2026-04-09,Instagram,Mobile,2,53.7,False,False
S1013990,C11326,2026-03-28,Organic,Desktop,8,317.9,False,False
S1013991,C10032,2026-05-26,Google Ads,Mobile,8,238.9,False,False
S1013992,C10835,2026-06-11,Email,Mobile,7,77.2,True,False
S1013993,,2025-11-07,Email,Mobile,2,126.6,True,False
S1013994,C11094,2026-03-09,Google Ads,Mobile,3,376.6,False,False
S1013995,C10210,2026-05-17,Instagram,Mobile,5,140.2,True,False
S1013996,C11390,2026-05-02,Email,Desktop,7,180.2,False,False
S1013997,C10475,2026-07-30,Google Ads,Mobile,6,149.2,True,False
S1013998,,2026-05-08,Email,Tablet,4,290.7,True,False
S1013999,C11445,2026-01-12,Instagram,Tablet,2,142.6,False,False
S1014000,C10807,2026-08-04,Google Ads,Mobile,4,39.8,True,False
S1014001,,2026-08-06,Facebook,Mobile,7,199.0,False,False
S1014002,C10082,2025-09-15,Instagram,Mobile,2,138.9,False,False
S1014003,C11383,2026-03-09,Affiliate,Mobile,6,36.0,True,False
S1014004,C10622,2026-05-06,Organic,Mobile,6,133.8,False,False
S1014005,C10155,2026-08-11,Facebook,Mobile,6,759.8,False,False
S1014006,C10870,2026-05-10,Organic,Tablet,4,126.8,True,True
S1014007,C11812,2026-02-05,Organic,Desktop,8,104.0,False,False
S1014008,,2025-09-19,Affiliate,Mobile,3,107.1,True,True
S1014009,C10143,2025-12-10,Instagram,Mobile,8,115.2,False,False
S1014010,C10067,2026-07-08,Google Ads,Mobile,4,350.7,False,False
S1014011,C10515,2026-06-06,Instagram,Desktop,1,186.9,False,False
S1014012,C11084,2026-05-13,Organic,Mobile,6,316.0,False,False
S1014013,C10871,2025-11-12,Facebook,Mobile,5,187.3,False,False
S1014014,C10786,2026-07-10,Instagram,Desktop,4,113.1,False,False
S1014015,C11981,2026-08-06,Affiliate,Mobile,8,56.3,False,False
S1014016,,2026-06-20,Email,Mobile,7,93.4,True,False
S1014017,C10423,2025-11-12,Affiliate,Mobile,4,344.3,False,False
S1014018,C11165,2026-03-03,Instagram,Desktop,4,182.6,False,False
S1014019,C10833,2026-02-27,Facebook,Mobile,5,342.8,False,False
S1014020,C10175,2026-01-18,Organic,Desktop,3,66.9,False,False
S1014021,,2026-01-02,Email,Mobile,5,302.7,False,False
S1014022,C11076,2026-01-02,Facebook,Tablet,3,136.2,False,False
S1014023,C10069,2026-08-19,Google Ads,Mobile,9,200.3,True,False
S1014024,C10232,2025-12-23,Organic,Mobile,5,96.2,True,False
S1014025,C11973,2026-05-04,Google Ads,Desktop,7,141.3,False,False
S1014026,C10336,2026-03-02,Facebook,Desktop,8,139.2,False,False
S1014027,C11823,2025-10-02,Email,Mobile,4,97.0,True,False
S1014028,C10799,2026-02-02,Facebook,Desktop,6,363.5,False,False
S1014029,,2026-05-25,Google Ads,Tablet,2,112.4,False,False
S1014030,C11604,2026-04-17,Instagram,Mobile,4,275.2,False,False
S1014031,C11581,2026-08-07,Google Ads,,6,176.2,False,False
S1014032,C11504,2026-05-04,Google Ads,Mobile,4,150.1,True,False
S1014033,C10543,2026-05-25,Email,Desktop,3,109.8,False,False
S1014034,C11709,2026-02-27,Email,Desktop,9,46.7,False,False
S1014035,C11480,2025-10-26,Instagram,Desktop,2,109.9,False,False
S1014036,C10918,2026-05-04,Email,Mobile,6,312.3,False,False
S1014037,C11944,2025-10-04,Google Ads,Mobile,6,97.0,False,False
S1014038,C10524,2025-11-14,Organic,Mobile,7,140.8,False,False
S1014039,,2026-02-13,Affiliate,Mobile,7,199.3,False,False
S1014040,C11330,2026-07-05,Google Ads,Mobile,8,71.0,False,False
S1014041,,2025-09-14,Instagram,Mobile,4,86.4,True,False
S1014042,C10806,2026-04-24,Google Ads,Mobile,8,155.0,True,True
S1014043,,2026-05-26,Email,,9,171.1,False,False
S1014044,C10042,2026-07-27,Instagram,Mobile,3,238.3,False,False
S1014045,C11867,2025-09-14,Google Ads,Mobile,4,197.9,False,False
S1014046,C11891,2026-08-13,Instagram,Tablet,3,122.0,False,False
S1014047,C11478,2025-10-23,Affiliate,Mobile,2,184.4,False,False
S1014048,C11365,2026-03-06,Facebook,Mobile,3,78.9,False,False
S1014049,,2025-11-24,Organic,Desktop,5,129.5,False,False
S1014050,C11509,2025-12-09,Email,Mobile,8,44.1,True,True
S1014051,C11980,2026-08-04,Instagram,Desktop,2,85.6,False,False
S1014052,C11383,2026-07-27,Affiliate,Mobile,4,233.3,False,False
S1014053,C10695,2026-04-03,Email,Mobile,2,166.6,False,False
S1014054,C10656,2026-02-28,Organic,Mobile,4,349.4,False,False
S1014055,C11228,2026-07-30,Facebook,Mobile,5,263.2,False,False
S1014056,C10098,2026-08-20,Instagram,Mobile,5,156.3,True,False
S1014057,C10609,2025-10-08,Google Ads,Mobile,3,79.1,False,False
S1014058,C10300,2026-07-24,Email,Mobile,4,37.0,False,False
S1014059,C10769,2025-12-04,Google Ads,Mobile,3,27.9,False,False
S1014060,C10810,2026-08-16,Google Ads,Mobile,9,127.4,False,False
S1014061,C10505,2026-02-12,Google Ads,Desktop,4,113.6,False,False
S1014062,C10899,2025-09-08,Google Ads,Mobile,7,140.3,False,False
S1014063,C10806,2025-12-06,Organic,Tablet,10,129.3,True,False
S1014064,C10021,2025-10-16,Organic,Mobile,8,93.4,False,False
S1014065,C11472,2025-09-10,Google Ads,Desktop,9,288.2,False,False
S1014066,C11264,2025-09-07,Affiliate,Desktop,2,120.4,False,False
S1014067,,2026-07-17,Google Ads,Mobile,3,63.1,False,False
S1014068,,2025-12-21,Instagram,Desktop,2,246.9,False,False
S1014069,,2025-12-18,Email,Mobile,3,161.2,False,False
S1014070,C10968,2026-05-08,Affiliate,Desktop,3,96.4,False,False
S1014071,,2026-04-09,Google Ads,Desktop,3,187.6,False,False
S1014072,C10361,2026-04-14,Organic,Mobile,3,49.8,False,False
S1014073,C11045,2025-11-04,Instagram,Desktop,2,361.0,False,False
S1014074,C10361,2026-05-18,Organic,Desktop,6,219.2,False,False
S1014075,C11312,2026-02-23,Facebook,Desktop,4,155.0,False,False
S1014076,C11608,2025-10-18,Google Ads,Desktop,4,122.8,False,False
S1014077,C11034,2026-06-28,Google Ads,Tablet,5,128.9,False,False
S1014078,C10327,2025-11-20,Instagram,Desktop,5,101.9,True,False
S1014079,C11255,2025-09-04,Organic,Mobile,9,56.2,True,False
S1014080,,2026-04-21,Facebook,Mobile,4,115.8,False,False
S1014081,,2026-05-29,Organic,Desktop,4,43.1,False,False
S1014082,C11703,2026-06-09,Organic,Mobile,4,92.7,True,False
S1014083,C10639,2025-08-21,Email,Mobile,4,211.7,False,False
S1014084,C11448,2025-09-06,Email,Mobile,3,161.2,False,False
S1014085,C10939,2026-03-08,Instagram,Tablet,4,157.0,False,False
S1014086,C11482,2026-04-19,Google Ads,Desktop,9,155.3,True,False
S1014087,C11145,2025-10-26,Facebook,Desktop,3,165.3,False,False
S1014088,,2026-04-26,Google Ads,Mobile,6,162.9,True,False
S1014089,,2025-12-12,Facebook,Mobile,7,224.0,False,False
S1014090,C11969,2026-06-15,Instagram,Mobile,6,91.6,False,False
S1014091,,2026-06-29,Instagram,Mobile,7,316.7,False,False
S1014092,C10943,2025-10-22,Google Ads,Tablet,4,261.6,True,False
S1014093,C10712,2025-11-16,Organic,Mobile,4,89.7,False,False
S1014094,C11289,2026-01-31,Organic,Desktop,6,359.2,True,False
S1014095,C11603,2025-10-24,Facebook,Mobile,5,199.8,False,False
S1014096,C10650,2025-12-12,Google Ads,Mobile,8,105.7,True,False
S1014097,C10689,2026-03-01,Instagram,Mobile,5,532.9,False,False
S1014098,C10264,2026-05-07,Facebook,Desktop,4,119.3,False,False
S1014099,C11027,2026-06-28,Facebook,Desktop,2,253.0,True,False
S1014100,C10952,2026-07-22,Affiliate,Mobile,7,245.9,False,False
S1014101,,2025-09-04,Facebook,Mobile,6,137.7,False,False
S1014102,,2026-05-12,Organic,Desktop,3,111.0,False,False
S1014103,C11813,2025-11-18,Affiliate,Desktop,2,258.9,False,False
S1014104,C10396,2026-03-07,Instagram,Mobile,4,281.3,False,False
S1014105,C10063,2025-12-25,Facebook,Desktop,8,218.2,True,False
S1014106,C11380,2026-05-12,Email,Mobile,4,315.8,True,False
S1014107,C10968,2026-07-13,Facebook,Mobile,7,123.4,True,False
S1014108,C10793,2026-04-12,Email,Tablet,5,138.0,True,True
S1014109,C10672,2025-12-17,Instagram,Mobile,2,32.9,False,False
S1014110,C11331,2026-04-27,Organic,Mobile,5,82.3,False,False
S1014111,C10040,2025-09-09,Instagram,Mobile,9,39.0,False,False
S1014112,C11159,2026-08-09,Affiliate,Mobile,7,79.8,False,False
S1014113,C11130,2026-05-06,Instagram,Mobile,4,101.8,False,False
S1014114,C10746,2025-08-25,Google Ads,Desktop,4,287.1,False,False
S1014115,C10099,2025-10-31,Instagram,Mobile,8,189.0,True,False
S1014116,C10569,2025-12-24,Organic,Desktop,5,368.7,False,False
S1014117,,2025-10-10,Affiliate,Tablet,5,32.9,True,True
S1014118,C11501,2025-12-12,Instagram,Mobile,7,12.2,False,False
S1014119,C10835,2025-11-22,Google Ads,Mobile,6,340.0,True,True
S1014120,C10091,2026-02-28,Email,Mobile,5,128.2,False,False
S1014121,,2026-08-12,Email,Mobile,6,258.4,False,False
S1014122,C11311,2025-11-20,Organic,Mobile,4,38.9,False,False
S1014123,,2025-10-01,Instagram,Mobile,4,194.8,False,False
S1014124,,2025-10-29,Facebook,Mobile,6,17.8,True,True
S1014125,,2026-05-22,Organic,Desktop,4,82.5,False,False
S1014126,,2025-11-23,Google Ads,Mobile,5,203.6,False,False
S1014127,C10844,2025-10-02,Facebook,Mobile,8,177.9,False,False
S1014128,C11989,2026-06-02,Email,Mobile,8,50.7,False,False
S1014129,C11676,2025-09-21,Facebook,Desktop,4,99.4,True,True
S1014130,C11435,2025-10-20,Google Ads,Desktop,1,72.7,True,False
S1014131,C10192,2026-02-04,Instagram,Mobile,2,327.8,False,False
S1014132,C10807,2025-11-01,Organic,Desktop,5,68.5,False,False
S1014133,C11762,2026-07-29,Email,Desktop,3,218.8,False,False
S1014134,C10194,2026-01-28,Organic,Mobile,4,205.6,False,False
S1014135,C10227,2026-03-27,Organic,Tablet,4,202.9,False,False
S1014136,,2026-08-05,Organic,Tablet,7,260.4,False,False
S1014137,,2025-10-14,Email,Mobile,5,234.5,False,False
S1014138,C10386,2025-10-03,Organic,Desktop,2,151.4,False,False
S1014139,C11517,2026-04-16,Affiliate,Mobile,5,32.9,False,False
S1014140,C11143,2025-09-01,Instagram,Tablet,8,184.1,True,False
S1014141,,2026-04-11,Instagram,Desktop,9,69.6,False,False
S1014142,C11584,2025-12-07,Instagram,Mobile,5,268.2,True,True
S1014143,C10580,2026-03-07,Facebook,Mobile,5,101.5,False,False
S1014144,C10108,2025-10-21,Instagram,Desktop,7,100.5,True,False
S1014145,,2025-09-20,Facebook,Tablet,7,78.3,False,False
S1014146,,2025-08-30,Facebook,Desktop,3,143.2,False,False
S1014147,C11664,2026-01-29,Instagram,Mobile,4,147.0,False,False
S1014148,,2026-04-04,Affiliate,Desktop,10,181.0,False,False
S1014149,C10224,2025-10-25,Affiliate,Tablet,10,102.0,False,False
S1014150,,2026-04-27,Instagram,Desktop,6,235.1,False,False
S1014151,C11831,2025-11-12,Facebook,Mobile,5,167.0,False,False
S1014152,C10785,2026-01-07,Instagram,Mobile,4,294.3,True,False
S1014153,C10899,2025-10-09,Facebook,Desktop,8,170.2,False,False
S1014154,,2026-03-24,Facebook,Desktop,10,186.3,False,False
S1014155,C11500,2026-06-29,Organic,Mobile,6,82.0,False,False
S1014156,C11116,2026-06-30,Google Ads,Tablet,11,473.7,True,False
S1014157,C10781,2026-05-01,Organic,Desktop,1,66.1,False,False
S1014158,C10583,2026-04-29,Affiliate,Mobile,7,343.4,False,False
S1014159,C10035,2026-05-22,Facebook,Tablet,1,60.9,False,False
S1014160,C11474,2026-03-04,Google Ads,Mobile,6,309.3,True,True
S1014161,C11020,2026-08-15,Affiliate,Desktop,8,257.4,False,False
S1014162,C11936,2026-02-10,Organic,Mobile,5,228.5,True,False
S1014163,C10026,2025-10-29,Google Ads,Mobile,7,116.4,True,True
S1014164,C11258,2026-04-22,Facebook,Desktop,2,530.9,True,False
S1014165,C11198,2026-05-13,Instagram,Desktop,7,400.9,False,False
S1014166,C11629,2026-06-07,Affiliate,Mobile,5,155.9,False,False
S1014167,C10974,2025-09-30,Instagram,Mobile,5,336.2,True,False
S1014168,C10802,2026-06-24,Instagram,Mobile,7,132.0,True,True
S1014169,C11419,2026-06-07,Facebook,Mobile,2,24.1,True,True
S1014170,C11645,2026-01-11,Email,Mobile,2,495.1,False,False
S1014171,,2025-12-28,Organic,Desktop,3,60.4,False,False
S1014172,C11411,2025-09-27,Email,Desktop,2,313.1,False,False
S1014173,C11808,2026-06-21,Facebook,Mobile,7,54.6,True,True
S1014174,C10622,2025-11-03,Instagram,Desktop,8,227.1,True,True
S1014175,C10725,2026-03-28,Organic,Tablet,6,173.0,True,False
S1014176,C11664,2025-10-07,Organic,Desktop,5,337.0,True,False
S1014177,,2026-04-01,Facebook,Mobile,10,625.2,False,False
S1014178,C10135,2025-10-05,Instagram,Mobile,4,218.5,False,False
S1014179,C10926,2025-11-08,Email,Mobile,11,172.6,False,False
S1014180,C10961,2025-10-18,Email,Mobile,5,56.1,True,False
S1014181,C10705,2026-01-19,Organic,Mobile,4,171.3,False,False
S1014182,C11329,2026-06-23,Google Ads,Tablet,6,47.1,True,False
S1014183,C11285,2025-11-26,Instagram,Mobile,7,491.9,False,False
S1014184,C10986,2026-03-24,Organic,Mobile,7,41.6,False,False
S1014185,C11219,2025-09-15,Organic,Mobile,4,208.8,False,False
S1014186,,2025-10-27,Email,Mobile,4,213.4,True,False
S1014187,C11595,2026-06-18,Email,Mobile,3,117.3,False,False
S1014188,C11580,2026-03-26,Organic,Mobile,4,20.9,False,False
S1014189,C11072,2026-05-21,Facebook,Desktop,5,66.9,False,False
S1014190,C10751,2026-08-12,Email,Mobile,3,54.8,False,False
S1014191,,2026-06-05,Organic,Mobile,5,7.7,False,False
S1014192,C11093,2025-11-20,Affiliate,Mobile,4,297.0,False,False
S1014193,,2025-12-03,Organic,Mobile,5,278.2,False,False
S1014194,C10465,2026-07-29,Instagram,Mobile,3,216.2,False,False
S1014195,C10221,2025-12-28,Organic,Mobile,5,81.1,True,False
S1014196,,2026-01-01,Email,Mobile,5,93.4,True,False
S1014197,,2026-05-14,Email,Mobile,2,179.3,False,False
S1014198,C10179,2026-08-21,Affiliate,Mobile,2,24.9,False,False
S1014199,,2026-05-12,Organic,Desktop,4,10.9,True,False
S1014200,C10580,2026-04-19,Organic,Mobile,2,222.5,False,False
S1014201,C10103,2026-01-09,Google Ads,Mobile,4,210.0,False,False
S1014202,C10208,2026-06-05,Organic,Desktop,7,282.8,False,False
S1014203,,2025-12-01,Organic,Mobile,4,146.7,False,False
S1014204,C10851,2026-02-17,Email,Mobile,2,90.8,True,False
S1014205,C10984,2026-02-27,Google Ads,Desktop,7,188.2,True,True
S1014206,C11615,2026-05-07,Organic,Desktop,6,94.0,False,False
S1014207,C11706,2026-04-16,Organic,Mobile,4,205.7,False,False
S1014208,,2026-03-28,Affiliate,Mobile,6,123.5,False,False
S1014209,C11890,2026-05-25,Google Ads,Mobile,3,106.4,False,False
S1014210,,2026-07-09,Google Ads,Mobile,5,232.9,False,False
S1014211,C11059,2026-02-21,Google Ads,,4,210.3,False,False
S1014212,C11192,2026-07-26,Facebook,Mobile,1,72.8,False,False
S1014213,C10259,2026-07-12,Organic,Mobile,5,35.5,True,False
S1014214,C10969,2026-07-19,Email,Mobile,8,170.7,True,False
S1014215,C10324,2026-01-26,Facebook,Mobile,7,361.0,False,False
S1014216,C10759,2026-05-25,Organic,Mobile,8,57.1,False,False
S1014217,C11308,2025-12-01,Instagram,Desktop,9,225.6,False,False
S1014218,C11651,2026-03-08,Organic,Mobile,7,66.1,True,True
S1014219,C11268,2026-06-01,Organic,Mobile,3,104.3,False,False
S1014220,,2025-11-22,Organic,Desktop,5,123.2,False,False
S1014221,C11533,2025-10-26,Affiliate,Desktop,5,400.5,False,False
S1014222,C10600,2026-01-09,Google Ads,Desktop,6,224.7,False,False
S1014223,C10565,2025-11-17,Instagram,Mobile,6,251.9,False,False
S1014224,C10221,2026-05-02,Instagram,Mobile,5,70.3,False,False
S1014225,,2026-01-07,Email,Desktop,3,42.7,False,False
S1014226,,2025-09-13,Instagram,Mobile,4,207.6,False,False
S1014227,,2026-06-03,Instagram,Mobile,4,289.9,False,False
S1014228,,2026-04-09,Google Ads,Mobile,6,408.9,False,False
S1014229,C10962,2026-06-01,Email,Mobile,8,64.7,False,False
S1014230,C10820,2026-04-08,Facebook,Desktop,2,269.0,False,False
S1014231,,2025-12-03,Email,Mobile,4,140.8,True,False
S1014232,C11766,2026-06-30,Google Ads,Desktop,4,401.1,False,False
S1014233,C10108,2025-09-29,Google Ads,,3,81.2,False,False
S1014234,C11627,2026-06-08,Instagram,Desktop,3,39.6,False,False
S1014235,C11849,2026-03-08,Facebook,Mobile,7,181.0,False,False
S1014236,C11315,2026-05-09,Google Ads,Mobile,6,6.4,False,False
S1014237,,2025-11-11,Email,Mobile,9,105.6,False,False
S1014238,C11349,2026-04-03,Organic,Mobile,3,236.9,False,False
S1014239,C10585,2025-10-26,Organic,Mobile,7,80.9,True,False
S1014240,C10776,2025-10-03,Organic,Tablet,3,44.9,False,False
S1014241,,2025-11-03,Facebook,Tablet,6,229.5,True,True
S1014242,C10139,2025-10-31,Organic,Mobile,4,398.4,False,False
S1014243,,2025-12-18,Organic,Mobile,4,487.2,False,False
S1014244,C11076,2025-10-15,Organic,Desktop,2,104.0,False,False
S1014245,C10057,2025-10-09,Organic,Desktop,2,116.6,False,False
S1014246,C11826,2026-07-02,Email,Mobile,2,181.4,False,False
S1014247,C11002,2026-02-04,Email,Mobile,3,380.7,False,False
S1014248,,2026-06-06,Google Ads,Mobile,10,67.5,False,False
S1014249,C10223,2026-08-18,Google Ads,Mobile,4,174.1,False,False
S1014250,C10798,2026-03-10,Email,Mobile,2,138.7,False,False
S1014251,C11808,2026-01-12,Instagram,Mobile,5,43.6,False,False
S1014252,C11248,2025-12-22,Facebook,Desktop,5,142.6,False,False
S1014253,,2025-09-08,Email,Desktop,4,265.2,True,False
S1014254,C10833,2026-07-15,Email,Mobile,4,217.1,False,False
S1014255,C11672,2025-08-26,Email,Desktop,4,441.2,False,False
S1014256,C10865,2026-03-28,Affiliate,Desktop,5,306.8,False,False
S1014257,C10343,2025-11-22,Affiliate,Mobile,8,232.7,True,False
S1014258,C11762,2026-05-10,Organic,Mobile,6,186.6,False,False
S1014259,C11769,2025-11-01,Google Ads,Mobile,9,40.9,False,False
S1014260,C10206,2025-09-03,Instagram,Mobile,3,141.9,True,True
S1014261,C11430,2026-07-08,Instagram,Desktop,6,158.0,False,False
S1014262,C11898,2026-04-09,Instagram,Mobile,4,264.9,False,False
S1014263,C11175,2025-12-19,Instagram,Mobile,3,71.2,False,False
S1014264,C11829,2026-08-03,Instagram,Mobile,3,275.5,False,False
S1014265,C11424,2026-06-03,Instagram,Mobile,6,54.2,True,False
S1014266,,2025-09-14,Email,Desktop,8,241.3,True,False
S1014267,,2026-07-15,Google Ads,Desktop,4,190.0,True,True
S1014268,C10619,2025-11-15,Google Ads,Desktop,4,99.2,False,False
S1014269,C11161,2025-10-06,Email,Mobile,3,579.1,False,False
S1014270,C10426,2025-12-09,Instagram,Mobile,8,197.5,True,False
S1014271,C10232,2025-10-26,Email,Mobile,7,152.7,False,False
S1014272,,2025-12-30,Instagram,Mobile,3,77.5,False,False
S1014273,C10790,2026-06-13,Google Ads,Tablet,4,87.6,False,False
S1014274,C10816,2026-08-03,Google Ads,Mobile,3,41.2,False,False
S1014275,,2026-03-25,Organic,Mobile,8,81.0,True,False
S1014276,C11917,2025-11-19,Google Ads,Mobile,3,72.5,False,False
S1014277,C10235,2026-05-28,Organic,Tablet,4,36.5,False,False
S1014278,C11203,2025-12-19,Facebook,Mobile,6,252.2,False,False
S1014279,C10082,2026-03-03,Affiliate,Mobile,7,86.9,True,False
S1014280,C10210,2025-10-17,Instagram,Desktop,5,138.8,True,False
S1014281,C11029,2026-02-15,Affiliate,Tablet,6,297.7,False,False
S1014282,C10942,2025-09-29,Google Ads,Desktop,5,158.1,False,False
S1014283,C11390,2026-03-01,Google Ads,Desktop,5,209.9,False,False
S1014284,C11350,2026-01-31,Google Ads,Mobile,3,140.6,False,False
S1014285,C10460,2025-10-04,Organic,Mobile,4,273.4,False,False
S1014286,C11905,2026-01-13,Email,Mobile,6,253.4,False,False
S1014287,,2026-01-13,Instagram,Desktop,5,141.7,False,False
S1014288,,2025-11-08,Google Ads,Desktop,2,71.4,False,False
S1014289,C10963,2025-12-26,Organic,Mobile,5,115.1,False,False
S1014290,C10169,2026-03-17,Email,Mobile,9,168.1,True,False
S1014291,C10556,2026-05-19,Google Ads,Tablet,3,180.1,False,False
S1014292,C10180,2026-02-01,Organic,Mobile,2,133.6,False,False
S1014293,C10126,2025-10-19,Affiliate,Mobile,5,53.6,False,False
S1014294,C10466,2026-07-09,Google Ads,Desktop,7,275.6,False,False
S1014295,C10899,2026-03-06,Organic,Mobile,2,175.1,False,False
S1014296,C10842,2026-04-01,Facebook,Mobile,4,207.7,False,False
S1014297,C10563,2026-02-24,Google Ads,Mobile,6,79.2,False,False
S1014298,,2026-06-11,Organic,Desktop,2,115.1,False,False
S1014299,C11433,2026-05-22,Instagram,Desktop,2,18.9,False,False
S1014300,C10640,2026-08-07,Google Ads,Mobile,8,75.1,False,False
S1014301,C11386,2026-01-30,Email,Desktop,4,173.0,False,False
S1014302,C11190,2026-01-07,Organic,Desktop,6,158.2,False,False
S1014303,C10383,2026-05-12,Google Ads,Mobile,7,2.2,False,False
S1014304,C10365,2025-10-20,Email,Mobile,7,39.9,False,False
S1014305,C11622,2026-04-30,Organic,Mobile,4,292.6,False,False
S1014306,C11521,2025-11-22,Instagram,Tablet,4,146.3,True,False
S1014307,C11854,2026-03-20,Google Ads,Mobile,3,248.7,False,False
S1014308,C11290,2026-06-19,Google Ads,Mobile,5,218.0,False,False
S1014309,C10108,2026-04-09,Organic,Mobile,5,183.4,False,False
S1014310,C10789,2026-05-29,Affiliate,Mobile,5,145.9,False,False
S1014311,C11107,2026-01-03,Instagram,Mobile,7,132.5,False,False
S1014312,C11534,2025-09-13,Organic,Mobile,3,76.7,False,False
S1014313,C11646,2026-04-11,Organic,Desktop,8,109.2,True,False
S1014314,C10244,2025-10-08,Instagram,Mobile,5,72.5,True,False
S1014315,C10153,2026-05-10,Affiliate,Desktop,6,200.1,True,False
S1014316,C10350,2026-08-11,Instagram,Mobile,3,321.9,False,False
S1014317,C10125,2026-07-22,Affiliate,Mobile,11,158.4,False,False
S1014318,C10359,2026-02-06,Google Ads,Desktop,4,90.1,False,False
S1014319,C11132,2026-05-31,Facebook,Desktop,3,70.9,False,False
S1014320,C10926,2026-02-04,Organic,Mobile,3,103.5,False,False
S1014321,C11013,2025-10-02,Organic,Mobile,6,51.9,False,False
S1014322,,2026-06-07,Instagram,Mobile,6,146.3,False,False
S1014323,C10629,2026-08-09,Facebook,Mobile,7,134.4,True,True
S1014324,C10544,2026-08-01,Google Ads,Mobile,6,165.1,True,False
S1014325,C11825,2026-06-24,Email,,6,29.3,False,False
S1014326,C10122,2026-06-22,Affiliate,Mobile,5,131.7,False,False
S1014327,C11165,2026-06-12,Affiliate,Mobile,8,90.6,False,False
S1014328,C10648,2025-09-17,Facebook,Mobile,4,20.2,False,False
S1014329,C10383,2025-11-26,Affiliate,Mobile,6,203.2,False,False
S1014330,,2025-12-20,Email,Mobile,3,135.4,False,False
S1014331,C11232,2026-06-16,Google Ads,Mobile,4,247.8,False,False
S1014332,C10882,2025-09-15,Affiliate,Tablet,6,442.7,True,False
S1014333,,2025-10-30,Email,Desktop,7,89.6,True,False
S1014334,C11657,2026-06-29,Organic,Desktop,6,206.1,True,False
S1014335,C11820,2025-10-03,Organic,Desktop,4,178.6,True,False
S1014336,C10294,2026-03-12,Organic,Desktop,5,17.2,True,False
S1014337,C10467,2025-12-12,Facebook,Mobile,4,142.9,False,False
S1014338,C10883,2026-01-05,Affiliate,Mobile,6,128.5,True,False
S1014339,C10190,2026-07-20,Instagram,Desktop,5,156.1,False,False
S1014340,C10371,2026-07-24,Affiliate,Mobile,5,138.1,False,False
S1014341,C10297,2026-07-19,Affiliate,Mobile,4,104.0,True,False
S1014342,C11610,2026-01-01,Google Ads,Mobile,4,365.5,False,False
S1014343,C10034,2025-12-02,Facebook,Mobile,7,260.4,False,False
S1014344,,2025-11-11,Google Ads,Mobile,7,313.9,True,True
S1014345,C11566,2026-01-06,Affiliate,Desktop,7,25.2,False,False
S1014346,C10178,2025-10-09,Instagram,Mobile,3,251.7,False,False
S1014347,C10251,2026-04-09,Organic,Mobile,4,324.8,False,False
S1014348,C11655,2026-01-31,Organic,Mobile,4,50.8,False,False
S1014349,C10137,2026-06-04,Affiliate,Desktop,2,29.1,False,False
S1014350,C10508,2026-07-29,Organic,Desktop,5,108.4,False,False
S1014351,C11448,2025-08-21,Organic,Mobile,4,149.8,False,False
S1014352,C10471,2026-06-13,Google Ads,Desktop,4,81.5,True,True
S1014353,C10164,2026-04-22,Instagram,Mobile,3,447.6,False,False
S1014354,,2025-12-17,Email,Mobile,4,136.1,True,False
S1014355,,2026-04-26,Affiliate,Mobile,1,58.1,False,False
S1014356,C11905,2025-12-06,Facebook,Mobile,4,291.7,False,False
S1014357,C11931,2026-01-22,Organic,Mobile,5,143.1,False,False
S1014358,,2025-10-02,Google Ads,Mobile,4,31.8,False,False
S1014359,C10961,2026-03-25,Email,Mobile,5,347.6,True,True
S1014360,C10047,2026-05-27,Affiliate,Mobile,6,127.7,False,False
S1014361,C11519,2026-07-09,Organic,Desktop,4,163.8,False,False
S1014362,C11513,2025-12-01,Facebook,Mobile,6,458.3,True,False
S1014363,C10323,2026-02-09,Affiliate,Desktop,9,173.8,False,False
S1014364,C11510,2025-09-10,Google Ads,Desktop,2,149.3,True,False
S1014365,C11086,2026-08-10,Affiliate,Mobile,9,269.9,False,False
S1014366,C10504,2025-09-04,Organic,Desktop,6,97.2,False,False
S1014367,C11266,2026-05-18,Organic,Mobile,2,131.4,False,False
S1014368,C11073,2026-07-28,Instagram,Mobile,10,353.6,True,False
S1014369,C10140,2026-01-07,Instagram,Desktop,4,286.9,False,False
S1014370,C10944,2025-09-10,Email,Mobile,4,181.5,True,False
S1014371,,2026-08-03,Facebook,Desktop,5,174.9,False,False
S1014372,C11657,2026-07-28,Email,Desktop,8,96.7,False,False
S1014373,C10735,2025-09-01,Instagram,Tablet,6,217.0,False,False
S1014374,,2026-04-29,Email,Mobile,5,94.9,False,False
S1014375,C10524,2026-01-05,Google Ads,Mobile,5,18.5,True,True
S1014376,C11140,2025-10-22,Email,Tablet,2,254.2,False,False
S1014377,C11624,2025-09-28,Instagram,Mobile,3,132.1,False,False
S1014378,C11077,2026-07-03,Facebook,Mobile,7,130.4,False,False
S1014379,C11671,2026-01-21,Google Ads,Mobile,9,20.0,True,False
S1014380,C10003,2025-09-16,Organic,Desktop,1,209.8,True,False
S1014381,C10561,2026-01-04,Facebook,Mobile,5,190.9,True,False
S1014382,C10696,2026-02-22,Email,Desktop,3,251.9,False,False
S1014383,C11611,2025-11-27,Organic,Mobile,4,16.2,True,False
S1014384,C10589,2026-03-31,Email,Mobile,3,388.6,False,False
S1014385,C10023,2025-11-12,Email,Mobile,4,117.2,False,False
S1014386,,2025-09-12,Google Ads,Desktop,5,187.5,False,False
S1014387,C10514,2026-01-30,Facebook,Mobile,7,388.2,False,False
S1014388,,2025-10-09,Facebook,Mobile,3,130.8,False,False
S1014389,C11048,2026-02-03,Affiliate,Mobile,7,169.6,False,False
S1014390,C11526,2026-06-13,Facebook,Mobile,9,160.0,True,True
S1014391,C10461,2025-10-20,Instagram,Mobile,8,350.6,False,False
S1014392,C10966,2026-05-23,Facebook,Desktop,3,91.2,False,False
S1014393,C11468,2026-06-18,Google Ads,Desktop,4,151.9,True,True
S1014394,C11360,2026-07-04,Organic,Desktop,4,159.4,False,False
S1014395,,2025-10-01,Google Ads,Tablet,5,138.2,False,False
S1014396,C11066,2026-05-28,Email,Desktop,4,154.0,True,False
S1014397,C10524,2026-07-17,Affiliate,Mobile,4,113.8,False,False
S1014398,C11190,2026-01-14,Affiliate,Mobile,3,417.4,False,False
S1014399,C10859,2025-11-27,Email,Mobile,4,420.3,False,False
S1014400,C11985,2026-06-03,Organic,Desktop,2,151.3,False,False
S1014401,C10707,2025-12-21,Email,Mobile,8,117.6,True,False
S1014402,C10589,2026-03-06,Email,Desktop,3,146.2,True,True
S1014403,C10039,2025-10-07,Facebook,Desktop,7,149.0,True,True
S1014404,C11852,2026-08-07,Instagram,Mobile,7,426.3,False,False
S1014405,,2025-11-23,Email,Mobile,4,159.7,False,False
S1014406,C11180,2025-12-16,Organic,Mobile,6,277.7,False,False
S1014407,C10052,2026-03-26,Instagram,Tablet,2,82.9,False,False
S1014408,C10134,2026-05-31,Organic,Tablet,9,17.6,False,False
S1014409,C10029,2026-08-07,Google Ads,Desktop,6,524.6,True,False
S1014410,C11602,2026-02-22,Facebook,Tablet,4,75.7,False,False
S1014411,C10601,2025-09-24,Google Ads,Mobile,11,182.7,False,False
S1014412,C10551,2026-03-12,Organic,Desktop,7,18.6,False,False
S1014413,C11890,2026-07-21,Facebook,Mobile,7,150.2,False,False
S1014414,C10128,2026-04-16,Instagram,Desktop,4,159.2,True,False
S1014415,C11333,2026-02-04,Affiliate,Desktop,3,38.6,False,False
S1014416,C10999,2026-01-31,Organic,Desktop,4,79.1,False,False
S1014417,C10051,2025-10-01,Affiliate,Mobile,6,175.3,False,False
S1014418,C10395,2025-10-20,Instagram,Desktop,2,369.6,False,False
S1014419,,2026-06-09,Email,Mobile,4,193.8,False,False
S1014420,C10560,2026-06-16,Organic,Mobile,9,296.4,False,False
S1014421,,2026-03-06,Email,Desktop,7,357.2,False,False
S1014422,C11691,2025-10-19,Organic,,4,115.4,True,True
S1014423,,2026-07-30,Organic,Mobile,3,547.6,False,False
S1014424,C10391,2026-02-13,Instagram,Desktop,4,48.6,False,False
S1014425,C11911,2026-05-16,Facebook,,7,103.1,False,False
S1014426,C11859,2026-05-13,Instagram,Mobile,9,279.4,False,False
S1014427,,2026-04-06,Google Ads,Mobile,6,87.6,True,False
S1014428,C10450,2026-03-22,Instagram,Mobile,8,33.8,False,False
S1014429,C11264,2025-09-05,Facebook,Mobile,2,225.0,False,False
S1014430,C10400,2025-12-09,Email,Mobile,7,62.3,False,False
S1014431,C11688,2026-08-01,Facebook,Desktop,4,218.8,False,False
S1014432,C11557,2026-04-07,Google Ads,Mobile,3,186.1,False,False
S1014433,C11153,2025-08-25,Organic,Desktop,3,32.3,False,False
S1014434,C11029,2025-12-12,Facebook,Desktop,3,22.6,True,True
S1014435,C10291,2026-04-04,Facebook,Mobile,4,83.9,False,False
S1014436,,2026-05-19,Instagram,Desktop,5,138.9,True,True
S1014437,C10648,2026-05-14,Facebook,Tablet,7,281.6,False,False
S1014438,C10737,2026-05-23,Affiliate,Desktop,5,197.2,False,False
S1014439,C11759,2026-07-29,Organic,Mobile,5,101.4,False,False
S1014440,C10038,2026-03-16,Organic,Tablet,3,67.6,False,False
S1014441,C10998,2025-12-11,Facebook,Mobile,2,178.4,False,False
S1014442,C10614,2025-10-17,Affiliate,Desktop,7,99.2,True,False
S1014443,C11906,2025-10-09,Organic,Mobile,6,219.9,False,False
S1014444,C10805,2026-02-20,Facebook,Mobile,8,79.8,True,True
S1014445,C11491,2026-08-10,Instagram,Mobile,7,214.4,True,False
S1014446,C10331,2026-03-06,Facebook,Mobile,6,55.0,True,False
S1014447,C10476,2025-10-20,Google Ads,Desktop,4,86.6,False,False
S1014448,,2026-08-06,Email,Mobile,5,277.0,False,False
S1014449,C11327,2026-07-26,Email,Mobile,7,120.1,False,False
S1014450,C10359,2025-10-07,Google Ads,Mobile,3,7.3,False,False
S1014451,C11114,2026-05-15,Affiliate,Desktop,6,245.3,False,False
S1014452,,2026-04-22,Organic,Mobile,3,118.4,True,False
S1014453,C10060,2026-01-10,Affiliate,Tablet,4,164.7,True,False
S1014454,C11285,2025-08-30,Email,Mobile,8,132.4,False,False
S1014455,,2026-03-16,Organic,Desktop,3,49.6,False,False
S1014456,C11100,2026-06-01,Facebook,Mobile,7,253.8,False,False
S1014457,C11503,2026-06-21,Google Ads,Mobile,4,115.5,False,False
S1014458,C10880,2026-04-01,Google Ads,Mobile,4,152.7,False,False
S1014459,,2026-08-11,Organic,Tablet,4,78.7,False,False
S1014460,C11574,2025-09-13,Affiliate,Desktop,6,184.1,False,False
S1014461,C11955,2026-03-12,Organic,Mobile,4,98.5,False,False
S1014462,C10555,2026-03-13,Organic,Desktop,3,105.1,False,False
S1014463,C11214,2026-02-24,Instagram,Mobile,5,82.5,True,False
S1014464,,2025-11-08,Affiliate,Mobile,4,193.6,False,False
S1014465,C11867,2025-12-31,Google Ads,Desktop,6,202.0,False,False
S1014466,C10096,2026-01-20,Instagram,Mobile,5,112.7,False,False
S1014467,C11000,2025-12-27,Instagram,Mobile,6,60.6,False,False
S1014468,C11654,2026-06-11,Google Ads,Desktop,5,170.7,False,False
S1014469,C10619,2026-05-21,Email,Desktop,7,127.0,True,False
S1014470,C10131,2025-10-08,Instagram,Mobile,4,80.4,False,False
S1014471,C11079,2026-01-30,Instagram,Mobile,2,127.2,False,False
S1014472,,2025-12-23,Organic,Mobile,6,130.5,False,False
S1014473,C11959,2026-03-02,Instagram,Mobile,10,104.4,True,False
S1014474,,2025-09-23,Organic,Desktop,3,170.0,False,False
S1014475,C11955,2025-12-05,Affiliate,Mobile,5,161.6,True,True
S1014476,C10688,2026-03-21,Google Ads,Desktop,7,118.8,True,False
S1014477,C11614,2026-07-27,Google Ads,Desktop,6,18.3,False,False
S1014478,C11347,2026-07-12,Google Ads,Desktop,2,281.8,True,True
S1014479,C10242,2026-04-03,Organic,Mobile,6,582.2,True,False
S1014480,C11095,2026-02-23,Email,Mobile,2,61.5,False,False
S1014481,C11665,2025-08-26,Affiliate,Mobile,4,238.5,False,False
S1014482,,2026-03-14,Google Ads,Mobile,7,22.0,False,False
S1014483,,2026-04-13,Google Ads,,3,279.1,False,False
S1014484,C11067,2025-09-13,Google Ads,Mobile,7,223.8,True,False
S1014485,,2025-11-11,Organic,Mobile,6,147.3,False,False
S1014486,,2026-06-03,Email,Desktop,4,201.9,False,False
S1014487,C10773,2026-01-07,Google Ads,Tablet,6,218.7,False,False
S1014488,C10445,2026-05-18,Google Ads,Mobile,6,55.2,False,False
S1014489,,2026-06-03,Email,Desktop,10,87.0,False,False
S1014490,,2026-01-13,Organic,Mobile,8,29.5,True,False
S1014491,C11056,2026-05-08,Facebook,Desktop,8,107.0,True,False
S1014492,C10405,2025-09-01,Instagram,Desktop,5,398.7,False,False
S1014493,C11636,2025-12-12,Organic,Mobile,4,130.8,True,False
S1014494,C11037,2026-07-04,Google Ads,Mobile,4,326.6,False,False
S1014495,C10826,2026-05-09,Organic,Tablet,7,30.5,False,False
S1014496,C11737,2026-03-20,Facebook,Mobile,6,172.5,False,False
S1014497,C11920,2026-07-14,Google Ads,Mobile,6,165.3,False,False
S1014498,C10015,2026-05-23,Instagram,Mobile,6,59.6,False,False
S1014499,C11368,2026-05-13,Facebook,Desktop,1,366.6,False,False
S1014500,C10483,2026-05-23,Instagram,Desktop,2,281.9,False,False
S1014501,C10750,2025-12-28,Instagram,Desktop,5,104.3,False,False
S1014502,C10096,2026-04-21,Organic,Desktop,4,135.1,True,False
S1014503,C11298,2026-07-26,Facebook,Desktop,7,246.6,False,False
S1014504,C10183,2025-09-03,Email,Mobile,7,3.7,True,True
S1014505,C10008,2025-12-10,Google Ads,Mobile,2,245.6,False,False
S1014506,C10705,2026-01-07,Google Ads,,10,191.6,True,True
S1014507,,2026-03-05,Affiliate,Mobile,7,34.2,False,False
S1014508,C11014,2026-04-25,Affiliate,Mobile,7,308.0,False,False
S1014509,C10622,2026-04-04,Instagram,Mobile,5,271.9,False,False
S1014510,C10856,2026-07-01,Email,Mobile,6,161.9,False,False
S1014511,C11011,2026-04-30,Google Ads,Mobile,4,432.4,False,False
S1014512,C11414,2025-12-26,Instagram,Desktop,4,56.7,False,False
S1014513,,2026-03-10,Google Ads,Tablet,7,223.1,False,False
S1014514,C11442,2025-08-23,Instagram,Mobile,6,272.2,False,False
S1014515,C10766,2026-08-21,Organic,Desktop,3,195.2,False,False
S1014516,,2026-03-20,Instagram,Mobile,7,35.1,True,False
S1014517,C11517,2026-05-22,Google Ads,Mobile,3,133.7,False,False
S1014518,C11097,2026-06-17,Organic,Mobile,5,12.1,False,False
S1014519,C11563,2025-10-14,Organic,Mobile,5,22.0,False,False
S1014520,C10116,2025-11-06,Email,Mobile,6,14.9,False,False
S1014521,,2026-04-23,Organic,Desktop,7,230.0,True,False
S1014522,C10003,2026-06-01,Email,Desktop,5,29.4,False,False
S1014523,C10187,2025-10-12,Email,Mobile,7,63.3,False,False
S1014524,C11243,2025-09-29,Instagram,Mobile,3,293.0,False,False
S1014525,C10756,2025-10-17,Google Ads,Mobile,6,53.0,False,False
S1014526,C11611,2026-01-27,Organic,Desktop,2,16.6,False,False
S1014527,,2026-05-17,Organic,Mobile,4,38.0,False,False
S1014528,C10637,2026-06-04,Organic,Tablet,3,35.2,False,False
S1014529,C11645,2025-09-13,Facebook,Mobile,6,452.9,False,False
S1014530,C11131,2025-12-31,Instagram,Mobile,4,228.4,True,False
S1014531,C10555,2025-09-08,Email,Mobile,5,219.1,True,True
S1014532,C10643,2026-05-13,Organic,Desktop,8,111.5,False,False
S1014533,,2026-03-04,Organic,Desktop,4,79.6,False,False
S1014534,C11962,2026-04-29,Facebook,Mobile,8,247.2,True,False
S1014535,,2025-10-30,Organic,Desktop,4,73.0,False,False
S1014536,C10329,2026-08-03,Instagram,Mobile,3,161.7,False,False
S1014537,C10168,2025-08-29,Affiliate,Mobile,4,195.6,False,False
S1014538,C10367,2026-05-12,Email,Desktop,8,159.0,True,False
S1014539,C10052,2025-09-09,Email,Mobile,3,28.8,False,False
S1014540,C10989,2026-05-18,Facebook,Mobile,8,234.9,True,False
S1014541,C11660,2026-08-08,Instagram,Mobile,5,89.6,True,True
S1014542,C10303,2026-04-01,Affiliate,Mobile,5,219.3,False,False
S1014543,C11592,2026-05-23,Google Ads,Mobile,6,304.8,False,False
S1014544,C10456,2026-06-16,Instagram,Mobile,1,134.3,True,False
S1014545,C11061,2026-08-04,Organic,Mobile,4,88.9,True,False
S1014546,,2026-01-23,Organic,Mobile,7,142.5,False,False
S1014547,C11227,2026-08-11,Facebook,Mobile,3,224.9,False,False
S1014548,C10933,2026-05-02,Affiliate,Mobile,7,411.0,True,False
S1014549,C10592,2025-11-17,Google Ads,Desktop,8,94.8,False,False
S1014550,C11967,2026-02-23,Facebook,Mobile,3,143.7,False,False
S1014551,C11470,2026-08-20,Affiliate,Mobile,2,202.5,False,False
S1014552,C11010,2026-04-11,Google Ads,Mobile,6,133.0,False,False
S1014553,C11507,2026-01-30,Google Ads,Mobile,8,103.0,False,False
S1014554,C10521,2026-06-03,Email,Mobile,3,180.4,False,False
S1014555,C11734,2025-09-10,Email,Mobile,2,124.6,False,False
S1014556,,2026-05-26,Organic,Desktop,4,138.3,False,False
S1014557,C11860,2025-10-14,Organic,Mobile,5,153.2,False,False
S1014558,C10653,2026-03-05,Organic,Desktop,5,109.8,True,False
S1014559,,2026-06-27,Instagram,Desktop,10,78.6,False,False
S1014560,,2026-01-30,Email,Mobile,4,62.3,False,False
S1014561,C10554,2026-02-10,Google Ads,Mobile,8,296.6,False,False
S1014562,C10863,2026-06-07,Organic,Mobile,4,98.8,True,False
S1014563,C11122,2026-05-19,Facebook,Desktop,4,79.0,False,False
S1014564,C10482,2026-06-16,Google Ads,Mobile,8,118.7,False,False
S1014565,,2025-11-25,Instagram,Desktop,4,152.0,True,True
S1014566,C11497,2026-03-09,Google Ads,Desktop,7,101.2,True,False
S1014567,,2026-06-23,Email,Tablet,2,604.3,False,False
S1014568,C10612,2025-08-27,Instagram,Mobile,7,88.3,False,False
S1014569,C11529,2025-10-13,Affiliate,Desktop,5,183.0,False,False
S1014570,,2026-03-23,Email,Desktop,2,34.8,False,False
S1014571,C11186,2025-11-07,Google Ads,Desktop,6,109.7,True,False
S1014572,C10680,2026-07-06,Email,Mobile,4,55.6,False,False
S1014573,C10100,2026-05-06,Google Ads,Tablet,6,191.9,True,False
S1014574,,2026-04-17,Organic,Mobile,5,50.3,True,True
S1014575,C10003,2025-11-24,Organic,Mobile,6,155.5,True,False
S1014576,C10696,2026-02-28,Facebook,Mobile,5,320.2,False,False
S1014577,C10712,2026-01-22,Google Ads,Mobile,5,133.7,True,False
S1014578,C11447,2025-12-18,Email,Mobile,5,234.7,True,False
S1014579,C11873,2025-09-26,Email,Mobile,6,165.7,False,False
S1014580,C10989,2025-10-03,Google Ads,Desktop,6,492.2,False,False
S1014581,,2025-10-16,Instagram,Mobile,8,110.1,False,False
S1014582,C11029,2025-11-06,Organic,Mobile,4,121.7,True,False
S1014583,,2026-02-27,Instagram,Desktop,5,187.3,True,True
S1014584,C11124,2025-11-01,Instagram,Mobile,4,358.1,False,False
S1014585,,2026-05-22,Instagram,Desktop,6,14.0,False,False
S1014586,C10486,2025-12-29,Instagram,Tablet,5,345.6,False,False
S1014587,,2026-02-01,Google Ads,Mobile,9,363.0,False,False
S1014588,C10537,2025-08-26,Email,Desktop,5,13.2,True,True
S1014589,C10255,2026-03-20,Organic,Mobile,4,74.8,True,True
S1014590,C11882,2026-05-19,Email,Mobile,5,120.7,False,False
S1014591,C11290,2025-12-21,Google Ads,Mobile,2,131.4,False,False
S1014592,,2026-03-22,Instagram,Mobile,6,239.6,True,False
S1014593,C10073,2026-06-10,Google Ads,Mobile,3,294.9,False,False
S1014594,C10060,2026-02-18,Instagram,Mobile,1,135.4,False,False
S1014595,,2026-04-12,Email,Mobile,3,58.3,False,False
S1014596,C11284,2025-11-24,Organic,Desktop,4,38.9,False,False
S1014597,C10590,2025-11-30,Instagram,Mobile,3,75.3,False,False
S1014598,,2025-10-08,Google Ads,Mobile,4,93.0,False,False
S1014599,C11188,2026-02-25,Google Ads,Desktop,3,63.3,True,False
S1014600,C10842,2026-08-20,Organic,Desktop,7,172.5,False,False
S1014601,,2025-12-21,Google Ads,Mobile,7,44.2,True,False
S1014602,C10851,2026-01-10,Instagram,Mobile,4,411.4,False,False
S1014603,C11521,2025-10-31,Instagram,Mobile,2,213.5,False,False
S1014604,C10390,2026-06-25,Organic,Mobile,1,40.8,False,False
S1014605,C10535,2026-03-27,Instagram,Desktop,8,291.9,True,True
S1014606,,2025-10-04,Google Ads,Tablet,5,299.1,False,False
S1014607,C11650,2026-02-07,Instagram,Mobile,4,442.8,False,False
S1014608,C11284,2026-03-01,Organic,Mobile,5,128.0,False,False
S1014609,C11430,2025-09-30,Google Ads,Mobile,4,65.2,False,False
S1014610,C10096,2025-11-03,Email,Mobile,3,126.3,False,False
S1014611,C11975,2026-03-25,Organic,Mobile,3,182.3,False,False
S1014612,C11002,2025-11-17,Facebook,Tablet,5,38.0,False,False
S1014613,C11981,2026-08-03,Organic,Mobile,4,16.9,True,False
S1014614,C11820,2026-03-31,Google Ads,Mobile,4,150.5,False,False
S1014615,C11023,2025-09-30,Affiliate,Mobile,7,280.0,False,False
S1014616,C11607,2026-04-15,Organic,Mobile,5,198.9,True,True
S1014617,C11171,2026-07-26,Email,Mobile,5,327.3,False,False
S1014618,C11892,2026-01-31,Facebook,Mobile,9,101.1,False,False
S1014619,,2025-12-27,Organic,Desktop,6,182.2,False,False
S1014620,C11929,2025-10-19,Facebook,Desktop,4,452.2,False,False
S1014621,C10612,2026-02-23,Organic,Desktop,5,49.1,False,False
S1014622,C11922,2026-03-14,Google Ads,Mobile,7,102.5,False,False
S1014623,C11224,2025-08-30,Facebook,Mobile,6,337.4,False,False
S1014624,C11091,2025-12-13,Google Ads,Mobile,7,37.4,False,False
S1014625,C10288,2025-08-24,Affiliate,Mobile,3,78.1,False,False
S1014626,C10092,2026-08-15,Google Ads,Desktop,2,104.8,False,False
S1014627,C10112,2026-02-12,Instagram,Mobile,4,134.5,False,False
S1014628,,2025-11-30,Email,Mobile,9,48.9,False,False
S1014629,C11973,2026-03-18,Email,Mobile,3,216.7,False,False
S1014630,C10544,2026-03-31,Facebook,,2,224.1,False,False
S1014631,C11794,2026-03-23,Instagram,Mobile,8,159.8,False,False
S1014632,C11671,2026-04-16,Google Ads,Mobile,5,272.9,False,False
S1014633,C10753,2026-02-12,Affiliate,Mobile,3,95.2,False,False
S1014634,C11678,2026-02-19,Organic,Desktop,5,154.3,False,False
S1014635,C11365,2025-12-08,Organic,Mobile,4,237.4,False,False
S1014636,C11170,2026-03-24,Facebook,Desktop,2,369.9,False,False
S1014637,C10073,2025-11-02,Google Ads,Desktop,7,302.2,False,False
S1014638,,2025-10-23,Google Ads,Mobile,5,107.6,False,False
S1014639,C11870,2025-10-19,Affiliate,Mobile,4,8.3,False,False
S1014640,C11345,2025-12-30,Facebook,Desktop,13,125.2,True,False
S1014641,C10817,2026-07-01,Google Ads,Mobile,4,66.6,False,False
S1014642,C10470,2026-07-23,Facebook,Mobile,10,168.1,False,False
S1014643,C10746,2026-08-21,Instagram,Mobile,4,144.9,True,False
S1014644,,2026-02-18,Google Ads,Mobile,7,251.7,True,True
S1014645,C11691,2025-11-29,Affiliate,Desktop,6,70.5,False,False
S1014646,C11738,2026-05-23,Email,Mobile,3,258.4,False,False
S1014647,C11783,2026-05-31,Google Ads,Mobile,6,429.8,False,False
S1014648,,2026-07-02,Affiliate,Mobile,1,274.6,False,False
S1014649,C10627,2026-07-26,Instagram,Mobile,2,215.8,False,False
S1014650,C11561,2026-05-24,Affiliate,Desktop,5,514.9,False,False
S1014651,C11290,2026-02-27,Affiliate,Mobile,4,114.9,False,False
S1014652,C10033,2025-08-24,Facebook,Mobile,2,207.3,False,False
S1014653,C11818,2026-02-25,Google Ads,Desktop,7,177.8,False,False
S1014654,C11830,2025-09-22,Instagram,Mobile,4,95.7,True,False
S1014655,C11899,2026-07-10,Instagram,Mobile,7,79.7,False,False
S1014656,C10530,2025-12-25,Organic,Tablet,7,213.5,True,True
S1014657,C11214,2026-05-08,Instagram,Mobile,5,118.2,True,False
S1014658,C10287,2026-01-20,Instagram,Mobile,6,142.7,False,False
S1014659,C11525,2026-05-02,Google Ads,Mobile,4,184.1,False,False
S1014660,C11545,2025-09-18,Email,Mobile,5,296.1,False,False
S1014661,,2026-04-24,Instagram,Mobile,5,334.6,False,False
S1014662,C10359,2026-05-02,Organic,Mobile,3,278.6,False,False
S1014663,C10789,2026-08-06,Instagram,Mobile,7,310.7,True,False
S1014664,C10406,2025-11-25,Organic,Mobile,4,251.6,False,False
S1014665,,2026-06-25,Instagram,Mobile,4,298.4,True,False
S1014666,C10152,2026-08-08,Email,Mobile,6,116.1,True,False
S1014667,,2025-10-25,Organic,Desktop,7,711.6,True,False
S1014668,C11893,2026-07-22,Google Ads,Mobile,4,52.0,False,False
S1014669,C10046,2026-08-15,Organic,Mobile,4,64.1,False,False
S1014670,,2025-11-29,Google Ads,Mobile,2,178.9,False,False
S1014671,C11622,2026-08-06,Google Ads,Tablet,7,91.5,True,True
S1014672,C11803,2026-04-25,Google Ads,Desktop,6,34.5,False,False
S1014673,C10759,2025-10-27,Organic,Mobile,5,131.2,True,False
S1014674,C10968,2026-06-02,Instagram,Mobile,3,92.2,False,False
S1014675,C10265,2025-11-23,Affiliate,Mobile,3,90.0,False,False
S1014676,C10588,2025-10-02,Google Ads,Mobile,8,270.6,False,False
S1014677,C11505,2026-04-26,Google Ads,Desktop,3,95.5,False,False
S1014678,,2026-01-08,Instagram,Desktop,6,261.9,False,False
S1014679,C11293,2026-05-28,Google Ads,Tablet,5,121.7,False,False
S1014680,C11274,2025-12-28,Instagram,Desktop,6,73.3,False,False
S1014681,C11816,2026-08-19,Instagram,,5,128.3,True,False
S1014682,C11141,2026-01-10,Affiliate,Desktop,6,43.8,False,False
S1014683,C11376,2026-03-03,Google Ads,Mobile,5,126.4,False,False
S1014684,C10227,2026-02-17,Facebook,Desktop,4,204.9,False,False
S1014685,C11076,2025-12-03,Organic,Desktop,4,74.2,True,True
S1014686,,2026-02-12,Email,Mobile,4,130.7,True,False
S1014687,C11535,2025-08-23,Organic,Mobile,2,64.8,False,False
S1014688,C10155,2025-10-04,Email,Mobile,3,162.3,False,False
S1014689,C10483,2026-04-02,Email,Desktop,6,125.9,False,False
S1014690,C10260,2026-08-10,Facebook,Mobile,5,39.3,False,False
S1014691,,2026-01-13,Google Ads,Mobile,1,101.1,False,False
S1014692,C11875,2025-09-29,Affiliate,Mobile,5,56.0,False,False
S1014693,C10954,2026-07-16,Instagram,Desktop,1,147.3,False,False
S1014694,C10401,2025-09-07,Organic,Mobile,1,16.7,False,False
S1014695,C11068,2026-07-27,Facebook,Mobile,5,113.0,True,True
S1014696,C11887,2025-09-13,Facebook,Desktop,9,11.0,False,False
S1014697,,2025-09-17,Organic,Desktop,6,417.5,False,False
S1014698,C11120,2026-08-16,Instagram,Mobile,5,416.4,True,True
S1014699,C10122,2025-11-02,Instagram,Mobile,1,92.9,False,False
S1014700,C11363,2026-04-19,Instagram,Mobile,6,61.7,False,False
S1014701,C10627,2026-03-25,Organic,Mobile,6,285.4,True,True
S1014702,C10430,2026-05-05,Affiliate,Mobile,5,108.8,True,False
S1014703,C10535,2026-05-05,Facebook,Mobile,3,545.6,False,False
S1014704,C11744,2026-03-23,Instagram,Mobile,6,118.9,False,False
S1014705,C10202,2025-12-17,Google Ads,Mobile,5,120.8,False,False
S1014706,C11593,2026-04-24,Instagram,Desktop,8,13.6,True,False
S1014707,,2026-01-08,Affiliate,Tablet,4,9.1,False,False
S1014708,C11281,2025-10-14,Facebook,Mobile,4,11.8,True,False
S1014709,C11548,2025-09-18,Email,Tablet,5,64.4,True,True
S1014710,C11091,2026-07-19,Google Ads,Mobile,5,209.9,False,False
S1014711,C11634,2026-05-17,Organic,Mobile,3,32.2,False,False
S1014712,C10844,2026-06-21,Instagram,Mobile,5,153.5,False,False
S1014713,,2025-11-19,Email,Mobile,5,119.5,True,False
S1014714,C10304,2025-12-21,Instagram,Mobile,3,155.5,False,False
S1014715,,2026-08-21,Google Ads,Desktop,5,109.2,True,False
S1014716,C10674,2026-04-01,Affiliate,Mobile,2,237.3,False,False
S1014717,,2026-01-15,Affiliate,Mobile,8,256.6,False,False
S1014718,C11630,2025-10-06,Instagram,Mobile,2,493.2,False,False
S1014719,C10429,2026-05-31,Google Ads,Mobile,9,52.2,True,False
S1014720,,2025-09-09,Email,Mobile,7,172.5,True,False
S1014721,,2026-06-25,Organic,Mobile,3,70.2,False,False
S1014722,C11549,2026-07-06,Email,Desktop,8,128.9,False,False
S1014723,,2026-02-07,Instagram,Mobile,4,152.2,False,False
S1014724,,2025-10-14,Facebook,Mobile,6,131.7,False,False
S1014725,C10203,2025-11-23,Instagram,Mobile,6,122.4,False,False
S1014726,C11943,2026-03-09,Instagram,Mobile,9,355.1,True,False
S1014727,,2026-05-25,Organic,Desktop,4,200.0,True,False
S1014728,C11394,2025-11-18,Instagram,Desktop,6,298.7,False,False
S1014729,C10767,2026-03-09,Organic,Mobile,7,91.1,False,False
S1014730,C11923,2026-05-01,Facebook,Tablet,2,273.3,False,False
S1014731,C11552,2026-03-31,Email,Mobile,2,102.8,False,False
S1014732,C10833,2025-12-12,Instagram,Tablet,5,110.9,True,True
S1014733,C11723,2025-11-07,Facebook,Mobile,7,47.6,False,False
S1014734,,2025-11-28,Facebook,Mobile,5,224.6,False,False
S1014735,C11709,2025-11-04,Instagram,Mobile,8,104.5,False,False
S1014736,C10862,2025-12-18,Instagram,Tablet,6,224.6,True,False
S1014737,,2025-10-13,Organic,Mobile,7,189.5,True,False
S1014738,C11303,2025-12-24,Email,Mobile,3,187.6,False,False
S1014739,,2026-03-03,Facebook,Desktop,8,75.1,False,False
S1014740,,2026-04-16,Instagram,Mobile,9,167.7,False,False
S1014741,,2025-11-14,Affiliate,Mobile,3,37.9,False,False
S1014742,C11825,2026-06-15,Google Ads,Desktop,11,101.7,True,False
S1014743,C10623,2026-07-06,Organic,Desktop,4,352.2,True,False
S1014744,C10328,2026-04-30,Organic,Mobile,5,217.3,False,False
S1014745,C11383,2026-06-04,Google Ads,Tablet,5,163.4,False,False
S1014746,C11629,2026-03-17,Email,Mobile,5,22.1,False,False
S1014747,C10411,2026-05-15,Organic,Mobile,6,121.6,False,False
S1014748,C11447,2025-12-18,Affiliate,Mobile,2,479.6,True,True
S1014749,C10578,2026-07-19,Affiliate,Desktop,9,98.2,False,False
S1014750,C10202,2026-07-25,Facebook,Mobile,2,38.3,False,False
S1014751,C10683,2026-07-02,Instagram,Mobile,6,115.9,False,False
S1014752,,2026-04-03,Facebook,Desktop,3,139.3,False,False
S1014753,C11061,2026-06-07,Affiliate,Desktop,3,44.2,False,False
S1014754,,2026-01-19,Email,Mobile,5,88.5,False,False
S1014755,,2025-12-10,Affiliate,Mobile,3,225.0,False,False
S1014756,C11794,2026-01-12,Facebook,Mobile,3,134.3,False,False
S1014757,,2025-10-08,Email,Desktop,6,88.4,False,False
S1014758,C11211,2025-10-19,Google Ads,Desktop,5,314.6,True,False
S1014759,C10949,2026-02-11,Email,Desktop,5,55.5,False,False
S1014760,C10873,2026-02-18,Instagram,Mobile,6,50.6,True,False
S1014761,C10164,2026-04-30,Instagram,Mobile,7,265.7,False,False
S1014762,C11812,2025-10-10,Facebook,Tablet,7,150.1,False,False
S1014763,,2025-12-29,Email,Mobile,5,255.1,True,True
S1014764,C11064,2026-04-27,Affiliate,Mobile,12,127.3,False,False
S1014765,C11861,2026-03-03,Instagram,Mobile,7,228.1,True,False
S1014766,C11396,2025-12-18,Google Ads,Desktop,2,141.9,True,False
S1014767,C10138,2026-03-16,Facebook,Mobile,5,50.4,False,False
S1014768,C10967,2026-03-18,Google Ads,Mobile,4,244.5,True,False
S1014769,C11842,2026-08-01,Facebook,Mobile,2,382.3,True,False
S1014770,C11701,2025-12-10,Facebook,Mobile,1,94.6,False,False
S1014771,C11499,2025-10-27,Facebook,Mobile,7,183.3,False,False
S1014772,C10413,2026-05-24,Organic,Tablet,5,311.9,False,False
S1014773,C11699,2026-04-21,Instagram,Desktop,6,46.1,False,False
S1014774,,2026-08-02,Instagram,Mobile,3,130.1,True,False
S1014775,C11656,2026-03-19,Google Ads,Desktop,7,213.6,False,False
S1014776,C10691,2026-01-27,Organic,Mobile,1,301.5,False,False
S1014777,C11433,2026-07-07,Google Ads,Mobile,5,101.5,False,False
S1014778,C10038,2026-05-14,Instagram,Desktop,7,154.5,False,False
S1014779,C11142,2026-03-18,Instagram,Mobile,8,72.9,False,False
S1014780,C11133,2025-10-25,Email,Mobile,4,364.9,False,False
S1014781,,2025-09-28,Email,Desktop,6,33.4,False,False
S1014782,,2026-01-03,Facebook,Desktop,7,18.7,True,True
S1014783,C11004,2026-08-08,Google Ads,Mobile,4,42.6,True,False
S1014784,C10114,2026-07-11,Email,Mobile,7,372.0,False,False
S1014785,C11429,2026-06-09,Instagram,Desktop,6,170.2,False,False
S1014786,C11771,2026-07-22,Facebook,Mobile,5,86.8,False,False
S1014787,C11350,2025-11-07,Google Ads,Tablet,4,347.0,False,False
S1014788,C11171,2026-05-26,Instagram,Mobile,2,381.6,False,False
S1014789,C10394,2026-04-03,Google Ads,Desktop,5,469.4,False,False
S1014790,C10412,2026-02-10,Affiliate,Mobile,3,46.8,False,False
S1014791,,2025-12-20,Google Ads,Mobile,3,98.6,True,False
S1014792,C10403,2025-11-17,Email,Desktop,4,244.7,False,False
S1014793,C10784,2025-09-12,Email,Mobile,8,101.4,False,False
S1014794,C10195,2026-04-21,Organic,Desktop,5,18.5,False,False
S1014795,C11301,2026-03-22,Email,Desktop,5,21.9,False,False
S1014796,C10951,2026-04-29,Google Ads,,3,599.8,False,False
S1014797,C11121,2026-03-07,Organic,Mobile,6,310.9,False,False
S1014798,C11282,2025-10-08,Google Ads,Desktop,6,325.7,False,False
S1014799,C11812,2026-07-28,Email,Mobile,5,93.9,False,False
S1014800,C10453,2025-12-06,Facebook,Mobile,6,154.9,False,False
S1014801,,2025-09-19,Organic,Mobile,7,219.8,False,False
S1014802,,2026-05-20,Organic,Mobile,3,299.2,False,False
S1014803,C11101,2025-12-16,Google Ads,Mobile,6,43.1,True,False
S1014804,C10954,2026-07-28,Instagram,Desktop,5,292.3,True,False
S1014805,C10564,2026-07-21,Google Ads,Mobile,4,117.1,False,False
S1014806,C11432,2025-09-25,Organic,Desktop,7,97.4,True,False
S1014807,C10866,2026-06-07,Google Ads,Mobile,1,119.5,False,False
S1014808,,2026-08-04,Google Ads,Mobile,5,97.6,False,False
S1014809,C11945,2026-03-04,Email,Tablet,5,129.8,True,False
S1014810,,2026-06-18,Instagram,Mobile,3,228.0,True,True
S1014811,C10345,2025-11-26,Google Ads,Mobile,8,46.8,False,False
S1014812,C11158,2025-12-23,Facebook,Mobile,5,39.6,False,False
S1014813,C10372,2026-03-11,Affiliate,Mobile,9,87.4,True,True
S1014814,C11643,2025-08-27,Google Ads,Tablet,7,114.2,True,False
S1014815,C10886,2025-11-11,Instagram,Mobile,5,245.0,False,False
S1014816,C10562,2026-03-24,Organic,Desktop,6,302.0,False,False
S1014817,C10746,2026-03-22,Organic,Mobile,5,188.1,False,False
S1014818,C11973,2026-06-09,Google Ads,Mobile,4,99.2,False,False
S1014819,C11365,2026-07-21,Instagram,Desktop,4,51.8,False,False
S1014820,C10767,2026-01-17,Organic,Desktop,5,141.4,True,False
S1014821,,2025-12-04,Organic,Tablet,5,115.8,True,False
S1014822,C11573,2026-05-14,Affiliate,Mobile,3,150.5,False,False
S1014823,C11471,2026-07-04,Facebook,Desktop,4,39.8,True,False
S1014824,,2026-01-24,Email,Mobile,7,62.0,False,False
S1014825,C11752,2026-06-10,Facebook,Desktop,4,337.1,False,False
S1014826,C10570,2026-06-06,Organic,Desktop,6,92.8,False,False
S1014827,C11000,2026-06-24,Google Ads,Mobile,7,139.0,True,False
S1014828,,2025-12-11,Facebook,Desktop,5,76.4,False,False
S1014829,,2026-01-25,Google Ads,Mobile,6,95.5,True,False
S1014830,C10144,2026-07-29,Facebook,Tablet,7,243.4,False,False
S1014831,C11969,2025-12-19,Google Ads,Desktop,5,204.9,False,False
S1014832,,2025-10-10,Facebook,Tablet,5,142.3,False,False
S1014833,C10074,2025-10-27,Instagram,Desktop,8,62.9,True,False
S1014834,C10300,2026-06-23,Google Ads,Desktop,3,145.6,False,False
S1014835,C11087,2025-11-26,Organic,Mobile,7,54.7,True,False
S1014836,C10346,2026-01-13,Organic,Mobile,6,250.2,True,True
S1014837,C11153,2026-02-14,Organic,Desktop,5,23.3,False,False
S1014838,C10006,2026-02-07,Affiliate,Tablet,5,231.6,True,False
S1014839,C10902,2026-02-21,Facebook,Desktop,5,45.1,False,False
S1014840,C10648,2026-01-26,Email,Desktop,3,370.0,False,False
S1014841,C10615,2025-09-27,Email,Tablet,6,114.4,True,False
S1014842,,2025-09-18,Instagram,Mobile,4,265.3,False,False
S1014843,C11892,2026-07-17,Organic,Desktop,6,139.4,False,False
S1014844,C10445,2026-06-26,Affiliate,Mobile,7,104.6,False,False
S1014845,C11834,2026-07-27,Google Ads,Mobile,8,360.5,False,False
S1014846,C11338,2025-12-04,Organic,Desktop,5,73.1,True,True
S1014847,C10073,2026-07-02,Email,Tablet,11,145.3,True,False
S1014848,,2026-06-20,Instagram,Desktop,5,182.4,False,False
S1014849,C11503,2026-06-24,Instagram,Mobile,5,189.7,False,False
S1014850,C11625,2026-06-06,Email,Mobile,5,159.6,False,False
S1014851,C11417,2026-07-02,Organic,Desktop,7,199.7,False,False
S1014852,C11934,2026-08-13,Facebook,Mobile,2,52.8,False,False
S1014853,C10571,2025-11-23,Google Ads,Desktop,2,157.8,False,False
S1014854,,2026-07-21,Google Ads,Desktop,6,293.5,True,True
S1014855,C11603,2025-12-12,Email,Mobile,5,88.4,False,False
S1014856,C10086,2026-03-28,Organic,Desktop,6,453.6,False,False
S1014857,C10630,2026-01-23,Instagram,Desktop,6,99.1,False,False
S1014858,C11620,2025-10-03,Facebook,Tablet,5,107.1,False,False
S1014859,C11305,2025-09-19,Instagram,Desktop,3,124.2,True,True
S1014860,C11116,2026-07-23,Affiliate,Mobile,4,138.6,True,False
S1014861,C10756,2025-08-26,Organic,Mobile,4,258.4,False,False
S1014862,C11966,2026-07-01,Facebook,Mobile,5,165.7,True,False
S1014863,C11393,2025-12-09,Affiliate,Mobile,3,137.3,False,False
S1014864,C11343,2026-05-21,Facebook,Mobile,5,140.7,True,False
S1014865,C10320,2026-04-15,Google Ads,Mobile,2,43.6,False,False
S1014866,C11101,2025-12-22,Instagram,Tablet,2,546.0,False,False
S1014867,C10339,2026-07-15,Affiliate,Mobile,10,95.5,False,False
S1014868,,2026-07-16,Facebook,,7,362.6,True,False
S1014869,,2026-06-28,Google Ads,Desktop,6,39.6,True,True
S1014870,C11728,2026-01-26,Affiliate,Desktop,6,51.7,True,False
S1014871,C10600,2026-08-19,Google Ads,Mobile,3,52.5,False,False
S1014872,,2026-04-24,Affiliate,Mobile,6,23.8,False,False
S1014873,C11641,2026-08-18,Instagram,Mobile,8,168.8,False,False
S1014874,C10835,2025-09-16,Facebook,Mobile,7,120.3,False,False
S1014875,C10308,2026-08-20,Instagram,Mobile,6,118.9,False,False
S1014876,,2025-12-07,Google Ads,Desktop,2,231.0,False,False
S1014877,,2025-09-18,Affiliate,Mobile,8,102.8,False,False
S1014878,C11305,2025-12-18,Instagram,Desktop,6,428.9,True,False
S1014879,C10235,2026-01-21,Organic,Mobile,3,76.5,False,False
S1014880,,2026-05-13,Email,Mobile,5,384.4,True,False
S1014881,C10814,2026-03-04,Google Ads,Mobile,3,117.4,True,False
S1014882,C11197,2026-04-07,Organic,Mobile,7,181.6,False,False
S1014883,C11330,2026-05-24,Organic,Mobile,8,34.7,False,False
S1014884,C11503,2025-12-10,Google Ads,Mobile,3,660.8,True,True
S1014885,C10556,2025-12-12,Facebook,Desktop,5,33.9,False,False
S1014886,,2026-06-08,Google Ads,Mobile,1,265.4,False,False
S1014887,C10143,2026-07-29,Affiliate,Mobile,4,33.3,False,False
S1014888,C10072,2026-08-12,Organic,Mobile,4,104.3,False,False
S1014889,C10527,2026-04-05,Google Ads,Mobile,10,156.3,False,False
S1014890,C11530,2025-09-24,Organic,Mobile,6,72.1,False,False
S1014891,C11361,2025-08-24,Instagram,Mobile,4,192.6,True,False
S1014892,,2026-04-03,Facebook,Mobile,6,84.0,False,False
S1014893,C10304,2025-12-30,Organic,Desktop,7,157.8,False,False
S1014894,C11526,2026-03-23,Google Ads,Tablet,7,177.4,False,False
S1014895,C10355,2026-04-15,Affiliate,Desktop,8,231.5,False,False
S1014896,C11556,2025-12-16,Facebook,Desktop,4,51.1,False,False
S1014897,C11647,2026-03-13,Facebook,Mobile,6,133.9,False,False
S1014898,C11075,2025-12-18,Organic,Mobile,9,195.7,False,False
S1014899,,2026-08-07,Google Ads,Desktop,5,294.5,False,False
S1014900,C10633,2025-09-14,Instagram,Mobile,5,59.8,False,False
S1014901,C10432,2025-12-20,Facebook,Tablet,4,84.2,True,True
S1014902,C11499,2026-04-15,Instagram,Mobile,5,185.0,False,False
S1014903,C11280,2026-07-02,Google Ads,Mobile,5,283.0,False,False
S1014904,C10977,2025-12-21,Google Ads,Desktop,1,134.8,False,False
S1014905,C11747,2026-02-02,Email,Mobile,6,176.3,False,False
S1014906,,2026-05-12,Organic,Mobile,3,56.4,False,False
S1014907,C10051,2026-01-19,Facebook,Mobile,3,460.4,False,False
S1014908,C10159,2025-10-30,Organic,Tablet,6,35.8,True,False
S1014909,C11359,2026-02-27,Instagram,Mobile,3,33.3,False,False
S1014910,,2025-09-24,Google Ads,Mobile,6,355.6,False,False
S1014911,C11013,2026-02-20,Google Ads,Mobile,3,162.3,False,False
S1014912,,2026-01-23,Instagram,Mobile,9,191.5,False,False
S1014913,C10355,2026-07-26,Facebook,Desktop,6,59.9,False,False
S1014914,,2026-03-05,Instagram,Mobile,4,403.8,False,False
S1014915,C10610,2026-03-28,Facebook,Mobile,3,58.9,False,False
S1014916,C11843,2026-06-29,Instagram,Desktop,4,58.4,False,False
S1014917,C10274,2026-07-19,Google Ads,Mobile,10,354.0,False,False
S1014918,C11424,2025-09-02,Facebook,Desktop,3,318.9,False,False
S1014919,C10200,2025-09-06,Facebook,Desktop,4,94.0,False,False
S1014920,C10102,2026-02-09,Affiliate,Mobile,5,43.9,True,False
S1014921,,2026-02-23,Facebook,Tablet,3,112.1,False,False
S1014922,C11171,2026-07-22,Instagram,Mobile,1,270.5,False,False
S1014923,,2026-03-07,Google Ads,Mobile,3,124.8,False,False
S1014924,,2026-02-05,Instagram,Desktop,4,161.8,True,False
S1014925,C11441,2026-01-23,Affiliate,Mobile,5,197.5,False,False
S1014926,C10631,2026-04-11,Facebook,Mobile,6,321.2,False,False
S1014927,,2025-10-18,Email,Mobile,6,118.0,False,False
S1014928,C11026,2026-03-18,Google Ads,Mobile,4,163.6,True,True
S1014929,C11500,2026-06-28,Organic,Mobile,11,170.5,True,False
S1014930,C10494,2026-04-09,Instagram,Tablet,4,62.9,True,True
S1014931,C10731,2025-12-23,Email,Mobile,3,286.8,False,False
S1014932,C10978,2026-02-01,Email,Mobile,7,122.8,False,False
S1014933,C10647,2026-07-26,Organic,Mobile,7,169.8,False,False
S1014934,C10858,2026-03-31,Instagram,Desktop,3,349.2,False,False
S1014935,C11016,2026-05-07,Instagram,Tablet,2,87.3,False,False
S1014936,C11648,2026-04-24,Instagram,Mobile,5,171.5,False,False
S1014937,C10191,2026-07-06,Google Ads,Desktop,4,17.7,False,False
S1014938,C10212,2026-02-03,Instagram,Mobile,5,545.4,False,False
S1014939,,2025-08-26,Organic,Desktop,5,127.9,False,False
S1014940,C10571,2025-12-24,Organic,Mobile,10,398.6,True,False
S1014941,,2026-05-25,Instagram,Mobile,5,76.3,True,False
S1014942,C10227,2025-10-09,Facebook,Desktop,3,183.5,False,False
S1014943,C11522,2025-12-18,Instagram,Desktop,5,92.8,True,True
S1014944,C11787,2025-12-02,Email,Desktop,5,517.3,True,False
S1014945,C10588,2026-03-27,Email,Mobile,6,322.8,False,False
S1014946,C10628,2025-10-01,Instagram,Mobile,4,153.4,False,False
S1014947,C10582,2026-03-07,Email,Mobile,9,142.0,True,True
S1014948,C11935,2026-06-19,Email,Desktop,3,137.2,True,False
S1014949,C10685,2025-11-29,Organic,Mobile,6,46.6,False,False
S1014950,C11266,2026-07-03,Organic,Mobile,5,688.2,False,False
S1014951,C10750,2025-10-29,Google Ads,Mobile,6,58.8,True,False
S1014952,C11191,2025-10-29,Google Ads,Mobile,7,284.0,False,False
S1014953,C10176,2025-12-25,Facebook,Mobile,4,38.0,True,False
S1014954,,2026-08-19,Facebook,Mobile,9,97.9,False,False
S1014955,C10937,2026-03-28,Email,Mobile,9,98.0,False,False
S1014956,C10658,2025-09-25,Facebook,Mobile,6,116.1,True,False
S1014957,C11568,2026-04-21,Instagram,Mobile,6,24.3,True,False
S1014958,C10102,2026-01-07,Facebook,Mobile,6,154.4,True,False
S1014959,C11847,2025-10-02,Email,Mobile,6,169.4,True,True
S1014960,,2026-06-27,Organic,Mobile,3,91.4,False,False
S1014961,C10663,2026-04-27,Instagram,Tablet,6,69.2,False,False
S1014962,C10230,2026-01-15,Google Ads,Mobile,3,94.1,False,False
S1014963,C10564,2026-01-14,Google Ads,Desktop,4,188.9,False,False
S1014964,C11245,2026-04-14,Organic,Mobile,4,316.7,True,False
S1014965,C11492,2026-04-20,Google Ads,Desktop,4,66.0,False,False
S1014966,C11363,2026-05-12,Email,Mobile,1,4.1,False,False
S1014967,C10659,2025-09-11,Google Ads,Mobile,8,171.3,False,False
S1014968,C11621,2026-05-02,Google Ads,Desktop,3,287.7,False,False
S1014969,C11430,2025-11-21,Organic,Mobile,2,257.0,False,False
S1014970,C11865,2026-01-20,Email,Mobile,4,20.9,True,False
S1014971,C11731,2026-05-17,Organic,Mobile,3,172.8,True,True
S1014972,,2025-11-21,Affiliate,Desktop,2,295.5,False,False
S1014973,C10144,2025-10-17,Email,Mobile,8,28.9,False,False
S1014974,,2026-08-02,Facebook,Mobile,7,254.7,False,False
S1014975,C11863,2025-11-26,Affiliate,Mobile,6,323.8,False,False
S1014976,C10095,2025-11-16,Google Ads,Mobile,7,70.8,False,False
S1014977,,2025-09-25,Email,Desktop,8,783.3,True,True
S1014978,C10420,2026-06-28,Google Ads,Mobile,8,261.8,False,False
S1014979,,2026-05-09,Instagram,Desktop,3,176.1,False,False
S1014980,C10412,2025-10-24,Facebook,Mobile,5,134.5,False,False
S1014981,C11795,2025-11-27,Instagram,Tablet,4,250.2,False,False
S1014982,C11425,2025-09-27,Affiliate,Mobile,5,207.7,False,False
S1014983,,2025-11-02,Email,Desktop,5,171.3,False,False
S1014984,,2026-04-01,Email,Mobile,2,462.9,False,False
S1014985,,2025-10-09,Instagram,Desktop,5,157.1,True,False
S1014986,C11118,2026-05-30,Google Ads,Mobile,4,172.9,False,False
S1014987,,2026-05-29,Organic,Desktop,7,317.3,False,False
S1014988,C11839,2026-04-15,Organic,Mobile,4,135.0,False,False
S1014989,C11947,2026-05-22,Google Ads,Mobile,6,132.6,True,False
S1014990,C11011,2026-01-28,Instagram,Mobile,4,113.9,False,False
S1014991,C10251,2026-02-12,Instagram,Mobile,4,293.2,False,False
S1014992,C11565,2026-07-31,Organic,Mobile,5,672.0,False,False
S1014993,C11772,2025-09-08,Google Ads,Mobile,6,215.8,False,False
S1014994,C11197,2026-03-05,Email,Tablet,5,63.3,False,False
S1014995,C10459,2025-11-29,Google Ads,Desktop,4,63.1,True,True
S1014996,C10311,2025-08-28,Google Ads,Desktop,7,131.2,False,False
S1014997,C11656,2025-09-22,Affiliate,Tablet,3,210.2,False,False
S1014998,C11839,2026-07-26,Organic,Mobile,4,229.7,False,False
S1014999,C10523,2026-04-07,Affiliate,Mobile,8,130.1,False,False
S1015000,,2025-12-24,Email,Mobile,5,84.9,False,False
